bucket_center,margin,empirical_count,baseline_probability,shrinkage_weight,probability
-20.0,-75,0,6.165044754749827e-14,0.047619047619047616,6.165044754749827e-14
-20.0,-74,0,4.9426177652459683e-14,0.047619047619047616,4.942617765245969e-14
-20.0,-73,0,8.784472691963125e-14,0.047619047619047616,8.784472691963126e-14
-20.0,-72,0,1.5516834855281659e-13,0.047619047619047616,1.551683485528166e-13
-20.0,-71,0,2.7240768092298595e-13,0.047619047619047616,2.72407680922986e-13
-20.0,-70,0,4.752961872785203e-13,0.047619047619047616,4.752961872785203e-13
-20.0,-69,0,8.242103863730343e-13,0.047619047619047616,8.242103863730344e-13
-20.0,-68,0,1.4204979360104027e-12,0.047619047619047616,1.4204979360104029e-12
-20.0,-67,0,2.4331669173824324e-12,0.047619047619047616,2.4331669173824324e-12
-20.0,-66,0,4.142208649474042e-12,0.047619047619047616,4.142208649474042e-12
-20.0,-65,0,7.008431166251447e-12,0.047619047619047616,7.008431166251448e-12
-20.0,-64,0,1.1785239875286148e-11,0.047619047619047616,1.178523987528615e-11
-20.0,-63,0,1.9696307435842125e-11,0.047619047619047616,1.9696307435842125e-11
-20.0,-62,0,3.271598319747398e-11,0.047619047619047616,3.2715983197473983e-11
-20.0,-61,0,5.400872351982657e-11,0.047619047619047616,5.4008723519826575e-11
-20.0,-60,0,8.861283361152325e-11,0.047619047619047616,8.861283361152325e-11
-20.0,-59,0,1.4449676065905097e-10,0.047619047619047616,1.44496760659051e-10
-20.0,-58,0,2.341792299733926e-10,0.047619047619047616,2.341792299733926e-10
-20.0,-57,0,3.771962897728685e-10,0.047619047619047616,3.771962897728686e-10
-20.0,-56,0,6.038307523707751e-10,0.047619047619047616,6.038307523707752e-10
-20.0,-55,0,9.607089118463627e-10,0.047619047619047616,9.607089118463627e-10
-20.0,-54,0,1.51913786466446e-09,0.047619047619047616,1.5191378646644603e-09
-20.0,-53,0,2.3874337869756015e-09,0.047619047619047616,2.3874337869756015e-09
-20.0,-52,0,3.729016120094217e-09,0.047619047619047616,3.729016120094217e-09
-20.0,-51,0,5.788765598340045e-09,0.047619047619047616,5.788765598340046e-09
-20.0,-50,0,8.931130731824367e-09,0.047619047619047616,8.931130731824367e-09
-20.0,-49,0,1.3694800434078065e-08,0.047619047619047616,1.3694800434078067e-08
-20.0,-48,0,2.0870543017466533e-08,0.047619047619047616,2.0870543017466536e-08
-20.0,-47,0,3.1611169946892965e-08,0.047619047619047616,3.161116994689297e-08
-20.0,-46,0,4.7585668037032386e-08,0.047619047619047616,4.758566803703239e-08
-20.0,-45,0,7.119353408672376e-08,0.047619047619047616,7.119353408672377e-08
-20.0,-44,0,1.0586044480358984e-07,0.047619047619047616,1.0586044480358985e-07
-20.0,-43,0,1.5644282800567663e-07,0.047619047619047616,1.5644282800567666e-07
-20.0,-42,0,2.2977690912865948e-07,0.047619047619047616,2.2977690912865953e-07
-20.0,-41,0,3.3541763322498583e-07,0.047619047619047616,3.3541763322498583e-07
-20.0,-40,0,4.866247339416607e-07,0.047619047619047616,4.866247339416608e-07
-20.0,-39,0,7.016673217103961e-07,0.047619047619047616,7.016673217103962e-07
-20.0,-38,0,1.00553479960584e-06,0.047619047619047616,1.00553479960584e-06
-20.0,-37,0,1.4321606693313254e-06,0.047619047619047616,1.4321606693313256e-06
-20.0,-36,0,2.0272866645513803e-06,0.047619047619047616,2.0272866645513807e-06
-20.0,-35,0,2.8521172028175576e-06,0.047619047619047616,2.852117202817558e-06
-20.0,-34,0,3.9879376219668665e-06,0.047619047619047616,3.987937621966867e-06
-20.0,-33,0,5.541892909527501e-06,0.047619047619047616,5.5418929095275015e-06
-20.0,-32,0,7.654145022632763e-06,0.047619047619047616,7.654145022632763e-06
-20.0,-31,0,1.0506644274429699e-05,0.047619047619047616,1.05066442744297e-05
-20.0,-30,0,1.4333760892559524e-05,0.047619047619047616,1.4333760892559524e-05
-20.0,-29,0,1.943502340101474e-05,0.047619047619047616,1.943502340101474e-05
-20.0,-28,0,2.6190197037823508e-05,0.047619047619047616,2.619019703782351e-05
-20.0,-27,0,3.507690362258721e-05,0.047619047619047616,3.507690362258722e-05
-20.0,-26,0,4.669092944741083e-05,0.047619047619047616,4.6690929447410836e-05
-20.0,-25,0,6.17692851472606e-05,0.047619047619047616,6.176928514726062e-05
-20.0,-24,0,8.121596667517983e-05,0.047619047619047616,8.121596667517985e-05
-20.0,-23,0,0.0001061302157775864,0.047619047619047616,0.00010613021577758642
-20.0,-22,0,0.00013783688933991048,0.047619047619047616,0.0001378368893399105
-20.0,-21,0,0.00017791831916547953,0.047619047619047616,0.00016944601825283765
-20.0,-20,0,0.0002282467792376568,0.047619047619047616,0.00021737788498824454
-20.0,-19,0,0.000291016381591074,0.047619047619047616,0.0002771584586581657
-20.0,-18,0,0.00036877290368105844,0.047619047619047616,0.00035121228922005567
-20.0,-17,0,0.0004644397229433641,0.047619047619047616,0.0004423235456603467
-20.0,-16,0,0.0005813377159115374,0.047619047619047616,0.0005536549675347975
-20.0,-15,0,0.000723196692042695,0.047619047619047616,0.0006887587543263761
-20.0,-14,0,0.0008941557024680531,0.047619047619047616,0.0008515768594933838
-20.0,-13,0,0.0010987494204288085,0.047619047619047616,0.001046428019456008
-20.0,-12,0,0.001341877763994615,0.047619047619047616,0.001277978822852014
-20.0,-11,0,0.001628756053316363,0.047619047619047616,0.0015511962412536788
-20.0,-10,0,0.0019648432920258193,0.047619047619047616,0.0018712793257388755
-20.0,-9,0,0.0023557466579985312,0.047619047619047616,0.002243568245712887
-20.0,-8,0,0.002807100996820985,0.047619047619047616,0.0026734295207818904
-20.0,-7,0,0.0033244230350578594,0.047619047619047616,0.00316611717624558
-20.0,-6,0,0.003912941159102949,0.047619047619047616,0.0037266106277170944
-20.0,-5,0,0.00457740291241026,0.047619047619047616,0.004359431345152628
-20.0,-4,0,0.005321863805483426,0.047619047619047616,0.005068441719508024
-20.0,-3,0,0.0061494625481035015,0.047619047619047616,0.005856630998193811
-20.0,-2,0,0.00706218932479899,0.047619047619047616,0.0067258945950466565
-20.0,-1,0,0.008060655152059983,0.047619047619047616,0.007676814430533317
-20.0,0,0,0.009143871579756727,0.047619047619047616,0.008708449123577836
-20.0,1,0,0.010309050926716926,0.047619047619047616,0.009818143739730405
-20.0,2,0,0.011551437772031298,0.047619047619047616,0.011001369306696472
-20.0,3,0,0.01286418247109955,0.047619047619047616,0.012251602353428141
-20.0,4,0,0.014238266959510526,0.047619047619047616,0.01356025424715288
-20.0,5,0,0.015662492005979634,0.047619047619047616,0.014916659053313935
-20.0,6,0,0.017123533368300026,0.047619047619047616,0.016308127017428592
-20.0,7,1,0.018606072022007925,0.047619047619047616,0.02032135129037158
-20.0,8,0,0.02009300083889698,0.047619047619047616,0.019136191275139977
-20.0,9,0,0.021565706900188775,0.047619047619047616,0.02053876847637026
-20.0,10,1,0.02300442518189527,0.047619047619047616,0.02451025906169287
-20.0,11,0,0.02438865582221611,0.047619047619047616,0.023227291259253435
-20.0,12,0,0.025697633767322703,0.047619047619047616,0.024473936921259716
-20.0,13,0,0.026910836495485868,0.047619047619047616,0.025629368090938923
-20.0,14,0,0.0280085129378721,0.047619047619047616,0.026674774226544854
-20.0,15,0,0.028972214825937093,0.047619047619047616,0.027592585548511513
-20.0,16,1,0.02978531064586648,0.047619047619047616,0.030968245217855926
-20.0,17,0,0.030433462271039213,0.047619047619047616,0.02898424978194211
-20.0,18,1,0.03090504522130999,0.047619047619047616,0.03203465909923069
-20.0,19,0,0.031191495350946896,0.047619047619047616,0.029706186048520853
-20.0,20,0,0.0312875675224778,0.047619047619047616,0.02979768335474076
-20.0,21,6,0.031191495350946896,0.047619047619047616,0.045313882236419356
-20.0,22,0,0.03090504522130999,0.047619047619047616,0.030905045221309997
-20.0,23,0,0.03043346227103927,0.047619047619047616,0.030433462271039276
-20.0,24,0,0.029785310645866425,0.047619047619047616,0.02978531064586643
-20.0,25,0,0.028972214825937148,0.047619047619047616,0.02897221482593715
-20.0,26,0,0.0280085129378721,0.047619047619047616,0.028008512937872102
-20.0,27,0,0.026910836495485868,0.047619047619047616,0.02691083649548587
-20.0,28,0,0.025697633767322703,0.047619047619047616,0.025697633767322706
-20.0,29,0,0.024388655822216054,0.047619047619047616,0.024388655822216058
-20.0,30,0,0.02300442518189527,0.047619047619047616,0.023004425181895275
-20.0,31,0,0.021565706900188886,0.047619047619047616,0.021565706900188886
-20.0,32,0,0.02009300083889687,0.047619047619047616,0.020093000838896872
-20.0,33,0,0.018606072022008036,0.047619047619047616,0.01860607202200804
-20.0,34,0,0.01712353336829997,0.047619047619047616,0.01712353336829997
-20.0,35,0,0.015662492005979578,0.047619047619047616,0.015662492005979578
-20.0,36,0,0.014238266959510582,0.047619047619047616,0.014238266959510583
-20.0,37,0,0.01286418247109955,0.047619047619047616,0.012864182471099552
-20.0,38,0,0.01155143777203127,0.047619047619047616,0.011551437772031272
-20.0,39,0,0.010309050926716967,0.047619047619047616,0.010309050926716969
-20.0,40,0,0.009143871579756713,0.047619047619047616,0.009143871579756714
-20.0,41,0,0.008060655152060003,0.047619047619047616,0.008060655152060003
-20.0,42,0,0.007062189324798962,0.047619047619047616,0.007062189324798963
-20.0,43,0,0.006149462548103557,0.047619047619047616,0.006149462548103558
-20.0,44,0,0.0053218638054833844,0.047619047619047616,0.0053218638054833844
-20.0,45,0,0.004577402912410267,0.047619047619047616,0.0045774029124102675
-20.0,46,0,0.003912941159102901,0.047619047619047616,0.0039129411591029015
-20.0,47,0,0.0033244230350578663,0.047619047619047616,0.0033244230350578667
-20.0,48,0,0.0028071009968210214,0.047619047619047616,0.002807100996821022
-20.0,49,0,0.0023557466579985364,0.047619047619047616,0.0023557466579985364
-20.0,50,0,0.001964843292025842,0.047619047619047616,0.001964843292025842
-20.0,51,0,0.0016287560533163603,0.047619047619047616,0.0016287560533163605
-20.0,52,0,0.0013418777639946367,0.047619047619047616,0.0013418777639946369
-20.0,53,0,0.0010987494204287573,0.047619047619047616,0.0010987494204287576
-20.0,54,0,0.0008941557024680913,0.047619047619047616,0.0008941557024680913
-20.0,55,0,0.0007231966920426824,0.047619047619047616,0.0007231966920426826
-20.0,56,0,0.0005813377159115118,0.047619047619047616,0.0005813377159115118
-20.0,57,0,0.0004644397229434105,0.047619047619047616,0.0004644397229434105
-20.0,58,0,0.0003687729036809806,0.047619047619047616,0.00036877290368098064
-20.0,59,0,0.00029101638159112486,0.047619047619047616,0.0002910163815911249
-20.0,60,0,0.0002282467792376064,0.047619047619047616,0.00022824677923760644
-20.0,61,0,0.00017791831916547096,0.047619047619047616,0.000177918319165471
-20.0,62,0,0.00013783688933999283,0.047619047619047616,0.00013783688933999283
-20.0,63,0,0.00010613021577754456,0.047619047619047616,0.00010613021577754457
-20.0,64,0,8.12159666752077e-05,0.047619047619047616,8.121596667520771e-05
-20.0,65,0,6.176928514722846e-05,0.047619047619047616,6.176928514722847e-05
-20.0,66,0,4.669092944742381e-05,0.047619047619047616,4.669092944742382e-05
-20.0,67,0,3.507690362258842e-05,0.047619047619047616,3.5076903622588425e-05
-20.0,68,0,2.619019703775649e-05,0.047619047619047616,2.6190197037756494e-05
-20.0,69,0,1.943502340107095e-05,0.047619047619047616,1.9435023401070953e-05
-20.0,70,0,1.4333760892548675e-05,0.047619047619047616,1.4333760892548676e-05
-20.0,71,0,1.050664427448833e-05,0.047619047619047616,1.0506644274488332e-05
-20.0,72,0,7.654145022573111e-06,0.047619047619047616,7.654145022573113e-06
-20.0,73,0,5.541892909577406e-06,0.047619047619047616,5.541892909577406e-06
-20.0,74,0,3.9879376219076335e-06,0.047619047619047616,3.987937621907634e-06
-20.0,75,0,9.54274456810289e-06,0.047619047619047616,9.542744568102892e-06
-17.0,-75,0,3.540897006724058e-13,0.17355371900826447,3.540897006724058e-13
-17.0,-74,0,2.7240768092298595e-13,0.17355371900826447,2.72407680922986e-13
-17.0,-73,0,4.752961872785203e-13,0.17355371900826447,4.752961872785204e-13
-17.0,-72,0,8.242103863730343e-13,0.17355371900826447,8.242103863730343e-13
-17.0,-71,0,1.4204979360104027e-12,0.17355371900826447,1.4204979360104029e-12
-17.0,-70,0,2.4331669173824324e-12,0.17355371900826447,2.433166917382433e-12
-17.0,-69,0,4.142208649474042e-12,0.17355371900826447,4.142208649474043e-12
-17.0,-68,0,7.008431166251447e-12,0.17355371900826447,7.008431166251448e-12
-17.0,-67,0,1.1785239875286148e-11,0.17355371900826447,1.178523987528615e-11
-17.0,-66,0,1.9696307435842125e-11,0.17355371900826447,1.9696307435842128e-11
-17.0,-65,0,3.271598319747398e-11,0.17355371900826447,3.2715983197473983e-11
-17.0,-64,0,5.400872351982657e-11,0.17355371900826447,5.4008723519826575e-11
-17.0,-63,0,8.861283361152325e-11,0.17355371900826447,8.861283361152326e-11
-17.0,-62,0,1.4449676065905097e-10,0.17355371900826447,1.44496760659051e-10
-17.0,-61,0,2.341792299733926e-10,0.17355371900826447,2.3417922997339264e-10
-17.0,-60,0,3.771962897728685e-10,0.17355371900826447,3.771962897728686e-10
-17.0,-59,0,6.038307523707751e-10,0.17355371900826447,6.038307523707752e-10
-17.0,-58,0,9.607089118463627e-10,0.17355371900826447,9.607089118463629e-10
-17.0,-57,0,1.51913786466446e-09,0.17355371900826447,1.5191378646644603e-09
-17.0,-56,0,2.3874337869756015e-09,0.17355371900826447,2.387433786975602e-09
-17.0,-55,0,3.729016120094217e-09,0.17355371900826447,3.729016120094218e-09
-17.0,-54,0,5.788765598340045e-09,0.17355371900826447,5.788765598340046e-09
-17.0,-53,0,8.931130731824367e-09,0.17355371900826447,8.931130731824369e-09
-17.0,-52,0,1.3694800434078065e-08,0.17355371900826447,1.3694800434078067e-08
-17.0,-51,0,2.0870543017466533e-08,0.17355371900826447,2.0870543017466536e-08
-17.0,-50,0,3.1611169946892965e-08,0.17355371900826447,3.161116994689297e-08
-17.0,-49,0,4.7585668037032386e-08,0.17355371900826447,4.758566803703239e-08
-17.0,-48,0,7.119353408672376e-08,0.17355371900826447,7.119353408672377e-08
-17.0,-47,0,1.0586044480358984e-07,0.17355371900826447,1.0586044480358985e-07
-17.0,-46,0,1.5644282800567663e-07,0.17355371900826447,1.5644282800567666e-07
-17.0,-45,0,2.2977690912865948e-07,0.17355371900826447,2.297769091286595e-07
-17.0,-44,0,3.3541763322498583e-07,0.17355371900826447,3.354176332249859e-07
-17.0,-43,0,4.866247339416607e-07,0.17355371900826447,4.866247339416608e-07
-17.0,-42,0,7.016673217103961e-07,0.17355371900826447,7.016673217103962e-07
-17.0,-41,0,1.00553479960584e-06,0.17355371900826447,1.0055347996058402e-06
-17.0,-40,0,1.4321606693313254e-06,0.17355371900826447,1.4321606693313256e-06
-17.0,-39,0,2.0272866645513803e-06,0.17355371900826447,2.0272866645513807e-06
-17.0,-38,0,2.8521172028175576e-06,0.17355371900826447,2.8521172028175576e-06
-17.0,-37,0,3.9879376219668665e-06,0.17355371900826447,3.987937621966867e-06
-17.0,-36,0,5.541892909527501e-06,0.17355371900826447,5.5418929095275015e-06
-17.0,-35,0,7.654145022632763e-06,0.17355371900826447,7.654145022632764e-06
-17.0,-34,0,1.0506644274429699e-05,0.17355371900826447,1.05066442744297e-05
-17.0,-33,0,1.4333760892559524e-05,0.17355371900826447,1.4333760892559527e-05
-17.0,-32,0,1.943502340101474e-05,0.17355371900826447,1.9435023401014744e-05
-17.0,-31,0,2.6190197037823508e-05,0.17355371900826447,2.619019703782351e-05
-17.0,-30,0,3.507690362258721e-05,0.17355371900826447,3.507690362258722e-05
-17.0,-29,0,4.669092944741083e-05,0.17355371900826447,4.6690929447410836e-05
-17.0,-28,0,6.17692851472606e-05,0.17355371900826447,6.176928514726062e-05
-17.0,-27,0,8.121596667517983e-05,0.17355371900826447,8.121596667517985e-05
-17.0,-26,0,0.0001061302157775864,0.17355371900826447,0.00010613021577758642
-17.0,-25,0,0.00013783688933991048,0.17355371900826447,0.0001378368893399105
-17.0,-24,0,0.00017791831916547953,0.17355371900826447,0.00017791831916547958
-17.0,-23,0,0.0002282467792376568,0.17355371900826447,0.00022824677923765683
-17.0,-22,0,0.000291016381591074,0.17355371900826447,0.00029101638159107407
-17.0,-21,1,0.00036877290368105844,0.17355371900826447,0.0029357462147557066
-17.0,-20,0,0.0004644397229433641,0.17355371900826447,0.0003838344817713753
-17.0,-19,0,0.0005813377159115374,0.17355371900826447,0.00048044439331532016
-17.0,-18,0,0.000723196692042695,0.17355371900826447,0.0005976832165642108
-17.0,-17,0,0.0008941557024680531,0.17355371900826447,0.0007389716549322752
-17.0,-16,0,0.0010987494204288085,0.17355371900826447,0.0009080573722552136
-17.0,-15,0,0.001341877763994615,0.17355371900826447,0.0011089898875988554
-17.0,-14,0,0.001628756053316363,0.17355371900826447,0.0013460793829060851
-17.0,-13,0,0.0019648432920258193,0.17355371900826447,0.001623837431426297
-17.0,-12,0,0.0023557466579985312,0.17355371900826447,0.001946898064461596
-17.0,-11,0,0.002807100996820985,0.17355371900826447,0.0023199181791908967
-17.0,-10,0,0.0033244230350578594,0.17355371900826447,0.002747457053766826
-17.0,-9,0,0.003912941159102949,0.17355371900826447,0.0032338356686801234
-17.0,-8,0,0.00457740291241026,0.17355371900826447,0.0037829776135621983
-17.0,-7,0,0.005321863805483426,0.17355371900826447,0.004398234549986303
-17.0,-6,0,0.0061494625481035015,0.17355371900826447,0.005082200452978101
-17.0,-5,0,0.00706218932479899,0.17355371900826447,0.00583652010313966
-17.0,-4,0,0.008060655152059983,0.17355371900826447,0.006661698472776844
-17.0,-3,2,0.009143871579756727,0.17355371900826447,0.012818869100911916
-17.0,-2,0,0.010309050926716926,0.17355371900826447,0.008519876798939608
-17.0,-1,0,0.011551437772031298,0.17355371900826447,0.009546642786802725
-17.0,0,0,0.01286418247109955,0.17355371900826447,0.010631555761239298
-17.0,1,1,0.014238266959510526,0.17355371900826447,0.01439813799643295
-17.0,2,0,0.015662492005979634,0.17355371900826447,0.012944208269404655
-17.0,3,1,0.017123533368300026,0.17355371900826447,0.016782655689647416
-17.0,4,1,0.018606072022007925,0.17355371900826447,0.018007894246430806
-17.0,5,1,0.02009300083889698,0.17355371900826447,0.019236761037248203
-17.0,6,1,0.021565706900188775,0.17355371900826447,0.020453873484596794
-17.0,7,1,0.02300442518189527,0.17355371900826447,0.02164289685790795
-17.0,8,1,0.02438865582221611,0.17355371900826447,0.022786889122635913
-17.0,9,3,0.025697633767322703,0.17355371900826447,0.029130639517225405
-17.0,10,4,0.026910836495485868,0.17355371900826447,0.03276426161998286
-17.0,11,0,0.0280085129378721,0.17355371900826447,0.023147531353613304
-17.0,12,2,0.028972214825937093,0.17355371900826447,0.029205929634945275
-17.0,13,0,0.02978531064586648,0.17355371900826447,0.0246159592114599
-17.0,14,3,0.030433462271039213,0.17355371900826447,0.03304454737153657
-17.0,15,0,0.03090504522130999,0.17355371900826447,0.025541359687033048
-17.0,16,1,0.031191495350946896,0.17355371900826447,0.028409070551339042
-17.0,17,2,0.0312875675224778,0.17355371900826447,0.03111944426018553
-17.0,18,2,0.031191495350946896,0.17355371900826447,0.031040045771317012
-17.0,19,0,0.03090504522130999,0.17355371900826447,0.025541359687033048
-17.0,20,2,0.03043346227103927,0.17355371900826447,0.030413572151558644
-17.0,21,13,0.029785310645866425,0.17355371900826447,0.0588186370711735
-17.0,22,0,0.028972214825937148,0.17355371900826447,0.028972214825937148
-17.0,23,0,0.0280085129378721,0.17355371900826447,0.028008512937872102
-17.0,24,0,0.026910836495485868,0.17355371900826447,0.026910836495485875
-17.0,25,0,0.025697633767322703,0.17355371900826447,0.025697633767322703
-17.0,26,0,0.024388655822216054,0.17355371900826447,0.024388655822216058
-17.0,27,0,0.02300442518189527,0.17355371900826447,0.023004425181895275
-17.0,28,0,0.021565706900188886,0.17355371900826447,0.02156570690018889
-17.0,29,0,0.02009300083889687,0.17355371900826447,0.020093000838896872
-17.0,30,0,0.018606072022008036,0.17355371900826447,0.01860607202200804
-17.0,31,0,0.01712353336829997,0.17355371900826447,0.017123533368299974
-17.0,32,0,0.015662492005979578,0.17355371900826447,0.01566249200597958
-17.0,33,0,0.014238266959510582,0.17355371900826447,0.014238266959510583
-17.0,34,0,0.01286418247109955,0.17355371900826447,0.012864182471099552
-17.0,35,0,0.01155143777203127,0.17355371900826447,0.011551437772031272
-17.0,36,0,0.010309050926716967,0.17355371900826447,0.010309050926716969
-17.0,37,0,0.009143871579756713,0.17355371900826447,0.009143871579756714
-17.0,38,0,0.008060655152060003,0.17355371900826447,0.008060655152060005
-17.0,39,0,0.007062189324798962,0.17355371900826447,0.007062189324798963
-17.0,40,0,0.006149462548103557,0.17355371900826447,0.006149462548103557
-17.0,41,0,0.0053218638054833844,0.17355371900826447,0.005321863805483385
-17.0,42,0,0.004577402912410267,0.17355371900826447,0.0045774029124102675
-17.0,43,0,0.003912941159102901,0.17355371900826447,0.0039129411591029015
-17.0,44,0,0.0033244230350578663,0.17355371900826447,0.0033244230350578667
-17.0,45,0,0.0028071009968210214,0.17355371900826447,0.002807100996821022
-17.0,46,0,0.0023557466579985364,0.17355371900826447,0.002355746657998537
-17.0,47,0,0.001964843292025842,0.17355371900826447,0.0019648432920258423
-17.0,48,0,0.0016287560533163603,0.17355371900826447,0.0016287560533163605
-17.0,49,0,0.0013418777639946367,0.17355371900826447,0.0013418777639946369
-17.0,50,0,0.0010987494204287573,0.17355371900826447,0.0010987494204287576
-17.0,51,0,0.0008941557024680913,0.17355371900826447,0.0008941557024680914
-17.0,52,0,0.0007231966920426824,0.17355371900826447,0.0007231966920426826
-17.0,53,0,0.0005813377159115118,0.17355371900826447,0.000581337715911512
-17.0,54,0,0.0004644397229434105,0.17355371900826447,0.0004644397229434106
-17.0,55,0,0.0003687729036809806,0.17355371900826447,0.0003687729036809807
-17.0,56,0,0.00029101638159112486,0.17355371900826447,0.0002910163815911249
-17.0,57,0,0.0002282467792376064,0.17355371900826447,0.00022824677923760642
-17.0,58,0,0.00017791831916547096,0.17355371900826447,0.000177918319165471
-17.0,59,0,0.00013783688933999283,0.17355371900826447,0.00013783688933999286
-17.0,60,0,0.00010613021577754456,0.17355371900826447,0.00010613021577754456
-17.0,61,0,8.12159666752077e-05,0.17355371900826447,8.121596667520771e-05
-17.0,62,0,6.176928514722846e-05,0.17355371900826447,6.176928514722847e-05
-17.0,63,0,4.669092944742381e-05,0.17355371900826447,4.6690929447423826e-05
-17.0,64,0,3.507690362258842e-05,0.17355371900826447,3.5076903622588425e-05
-17.0,65,0,2.619019703775649e-05,0.17355371900826447,2.619019703775649e-05
-17.0,66,0,1.943502340107095e-05,0.17355371900826447,1.9435023401070953e-05
-17.0,67,0,1.4333760892548675e-05,0.17355371900826447,1.4333760892548676e-05
-17.0,68,0,1.050664427448833e-05,0.17355371900826447,1.0506644274488332e-05
-17.0,69,0,7.654145022573111e-06,0.17355371900826447,7.654145022573113e-06
-17.0,70,0,5.541892909577406e-06,0.17355371900826447,5.541892909577407e-06
-17.0,71,0,3.9879376219076335e-06,0.17355371900826447,3.987937621907634e-06
-17.0,72,0,2.8521172028561637e-06,0.17355371900826447,2.8521172028561637e-06
-17.0,73,0,2.027286664540995e-06,0.17355371900826447,2.0272866645409952e-06
-17.0,74,0,1.4321606692790922e-06,0.17355371900826447,1.4321606692790925e-06
-17.0,75,0,3.2311800314266392e-06,0.17355371900826447,3.2311800314266397e-06
-14.0,-75,0,1.9260039552469463e-12,0.48717948717948717,1.9260039552469467e-12
-14.0,-74,0,1.4204979360104027e-12,0.48717948717948717,1.4204979360104029e-12
-14.0,-73,0,2.4331669173824324e-12,0.48717948717948717,2.433166917382433e-12
-14.0,-72,0,4.142208649474042e-12,0.48717948717948717,4.142208649474043e-12
-14.0,-71,0,7.008431166251447e-12,0.48717948717948717,7.008431166251447e-12
-14.0,-70,0,1.1785239875286148e-11,0.48717948717948717,1.178523987528615e-11
-14.0,-69,0,1.9696307435842125e-11,0.48717948717948717,1.9696307435842128e-11
-14.0,-68,0,3.271598319747398e-11,0.48717948717948717,3.2715983197473983e-11
-14.0,-67,0,5.400872351982657e-11,0.48717948717948717,5.4008723519826575e-11
-14.0,-66,0,8.861283361152325e-11,0.48717948717948717,8.861283361152326e-11
-14.0,-65,0,1.4449676065905097e-10,0.48717948717948717,1.44496760659051e-10
-14.0,-64,0,2.341792299733926e-10,0.48717948717948717,2.3417922997339264e-10
-14.0,-63,0,3.771962897728685e-10,0.48717948717948717,3.771962897728686e-10
-14.0,-62,0,6.038307523707751e-10,0.48717948717948717,6.038307523707752e-10
-14.0,-61,0,9.607089118463627e-10,0.48717948717948717,9.607089118463629e-10
-14.0,-60,0,1.51913786466446e-09,0.48717948717948717,1.5191378646644603e-09
-14.0,-59,0,2.3874337869756015e-09,0.48717948717948717,2.387433786975602e-09
-14.0,-58,0,3.729016120094217e-09,0.48717948717948717,3.729016120094218e-09
-14.0,-57,0,5.788765598340045e-09,0.48717948717948717,5.788765598340046e-09
-14.0,-56,0,8.931130731824367e-09,0.48717948717948717,8.931130731824369e-09
-14.0,-55,0,1.3694800434078065e-08,0.48717948717948717,1.3694800434078067e-08
-14.0,-54,0,2.0870543017466533e-08,0.48717948717948717,2.087054301746654e-08
-14.0,-53,0,3.1611169946892965e-08,0.48717948717948717,3.161116994689297e-08
-14.0,-52,0,4.7585668037032386e-08,0.48717948717948717,4.758566803703239e-08
-14.0,-51,0,7.119353408672376e-08,0.48717948717948717,7.119353408672377e-08
-14.0,-50,0,1.0586044480358984e-07,0.48717948717948717,1.0586044480358985e-07
-14.0,-49,0,1.5644282800567663e-07,0.48717948717948717,1.5644282800567666e-07
-14.0,-48,0,2.2977690912865948e-07,0.48717948717948717,2.297769091286595e-07
-14.0,-47,0,3.3541763322498583e-07,0.48717948717948717,3.354176332249859e-07
-14.0,-46,0,4.866247339416607e-07,0.48717948717948717,4.866247339416608e-07
-14.0,-45,0,7.016673217103961e-07,0.48717948717948717,7.016673217103962e-07
-14.0,-44,0,1.00553479960584e-06,0.48717948717948717,1.0055347996058402e-06
-14.0,-43,0,1.4321606693313254e-06,0.48717948717948717,1.4321606693313256e-06
-14.0,-42,0,2.0272866645513803e-06,0.48717948717948717,2.0272866645513807e-06
-14.0,-41,0,2.8521172028175576e-06,0.48717948717948717,2.852117202817558e-06
-14.0,-40,0,3.9879376219668665e-06,0.48717948717948717,3.987937621966867e-06
-14.0,-39,0,5.541892909527501e-06,0.48717948717948717,5.5418929095275015e-06
-14.0,-38,0,7.654145022632763e-06,0.48717948717948717,7.654145022632764e-06
-14.0,-37,0,1.0506644274429699e-05,0.48717948717948717,1.05066442744297e-05
-14.0,-36,0,1.4333760892559524e-05,0.48717948717948717,1.4333760892559525e-05
-14.0,-35,0,1.943502340101474e-05,0.48717948717948717,1.9435023401014748e-05
-14.0,-34,0,2.6190197037823508e-05,0.48717948717948717,2.619019703782351e-05
-14.0,-33,0,3.507690362258721e-05,0.48717948717948717,3.507690362258721e-05
-14.0,-32,0,4.669092944741083e-05,0.48717948717948717,4.6690929447410836e-05
-14.0,-31,0,6.17692851472606e-05,0.48717948717948717,6.176928514726062e-05
-14.0,-30,0,8.121596667517983e-05,0.48717948717948717,8.121596667517985e-05
-14.0,-29,0,0.0001061302157775864,0.48717948717948717,0.00010613021577758642
-14.0,-28,0,0.00013783688933991048,0.48717948717948717,0.0001378368893399105
-14.0,-27,0,0.00017791831916547953,0.48717948717948717,0.00017791831916547955
-14.0,-26,0,0.0002282467792376568,0.48717948717948717,0.0002282467792376568
-14.0,-25,0,0.000291016381591074,0.48717948717948717,0.00029101638159107407
-14.0,-24,0,0.00036877290368105844,0.48717948717948717,0.0003687729036810585
-14.0,-23,0,0.0004644397229433641,0.48717948717948717,0.00046443972294336417
-14.0,-22,0,0.0005813377159115374,0.48717948717948717,0.0005813377159115375
-14.0,-21,0,0.000723196692042695,0.48717948717948717,0.0003708700984834333
-14.0,-20,0,0.0008941557024680531,0.48717948717948717,0.0004585413858810529
-14.0,-19,0,0.0010987494204288085,0.48717948717948717,0.0005634612412455429
-14.0,-18,3,0.001341877763994615,0.48717948717948717,0.0062202425750082285
-14.0,-17,1,0.001628756053316363,0.48717948717948717,0.0026792928918325668
-14.0,-16,0,0.0019648432920258193,0.48717948717948717,0.0010076119446286256
-14.0,-15,1,0.0023557466579985312,0.48717948717948717,0.0030521085865413715
-14.0,-14,0,0.002807100996820985,0.48717948717948717,0.0014395389727287103
-14.0,-13,0,0.0033244230350578594,0.48717948717948717,0.0017048323256706969
-14.0,-12,0,0.003912941159102949,0.48717948717948717,0.0020066364918476663
-14.0,-11,0,0.00457740291241026,0.48717948717948717,0.0023473861089283385
-14.0,-10,2,0.005321863805483426,0.48717948717948717,0.006417227680511647
-14.0,-9,0,0.0061494625481035015,0.48717948717948717,0.0031535705374889753
-14.0,-8,1,0.00706218932479899,0.48717948717948717,0.0054656689284903245
-14.0,-7,1,0.008060655152059983,0.48717948717948717,0.005977702686060064
-14.0,-6,0,0.009143871579756727,0.48717948717948717,0.0046891649126957575
-14.0,-5,0,0.010309050926716926,0.48717948717948717,0.005286692782931757
-14.0,-4,1,0.011551437772031298,0.48717948717948717,0.007767847619378687
-14.0,-3,4,0.01286418247109955,0.48717948717948717,0.013973150161091344
-14.0,-2,3,0.014238266959510526,0.48717948717948717,0.012833775495785616
-14.0,-1,3,0.015662492005979634,0.48717948717948717,0.013564147314487724
-14.0,0,1,0.017123533368300026,0.48717948717948717,0.010625332540542138
-14.0,1,3,0.018606072022007925,0.48717948717948717,0.015073675527835565
-14.0,2,4,0.02009300083889698,0.48717948717948717,0.017680236503551567
-14.0,3,17,0.021565706900188775,0.48717948717948717,0.04240790428618472
-14.0,4,6,0.02300442518189527,0.48717948717948717,0.022861341382788784
-14.0,5,2,0.02438865582221611,0.48717948717948717,0.016195069740374563
-14.0,6,8,0.025697633767322703,0.48717948717948717,0.027930540745322995
-14.0,7,12,0.026910836495485868,0.48717948717948717,0.0359288294997803
-14.0,8,5,0.0280085129378721,0.48717948717948717,0.023583506854696314
-14.0,9,5,0.028972214825937093,0.48717948717948717,0.0240777129511399
-14.0,10,4,0.02978531064586648,0.48717948717948717,0.02265065178917695
-14.0,11,2,0.030433462271039213,0.48717948717948717,0.01929497048336077
-14.0,12,2,0.03090504522130999,0.48717948717948717,0.01953680789375604
-14.0,13,4,0.031191495350946896,0.48717948717948717,0.02337177215075665
-14.0,14,11,0.0312875675224778,0.48717948717948717,0.036329273572208394
-14.0,15,3,0.031191495350946896,0.48717948717948717,0.021527738773445295
-14.0,16,4,0.03090504522130999,0.48717948717948717,0.02322487464837875
-14.0,17,8,0.03043346227103927,0.48717948717948717,0.030359170747228926
-14.0,18,3,0.029785310645866425,0.48717948717948717,0.02080661841186557
-14.0,19,4,0.028972214825937148,0.48717948717948717,0.022233679573828574
-14.0,20,2,0.0280085129378721,0.48717948717948717,0.018051406722762252
-14.0,21,60,0.026910836495485868,0.48717948717948717,0.12444243161072532
-14.0,22,0,0.025697633767322703,0.48717948717948717,0.025697633767322706
-14.0,23,0,0.024388655822216054,0.48717948717948717,0.024388655822216058
-14.0,24,0,0.02300442518189527,0.48717948717948717,0.023004425181895275
-14.0,25,0,0.021565706900188886,0.48717948717948717,0.02156570690018889
-14.0,26,0,0.02009300083889687,0.48717948717948717,0.020093000838896872
-14.0,27,0,0.018606072022008036,0.48717948717948717,0.01860607202200804
-14.0,28,0,0.01712353336829997,0.48717948717948717,0.017123533368299974
-14.0,29,0,0.015662492005979578,0.48717948717948717,0.01566249200597958
-14.0,30,0,0.014238266959510582,0.48717948717948717,0.014238266959510583
-14.0,31,0,0.01286418247109955,0.48717948717948717,0.012864182471099552
-14.0,32,0,0.01155143777203127,0.48717948717948717,0.011551437772031272
-14.0,33,0,0.010309050926716967,0.48717948717948717,0.010309050926716969
-14.0,34,0,0.009143871579756713,0.48717948717948717,0.009143871579756714
-14.0,35,0,0.008060655152060003,0.48717948717948717,0.008060655152060005
-14.0,36,0,0.007062189324798962,0.48717948717948717,0.007062189324798963
-14.0,37,0,0.006149462548103557,0.48717948717948717,0.006149462548103558
-14.0,38,0,0.0053218638054833844,0.48717948717948717,0.005321863805483386
-14.0,39,0,0.004577402912410267,0.48717948717948717,0.0045774029124102675
-14.0,40,0,0.003912941159102901,0.48717948717948717,0.0039129411591029015
-14.0,41,0,0.0033244230350578663,0.48717948717948717,0.0033244230350578667
-14.0,42,0,0.0028071009968210214,0.48717948717948717,0.002807100996821022
-14.0,43,0,0.0023557466579985364,0.48717948717948717,0.002355746657998537
-14.0,44,0,0.001964843292025842,0.48717948717948717,0.0019648432920258423
-14.0,45,0,0.0016287560533163603,0.48717948717948717,0.0016287560533163605
-14.0,46,0,0.0013418777639946367,0.48717948717948717,0.0013418777639946367
-14.0,47,0,0.0010987494204287573,0.48717948717948717,0.0010987494204287576
-14.0,48,0,0.0008941557024680913,0.48717948717948717,0.0008941557024680914
-14.0,49,0,0.0007231966920426824,0.48717948717948717,0.0007231966920426826
-14.0,50,0,0.0005813377159115118,0.48717948717948717,0.000581337715911512
-14.0,51,0,0.0004644397229434105,0.48717948717948717,0.00046443972294341057
-14.0,52,0,0.0003687729036809806,0.48717948717948717,0.00036877290368098064
-14.0,53,0,0.00029101638159112486,0.48717948717948717,0.0002910163815911249
-14.0,54,0,0.0002282467792376064,0.48717948717948717,0.00022824677923760642
-14.0,55,0,0.00017791831916547096,0.48717948717948717,0.000177918319165471
-14.0,56,0,0.00013783688933999283,0.48717948717948717,0.00013783688933999283
-14.0,57,0,0.00010613021577754456,0.48717948717948717,0.00010613021577754457
-14.0,58,0,8.12159666752077e-05,0.48717948717948717,8.121596667520771e-05
-14.0,59,0,6.176928514722846e-05,0.48717948717948717,6.176928514722847e-05
-14.0,60,0,4.669092944742381e-05,0.48717948717948717,4.669092944742381e-05
-14.0,61,0,3.507690362258842e-05,0.48717948717948717,3.5076903622588425e-05
-14.0,62,0,2.619019703775649e-05,0.48717948717948717,2.6190197037756494e-05
-14.0,63,0,1.943502340107095e-05,0.48717948717948717,1.9435023401070953e-05
-14.0,64,0,1.4333760892548675e-05,0.48717948717948717,1.4333760892548676e-05
-14.0,65,0,1.050664427448833e-05,0.48717948717948717,1.0506644274488332e-05
-14.0,66,0,7.654145022573111e-06,0.48717948717948717,7.654145022573113e-06
-14.0,67,0,5.541892909577406e-06,0.48717948717948717,5.541892909577407e-06
-14.0,68,0,3.9879376219076335e-06,0.48717948717948717,3.987937621907634e-06
-14.0,69,0,2.8521172028561637e-06,0.48717948717948717,2.852117202856164e-06
-14.0,70,0,2.027286664540995e-06,0.48717948717948717,2.0272866645409952e-06
-14.0,71,0,1.4321606692790922e-06,0.48717948717948717,1.4321606692790925e-06
-14.0,72,0,1.0055347996473785e-06,0.48717948717948717,1.0055347996473787e-06
-14.0,73,0,7.016673216897473e-07,0.48717948717948717,7.016673216897474e-07
-14.0,74,0,4.866247339530005e-07,0.48717948717948717,4.866247339530006e-07
-14.0,75,0,1.037353176136513e-06,0.48717948717948717,1.0373531761365131e-06
-11.0,-75,0,9.921877458113824e-12,0.6409335727109515,9.92187745811382e-12
-11.0,-74,0,7.008431166251447e-12,0.6409335727109515,7.008431166251445e-12
-11.0,-73,0,1.1785239875286148e-11,0.6409335727109515,1.1785239875286145e-11
-11.0,-72,0,1.9696307435842125e-11,0.6409335727109515,1.969630743584212e-11
-11.0,-71,0,3.271598319747398e-11,0.6409335727109515,3.271598319747397e-11
-11.0,-70,0,5.400872351982657e-11,0.6409335727109515,5.400872351982655e-11
-11.0,-69,0,8.861283361152325e-11,0.6409335727109515,8.861283361152322e-11
-11.0,-68,0,1.4449676065905097e-10,0.6409335727109515,1.4449676065905094e-10
-11.0,-67,0,2.341792299733926e-10,0.6409335727109515,2.341792299733925e-10
-11.0,-66,0,3.771962897728685e-10,0.6409335727109515,3.771962897728684e-10
-11.0,-65,0,6.038307523707751e-10,0.6409335727109515,6.038307523707749e-10
-11.0,-64,0,9.607089118463627e-10,0.6409335727109515,9.607089118463624e-10
-11.0,-63,0,1.51913786466446e-09,0.6409335727109515,1.5191378646644597e-09
-11.0,-62,0,2.3874337869756015e-09,0.6409335727109515,2.387433786975601e-09
-11.0,-61,0,3.729016120094217e-09,0.6409335727109515,3.729016120094216e-09
-11.0,-60,0,5.788765598340045e-09,0.6409335727109515,5.788765598340043e-09
-11.0,-59,0,8.931130731824367e-09,0.6409335727109515,8.931130731824364e-09
-11.0,-58,0,1.3694800434078065e-08,0.6409335727109515,1.3694800434078062e-08
-11.0,-57,0,2.0870543017466533e-08,0.6409335727109515,2.0870543017466526e-08
-11.0,-56,0,3.1611169946892965e-08,0.6409335727109515,3.161116994689296e-08
-11.0,-55,0,4.7585668037032386e-08,0.6409335727109515,4.758566803703237e-08
-11.0,-54,0,7.119353408672376e-08,0.6409335727109515,7.119353408672375e-08
-11.0,-53,0,1.0586044480358984e-07,0.6409335727109515,1.0586044480358981e-07
-11.0,-52,0,1.5644282800567663e-07,0.6409335727109515,1.5644282800567658e-07
-11.0,-51,0,2.2977690912865948e-07,0.6409335727109515,2.297769091286594e-07
-11.0,-50,0,3.3541763322498583e-07,0.6409335727109515,3.354176332249858e-07
-11.0,-49,0,4.866247339416607e-07,0.6409335727109515,4.866247339416606e-07
-11.0,-48,0,7.016673217103961e-07,0.6409335727109515,7.016673217103959e-07
-11.0,-47,0,1.00553479960584e-06,0.6409335727109515,1.0055347996058398e-06
-11.0,-46,0,1.4321606693313254e-06,0.6409335727109515,1.432160669331325e-06
-11.0,-45,0,2.0272866645513803e-06,0.6409335727109515,2.02728666455138e-06
-11.0,-44,0,2.8521172028175576e-06,0.6409335727109515,2.852117202817557e-06
-11.0,-43,0,3.9879376219668665e-06,0.6409335727109515,3.987937621966866e-06
-11.0,-42,0,5.541892909527501e-06,0.6409335727109515,5.541892909527499e-06
-11.0,-41,0,7.654145022632763e-06,0.6409335727109515,7.654145022632761e-06
-11.0,-40,0,1.0506644274429699e-05,0.6409335727109515,1.0506644274429695e-05
-11.0,-39,0,1.4333760892559524e-05,0.6409335727109515,1.433376089255952e-05
-11.0,-38,0,1.943502340101474e-05,0.6409335727109515,1.9435023401014737e-05
-11.0,-37,0,2.6190197037823508e-05,0.6409335727109515,2.61901970378235e-05
-11.0,-36,0,3.507690362258721e-05,0.6409335727109515,3.50769036225872e-05
-11.0,-35,0,4.669092944741083e-05,0.6409335727109515,4.6690929447410815e-05
-11.0,-34,0,6.17692851472606e-05,0.6409335727109515,6.176928514726058e-05
-11.0,-33,0,8.121596667517983e-05,0.6409335727109515,8.12159666751798e-05
-11.0,-32,0,0.0001061302157775864,0.6409335727109515,0.00010613021577758638
-11.0,-31,0,0.00013783688933991048,0.6409335727109515,0.00013783688933991046
-11.0,-30,0,0.00017791831916547953,0.6409335727109515,0.00017791831916547947
-11.0,-29,0,0.0002282467792376568,0.6409335727109515,0.00022824677923765672
-11.0,-28,0,0.000291016381591074,0.6409335727109515,0.00029101638159107396
-11.0,-27,0,0.00036877290368105844,0.6409335727109515,0.00036877290368105833
-11.0,-26,0,0.0004644397229433641,0.6409335727109515,0.00046443972294336395
-11.0,-25,0,0.0005813377159115374,0.6409335727109515,0.0005813377159115373
-11.0,-24,0,0.000723196692042695,0.6409335727109515,0.0007231966920426948
-11.0,-23,0,0.0008941557024680531,0.6409335727109515,0.0008941557024680529
-11.0,-22,0,0.0010987494204288085,0.6409335727109515,0.0010987494204288083
-11.0,-21,1,0.001341877763994615,0.6409335727109515,0.001899323488163099
-11.0,-20,4,0.001628756053316363,0.6409335727109515,0.006254832551337459
-11.0,-19,0,0.0019648432920258193,0.6409335727109515,0.0007055092610505635
-11.0,-18,0,0.0023557466579985312,0.6409335727109515,0.0008458695360856487
-11.0,-17,0,0.002807100996820985,0.6409335727109515,0.0010079357259680378
-11.0,-16,2,0.0033244230350578594,0.6409335727109515,0.004028689169169511
-11.0,-15,0,0.003912941159102949,0.6409335727109515,0.0014050058021913643
-11.0,-14,2,0.00457740291241026,0.6409335727109515,0.004478592177195508
-11.0,-13,4,0.005321863805483426,0.6409335727109515,0.007580903557501574
-11.0,-12,0,0.0061494625481035015,0.6409335727109515,0.0022080655468953328
-11.0,-11,2,0.00706218932479899,0.6409335727109515,0.005370795556868302
-11.0,-10,2,0.008060655152059983,0.6409335727109515,0.005729311114233111
-11.0,-9,3,0.009143871579756727,0.6409335727109515,0.007535758000493923
-11.0,-8,6,0.010309050926716926,0.6409335727109515,0.012206635486518713
-11.0,-7,4,0.011551437772031298,0.6409335727109515,0.009817734425202784
-11.0,-6,5,0.01286418247109955,0.6409335727109515,0.011706597207826795
-11.0,-5,3,0.014238266959510526,0.6409335727109515,0.009364984348699954
-11.0,-4,6,0.015662492005979634,0.6409335727109515,0.014128876448552003
-11.0,-3,10,0.017123533368300026,0.6409335727109515,0.02032348828498965
-11.0,-2,6,0.018606072022007925,0.6409335727109515,0.01518581720834672
-11.0,-1,2,0.02009300083889698,0.6409335727109515,0.010049722491912464
-11.0,0,0,0.021565706900188775,0.6409335727109515,0.007743521328613565
-11.0,1,5,0.02300442518189527,0.6409335727109515,0.015347617929836032
-11.0,2,12,0.02438865582221611,0.6409335727109515,0.02576715031550862
-11.0,3,29,0.025697633767322703,0.6409335727109515,0.0503346643206361
-11.0,4,8,0.026910836495485868,0.6409335727109515,0.021002779784489334
-11.0,5,7,0.0280085129378721,0.6409335727109515,0.019979418309389377
-11.0,6,9,0.028972214825937093,0.6409335727109515,0.02316045177048245
-11.0,7,22,0.02978531064586648,0.6409335727109515,0.04187991021821832
-11.0,8,8,0.030433462271039213,0.6409335727109515,0.02226763643639359
-11.0,9,5,0.03090504522130999,0.6409335727109515,0.018184465340756937
-11.0,10,22,0.031191495350946896,0.6409335727109515,0.042384823936380045
-11.0,11,5,0.0312875675224778,0.6409335727109515,0.01832181625679565
-11.0,12,7,0.031191495350946896,0.6409335727109515,0.021122320432576017
-11.0,13,4,0.03090504522130999,0.6409335727109515,0.01676696510717
-11.0,14,19,0.03043346227103927,0.6409335727109515,0.03786013900584989
-11.0,15,4,0.029785310645866425,0.6409335727109515,0.016364906013653462
-11.0,16,5,0.028972214825937148,0.6409335727109515,0.01749045083613473
-11.0,17,11,0.0280085129378721,0.6409335727109515,0.025649419243737117
-11.0,18,11,0.026910836495485868,0.6409335727109515,0.02525528048525014
-11.0,19,8,0.025697633767322703,0.6409335727109515,0.020567159415310458
-11.0,20,8,0.024388655822216054,0.6409335727109515,0.020097149381160855
-11.0,21,86,0.02300442518189527,0.6409335727109515,0.13016513685037778
-11.0,22,0,0.021565706900188886,0.6409335727109515,0.02156570690018888
-11.0,23,0,0.02009300083889687,0.6409335727109515,0.020093000838896865
-11.0,24,0,0.018606072022008036,0.6409335727109515,0.01860607202200803
-11.0,25,0,0.01712353336829997,0.6409335727109515,0.017123533368299967
-11.0,26,0,0.015662492005979578,0.6409335727109515,0.01566249200597957
-11.0,27,0,0.014238266959510582,0.6409335727109515,0.014238266959510578
-11.0,28,0,0.01286418247109955,0.6409335727109515,0.012864182471099547
-11.0,29,0,0.01155143777203127,0.6409335727109515,0.011551437772031267
-11.0,30,0,0.010309050926716967,0.6409335727109515,0.010309050926716964
-11.0,31,0,0.009143871579756713,0.6409335727109515,0.00914387157975671
-11.0,32,0,0.008060655152060003,0.6409335727109515,0.008060655152060002
-11.0,33,0,0.007062189324798962,0.6409335727109515,0.007062189324798959
-11.0,34,0,0.006149462548103557,0.6409335727109515,0.006149462548103555
-11.0,35,0,0.0053218638054833844,0.6409335727109515,0.005321863805483384
-11.0,36,0,0.004577402912410267,0.6409335727109515,0.004577402912410266
-11.0,37,0,0.003912941159102901,0.6409335727109515,0.0039129411591029
-11.0,38,0,0.0033244230350578663,0.6409335727109515,0.003324423035057865
-11.0,39,0,0.0028071009968210214,0.6409335727109515,0.0028071009968210206
-11.0,40,0,0.0023557466579985364,0.6409335727109515,0.0023557466579985356
-11.0,41,0,0.001964843292025842,0.6409335727109515,0.0019648432920258414
-11.0,42,0,0.0016287560533163603,0.6409335727109515,0.0016287560533163599
-11.0,43,0,0.0013418777639946367,0.6409335727109515,0.0013418777639946362
-11.0,44,0,0.0010987494204287573,0.6409335727109515,0.001098749420428757
-11.0,45,0,0.0008941557024680913,0.6409335727109515,0.0008941557024680911
-11.0,46,0,0.0007231966920426824,0.6409335727109515,0.0007231966920426823
-11.0,47,0,0.0005813377159115118,0.6409335727109515,0.0005813377159115116
-11.0,48,0,0.0004644397229434105,0.6409335727109515,0.0004644397229434104
-11.0,49,0,0.0003687729036809806,0.6409335727109515,0.00036877290368098054
-11.0,50,0,0.00029101638159112486,0.6409335727109515,0.0002910163815911248
-11.0,51,0,0.0002282467792376064,0.6409335727109515,0.00022824677923760636
-11.0,52,0,0.00017791831916547096,0.6409335727109515,0.0001779183191654709
-11.0,53,0,0.00013783688933999283,0.6409335727109515,0.0001378368893399928
-11.0,54,0,0.00010613021577754456,0.6409335727109515,0.00010613021577754454
-11.0,55,0,8.12159666752077e-05,0.6409335727109515,8.121596667520768e-05
-11.0,56,0,6.176928514722846e-05,0.6409335727109515,6.176928514722845e-05
-11.0,57,0,4.669092944742381e-05,0.6409335727109515,4.66909294474238e-05
-11.0,58,0,3.507690362258842e-05,0.6409335727109515,3.507690362258841e-05
-11.0,59,0,2.619019703775649e-05,0.6409335727109515,2.6190197037756484e-05
-11.0,60,0,1.943502340107095e-05,0.6409335727109515,1.9435023401070943e-05
-11.0,61,0,1.4333760892548675e-05,0.6409335727109515,1.433376089254867e-05
-11.0,62,0,1.050664427448833e-05,0.6409335727109515,1.0506644274488327e-05
-11.0,63,0,7.654145022573111e-06,0.6409335727109515,7.65414502257311e-06
-11.0,64,0,5.541892909577406e-06,0.6409335727109515,5.541892909577404e-06
-11.0,65,0,3.9879376219076335e-06,0.6409335727109515,3.987937621907633e-06
-11.0,66,0,2.8521172028561637e-06,0.6409335727109515,2.852117202856163e-06
-11.0,67,0,2.027286664540995e-06,0.6409335727109515,2.0272866645409944e-06
-11.0,68,0,1.4321606692790922e-06,0.6409335727109515,1.432160669279092e-06
-11.0,69,0,1.0055347996473785e-06,0.6409335727109515,1.0055347996473783e-06
-11.0,70,0,7.016673216897473e-07,0.6409335727109515,7.016673216897471e-07
-11.0,71,0,4.866247339530005e-07,0.6409335727109515,4.866247339530004e-07
-11.0,72,0,3.3541763322375573e-07,0.6409335727109515,3.354176332237556e-07
-11.0,73,0,2.2977690916636817e-07,0.6409335727109515,2.297769091663681e-07
-11.0,74,0,1.5644282802540488e-07,0.6409335727109515,1.5644282802540483e-07
-11.0,75,0,3.157158057209841e-07,0.6409335727109515,3.15715805720984e-07
-8.0,-75,0,4.8411855935493544e-11,0.806949806949807,4.841185593549355e-11
-8.0,-74,0,3.271598319747398e-11,0.806949806949807,3.2715983197473983e-11
-8.0,-73,0,5.400872351982657e-11,0.806949806949807,5.4008723519826575e-11
-8.0,-72,0,8.861283361152325e-11,0.806949806949807,8.861283361152326e-11
-8.0,-71,0,1.4449676065905097e-10,0.806949806949807,1.44496760659051e-10
-8.0,-70,0,2.341792299733926e-10,0.806949806949807,2.3417922997339264e-10
-8.0,-69,0,3.771962897728685e-10,0.806949806949807,3.771962897728686e-10
-8.0,-68,0,6.038307523707751e-10,0.806949806949807,6.038307523707753e-10
-8.0,-67,0,9.607089118463627e-10,0.806949806949807,9.607089118463629e-10
-8.0,-66,0,1.51913786466446e-09,0.806949806949807,1.5191378646644603e-09
-8.0,-65,0,2.3874337869756015e-09,0.806949806949807,2.387433786975602e-09
-8.0,-64,0,3.729016120094217e-09,0.806949806949807,3.729016120094218e-09
-8.0,-63,0,5.788765598340045e-09,0.806949806949807,5.7887655983400465e-09
-8.0,-62,0,8.931130731824367e-09,0.806949806949807,8.931130731824369e-09
-8.0,-61,0,1.3694800434078065e-08,0.806949806949807,1.3694800434078068e-08
-8.0,-60,0,2.0870543017466533e-08,0.806949806949807,2.0870543017466536e-08
-8.0,-59,0,3.1611169946892965e-08,0.806949806949807,3.161116994689297e-08
-8.0,-58,0,4.7585668037032386e-08,0.806949806949807,4.758566803703239e-08
-8.0,-57,0,7.119353408672376e-08,0.806949806949807,7.119353408672377e-08
-8.0,-56,0,1.0586044480358984e-07,0.806949806949807,1.0586044480358986e-07
-8.0,-55,0,1.5644282800567663e-07,0.806949806949807,1.5644282800567666e-07
-8.0,-54,0,2.2977690912865948e-07,0.806949806949807,2.297769091286595e-07
-8.0,-53,0,3.3541763322498583e-07,0.806949806949807,3.3541763322498594e-07
-8.0,-52,0,4.866247339416607e-07,0.806949806949807,4.866247339416608e-07
-8.0,-51,0,7.016673217103961e-07,0.806949806949807,7.016673217103962e-07
-8.0,-50,0,1.00553479960584e-06,0.806949806949807,1.0055347996058402e-06
-8.0,-49,0,1.4321606693313254e-06,0.806949806949807,1.4321606693313256e-06
-8.0,-48,0,2.0272866645513803e-06,0.806949806949807,2.0272866645513807e-06
-8.0,-47,0,2.8521172028175576e-06,0.806949806949807,2.8521172028175576e-06
-8.0,-46,0,3.9879376219668665e-06,0.806949806949807,3.987937621966867e-06
-8.0,-45,0,5.541892909527501e-06,0.806949806949807,5.5418929095275015e-06
-8.0,-44,0,7.654145022632763e-06,0.806949806949807,7.654145022632764e-06
-8.0,-43,0,1.0506644274429699e-05,0.806949806949807,1.05066442744297e-05
-8.0,-42,0,1.4333760892559524e-05,0.806949806949807,1.4333760892559525e-05
-8.0,-41,0,1.943502340101474e-05,0.806949806949807,1.9435023401014744e-05
-8.0,-40,0,2.6190197037823508e-05,0.806949806949807,2.619019703782351e-05
-8.0,-39,0,3.507690362258721e-05,0.806949806949807,3.507690362258722e-05
-8.0,-38,0,4.669092944741083e-05,0.806949806949807,4.6690929447410836e-05
-8.0,-37,0,6.17692851472606e-05,0.806949806949807,6.176928514726062e-05
-8.0,-36,0,8.121596667517983e-05,0.806949806949807,8.121596667517985e-05
-8.0,-35,0,0.0001061302157775864,0.806949806949807,0.00010613021577758643
-8.0,-34,0,0.00013783688933991048,0.806949806949807,0.0001378368893399105
-8.0,-33,0,0.00017791831916547953,0.806949806949807,0.00017791831916547958
-8.0,-32,0,0.0002282467792376568,0.806949806949807,0.00022824677923765683
-8.0,-31,0,0.000291016381591074,0.806949806949807,0.00029101638159107407
-8.0,-30,0,0.00036877290368105844,0.806949806949807,0.0003687729036810585
-8.0,-29,0,0.0004644397229433641,0.806949806949807,0.00046443972294336417
-8.0,-28,0,0.0005813377159115374,0.806949806949807,0.0005813377159115375
-8.0,-27,0,0.000723196692042695,0.806949806949807,0.000723196692042695
-8.0,-26,0,0.0008941557024680531,0.806949806949807,0.0008941557024680532
-8.0,-25,0,0.0010987494204288085,0.806949806949807,0.0010987494204288087
-8.0,-24,0,0.001341877763994615,0.806949806949807,0.001341877763994615
-8.0,-23,0,0.001628756053316363,0.806949806949807,0.0016287560533163631
-8.0,-22,0,0.0019648432920258193,0.806949806949807,0.0019648432920258197
-8.0,-21,20,0.0023557466579985312,0.806949806949807,0.016765142844395085
-8.0,-20,2,0.002807100996820985,0.806949806949807,0.0021729479390767926
-8.0,-19,2,0.0033244230350578594,0.806949806949807,0.0022728170584275405
-8.0,-18,1,0.003912941159102949,0.806949806949807,0.0015709123210234264
-8.0,-17,5,0.00457740291241026,0.806949806949807,0.004961259890232096
-8.0,-16,4,0.005321863805483426,0.806949806949807,0.004289459934493634
-8.0,-15,5,0.0061494625481035015,0.806949806949807,0.005264746306389093
-8.0,-14,5,0.00706218932479899,0.806949806949807,0.005440948386832237
-8.0,-13,4,0.008060655152059983,0.806949806949807,0.004818184132674437
-8.0,-12,3,0.009143871579756727,0.806949806949807,0.004211780998291878
-8.0,-11,5,0.010309050926716926,0.806949806949807,0.006067755645889754
-8.0,-10,5,0.011551437772031298,0.806949806949807,0.006307598666220713
-8.0,-9,3,0.01286418247109955,0.806949806949807,0.004929987734072346
-8.0,-8,5,0.014238266959510526,0.806949806949807,0.006826291559556471
-8.0,-7,22,0.015662492005979634,0.806949806949807,0.020965049152421703
-8.0,-6,16,0.017123533368300026,0.806949806949807,0.016353993820284643
-8.0,-5,6,0.018606072022007925,0.806949806949807,0.00848501544494176
-8.0,-4,12,0.02009300083889698,0.806949806949807,0.013665176989281425
-8.0,-3,42,0.021565706900188775,0.806949806949807,0.03841503142465668
-8.0,-2,10,0.02300442518189527,0.806949806949807,0.012596191471019164
-8.0,-1,9,0.02438865582221611,0.806949806949807,0.01204789918849454
-8.0,0,1,0.025697633767322703,0.806949806949807,0.005776451434579363
-8.0,1,16,0.026910836495485868,0.806949806949807,0.018243434578428624
-8.0,2,16,0.0280085129378721,0.806949806949807,0.018455341227537937
-8.0,3,63,0.028972214825937093,0.806949806949807,0.05697074298170585
-8.0,4,22,0.02978531064586648,0.806949806949807,0.023691462017264724
-8.0,5,15,0.030433462271039213,0.806949806949807,0.018107959889578227
-8.0,6,37,0.03090504522130999,0.806949806949807,0.036140401116187416
-8.0,7,54,0.031191495350946896,0.806949806949807,0.050059511041710525
-8.0,8,20,0.0312875675224778,0.806949806949807,0.02235043644757641
-8.0,9,6,0.031191495350946896,0.806949806949807,0.010914633848211834
-8.0,10,30,0.03090504522130999,0.806949806949807,0.030431773192135518
-8.0,11,13,0.03043346227103927,0.806949806949807,0.016476923339849125
-8.0,12,13,0.029785310645866425,0.806949806949807,0.01635179754348371
-8.0,13,21,0.028972214825937148,0.806949806949807,0.02271897543739451
-8.0,14,45,0.0280085129378721,0.806949806949807,0.04210537119861006
-8.0,15,13,0.026910836495485868,0.806949806949807,0.01579687975383496
-8.0,16,15,0.025697633767322703,0.806949806949807,0.017193707282683147
-8.0,17,24,0.024388655822216054,0.806949806949807,0.02428067331146287
-8.0,18,21,0.02300442518189527,0.806949806949807,0.021566892494529283
-8.0,19,10,0.021565706900188886,0.806949806949807,0.012318446628990903
-8.0,20,20,0.02009300083889687,0.806949806949807,0.020189323188197852
-8.0,21,175,0.018606072022008036,0.806949806949807,0.14630760389705177
-8.0,22,0,0.01712353336829997,0.806949806949807,0.017123533368299974
-8.0,23,0,0.015662492005979578,0.806949806949807,0.01566249200597958
-8.0,24,0,0.014238266959510582,0.806949806949807,0.014238266959510583
-8.0,25,0,0.01286418247109955,0.806949806949807,0.012864182471099552
-8.0,26,0,0.01155143777203127,0.806949806949807,0.011551437772031272
-8.0,27,0,0.010309050926716967,0.806949806949807,0.010309050926716969
-8.0,28,0,0.009143871579756713,0.806949806949807,0.009143871579756714
-8.0,29,0,0.008060655152060003,0.806949806949807,0.008060655152060005
-8.0,30,0,0.007062189324798962,0.806949806949807,0.007062189324798964
-8.0,31,0,0.006149462548103557,0.806949806949807,0.006149462548103557
-8.0,32,0,0.0053218638054833844,0.806949806949807,0.0053218638054833844
-8.0,33,0,0.004577402912410267,0.806949806949807,0.0045774029124102675
-8.0,34,0,0.003912941159102901,0.806949806949807,0.0039129411591029015
-8.0,35,0,0.0033244230350578663,0.806949806949807,0.0033244230350578667
-8.0,36,0,0.0028071009968210214,0.806949806949807,0.002807100996821022
-8.0,37,0,0.0023557466579985364,0.806949806949807,0.002355746657998537
-8.0,38,0,0.001964843292025842,0.806949806949807,0.0019648432920258423
-8.0,39,0,0.0016287560533163603,0.806949806949807,0.0016287560533163605
-8.0,40,0,0.0013418777639946367,0.806949806949807,0.0013418777639946369
-8.0,41,0,0.0010987494204287573,0.806949806949807,0.0010987494204287576
-8.0,42,0,0.0008941557024680913,0.806949806949807,0.0008941557024680915
-8.0,43,0,0.0007231966920426824,0.806949806949807,0.0007231966920426826
-8.0,44,0,0.0005813377159115118,0.806949806949807,0.000581337715911512
-8.0,45,0,0.0004644397229434105,0.806949806949807,0.00046443972294341057
-8.0,46,0,0.0003687729036809806,0.806949806949807,0.00036877290368098064
-8.0,47,0,0.00029101638159112486,0.806949806949807,0.0002910163815911249
-8.0,48,0,0.0002282467792376064,0.806949806949807,0.00022824677923760642
-8.0,49,0,0.00017791831916547096,0.806949806949807,0.000177918319165471
-8.0,50,0,0.00013783688933999283,0.806949806949807,0.00013783688933999286
-8.0,51,0,0.00010613021577754456,0.806949806949807,0.00010613021577754457
-8.0,52,0,8.12159666752077e-05,0.806949806949807,8.121596667520771e-05
-8.0,53,0,6.176928514722846e-05,0.806949806949807,6.176928514722847e-05
-8.0,54,0,4.669092944742381e-05,0.806949806949807,4.669092944742382e-05
-8.0,55,0,3.507690362258842e-05,0.806949806949807,3.5076903622588425e-05
-8.0,56,0,2.619019703775649e-05,0.806949806949807,2.6190197037756494e-05
-8.0,57,0,1.943502340107095e-05,0.806949806949807,1.9435023401070953e-05
-8.0,58,0,1.4333760892548675e-05,0.806949806949807,1.4333760892548676e-05
-8.0,59,0,1.050664427448833e-05,0.806949806949807,1.0506644274488332e-05
-8.0,60,0,7.654145022573111e-06,0.806949806949807,7.654145022573113e-06
-8.0,61,0,5.541892909577406e-06,0.806949806949807,5.541892909577407e-06
-8.0,62,0,3.9879376219076335e-06,0.806949806949807,3.987937621907634e-06
-8.0,63,0,2.8521172028561637e-06,0.806949806949807,2.852117202856164e-06
-8.0,64,0,2.027286664540995e-06,0.806949806949807,2.0272866645409952e-06
-8.0,65,0,1.4321606692790922e-06,0.806949806949807,1.4321606692790925e-06
-8.0,66,0,1.0055347996473785e-06,0.806949806949807,1.0055347996473787e-06
-8.0,67,0,7.016673216897473e-07,0.806949806949807,7.016673216897474e-07
-8.0,68,0,4.866247339530005e-07,0.806949806949807,4.866247339530006e-07
-8.0,69,0,3.3541763322375573e-07,0.806949806949807,3.354176332237558e-07
-8.0,70,0,2.2977690916636817e-07,0.806949806949807,2.297769091663682e-07
-8.0,71,0,1.5644282802540488e-07,0.806949806949807,1.564428280254049e-07
-8.0,72,0,1.0586044474347744e-07,0.806949806949807,1.0586044474347746e-07
-8.0,73,0,7.119353406803697e-08,0.806949806949807,7.119353406803698e-08
-8.0,74,0,4.7585668072613885e-08,0.806949806949807,4.758566807261389e-08
-8.0,75,0,9.107615883685583e-08,0.806949806949807,9.107615883685584e-08
-5.0,-75,0,2.2374939626431733e-10,0.8356614626129828,2.237493962643174e-10
-5.0,-74,0,1.4449676065905097e-10,0.8356614626129828,1.44496760659051e-10
-5.0,-73,0,2.341792299733926e-10,0.8356614626129828,2.3417922997339264e-10
-5.0,-72,0,3.771962897728685e-10,0.8356614626129828,3.7719628977286863e-10
-5.0,-71,0,6.038307523707751e-10,0.8356614626129828,6.038307523707753e-10
-5.0,-70,0,9.607089118463627e-10,0.8356614626129828,9.607089118463629e-10
-5.0,-69,0,1.51913786466446e-09,0.8356614626129828,1.5191378646644605e-09
-5.0,-68,0,2.3874337869756015e-09,0.8356614626129828,2.387433786975602e-09
-5.0,-67,0,3.729016120094217e-09,0.8356614626129828,3.729016120094218e-09
-5.0,-66,0,5.788765598340045e-09,0.8356614626129828,5.7887655983400465e-09
-5.0,-65,0,8.931130731824367e-09,0.8356614626129828,8.931130731824369e-09
-5.0,-64,0,1.3694800434078065e-08,0.8356614626129828,1.3694800434078068e-08
-5.0,-63,0,2.0870543017466533e-08,0.8356614626129828,2.087054301746654e-08
-5.0,-62,0,3.1611169946892965e-08,0.8356614626129828,3.161116994689297e-08
-5.0,-61,0,4.7585668037032386e-08,0.8356614626129828,4.75856680370324e-08
-5.0,-60,0,7.119353408672376e-08,0.8356614626129828,7.119353408672377e-08
-5.0,-59,0,1.0586044480358984e-07,0.8356614626129828,1.0586044480358986e-07
-5.0,-58,0,1.5644282800567663e-07,0.8356614626129828,1.564428280056767e-07
-5.0,-57,0,2.2977690912865948e-07,0.8356614626129828,2.2977690912865956e-07
-5.0,-56,0,3.3541763322498583e-07,0.8356614626129828,3.3541763322498594e-07
-5.0,-55,0,4.866247339416607e-07,0.8356614626129828,4.866247339416608e-07
-5.0,-54,0,7.016673217103961e-07,0.8356614626129828,7.016673217103963e-07
-5.0,-53,0,1.00553479960584e-06,0.8356614626129828,1.0055347996058402e-06
-5.0,-52,0,1.4321606693313254e-06,0.8356614626129828,1.4321606693313258e-06
-5.0,-51,0,2.0272866645513803e-06,0.8356614626129828,2.0272866645513807e-06
-5.0,-50,0,2.8521172028175576e-06,0.8356614626129828,2.8521172028175584e-06
-5.0,-49,0,3.9879376219668665e-06,0.8356614626129828,3.987937621966867e-06
-5.0,-48,0,5.541892909527501e-06,0.8356614626129828,5.5418929095275015e-06
-5.0,-47,0,7.654145022632763e-06,0.8356614626129828,7.654145022632764e-06
-5.0,-46,0,1.0506644274429699e-05,0.8356614626129828,1.05066442744297e-05
-5.0,-45,0,1.4333760892559524e-05,0.8356614626129828,1.4333760892559527e-05
-5.0,-44,0,1.943502340101474e-05,0.8356614626129828,1.9435023401014744e-05
-5.0,-43,0,2.6190197037823508e-05,0.8356614626129828,2.6190197037823515e-05
-5.0,-42,0,3.507690362258721e-05,0.8356614626129828,3.507690362258722e-05
-5.0,-41,0,4.669092944741083e-05,0.8356614626129828,4.669092944741084e-05
-5.0,-40,0,6.17692851472606e-05,0.8356614626129828,6.176928514726062e-05
-5.0,-39,0,8.121596667517983e-05,0.8356614626129828,8.121596667517986e-05
-5.0,-38,0,0.0001061302157775864,0.8356614626129828,0.00010613021577758643
-5.0,-37,0,0.00013783688933991048,0.8356614626129828,0.0001378368893399105
-5.0,-36,0,0.00017791831916547953,0.8356614626129828,0.00017791831916547955
-5.0,-35,0,0.0002282467792376568,0.8356614626129828,0.00022824677923765683
-5.0,-34,0,0.000291016381591074,0.8356614626129828,0.00029101638159107407
-5.0,-33,0,0.00036877290368105844,0.8356614626129828,0.00036877290368105854
-5.0,-32,0,0.0004644397229433641,0.8356614626129828,0.0004644397229433642
-5.0,-31,0,0.0005813377159115374,0.8356614626129828,0.0005813377159115375
-5.0,-30,0,0.000723196692042695,0.8356614626129828,0.0007231966920426952
-5.0,-29,0,0.0008941557024680531,0.8356614626129828,0.0008941557024680533
-5.0,-28,0,0.0010987494204288085,0.8356614626129828,0.0010987494204288087
-5.0,-27,0,0.001341877763994615,0.8356614626129828,0.0013418777639946154
-5.0,-26,0,0.001628756053316363,0.8356614626129828,0.0016287560533163633
-5.0,-25,0,0.0019648432920258193,0.8356614626129828,0.0019648432920258197
-5.0,-24,0,0.0023557466579985312,0.8356614626129828,0.002355746657998532
-5.0,-23,0,0.002807100996820985,0.8356614626129828,0.002807100996820986
-5.0,-22,0,0.0033244230350578594,0.8356614626129828,0.0033244230350578602
-5.0,-21,28,0.003912941159102949,0.8356614626129828,0.020968101031323898
-5.0,-20,3,0.00457740291241026,0.8356614626129828,0.002929928057266088
-5.0,-19,4,0.005321863805483426,0.8356614626129828,0.003778166457445403
-5.0,-18,5,0.0061494625481035015,0.8356614626129828,0.004640067610220759
-5.0,-17,12,0.00706218932479899,0.8356614626129828,0.009871327294825727
-5.0,-16,4,0.008060655152059983,0.8356614626129828,0.004228255421550013
-5.0,-15,3,0.009143871579756727,0.8356614626129828,0.003680374839081448
-5.0,-14,19,0.010309050926716926,0.8356614626129828,0.015486175282671854
-5.0,-13,10,0.011551437772031298,0.8356614626129828,0.009157294246871145
-5.0,-12,7,0.01286418247109955,0.8356614626129828,0.0071953444330690695
-5.0,-11,10,0.014238266959510526,0.8356614626129828,0.00959884382575023
-5.0,-10,10,0.015662492005979634,0.8356614626129828,0.00983289888679692
-5.0,-9,9,0.017123533368300026,0.8356614626129828,0.00934710950147275
-5.0,-8,11,0.018606072022007925,0.8356614626129828,0.011042537307182501
-5.0,-7,35,0.02009300083889698,0.8356614626129828,0.028708371875024764
-5.0,-6,35,0.021565706900188775,0.8356614626129828,0.028950394235138455
-5.0,-5,16,0.02300442518189527,0.8356614626129828,0.01539483016173914
-5.0,-4,18,0.02438865582221611,0.8356614626129828,0.017074102172315437
-5.0,-3,64,0.025697633767322703,0.8356614626129828,0.050680377843298666
-5.0,-2,17,0.026910836495485868,0.8356614626129828,0.016762698869316552
-5.0,-1,22,0.0280085129378721,0.8356614626129828,0.020572563339731686
-5.0,0,4,0.028972214825937093,0.8356614626129828,0.007664830552836308
-5.0,1,24,0.02978531064586648,0.8356614626129828,0.022316349248035758
-5.0,2,16,0.030433462271039213,0.8356614626129828,0.016615707251162962
-5.0,3,87,0.03090504522130999,0.8356614626129828,0.06823173630022561
-5.0,4,31,0.031191495350946896,0.8356614626129828,0.02762870308685353
-5.0,5,25,0.0312875675224778,0.8356614626129828,0.023289122731787487
-5.0,6,36,0.031191495350946896,0.8356614626129828,0.031258177016202725
-5.0,7,61,0.03090504522130999,0.8356614626129828,0.04935847186760982
-5.0,8,35,0.03043346227103927,0.8356614626129828,0.030407708182689893
-5.0,9,9,0.029785310645866425,0.8356614626129828,0.01142792745998818
-5.0,10,43,0.028972214825937148,0.8356614626129828,0.035974727201759996
-5.0,11,21,0.0280085129378721,0.8356614626129828,0.019846668553861847
-5.0,12,10,0.026910836495485868,0.8356614626129828,0.011681435368227688
-5.0,13,24,0.025697633767322703,0.8356614626129828,0.021644586408505147
-5.0,14,28,0.024388655822216054,0.8356614626129828,0.024333050031013808
-5.0,15,12,0.02300442518189527,0.8356614626129828,0.012491251018259791
-5.0,16,19,0.021565706900188886,0.8356614626129828,0.017336077661221066
-5.0,17,18,0.02009300083889687,0.8356614626129828,0.0163681605152375
-5.0,18,15,0.018606072022008036,0.8356614626129828,0.013946116450661869
-5.0,19,8,0.01712353336829997,0.8356614626129828,0.008621214715602904
-5.0,20,15,0.015662492005979578,0.8356614626129828,0.013462372816146099
-5.0,21,134,0.014238266959510582,0.8356614626129828,0.09960979727361013
-5.0,22,0,0.01286418247109955,0.8356614626129828,0.012864182471099552
-5.0,23,0,0.01155143777203127,0.8356614626129828,0.011551437772031272
-5.0,24,0,0.010309050926716967,0.8356614626129828,0.010309050926716969
-5.0,25,0,0.009143871579756713,0.8356614626129828,0.009143871579756714
-5.0,26,0,0.008060655152060003,0.8356614626129828,0.008060655152060005
-5.0,27,0,0.007062189324798962,0.8356614626129828,0.007062189324798964
-5.0,28,0,0.006149462548103557,0.8356614626129828,0.006149462548103559
-5.0,29,0,0.0053218638054833844,0.8356614626129828,0.005321863805483385
-5.0,30,0,0.004577402912410267,0.8356614626129828,0.0045774029124102675
-5.0,31,0,0.003912941159102901,0.8356614626129828,0.0039129411591029015
-5.0,32,0,0.0033244230350578663,0.8356614626129828,0.003324423035057867
-5.0,33,0,0.0028071009968210214,0.8356614626129828,0.0028071009968210223
-5.0,34,0,0.0023557466579985364,0.8356614626129828,0.002355746657998537
-5.0,35,0,0.001964843292025842,0.8356614626129828,0.0019648432920258423
-5.0,36,0,0.0016287560533163603,0.8356614626129828,0.0016287560533163605
-5.0,37,0,0.0013418777639946367,0.8356614626129828,0.0013418777639946369
-5.0,38,0,0.0010987494204287573,0.8356614626129828,0.0010987494204287576
-5.0,39,0,0.0008941557024680913,0.8356614626129828,0.0008941557024680915
-5.0,40,0,0.0007231966920426824,0.8356614626129828,0.0007231966920426827
-5.0,41,0,0.0005813377159115118,0.8356614626129828,0.000581337715911512
-5.0,42,0,0.0004644397229434105,0.8356614626129828,0.0004644397229434106
-5.0,43,0,0.0003687729036809806,0.8356614626129828,0.00036877290368098064
-5.0,44,0,0.00029101638159112486,0.8356614626129828,0.00029101638159112497
-5.0,45,0,0.0002282467792376064,0.8356614626129828,0.00022824677923760644
-5.0,46,0,0.00017791831916547096,0.8356614626129828,0.00017791831916547102
-5.0,47,0,0.00013783688933999283,0.8356614626129828,0.00013783688933999286
-5.0,48,0,0.00010613021577754456,0.8356614626129828,0.00010613021577754458
-5.0,49,0,8.12159666752077e-05,0.8356614626129828,8.121596667520771e-05
-5.0,50,0,6.176928514722846e-05,0.8356614626129828,6.176928514722847e-05
-5.0,51,0,4.669092944742381e-05,0.8356614626129828,4.6690929447423826e-05
-5.0,52,0,3.507690362258842e-05,0.8356614626129828,3.5076903622588425e-05
-5.0,53,0,2.619019703775649e-05,0.8356614626129828,2.6190197037756498e-05
-5.0,54,0,1.943502340107095e-05,0.8356614626129828,1.9435023401070953e-05
-5.0,55,0,1.4333760892548675e-05,0.8356614626129828,1.4333760892548678e-05
-5.0,56,0,1.050664427448833e-05,0.8356614626129828,1.0506644274488334e-05
-5.0,57,0,7.654145022573111e-06,0.8356614626129828,7.654145022573113e-06
-5.0,58,0,5.541892909577406e-06,0.8356614626129828,5.541892909577407e-06
-5.0,59,0,3.9879376219076335e-06,0.8356614626129828,3.987937621907635e-06
-5.0,60,0,2.8521172028561637e-06,0.8356614626129828,2.852117202856164e-06
-5.0,61,0,2.027286664540995e-06,0.8356614626129828,2.0272866645409952e-06
-5.0,62,0,1.4321606692790922e-06,0.8356614626129828,1.4321606692790925e-06
-5.0,63,0,1.0055347996473785e-06,0.8356614626129828,1.0055347996473787e-06
-5.0,64,0,7.016673216897473e-07,0.8356614626129828,7.016673216897475e-07
-5.0,65,0,4.866247339530005e-07,0.8356614626129828,4.866247339530008e-07
-5.0,66,0,3.3541763322375573e-07,0.8356614626129828,3.354176332237558e-07
-5.0,67,0,2.2977690916636817e-07,0.8356614626129828,2.2977690916636825e-07
-5.0,68,0,1.5644282802540488e-07,0.8356614626129828,1.564428280254049e-07
-5.0,69,0,1.0586044474347744e-07,0.8356614626129828,1.0586044474347747e-07
-5.0,70,0,7.119353406803697e-08,0.8356614626129828,7.1193534068037e-08
-5.0,71,0,4.7585668072613885e-08,0.8356614626129828,4.75856680726139e-08
-5.0,72,0,3.161116990391122e-08,0.8356614626129828,3.1611169903911225e-08
-5.0,73,0,2.087054307153835e-08,0.8356614626129828,2.0870543071538353e-08
-5.0,74,0,1.3694800404806529e-08,0.8356614626129828,1.3694800404806532e-08
-5.0,75,0,2.4899645456599728e-08,0.8356614626129828,2.4899645456599735e-08
-2.0,-75,0,9.796216766696294e-10,0.888268156424581,9.79621676669629e-10
-2.0,-74,0,6.038307523707751e-10,0.888268156424581,6.038307523707748e-10
-2.0,-73,0,9.607089118463627e-10,0.888268156424581,9.607089118463622e-10
-2.0,-72,0,1.51913786466446e-09,0.888268156424581,1.5191378646644594e-09
-2.0,-71,0,2.3874337869756015e-09,0.888268156424581,2.3874337869756002e-09
-2.0,-70,0,3.729016120094217e-09,0.888268156424581,3.7290161200942156e-09
-2.0,-69,0,5.788765598340045e-09,0.888268156424581,5.7887655983400416e-09
-2.0,-68,0,8.931130731824367e-09,0.888268156424581,8.931130731824364e-09
-2.0,-67,0,1.3694800434078065e-08,0.888268156424581,1.369480043407806e-08
-2.0,-66,0,2.0870543017466533e-08,0.888268156424581,2.0870543017466523e-08
-2.0,-65,0,3.1611169946892965e-08,0.888268156424581,3.161116994689295e-08
-2.0,-64,0,4.7585668037032386e-08,0.888268156424581,4.758566803703236e-08
-2.0,-63,0,7.119353408672376e-08,0.888268156424581,7.119353408672373e-08
-2.0,-62,0,1.0586044480358984e-07,0.888268156424581,1.0586044480358978e-07
-2.0,-61,0,1.5644282800567663e-07,0.888268156424581,1.5644282800567655e-07
-2.0,-60,0,2.2977690912865948e-07,0.888268156424581,2.2977690912865938e-07
-2.0,-59,0,3.3541763322498583e-07,0.888268156424581,3.354176332249857e-07
-2.0,-58,0,4.866247339416607e-07,0.888268156424581,4.866247339416605e-07
-2.0,-57,0,7.016673217103961e-07,0.888268156424581,7.016673217103958e-07
-2.0,-56,0,1.00553479960584e-06,0.888268156424581,1.0055347996058395e-06
-2.0,-55,0,1.4321606693313254e-06,0.888268156424581,1.4321606693313247e-06
-2.0,-54,0,2.0272866645513803e-06,0.888268156424581,2.0272866645513794e-06
-2.0,-53,0,2.8521172028175576e-06,0.888268156424581,2.8521172028175563e-06
-2.0,-52,0,3.9879376219668665e-06,0.888268156424581,3.987937621966865e-06
-2.0,-51,0,5.541892909527501e-06,0.888268156424581,5.541892909527498e-06
-2.0,-50,0,7.654145022632763e-06,0.888268156424581,7.65414502263276e-06
-2.0,-49,0,1.0506644274429699e-05,0.888268156424581,1.0506644274429695e-05
-2.0,-48,0,1.4333760892559524e-05,0.888268156424581,1.4333760892559517e-05
-2.0,-47,0,1.943502340101474e-05,0.888268156424581,1.943502340101473e-05
-2.0,-46,0,2.6190197037823508e-05,0.888268156424581,2.6190197037823498e-05
-2.0,-45,0,3.507690362258721e-05,0.888268156424581,3.507690362258719e-05
-2.0,-44,0,4.669092944741083e-05,0.888268156424581,4.669092944741081e-05
-2.0,-43,0,6.17692851472606e-05,0.888268156424581,6.176928514726058e-05
-2.0,-42,0,8.121596667517983e-05,0.888268156424581,8.121596667517979e-05
-2.0,-41,0,0.0001061302157775864,0.888268156424581,0.00010613021577758637
-2.0,-40,0,0.00013783688933991048,0.888268156424581,0.00013783688933991043
-2.0,-39,0,0.00017791831916547953,0.888268156424581,0.00017791831916547945
-2.0,-38,0,0.0002282467792376568,0.888268156424581,0.0002282467792376567
-2.0,-37,0,0.000291016381591074,0.888268156424581,0.0002910163815910739
-2.0,-36,0,0.00036877290368105844,0.888268156424581,0.0003687729036810583
-2.0,-35,0,0.0004644397229433641,0.888268156424581,0.00046443972294336395
-2.0,-34,0,0.0005813377159115374,0.888268156424581,0.0005813377159115371
-2.0,-33,0,0.000723196692042695,0.888268156424581,0.0007231966920426947
-2.0,-32,0,0.0008941557024680531,0.888268156424581,0.0008941557024680528
-2.0,-31,0,0.0010987494204288085,0.888268156424581,0.001098749420428808
-2.0,-30,0,0.001341877763994615,0.888268156424581,0.0013418777639946143
-2.0,-29,0,0.001628756053316363,0.888268156424581,0.001628756053316362
-2.0,-28,0,0.0019648432920258193,0.888268156424581,0.0019648432920258184
-2.0,-27,0,0.0023557466579985312,0.888268156424581,0.0023557466579985304
-2.0,-26,0,0.002807100996820985,0.888268156424581,0.0028071009968209837
-2.0,-25,0,0.0033244230350578594,0.888268156424581,0.003324423035057858
-2.0,-24,0,0.003912941159102949,0.888268156424581,0.0039129411591029475
-2.0,-23,0,0.00457740291241026,0.888268156424581,0.004577402912410258
-2.0,-22,0,0.005321863805483426,0.888268156424581,0.005321863805483424
-2.0,-21,68,0.0061494625481035015,0.888268156424581,0.035041390454178145
-2.0,-20,8,0.00706218932479899,0.888268156424581,0.004830753746665558
-2.0,-19,7,0.008060655152059983,0.888268156424581,0.004437103885076594
-2.0,-18,15,0.009143871579756727,0.888268156424581,0.008599815967261455
-2.0,-17,25,0.010309050926716926,0.888268156424581,0.013782106495952224
-2.0,-16,20,0.011551437772031298,0.888268156424581,0.011394869222533596
-2.0,-15,14,0.01286418247109955,0.888268156424581,0.008510282872609009
-2.0,-14,34,0.014238266959510526,0.888268156424581,0.01876801765004536
-2.0,-13,23,0.015662492005979634,0.888268156424581,0.013369835758778845
-2.0,-12,9,0.017123533368300026,0.888268156424581,0.00646013655470838
-2.0,-11,15,0.018606072022007925,0.888268156424581,0.009657045066954325
-2.0,-10,42,0.02009300083889698,0.888268156424581,0.023463860173759798
-2.0,-9,9,0.021565706900188775,0.888268156424581,0.00695646879290824
-2.0,-8,29,0.02300442518189527,0.888268156424581,0.017221425223226772
-2.0,-7,76,0.02438865582221611,0.888268156424581,0.04112097145775026
-2.0,-6,48,0.025697633767322703,0.888268156424581,0.027121337878711644
-2.0,-5,25,0.026910836495485868,0.888268156424581,0.015637054604194563
-2.0,-4,46,0.0280085129378721,0.888268156424581,0.026369116090285385
-2.0,-3,110,0.028972214825937093,0.888268156424581,0.058810250788712985
-2.0,-2,34,0.02978531064586648,0.888268156424581,0.020505117503269485
-2.0,-1,35,0.030433462271039213,0.888268156424581,0.021082746968482332
-2.0,0,2,0.03090504522130999,0.888268156424581,0.0044634982567904385
-2.0,1,45,0.031191495350946896,0.888268156424581,0.026219546294150478
-2.0,2,41,0.0312875675224778,0.888268156424581,0.024209439458128357
-2.0,3,145,0.031191495350946896,0.888268156424581,0.07674057521573951
-2.0,4,40,0.03090504522130999,0.888268156424581,0.023661489246994273
-2.0,5,37,0.03043346227103927,0.888268156424581,0.02209316754691412
-2.0,6,62,0.029785310645866425,0.888268156424581,0.034651005601314414
-2.0,7,72,0.028972214825937148,0.888268156424581,0.03961225979850915
-2.0,8,36,0.0280085129378721,0.888268156424581,0.02131701319812648
-2.0,9,14,0.026910836495485868,0.888268156424581,0.01007974142281977
-2.0,10,53,0.025697633767322703,0.888268156424581,0.029647389324791096
-2.0,11,25,0.024388655822216054,0.888268156424581,0.015355246707739835
-2.0,12,17,0.02300442518189527,0.888268156424581,0.011158901752636088
-2.0,13,20,0.021565706900188886,0.888268156424581,0.012513781974283046
-2.0,14,39,0.02009300083889687,0.888268156424581,0.021948229306112114
-2.0,15,7,0.018606072022008036,0.888268156424581,0.005615362753227215
-2.0,16,18,0.01712353336829997,0.888268156424581,0.011007029157651387
-2.0,17,33,0.015662492005979578,0.888268156424581,0.018421938650937743
-2.0,18,21,0.014238266959510582,0.888268156424581,0.012200283890238792
-2.0,19,6,0.01286418247109955,0.888268156424581,0.004468600558881884
-2.0,20,22,0.01155143777203127,0.888268156424581,0.012405289800965376
-2.0,21,143,0.010309050926716967,0.888268156424581,0.0733969206234273
-2.0,22,0,0.009143871579756713,0.888268156424581,0.009143871579756708
-2.0,23,0,0.008060655152060003,0.888268156424581,0.00806065515206
-2.0,24,0,0.007062189324798962,0.888268156424581,0.007062189324798959
-2.0,25,0,0.006149462548103557,0.888268156424581,0.0061494625481035535
-2.0,26,0,0.0053218638054833844,0.888268156424581,0.005321863805483382
-2.0,27,0,0.004577402912410267,0.888268156424581,0.004577402912410265
-2.0,28,0,0.003912941159102901,0.888268156424581,0.003912941159102899
-2.0,29,0,0.0033244230350578663,0.888268156424581,0.0033244230350578646
-2.0,30,0,0.0028071009968210214,0.888268156424581,0.00280710099682102
-2.0,31,0,0.0023557466579985364,0.888268156424581,0.0023557466579985356
-2.0,32,0,0.001964843292025842,0.888268156424581,0.001964843292025841
-2.0,33,0,0.0016287560533163603,0.888268156424581,0.0016287560533163597
-2.0,34,0,0.0013418777639946367,0.888268156424581,0.001341877763994636
-2.0,35,0,0.0010987494204287573,0.888268156424581,0.001098749420428757
-2.0,36,0,0.0008941557024680913,0.888268156424581,0.000894155702468091
-2.0,37,0,0.0007231966920426824,0.888268156424581,0.0007231966920426821
-2.0,38,0,0.0005813377159115118,0.888268156424581,0.0005813377159115116
-2.0,39,0,0.0004644397229434105,0.888268156424581,0.00046443972294341035
-2.0,40,0,0.0003687729036809806,0.888268156424581,0.00036877290368098043
-2.0,41,0,0.00029101638159112486,0.888268156424581,0.00029101638159112475
-2.0,42,0,0.0002282467792376064,0.888268156424581,0.00022824677923760628
-2.0,43,0,0.00017791831916547096,0.888268156424581,0.00017791831916547088
-2.0,44,0,0.00013783688933999283,0.888268156424581,0.00013783688933999278
-2.0,45,0,0.00010613021577754456,0.888268156424581,0.0001061302157775445
-2.0,46,0,8.12159666752077e-05,0.888268156424581,8.121596667520767e-05
-2.0,47,0,6.176928514722846e-05,0.888268156424581,6.176928514722843e-05
-2.0,48,0,4.669092944742381e-05,0.888268156424581,4.669092944742379e-05
-2.0,49,0,3.507690362258842e-05,0.888268156424581,3.5076903622588404e-05
-2.0,50,0,2.619019703775649e-05,0.888268156424581,2.6190197037756477e-05
-2.0,51,0,1.943502340107095e-05,0.888268156424581,1.943502340107094e-05
-2.0,52,0,1.4333760892548675e-05,0.888268156424581,1.433376089254867e-05
-2.0,53,0,1.050664427448833e-05,0.888268156424581,1.0506644274488325e-05
-2.0,54,0,7.654145022573111e-06,0.888268156424581,7.654145022573108e-06
-2.0,55,0,5.541892909577406e-06,0.888268156424581,5.5418929095774036e-06
-2.0,56,0,3.9879376219076335e-06,0.888268156424581,3.987937621907632e-06
-2.0,57,0,2.8521172028561637e-06,0.888268156424581,2.8521172028561624e-06
-2.0,58,0,2.027286664540995e-06,0.888268156424581,2.027286664540994e-06
-2.0,59,0,1.4321606692790922e-06,0.888268156424581,1.4321606692790916e-06
-2.0,60,0,1.0055347996473785e-06,0.888268156424581,1.005534799647378e-06
-2.0,61,0,7.016673216897473e-07,0.888268156424581,7.01667321689747e-07
-2.0,62,0,4.866247339530005e-07,0.888268156424581,4.866247339530003e-07
-2.0,63,0,3.3541763322375573e-07,0.888268156424581,3.3541763322375557e-07
-2.0,64,0,2.2977690916636817e-07,0.888268156424581,2.297769091663681e-07
-2.0,65,0,1.5644282802540488e-07,0.888268156424581,1.564428280254048e-07
-2.0,66,0,1.0586044474347744e-07,0.888268156424581,1.058604447434774e-07
-2.0,67,0,7.119353406803697e-08,0.888268156424581,7.119353406803694e-08
-2.0,68,0,4.7585668072613885e-08,0.888268156424581,4.7585668072613865e-08
-2.0,69,0,3.161116990391122e-08,0.888268156424581,3.1611169903911205e-08
-2.0,70,0,2.087054307153835e-08,0.888268156424581,2.087054307153834e-08
-2.0,71,0,1.3694800404806529e-08,0.888268156424581,1.3694800404806522e-08
-2.0,72,0,8.931130723865977e-09,0.888268156424581,8.931130723865973e-09
-2.0,73,0,5.7887655779964575e-09,0.888268156424581,5.788765577996455e-09
-2.0,74,0,3.729016206932556e-09,0.888268156424581,3.7290162069325544e-09
-2.0,75,0,6.450732947804738e-09,0.888268156424581,6.450732947804735e-09
1.0,-75,0,4.063299205551227e-09,0.6545768566493955,4.063299205551227e-09
1.0,-74,0,2.3874337869756015e-09,0.6545768566493955,2.3874337869756015e-09
1.0,-73,0,3.729016120094217e-09,0.6545768566493955,3.729016120094217e-09
1.0,-72,0,5.788765598340045e-09,0.6545768566493955,5.788765598340045e-09
1.0,-71,0,8.931130731824367e-09,0.6545768566493955,8.931130731824367e-09
1.0,-70,0,1.3694800434078065e-08,0.6545768566493955,1.3694800434078065e-08
1.0,-69,0,2.0870543017466533e-08,0.6545768566493955,2.0870543017466533e-08
1.0,-68,0,3.1611169946892965e-08,0.6545768566493955,3.1611169946892965e-08
1.0,-67,0,4.7585668037032386e-08,0.6545768566493955,4.7585668037032386e-08
1.0,-66,0,7.119353408672376e-08,0.6545768566493955,7.119353408672376e-08
1.0,-65,0,1.0586044480358984e-07,0.6545768566493955,1.0586044480358984e-07
1.0,-64,0,1.5644282800567663e-07,0.6545768566493955,1.5644282800567663e-07
1.0,-63,0,2.2977690912865948e-07,0.6545768566493955,2.2977690912865945e-07
1.0,-62,0,3.3541763322498583e-07,0.6545768566493955,3.3541763322498583e-07
1.0,-61,0,4.866247339416607e-07,0.6545768566493955,4.866247339416607e-07
1.0,-60,0,7.016673217103961e-07,0.6545768566493955,7.016673217103961e-07
1.0,-59,0,1.00553479960584e-06,0.6545768566493955,1.00553479960584e-06
1.0,-58,0,1.4321606693313254e-06,0.6545768566493955,1.4321606693313256e-06
1.0,-57,0,2.0272866645513803e-06,0.6545768566493955,2.0272866645513803e-06
1.0,-56,0,2.8521172028175576e-06,0.6545768566493955,2.852117202817558e-06
1.0,-55,0,3.9879376219668665e-06,0.6545768566493955,3.9879376219668665e-06
1.0,-54,0,5.541892909527501e-06,0.6545768566493955,5.541892909527501e-06
1.0,-53,0,7.654145022632763e-06,0.6545768566493955,7.654145022632763e-06
1.0,-52,0,1.0506644274429699e-05,0.6545768566493955,1.0506644274429699e-05
1.0,-51,0,1.4333760892559524e-05,0.6545768566493955,1.4333760892559525e-05
1.0,-50,0,1.943502340101474e-05,0.6545768566493955,1.943502340101474e-05
1.0,-49,0,2.6190197037823508e-05,0.6545768566493955,2.6190197037823508e-05
1.0,-48,0,3.507690362258721e-05,0.6545768566493955,3.507690362258721e-05
1.0,-47,0,4.669092944741083e-05,0.6545768566493955,4.669092944741082e-05
1.0,-46,0,6.17692851472606e-05,0.6545768566493955,6.17692851472606e-05
1.0,-45,0,8.121596667517983e-05,0.6545768566493955,8.121596667517983e-05
1.0,-44,0,0.0001061302157775864,0.6545768566493955,0.0001061302157775864
1.0,-43,0,0.00013783688933991048,0.6545768566493955,0.00013783688933991048
1.0,-42,0,0.00017791831916547953,0.6545768566493955,0.00017791831916547953
1.0,-41,0,0.0002282467792376568,0.6545768566493955,0.00022824677923765683
1.0,-40,0,0.000291016381591074,0.6545768566493955,0.000291016381591074
1.0,-39,0,0.00036877290368105844,0.6545768566493955,0.00036877290368105844
1.0,-38,0,0.0004644397229433641,0.6545768566493955,0.0004644397229433641
1.0,-37,0,0.0005813377159115374,0.6545768566493955,0.0005813377159115374
1.0,-36,0,0.000723196692042695,0.6545768566493955,0.000723196692042695
1.0,-35,0,0.0008941557024680531,0.6545768566493955,0.0008941557024680532
1.0,-34,0,0.0010987494204288085,0.6545768566493955,0.0010987494204288085
1.0,-33,0,0.001341877763994615,0.6545768566493955,0.001341877763994615
1.0,-32,0,0.001628756053316363,0.6545768566493955,0.001628756053316363
1.0,-31,0,0.0019648432920258193,0.6545768566493955,0.0019648432920258193
1.0,-30,0,0.0023557466579985312,0.6545768566493955,0.0023557466579985312
1.0,-29,0,0.002807100996820985,0.6545768566493955,0.002807100996820985
1.0,-28,0,0.0033244230350578594,0.6545768566493955,0.0033244230350578594
1.0,-27,0,0.003912941159102949,0.6545768566493955,0.003912941159102949
1.0,-26,0,0.00457740291241026,0.6545768566493955,0.00457740291241026
1.0,-25,0,0.005321863805483426,0.6545768566493955,0.005321863805483426
1.0,-24,0,0.0061494625481035015,0.6545768566493955,0.006149462548103501
1.0,-23,0,0.00706218932479899,0.6545768566493955,0.00706218932479899
1.0,-22,0,0.008060655152059983,0.6545768566493955,0.008060655152059983
1.0,-21,24,0.009143871579756727,0.6545768566493955,0.04076765830298044
1.0,-20,4,0.010309050926716926,0.6545768566493955,0.009829177015985792
1.0,-19,3,0.011551437772031298,0.6545768566493955,0.008691278125372282
1.0,-18,1,0.01286418247109955,0.6545768566493955,0.006010634405782397
1.0,-17,2,0.014238266959510526,0.6545768566493955,0.008052323048978063
1.0,-16,3,0.015662492005979634,0.6545768566493955,0.010111331401347528
1.0,-15,2,0.017123533368300026,0.6545768566493955,0.009048960841306044
1.0,-14,14,0.018606072022007925,0.6545768566493955,0.028365640722961907
1.0,-13,6,0.02009300083889698,0.6545768566493955,0.016342875868994782
1.0,-12,1,0.021565706900188775,0.6545768566493955,0.009016342326020471
1.0,-11,7,0.02300442518189527,0.6545768566493955,0.018915597277160162
1.0,-10,11,0.02438865582221611,0.6545768566493955,0.02566193481597977
1.0,-9,1,0.025697633767322703,0.6545768566493955,0.010443605492560688
1.0,-8,8,0.026910836495485868,0.6545768566493955,0.021832010212300433
1.0,-7,25,0.0280085129378721,0.6545768566493955,0.04885099007906191
1.0,-6,12,0.028972214825937093,0.6545768566493955,0.028812250234757485
1.0,-5,8,0.02978531064586648,0.6545768566493955,0.02282492010880496
1.0,-4,14,0.030433462271039213,0.6545768566493955,0.032451095040416586
1.0,-3,30,0.03090504522130999,0.6545768566493955,0.05768675966512075
1.0,-2,14,0.031191495350946896,0.6545768566493955,0.03271293720964204
1.0,-1,10,0.0312875675224778,0.6545768566493955,0.026477930521202987
1.0,0,1,0.031191495350946896,0.6545768566493955,0.012341312429909287
1.0,1,4,0.03090504522130999,0.6545768566493955,0.016943510105655247
1.0,2,9,0.03043346227103927,0.6545768566493955,0.024615854740519385
1.0,3,27,0.029785310645866425,0.6545768566493955,0.05259883324841434
1.0,4,14,0.028972214825937148,0.6545768566493955,0.03194634635471639
1.0,5,4,0.0280085129378721,0.6545768566493955,0.015942980819493625
1.0,6,13,0.026910836495485868,0.6545768566493955,0.02966725051219764
1.0,7,16,0.025697633767322703,0.6545768566493955,0.033949326392252316
1.0,8,7,0.024388655822216054,0.6545768566493955,0.01939374257606199
1.0,9,4,0.02300442518189527,0.6545768566493955,0.014214453097221837
1.0,10,12,0.021565706900188886,0.6545768566493955,0.026253870985794375
1.0,11,3,0.02009300083889687,0.6545768566493955,0.011641731689056417
1.0,12,6,0.018606072022008036,0.6545768566493955,0.015829256243126408
1.0,13,6,0.01712353336829997,0.6545768566493955,0.015317153081223795
1.0,14,5,0.015662492005979578,0.6545768566493955,0.013245427521306393
1.0,15,0,0.014238266959510582,0.6545768566493955,0.0049182269290192
1.0,16,0,0.01286418247109955,0.6545768566493955,0.004443586345802954
1.0,17,6,0.01155143777203127,0.6545768566493955,0.013392422305310599
1.0,18,4,0.010309050926716967,0.6545768566493955,0.009829177015985806
1.0,19,2,0.009143871579756713,0.6545768566493955,0.006292600983432706
1.0,20,3,0.008060655152060003,0.6545768566493955,0.007485481020028138
1.0,21,33,0.007062189324798962,0.6545768566493955,0.05415202961483073
1.0,22,0,0.006149462548103557,0.6545768566493955,0.006149462548103558
1.0,23,0,0.0053218638054833844,0.6545768566493955,0.0053218638054833844
1.0,24,0,0.004577402912410267,0.6545768566493955,0.004577402912410267
1.0,25,0,0.003912941159102901,0.6545768566493955,0.003912941159102901
1.0,26,0,0.0033244230350578663,0.6545768566493955,0.0033244230350578663
1.0,27,0,0.0028071009968210214,0.6545768566493955,0.0028071009968210214
1.0,28,0,0.0023557466579985364,0.6545768566493955,0.0023557466579985364
1.0,29,0,0.001964843292025842,0.6545768566493955,0.001964843292025842
1.0,30,0,0.0016287560533163603,0.6545768566493955,0.0016287560533163603
1.0,31,0,0.0013418777639946367,0.6545768566493955,0.0013418777639946367
1.0,32,0,0.0010987494204287573,0.6545768566493955,0.0010987494204287573
1.0,33,0,0.0008941557024680913,0.6545768566493955,0.0008941557024680913
1.0,34,0,0.0007231966920426824,0.6545768566493955,0.0007231966920426824
1.0,35,0,0.0005813377159115118,0.6545768566493955,0.0005813377159115118
1.0,36,0,0.0004644397229434105,0.6545768566493955,0.00046443972294341046
1.0,37,0,0.0003687729036809806,0.6545768566493955,0.0003687729036809806
1.0,38,0,0.00029101638159112486,0.6545768566493955,0.00029101638159112486
1.0,39,0,0.0002282467792376064,0.6545768566493955,0.0002282467792376064
1.0,40,0,0.00017791831916547096,0.6545768566493955,0.00017791831916547096
1.0,41,0,0.00013783688933999283,0.6545768566493955,0.00013783688933999283
1.0,42,0,0.00010613021577754456,0.6545768566493955,0.00010613021577754454
1.0,43,0,8.12159666752077e-05,0.6545768566493955,8.12159666752077e-05
1.0,44,0,6.176928514722846e-05,0.6545768566493955,6.176928514722846e-05
1.0,45,0,4.669092944742381e-05,0.6545768566493955,4.669092944742382e-05
1.0,46,0,3.507690362258842e-05,0.6545768566493955,3.507690362258842e-05
1.0,47,0,2.619019703775649e-05,0.6545768566493955,2.619019703775649e-05
1.0,48,0,1.943502340107095e-05,0.6545768566493955,1.943502340107095e-05
1.0,49,0,1.4333760892548675e-05,0.6545768566493955,1.4333760892548675e-05
1.0,50,0,1.050664427448833e-05,0.6545768566493955,1.050664427448833e-05
1.0,51,0,7.654145022573111e-06,0.6545768566493955,7.654145022573111e-06
1.0,52,0,5.541892909577406e-06,0.6545768566493955,5.541892909577406e-06
1.0,53,0,3.9879376219076335e-06,0.6545768566493955,3.9879376219076335e-06
1.0,54,0,2.8521172028561637e-06,0.6545768566493955,2.8521172028561632e-06
1.0,55,0,2.027286664540995e-06,0.6545768566493955,2.027286664540995e-06
1.0,56,0,1.4321606692790922e-06,0.6545768566493955,1.4321606692790922e-06
1.0,57,0,1.0055347996473785e-06,0.6545768566493955,1.0055347996473785e-06
1.0,58,0,7.016673216897473e-07,0.6545768566493955,7.016673216897473e-07
1.0,59,0,4.866247339530005e-07,0.6545768566493955,4.866247339530005e-07
1.0,60,0,3.3541763322375573e-07,0.6545768566493955,3.3541763322375573e-07
1.0,61,0,2.2977690916636817e-07,0.6545768566493955,2.2977690916636817e-07
1.0,62,0,1.5644282802540488e-07,0.6545768566493955,1.5644282802540488e-07
1.0,63,0,1.0586044474347744e-07,0.6545768566493955,1.0586044474347743e-07
1.0,64,0,7.119353406803697e-08,0.6545768566493955,7.119353406803697e-08
1.0,65,0,4.7585668072613885e-08,0.6545768566493955,4.7585668072613885e-08
1.0,66,0,3.161116990391122e-08,0.6545768566493955,3.161116990391122e-08
1.0,67,0,2.087054307153835e-08,0.6545768566493955,2.087054307153835e-08
1.0,68,0,1.3694800404806529e-08,0.6545768566493955,1.3694800404806529e-08
1.0,69,0,8.931130723865977e-09,0.6545768566493955,8.931130723865977e-09
1.0,70,0,5.7887655779964575e-09,0.6545768566493955,5.7887655779964575e-09
1.0,71,0,3.729016206932556e-09,0.6545768566493955,3.729016206932556e-09
1.0,72,0,2.3874336951834607e-09,0.6545768566493955,2.3874336951834607e-09
1.0,73,0,1.51913792656444e-09,0.6545768566493955,1.51913792656444e-09
1.0,74,0,9.607088458096769e-10,0.6545768566493955,9.607088458096769e-10
1.0,75,0,1.5834524802471606e-09,0.6545768566493955,1.5834524802471606e-09
4.0,-75,0,1.596851471096109e-08,0.8441153546375681,1.596851471096109e-08
4.0,-74,0,8.931130731824367e-09,0.8441153546375681,8.931130731824367e-09
4.0,-73,0,1.3694800434078065e-08,0.8441153546375681,1.3694800434078065e-08
4.0,-72,0,2.0870543017466533e-08,0.8441153546375681,2.0870543017466533e-08
4.0,-71,0,3.1611169946892965e-08,0.8441153546375681,3.1611169946892965e-08
4.0,-70,0,4.7585668037032386e-08,0.8441153546375681,4.7585668037032386e-08
4.0,-69,0,7.119353408672376e-08,0.8441153546375681,7.119353408672376e-08
4.0,-68,0,1.0586044480358984e-07,0.8441153546375681,1.0586044480358985e-07
4.0,-67,0,1.5644282800567663e-07,0.8441153546375681,1.5644282800567663e-07
4.0,-66,0,2.2977690912865948e-07,0.8441153546375681,2.2977690912865948e-07
4.0,-65,0,3.3541763322498583e-07,0.8441153546375681,3.3541763322498583e-07
4.0,-64,0,4.866247339416607e-07,0.8441153546375681,4.866247339416607e-07
4.0,-63,0,7.016673217103961e-07,0.8441153546375681,7.016673217103961e-07
4.0,-62,0,1.00553479960584e-06,0.8441153546375681,1.00553479960584e-06
4.0,-61,0,1.4321606693313254e-06,0.8441153546375681,1.4321606693313254e-06
4.0,-60,0,2.0272866645513803e-06,0.8441153546375681,2.0272866645513803e-06
4.0,-59,0,2.8521172028175576e-06,0.8441153546375681,2.8521172028175576e-06
4.0,-58,0,3.9879376219668665e-06,0.8441153546375681,3.9879376219668665e-06
4.0,-57,0,5.541892909527501e-06,0.8441153546375681,5.541892909527501e-06
4.0,-56,0,7.654145022632763e-06,0.8441153546375681,7.654145022632763e-06
4.0,-55,0,1.0506644274429699e-05,0.8441153546375681,1.0506644274429699e-05
4.0,-54,0,1.4333760892559524e-05,0.8441153546375681,1.4333760892559522e-05
4.0,-53,0,1.943502340101474e-05,0.8441153546375681,1.943502340101474e-05
4.0,-52,0,2.6190197037823508e-05,0.8441153546375681,2.6190197037823508e-05
4.0,-51,0,3.507690362258721e-05,0.8441153546375681,3.507690362258721e-05
4.0,-50,0,4.669092944741083e-05,0.8441153546375681,4.669092944741083e-05
4.0,-49,0,6.17692851472606e-05,0.8441153546375681,6.17692851472606e-05
4.0,-48,0,8.121596667517983e-05,0.8441153546375681,8.121596667517983e-05
4.0,-47,0,0.0001061302157775864,0.8441153546375681,0.00010613021577758642
4.0,-46,0,0.00013783688933991048,0.8441153546375681,0.00013783688933991048
4.0,-45,0,0.00017791831916547953,0.8441153546375681,0.00017791831916547953
4.0,-44,0,0.0002282467792376568,0.8441153546375681,0.0002282467792376568
4.0,-43,0,0.000291016381591074,0.8441153546375681,0.000291016381591074
4.0,-42,0,0.00036877290368105844,0.8441153546375681,0.00036877290368105844
4.0,-41,0,0.0004644397229433641,0.8441153546375681,0.00046443972294336417
4.0,-40,0,0.0005813377159115374,0.8441153546375681,0.0005813377159115374
4.0,-39,0,0.000723196692042695,0.8441153546375681,0.000723196692042695
4.0,-38,0,0.0008941557024680531,0.8441153546375681,0.000894155702468053
4.0,-37,0,0.0010987494204288085,0.8441153546375681,0.0010987494204288085
4.0,-36,0,0.001341877763994615,0.8441153546375681,0.001341877763994615
4.0,-35,0,0.001628756053316363,0.8441153546375681,0.001628756053316363
4.0,-34,0,0.0019648432920258193,0.8441153546375681,0.0019648432920258193
4.0,-33,0,0.0023557466579985312,0.8441153546375681,0.0023557466579985312
4.0,-32,0,0.002807100996820985,0.8441153546375681,0.002807100996820985
4.0,-31,0,0.0033244230350578594,0.8441153546375681,0.0033244230350578594
4.0,-30,0,0.003912941159102949,0.8441153546375681,0.003912941159102949
4.0,-29,0,0.00457740291241026,0.8441153546375681,0.00457740291241026
4.0,-28,0,0.005321863805483426,0.8441153546375681,0.005321863805483426
4.0,-27,0,0.0061494625481035015,0.8441153546375681,0.0061494625481035015
4.0,-26,0,0.00706218932479899,0.8441153546375681,0.007062189324798989
4.0,-25,0,0.008060655152059983,0.8441153546375681,0.008060655152059983
4.0,-24,0,0.009143871579756727,0.8441153546375681,0.009143871579756727
4.0,-23,0,0.010309050926716926,0.8441153546375681,0.010309050926716926
4.0,-22,0,0.011551437772031298,0.8441153546375681,0.011551437772031298
4.0,-21,112,0.01286418247109955,0.8441153546375681,0.0799047064804099
4.0,-20,12,0.014238266959510526,0.8441153546375681,0.01056588911963303
4.0,-19,6,0.015662492005979634,0.8441153546375681,0.0066147229738811085
4.0,-18,12,0.017123533368300026,0.8441153546375681,0.011015657850543316
4.0,-17,29,0.018606072022007925,0.8441153546375681,0.023070775588584315
4.0,-16,11,0.02009300083889698,0.8441153546375681,0.010783022073773092
4.0,-15,9,0.021565706900188775,0.8441153546375681,0.009621534015181652
4.0,-14,35,0.02300442518189527,0.8441153546375681,0.027929592273129127
4.0,-13,18,0.02438865582221611,0.8441153546375681,0.01632135984982372
4.0,-12,12,0.025697633767322703,0.8441153546375681,0.012352228450546853
4.0,-11,18,0.026910836495485868,0.8441153546375681,0.016714529089616355
4.0,-10,41,0.0280085129378721,0.8441153546375681,0.032882833680369115
4.0,-9,12,0.028972214825937093,0.8441153546375681,0.012862685357579492
4.0,-8,21,0.02978531064586648,0.8441153546375681,0.019249205954170436
4.0,-7,59,0.030433462271039213,0.8441153546375681,0.04578038893330289
4.0,-6,42,0.03090504522130999,0.8441153546375681,0.03402988874849317
4.0,-5,35,0.031191495350946896,0.8441153546375681,0.029205830802989087
4.0,-4,39,0.0312875675224778,0.8441153546375681,0.03200292762073542
4.0,-3,92,0.031191495350946896,0.8441153546375681,0.06885104994234106
4.0,-2,23,0.03090504522130999,0.8441153546375681,0.020814815702042515
4.0,-1,18,0.03043346227103927,0.8441153546375681,0.017263652359383055
4.0,0,3,0.029785310645866425,0.8441153546375681,0.006729663068059278
4.0,1,24,0.028972214825937148,0.8441153546375681,0.0212090472816536
4.0,2,20,0.0280085129378721,0.8441153546375681,0.01827670031323944
4.0,3,93,0.026910836495485868,0.8441153546375681,0.06887929111507948
4.0,4,12,0.025697633767322703,0.8441153546375681,0.012352228450546853
4.0,5,17,0.024388655822216054,0.8441153546375681,0.0156258296894842
4.0,6,32,0.02300442518189527,0.8441153546375681,0.025843001792110607
4.0,7,45,0.021565706900188886,0.8441153546375681,0.03466061978740397
4.0,8,16,0.02009300083889687,0.8441153546375681,0.014260672875470616
4.0,9,7,0.018606072022008036,0.8441153546375681,0.007769112061115147
4.0,10,30,0.01712353336829997,0.8441153546375681,0.02353520073665446
4.0,11,5,0.015662492005979578,0.8441153546375681,0.005919192813541592
4.0,12,0,0.014238266959510582,0.8441153546375681,0.0022195271955589378
4.0,13,9,0.01286418247109955,0.8441153546375681,0.008265099965440541
4.0,14,16,0.01155143777203127,0.8441153546375681,0.012929174345951427
4.0,15,9,0.010309050926716967,0.8441153546375681,0.007866794190790099
4.0,16,5,0.009143871579756713,0.8441153546375681,0.004903039980147537
4.0,17,13,0.008060655152060003,0.8441153546375681,0.01029842445418134
4.0,18,6,0.007062189324798962,0.8441153546375681,0.005274067840415688
4.0,19,4,0.006149462548103557,0.8441153546375681,0.003740727429838713
4.0,20,11,0.0053218638054833844,0.8441153546375681,0.00848042861571953
4.0,21,50,0.004577402912410267,0.8441153546375681,0.03549005484665745
4.0,22,0,0.003912941159102901,0.8441153546375681,0.003912941159102901
4.0,23,0,0.0033244230350578663,0.8441153546375681,0.0033244230350578663
4.0,24,0,0.0028071009968210214,0.8441153546375681,0.0028071009968210214
4.0,25,0,0.0023557466579985364,0.8441153546375681,0.0023557466579985364
4.0,26,0,0.001964843292025842,0.8441153546375681,0.001964843292025842
4.0,27,0,0.0016287560533163603,0.8441153546375681,0.0016287560533163603
4.0,28,0,0.0013418777639946367,0.8441153546375681,0.0013418777639946367
4.0,29,0,0.0010987494204287573,0.8441153546375681,0.0010987494204287573
4.0,30,0,0.0008941557024680913,0.8441153546375681,0.0008941557024680913
4.0,31,0,0.0007231966920426824,0.8441153546375681,0.0007231966920426824
4.0,32,0,0.0005813377159115118,0.8441153546375681,0.0005813377159115118
4.0,33,0,0.0004644397229434105,0.8441153546375681,0.0004644397229434105
4.0,34,0,0.0003687729036809806,0.8441153546375681,0.0003687729036809806
4.0,35,0,0.00029101638159112486,0.8441153546375681,0.00029101638159112486
4.0,36,0,0.0002282467792376064,0.8441153546375681,0.0002282467792376064
4.0,37,0,0.00017791831916547096,0.8441153546375681,0.00017791831916547096
4.0,38,0,0.00013783688933999283,0.8441153546375681,0.00013783688933999283
4.0,39,0,0.00010613021577754456,0.8441153546375681,0.00010613021577754454
4.0,40,0,8.12159666752077e-05,0.8441153546375681,8.12159666752077e-05
4.0,41,0,6.176928514722846e-05,0.8441153546375681,6.176928514722846e-05
4.0,42,0,4.669092944742381e-05,0.8441153546375681,4.669092944742381e-05
4.0,43,0,3.507690362258842e-05,0.8441153546375681,3.507690362258842e-05
4.0,44,0,2.619019703775649e-05,0.8441153546375681,2.619019703775649e-05
4.0,45,0,1.943502340107095e-05,0.8441153546375681,1.943502340107095e-05
4.0,46,0,1.4333760892548675e-05,0.8441153546375681,1.4333760892548675e-05
4.0,47,0,1.050664427448833e-05,0.8441153546375681,1.050664427448833e-05
4.0,48,0,7.654145022573111e-06,0.8441153546375681,7.654145022573111e-06
4.0,49,0,5.541892909577406e-06,0.8441153546375681,5.541892909577406e-06
4.0,50,0,3.9879376219076335e-06,0.8441153546375681,3.9879376219076335e-06
4.0,51,0,2.8521172028561637e-06,0.8441153546375681,2.8521172028561637e-06
4.0,52,0,2.027286664540995e-06,0.8441153546375681,2.027286664540995e-06
4.0,53,0,1.4321606692790922e-06,0.8441153546375681,1.4321606692790922e-06
4.0,54,0,1.0055347996473785e-06,0.8441153546375681,1.0055347996473785e-06
4.0,55,0,7.016673216897473e-07,0.8441153546375681,7.016673216897473e-07
4.0,56,0,4.866247339530005e-07,0.8441153546375681,4.866247339530005e-07
4.0,57,0,3.3541763322375573e-07,0.8441153546375681,3.3541763322375573e-07
4.0,58,0,2.2977690916636817e-07,0.8441153546375681,2.2977690916636817e-07
4.0,59,0,1.5644282802540488e-07,0.8441153546375681,1.5644282802540488e-07
4.0,60,0,1.0586044474347744e-07,0.8441153546375681,1.0586044474347744e-07
4.0,61,0,7.119353406803697e-08,0.8441153546375681,7.119353406803697e-08
4.0,62,0,4.7585668072613885e-08,0.8441153546375681,4.7585668072613885e-08
4.0,63,0,3.161116990391122e-08,0.8441153546375681,3.161116990391122e-08
4.0,64,0,2.087054307153835e-08,0.8441153546375681,2.087054307153835e-08
4.0,65,0,1.3694800404806529e-08,0.8441153546375681,1.3694800404806527e-08
4.0,66,0,8.931130723865977e-09,0.8441153546375681,8.931130723865977e-09
4.0,67,0,5.7887655779964575e-09,0.8441153546375681,5.7887655779964575e-09
4.0,68,0,3.729016206932556e-09,0.8441153546375681,3.729016206932556e-09
4.0,69,0,2.3874336951834607e-09,0.8441153546375681,2.3874336951834607e-09
4.0,70,0,1.51913792656444e-09,0.8441153546375681,1.51913792656444e-09
4.0,71,0,9.607088458096769e-10,0.8441153546375681,9.607088458096769e-10
4.0,72,0,6.038307631683892e-10,0.8441153546375681,6.038307631683892e-10
4.0,73,0,3.7719638523725507e-10,0.8441153546375681,3.7719638523725507e-10
4.0,74,0,2.3417912053957934e-10,0.8441153546375681,2.3417912053957934e-10
4.0,75,0,3.682462113019369e-10,0.8441153546375681,3.682462113019369e-10
7.0,-75,0,5.9464988894330056e-08,0.7101449275362319,5.9464988894330056e-08
7.0,-74,0,3.1611169946892965e-08,0.7101449275362319,3.1611169946892965e-08
7.0,-73,0,4.7585668037032386e-08,0.7101449275362319,4.7585668037032386e-08
7.0,-72,0,7.119353408672376e-08,0.7101449275362319,7.119353408672376e-08
7.0,-71,0,1.0586044480358984e-07,0.7101449275362319,1.0586044480358984e-07
7.0,-70,0,1.5644282800567663e-07,0.7101449275362319,1.5644282800567663e-07
7.0,-69,0,2.2977690912865948e-07,0.7101449275362319,2.2977690912865948e-07
7.0,-68,0,3.3541763322498583e-07,0.7101449275362319,3.3541763322498583e-07
7.0,-67,0,4.866247339416607e-07,0.7101449275362319,4.866247339416607e-07
7.0,-66,0,7.016673217103961e-07,0.7101449275362319,7.016673217103961e-07
7.0,-65,0,1.00553479960584e-06,0.7101449275362319,1.00553479960584e-06
7.0,-64,0,1.4321606693313254e-06,0.7101449275362319,1.4321606693313254e-06
7.0,-63,0,2.0272866645513803e-06,0.7101449275362319,2.0272866645513803e-06
7.0,-62,0,2.8521172028175576e-06,0.7101449275362319,2.8521172028175576e-06
7.0,-61,0,3.9879376219668665e-06,0.7101449275362319,3.9879376219668665e-06
7.0,-60,0,5.541892909527501e-06,0.7101449275362319,5.5418929095275e-06
7.0,-59,0,7.654145022632763e-06,0.7101449275362319,7.654145022632763e-06
7.0,-58,0,1.0506644274429699e-05,0.7101449275362319,1.0506644274429699e-05
7.0,-57,0,1.4333760892559524e-05,0.7101449275362319,1.4333760892559524e-05
7.0,-56,0,1.943502340101474e-05,0.7101449275362319,1.943502340101474e-05
7.0,-55,0,2.6190197037823508e-05,0.7101449275362319,2.6190197037823508e-05
7.0,-54,0,3.507690362258721e-05,0.7101449275362319,3.5076903622587205e-05
7.0,-53,0,4.669092944741083e-05,0.7101449275362319,4.669092944741083e-05
7.0,-52,0,6.17692851472606e-05,0.7101449275362319,6.17692851472606e-05
7.0,-51,0,8.121596667517983e-05,0.7101449275362319,8.121596667517983e-05
7.0,-50,0,0.0001061302157775864,0.7101449275362319,0.0001061302157775864
7.0,-49,0,0.00013783688933991048,0.7101449275362319,0.00013783688933991048
7.0,-48,0,0.00017791831916547953,0.7101449275362319,0.00017791831916547953
7.0,-47,0,0.0002282467792376568,0.7101449275362319,0.0002282467792376568
7.0,-46,0,0.000291016381591074,0.7101449275362319,0.00029101638159107407
7.0,-45,0,0.00036877290368105844,0.7101449275362319,0.00036877290368105844
7.0,-44,0,0.0004644397229433641,0.7101449275362319,0.0004644397229433641
7.0,-43,0,0.0005813377159115374,0.7101449275362319,0.0005813377159115374
7.0,-42,0,0.000723196692042695,0.7101449275362319,0.000723196692042695
7.0,-41,0,0.0008941557024680531,0.7101449275362319,0.0008941557024680531
7.0,-40,0,0.0010987494204288085,0.7101449275362319,0.0010987494204288085
7.0,-39,0,0.001341877763994615,0.7101449275362319,0.001341877763994615
7.0,-38,0,0.001628756053316363,0.7101449275362319,0.001628756053316363
7.0,-37,0,0.0019648432920258193,0.7101449275362319,0.0019648432920258193
7.0,-36,0,0.0023557466579985312,0.7101449275362319,0.0023557466579985312
7.0,-35,0,0.002807100996820985,0.7101449275362319,0.0028071009968209846
7.0,-34,0,0.0033244230350578594,0.7101449275362319,0.0033244230350578594
7.0,-33,0,0.003912941159102949,0.7101449275362319,0.003912941159102949
7.0,-32,0,0.00457740291241026,0.7101449275362319,0.00457740291241026
7.0,-31,0,0.005321863805483426,0.7101449275362319,0.005321863805483426
7.0,-30,0,0.0061494625481035015,0.7101449275362319,0.0061494625481035015
7.0,-29,0,0.00706218932479899,0.7101449275362319,0.00706218932479899
7.0,-28,0,0.008060655152059983,0.7101449275362319,0.008060655152059983
7.0,-27,0,0.009143871579756727,0.7101449275362319,0.009143871579756727
7.0,-26,0,0.010309050926716926,0.7101449275362319,0.010309050926716926
7.0,-25,0,0.011551437772031298,0.7101449275362319,0.011551437772031298
7.0,-24,0,0.01286418247109955,0.7101449275362319,0.01286418247109955
7.0,-23,0,0.014238266959510526,0.7101449275362319,0.014238266959510528
7.0,-22,0,0.015662492005979634,0.7101449275362319,0.015662492005979634
7.0,-21,90,0.017123533368300026,0.7101449275362319,0.11709091511008454
7.0,-20,11,0.018606072022007925,0.7101449275362319,0.01909754538923388
7.0,-19,5,0.02009300083889698,0.7101449275362319,0.012053367775549714
7.0,-18,17,0.021565706900188775,0.7101449275362319,0.0274305820449673
7.0,-17,15,0.02300442518189527,0.7101449275362319,0.025355878012215612
7.0,-16,10,0.02438865582221611,0.7101449275362319,0.0195277947233957
7.0,-15,8,0.025697633767322703,0.7101449275362319,0.01741548479597738
7.0,-14,18,0.026910836495485868,0.7101449275362319,0.030225756883415708
7.0,-13,3,0.0280085129378721,0.7101449275362319,0.01185599528403531
7.0,-12,5,0.028972214825937093,0.7101449275362319,0.01462705298918453
7.0,-11,9,0.02978531064586648,0.7101449275362319,0.019846180586091493
7.0,-10,18,0.030433462271039213,0.7101449275362319,0.031246807832851463
7.0,-9,1,0.03090504522130999,0.7101449275362319,0.010203846034394172
7.0,-8,15,0.031191495350946896,0.7101449275362319,0.027728941829332023
7.0,-7,24,0.0312875675224778,0.7101449275362319,0.038969546046050886
7.0,-6,18,0.031191495350946896,0.7101449275362319,0.03146652756615804
7.0,-5,6,0.03090504522130999,0.7101449275362319,0.016433155595770847
7.0,-4,19,0.03043346227103927,0.7101449275362319,0.03249266974512681
7.0,-3,50,0.029785310645866425,0.7101449275362319,0.07092651898938022
7.0,-2,11,0.028972214825937148,0.7101449275362319,0.022102224462836554
7.0,-1,13,0.0280085129378721,0.7101449275362319,0.02431461440678866
7.0,0,1,0.026910836495485868,0.7101449275362319,0.009046104374735006
7.0,1,7,0.025697633767322703,0.7101449275362319,0.016169622883702044
7.0,2,9,0.024388655822216054,0.7101449275362319,0.018281932811120352
7.0,3,24,0.02300442518189527,0.7101449275362319,0.03656863522269363
7.0,4,9,0.021565706900188886,0.7101449275362319,0.017463686746764653
7.0,5,6,0.02009300083889687,0.7101449275362319,0.013299229687825017
7.0,6,11,0.018606072022008036,0.7101449275362319,0.019097545389233913
7.0,7,12,0.01712353336829997,0.7101449275362319,0.01991368595260836
7.0,8,5,0.015662492005979578,0.7101449275362319,0.010769162316733076
7.0,9,3,0.014238266959510582,0.7101449275362319,0.00786461963813342
7.0,10,4,0.01286418247109955,0.7101449275362319,0.008712196191449037
7.0,11,5,0.01155143777203127,0.7101449275362319,0.009577552393849508
7.0,12,5,0.010309050926716967,0.7101449275362319,0.009217440264772898
7.0,13,3,0.009143871579756713,0.7101449275362319,0.006387983296175777
7.0,14,5,0.008060655152060003,0.7101449275362319,0.008565731344582475
7.0,15,4,0.007062189324798962,0.7101449275362319,0.0070304590475937945
7.0,16,1,0.006149462548103557,0.7101449275362319,0.00302831482476912
7.0,17,0,0.0053218638054833844,0.7101449275362319,0.001542569218980691
7.0,18,3,0.004577402912410267,0.7101449275362319,0.005064369189698547
7.0,19,0,0.003912941159102901,0.7101449275362319,0.001134185843218232
7.0,20,3,0.0033244230350578663,0.7101449275362319,0.004701186616552924
7.0,21,4,0.0028071009968210214,0.7101449275362319,0.005797100111948015
7.0,22,0,0.0023557466579985364,0.7101449275362319,0.0023557466579985364
7.0,23,0,0.001964843292025842,0.7101449275362319,0.001964843292025842
7.0,24,0,0.0016287560533163603,0.7101449275362319,0.0016287560533163603
7.0,25,0,0.0013418777639946367,0.7101449275362319,0.0013418777639946367
7.0,26,0,0.0010987494204287573,0.7101449275362319,0.0010987494204287573
7.0,27,0,0.0008941557024680913,0.7101449275362319,0.0008941557024680914
7.0,28,0,0.0007231966920426824,0.7101449275362319,0.0007231966920426824
7.0,29,0,0.0005813377159115118,0.7101449275362319,0.0005813377159115118
7.0,30,0,0.0004644397229434105,0.7101449275362319,0.0004644397229434105
7.0,31,0,0.0003687729036809806,0.7101449275362319,0.0003687729036809806
7.0,32,0,0.00029101638159112486,0.7101449275362319,0.00029101638159112486
7.0,33,0,0.0002282467792376064,0.7101449275362319,0.0002282467792376064
7.0,34,0,0.00017791831916547096,0.7101449275362319,0.00017791831916547096
7.0,35,0,0.00013783688933999283,0.7101449275362319,0.00013783688933999283
7.0,36,0,0.00010613021577754456,0.7101449275362319,0.00010613021577754456
7.0,37,0,8.12159666752077e-05,0.7101449275362319,8.12159666752077e-05
7.0,38,0,6.176928514722846e-05,0.7101449275362319,6.176928514722846e-05
7.0,39,0,4.669092944742381e-05,0.7101449275362319,4.6690929447423806e-05
7.0,40,0,3.507690362258842e-05,0.7101449275362319,3.507690362258842e-05
7.0,41,0,2.619019703775649e-05,0.7101449275362319,2.619019703775649e-05
7.0,42,0,1.943502340107095e-05,0.7101449275362319,1.943502340107095e-05
7.0,43,0,1.4333760892548675e-05,0.7101449275362319,1.4333760892548675e-05
7.0,44,0,1.050664427448833e-05,0.7101449275362319,1.050664427448833e-05
7.0,45,0,7.654145022573111e-06,0.7101449275362319,7.654145022573111e-06
7.0,46,0,5.541892909577406e-06,0.7101449275362319,5.541892909577406e-06
7.0,47,0,3.9879376219076335e-06,0.7101449275362319,3.9879376219076335e-06
7.0,48,0,2.8521172028561637e-06,0.7101449275362319,2.8521172028561637e-06
7.0,49,0,2.027286664540995e-06,0.7101449275362319,2.027286664540995e-06
7.0,50,0,1.4321606692790922e-06,0.7101449275362319,1.4321606692790922e-06
7.0,51,0,1.0055347996473785e-06,0.7101449275362319,1.0055347996473785e-06
7.0,52,0,7.016673216897473e-07,0.7101449275362319,7.016673216897473e-07
7.0,53,0,4.866247339530005e-07,0.7101449275362319,4.866247339530005e-07
7.0,54,0,3.3541763322375573e-07,0.7101449275362319,3.3541763322375573e-07
7.0,55,0,2.2977690916636817e-07,0.7101449275362319,2.2977690916636817e-07
7.0,56,0,1.5644282802540488e-07,0.7101449275362319,1.5644282802540485e-07
7.0,57,0,1.0586044474347744e-07,0.7101449275362319,1.0586044474347744e-07
7.0,58,0,7.119353406803697e-08,0.7101449275362319,7.119353406803697e-08
7.0,59,0,4.7585668072613885e-08,0.7101449275362319,4.758566807261389e-08
7.0,60,0,3.161116990391122e-08,0.7101449275362319,3.161116990391122e-08
7.0,61,0,2.087054307153835e-08,0.7101449275362319,2.087054307153835e-08
7.0,62,0,1.3694800404806529e-08,0.7101449275362319,1.3694800404806529e-08
7.0,63,0,8.931130723865977e-09,0.7101449275362319,8.931130723865977e-09
7.0,64,0,5.7887655779964575e-09,0.7101449275362319,5.7887655779964575e-09
7.0,65,0,3.729016206932556e-09,0.7101449275362319,3.729016206932556e-09
7.0,66,0,2.3874336951834607e-09,0.7101449275362319,2.3874336951834607e-09
7.0,67,0,1.51913792656444e-09,0.7101449275362319,1.5191379265644402e-09
7.0,68,0,9.607088458096769e-10,0.7101449275362319,9.607088458096769e-10
7.0,69,0,6.038307631683892e-10,0.7101449275362319,6.038307631683892e-10
7.0,70,0,3.7719638523725507e-10,0.7101449275362319,3.7719638523725507e-10
7.0,71,0,2.3417912053957934e-10,0.7101449275362319,2.3417912053957934e-10
7.0,72,0,1.4449685892259367e-10,0.7101449275362319,1.4449685892259367e-10
7.0,73,0,8.861278377736426e-11,0.7101449275362319,8.861278377736426e-11
7.0,74,0,5.40086864120326e-11,0.7101449275362319,5.40086864120326e-11
7.0,75,0,8.112788218994638e-11,0.7101449275362319,8.112788218994638e-11
10.0,-75,0,2.0985536096497917e-07,0.42528735632183906,2.0985536096497909e-07
10.0,-74,0,1.0586044480358984e-07,0.42528735632183906,1.0586044480358981e-07
10.0,-73,0,1.5644282800567663e-07,0.42528735632183906,1.5644282800567658e-07
10.0,-72,0,2.2977690912865948e-07,0.42528735632183906,2.297769091286594e-07
10.0,-71,0,3.3541763322498583e-07,0.42528735632183906,3.3541763322498573e-07
10.0,-70,0,4.866247339416607e-07,0.42528735632183906,4.866247339416605e-07
10.0,-69,0,7.016673217103961e-07,0.42528735632183906,7.016673217103959e-07
10.0,-68,0,1.00553479960584e-06,0.42528735632183906,1.0055347996058395e-06
10.0,-67,0,1.4321606693313254e-06,0.42528735632183906,1.432160669331325e-06
10.0,-66,0,2.0272866645513803e-06,0.42528735632183906,2.02728666455138e-06
10.0,-65,0,2.8521172028175576e-06,0.42528735632183906,2.8521172028175567e-06
10.0,-64,0,3.9879376219668665e-06,0.42528735632183906,3.987937621966865e-06
10.0,-63,0,5.541892909527501e-06,0.42528735632183906,5.541892909527499e-06
10.0,-62,0,7.654145022632763e-06,0.42528735632183906,7.65414502263276e-06
10.0,-61,0,1.0506644274429699e-05,0.42528735632183906,1.0506644274429695e-05
10.0,-60,0,1.4333760892559524e-05,0.42528735632183906,1.433376089255952e-05
10.0,-59,0,1.943502340101474e-05,0.42528735632183906,1.9435023401014734e-05
10.0,-58,0,2.6190197037823508e-05,0.42528735632183906,2.61901970378235e-05
10.0,-57,0,3.507690362258721e-05,0.42528735632183906,3.50769036225872e-05
10.0,-56,0,4.669092944741083e-05,0.42528735632183906,4.6690929447410815e-05
10.0,-55,0,6.17692851472606e-05,0.42528735632183906,6.176928514726058e-05
10.0,-54,0,8.121596667517983e-05,0.42528735632183906,8.12159666751798e-05
10.0,-53,0,0.0001061302157775864,0.42528735632183906,0.00010613021577758637
10.0,-52,0,0.00013783688933991048,0.42528735632183906,0.00013783688933991043
10.0,-51,0,0.00017791831916547953,0.42528735632183906,0.00017791831916547947
10.0,-50,0,0.0002282467792376568,0.42528735632183906,0.00022824677923765675
10.0,-49,0,0.000291016381591074,0.42528735632183906,0.00029101638159107396
10.0,-48,0,0.00036877290368105844,0.42528735632183906,0.00036877290368105833
10.0,-47,0,0.0004644397229433641,0.42528735632183906,0.000464439722943364
10.0,-46,0,0.0005813377159115374,0.42528735632183906,0.0005813377159115372
10.0,-45,0,0.000723196692042695,0.42528735632183906,0.0007231966920426948
10.0,-44,0,0.0008941557024680531,0.42528735632183906,0.0008941557024680528
10.0,-43,0,0.0010987494204288085,0.42528735632183906,0.0010987494204288083
10.0,-42,0,0.001341877763994615,0.42528735632183906,0.0013418777639946148
10.0,-41,0,0.001628756053316363,0.42528735632183906,0.0016287560533163625
10.0,-40,0,0.0019648432920258193,0.42528735632183906,0.001964843292025819
10.0,-39,0,0.0023557466579985312,0.42528735632183906,0.0023557466579985304
10.0,-38,0,0.002807100996820985,0.42528735632183906,0.002807100996820984
10.0,-37,0,0.0033244230350578594,0.42528735632183906,0.003324423035057858
10.0,-36,0,0.003912941159102949,0.42528735632183906,0.003912941159102948
10.0,-35,0,0.00457740291241026,0.42528735632183906,0.004577402912410259
10.0,-34,0,0.005321863805483426,0.42528735632183906,0.005321863805483424
10.0,-33,0,0.0061494625481035015,0.42528735632183906,0.006149462548103499
10.0,-32,0,0.00706218932479899,0.42528735632183906,0.007062189324798988
10.0,-31,0,0.008060655152059983,0.42528735632183906,0.008060655152059979
10.0,-30,0,0.009143871579756727,0.42528735632183906,0.009143871579756725
10.0,-29,0,0.010309050926716926,0.42528735632183906,0.010309050926716924
10.0,-28,0,0.011551437772031298,0.42528735632183906,0.011551437772031294
10.0,-27,0,0.01286418247109955,0.42528735632183906,0.012864182471099545
10.0,-26,0,0.014238266959510526,0.42528735632183906,0.014238266959510523
10.0,-25,0,0.015662492005979634,0.42528735632183906,0.01566249200597963
10.0,-24,0,0.017123533368300026,0.42528735632183906,0.017123533368300022
10.0,-23,0,0.018606072022007925,0.42528735632183906,0.018606072022007918
10.0,-22,0,0.02009300083889698,0.42528735632183906,0.020093000838896972
10.0,-21,35,0.021565706900188775,0.42528735632183906,0.09383661624592486
10.0,-20,6,0.02300442518189527,0.42528735632183906,0.02718251089610275
10.0,-19,0,0.02438865582221611,0.42528735632183906,0.014016468863342594
10.0,-18,2,0.025697633767322703,0.42528735632183906,0.019422613999864297
10.0,-17,2,0.026910836495485868,0.42528735632183906,0.02011985694708451
10.0,-16,3,0.0280085129378721,0.42528735632183906,0.02307763495777808
10.0,-15,1,0.028972214825937093,0.42528735632183906,0.01897762765641246
10.0,-14,6,0.02978531064586648,0.42528735632183906,0.03107957150758046
10.0,-13,5,0.030433462271039213,0.42528735632183906,0.029125142961001233
10.0,-12,0,0.03090504522130999,0.42528735632183906,0.01776152024213218
10.0,-11,2,0.031191495350946896,0.42528735632183906,0.022580005714590845
10.0,-10,4,0.0312875675224778,0.42528735632183906,0.027289078567448357
10.0,-9,2,0.031191495350946896,0.42528735632183906,0.022580005714590845
10.0,-8,6,0.03090504522130999,0.42528735632183906,0.031723097125651446
10.0,-7,9,0.03043346227103927,0.42528735632183906,0.038432860883347436
10.0,-6,5,0.029785310645866425,0.42528735632183906,0.028752642026993885
10.0,-5,2,0.028972214825937148,0.42528735632183906,0.021304557136999035
10.0,-4,3,0.0280085129378721,0.42528735632183906,0.02307763495777808
10.0,-3,18,0.026910836495485868,0.42528735632183906,0.05735072863646921
10.0,-2,2,0.025697633767322703,0.42528735632183906,0.019422613999864297
10.0,-1,5,0.024388655822216054,0.42528735632183906,0.025651116266275274
10.0,0,1,0.02300442518189527,0.42528735632183906,0.015547863493170035
10.0,1,3,0.021565706900188886,0.42528735632183906,0.019374872867155543
10.0,2,2,0.02009300083889687,0.42528735632183906,0.016201560592723013
10.0,3,7,0.018606072022008036,0.42528735632183906,0.02698165120434031
10.0,4,0,0.01712353336829997,0.42528735632183906,0.009841111131206882
10.0,5,3,0.015662492005979578,0.42528735632183906,0.01598222062910422
10.0,6,2,0.014238266959510582,0.42528735632183906,0.012836771006868825
10.0,7,4,0.01286418247109955,0.42528735632183906,0.016700926239070053
10.0,8,0,0.01155143777203127,0.42528735632183906,0.006638757340247857
10.0,9,1,0.010309050926716967,0.42528735632183906,0.008251671392492848
10.0,10,3,0.009143871579756713,0.42528735632183906,0.012235887050815214
10.0,11,1,0.008060655152060003,0.42528735632183906,0.006959489912804936
10.0,12,1,0.007062189324798962,0.42528735632183906,0.006385658977597442
10.0,13,0,0.006149462548103557,0.42528735632183906,0.0035341738782204354
10.0,14,1,0.0053218638054833844,0.42528735632183906,0.005385471897531018
10.0,15,0,0.004577402912410267,0.42528735632183906,0.002630691328971418
10.0,16,0,0.003912941159102901,0.42528735632183906,0.0022488167581051154
10.0,17,0,0.0033244230350578663,0.42528735632183906,0.0019105879511826817
10.0,18,0,0.0028071009968210214,0.42528735632183906,0.0016132764349546102
10.0,19,1,0.0023557466579985364,0.42528735632183906,0.0036808068702408755
10.0,20,0,0.001964843292025842,0.42528735632183906,0.0011292202827734724
10.0,21,0,0.0016287560533163603,0.42528735632183906,0.0009360666973082532
10.0,22,0,0.0013418777639946367,0.42528735632183906,0.0013418777639946362
10.0,23,0,0.0010987494204287573,0.42528735632183906,0.0010987494204287571
10.0,24,0,0.0008941557024680913,0.42528735632183906,0.0008941557024680911
10.0,25,0,0.0007231966920426824,0.42528735632183906,0.0007231966920426822
10.0,26,0,0.0005813377159115118,0.42528735632183906,0.0005813377159115116
10.0,27,0,0.0004644397229434105,0.42528735632183906,0.00046443972294341035
10.0,28,0,0.0003687729036809806,0.42528735632183906,0.0003687729036809805
10.0,29,0,0.00029101638159112486,0.42528735632183906,0.00029101638159112475
10.0,30,0,0.0002282467792376064,0.42528735632183906,0.0002282467792376063
10.0,31,0,0.00017791831916547096,0.42528735632183906,0.0001779183191654709
10.0,32,0,0.00013783688933999283,0.42528735632183906,0.0001378368893399928
10.0,33,0,0.00010613021577754456,0.42528735632183906,0.00010613021577754452
10.0,34,0,8.12159666752077e-05,0.42528735632183906,8.121596667520767e-05
10.0,35,0,6.176928514722846e-05,0.42528735632183906,6.176928514722845e-05
10.0,36,0,4.669092944742381e-05,0.42528735632183906,4.669092944742379e-05
10.0,37,0,3.507690362258842e-05,0.42528735632183906,3.5076903622588404e-05
10.0,38,0,2.619019703775649e-05,0.42528735632183906,2.619019703775648e-05
10.0,39,0,1.943502340107095e-05,0.42528735632183906,1.9435023401070943e-05
10.0,40,0,1.4333760892548675e-05,0.42528735632183906,1.433376089254867e-05
10.0,41,0,1.050664427448833e-05,0.42528735632183906,1.0506644274488327e-05
10.0,42,0,7.654145022573111e-06,0.42528735632183906,7.65414502257311e-06
10.0,43,0,5.541892909577406e-06,0.42528735632183906,5.541892909577404e-06
10.0,44,0,3.9879376219076335e-06,0.42528735632183906,3.987937621907633e-06
10.0,45,0,2.8521172028561637e-06,0.42528735632183906,2.852117202856163e-06
10.0,46,0,2.027286664540995e-06,0.42528735632183906,2.0272866645409944e-06
10.0,47,0,1.4321606692790922e-06,0.42528735632183906,1.4321606692790918e-06
10.0,48,0,1.0055347996473785e-06,0.42528735632183906,1.0055347996473783e-06
10.0,49,0,7.016673216897473e-07,0.42528735632183906,7.016673216897471e-07
10.0,50,0,4.866247339530005e-07,0.42528735632183906,4.866247339530004e-07
10.0,51,0,3.3541763322375573e-07,0.42528735632183906,3.354176332237556e-07
10.0,52,0,2.2977690916636817e-07,0.42528735632183906,2.297769091663681e-07
10.0,53,0,1.5644282802540488e-07,0.42528735632183906,1.5644282802540483e-07
10.0,54,0,1.0586044474347744e-07,0.42528735632183906,1.0586044474347742e-07
10.0,55,0,7.119353406803697e-08,0.42528735632183906,7.119353406803694e-08
10.0,56,0,4.7585668072613885e-08,0.42528735632183906,4.758566807261387e-08
10.0,57,0,3.161116990391122e-08,0.42528735632183906,3.161116990391121e-08
10.0,58,0,2.087054307153835e-08,0.42528735632183906,2.0870543071538343e-08
10.0,59,0,1.3694800404806529e-08,0.42528735632183906,1.3694800404806525e-08
10.0,60,0,8.931130723865977e-09,0.42528735632183906,8.931130723865973e-09
10.0,61,0,5.7887655779964575e-09,0.42528735632183906,5.788765577996457e-09
10.0,62,0,3.729016206932556e-09,0.42528735632183906,3.729016206932555e-09
10.0,63,0,2.3874336951834607e-09,0.42528735632183906,2.3874336951834603e-09
10.0,64,0,1.51913792656444e-09,0.42528735632183906,1.5191379265644396e-09
10.0,65,0,9.607088458096769e-10,0.42528735632183906,9.607088458096767e-10
10.0,66,0,6.038307631683892e-10,0.42528735632183906,6.03830763168389e-10
10.0,67,0,3.7719638523725507e-10,0.42528735632183906,3.7719638523725497e-10
10.0,68,0,2.3417912053957934e-10,0.42528735632183906,2.3417912053957924e-10
10.0,69,0,1.4449685892259367e-10,0.42528735632183906,1.4449685892259362e-10
10.0,70,0,8.861278377736426e-11,0.42528735632183906,8.861278377736423e-11
10.0,71,0,5.40086864120326e-11,0.42528735632183906,5.4008686412032583e-11
10.0,72,0,3.271605208965411e-11,0.42528735632183906,3.27160520896541e-11
10.0,73,0,1.9696244635269977e-11,0.42528735632183906,1.969624463526997e-11
10.0,74,0,1.1785239451000962e-11,0.42528735632183906,1.1785239451000958e-11
10.0,75,0,1.6930346014021325e-11,0.42528735632183906,1.6930346014021318e-11
13.0,-75,0,7.019355429029051e-07,0.2,7.019355429029051e-07
13.0,-74,0,3.3541763322498583e-07,0.2,3.3541763322498583e-07
13.0,-73,0,4.866247339416607e-07,0.2,4.866247339416607e-07
13.0,-72,0,7.016673217103961e-07,0.2,7.016673217103961e-07
13.0,-71,0,1.00553479960584e-06,0.2,1.00553479960584e-06
13.0,-70,0,1.4321606693313254e-06,0.2,1.4321606693313254e-06
13.0,-69,0,2.0272866645513803e-06,0.2,2.0272866645513803e-06
13.0,-68,0,2.8521172028175576e-06,0.2,2.8521172028175576e-06
13.0,-67,0,3.9879376219668665e-06,0.2,3.9879376219668665e-06
13.0,-66,0,5.541892909527501e-06,0.2,5.541892909527501e-06
13.0,-65,0,7.654145022632763e-06,0.2,7.654145022632763e-06
13.0,-64,0,1.0506644274429699e-05,0.2,1.0506644274429699e-05
13.0,-63,0,1.4333760892559524e-05,0.2,1.4333760892559524e-05
13.0,-62,0,1.943502340101474e-05,0.2,1.943502340101474e-05
13.0,-61,0,2.6190197037823508e-05,0.2,2.6190197037823508e-05
13.0,-60,0,3.507690362258721e-05,0.2,3.507690362258721e-05
13.0,-59,0,4.669092944741083e-05,0.2,4.669092944741083e-05
13.0,-58,0,6.17692851472606e-05,0.2,6.17692851472606e-05
13.0,-57,0,8.121596667517983e-05,0.2,8.121596667517983e-05
13.0,-56,0,0.0001061302157775864,0.2,0.0001061302157775864
13.0,-55,0,0.00013783688933991048,0.2,0.00013783688933991048
13.0,-54,0,0.00017791831916547953,0.2,0.00017791831916547953
13.0,-53,0,0.0002282467792376568,0.2,0.0002282467792376568
13.0,-52,0,0.000291016381591074,0.2,0.000291016381591074
13.0,-51,0,0.00036877290368105844,0.2,0.00036877290368105844
13.0,-50,0,0.0004644397229433641,0.2,0.0004644397229433641
13.0,-49,0,0.0005813377159115374,0.2,0.0005813377159115374
13.0,-48,0,0.000723196692042695,0.2,0.000723196692042695
13.0,-47,0,0.0008941557024680531,0.2,0.0008941557024680531
13.0,-46,0,0.0010987494204288085,0.2,0.0010987494204288085
13.0,-45,0,0.001341877763994615,0.2,0.001341877763994615
13.0,-44,0,0.001628756053316363,0.2,0.001628756053316363
13.0,-43,0,0.0019648432920258193,0.2,0.0019648432920258193
13.0,-42,0,0.0023557466579985312,0.2,0.0023557466579985312
13.0,-41,0,0.002807100996820985,0.2,0.002807100996820985
13.0,-40,0,0.0033244230350578594,0.2,0.0033244230350578594
13.0,-39,0,0.003912941159102949,0.2,0.003912941159102949
13.0,-38,0,0.00457740291241026,0.2,0.00457740291241026
13.0,-37,0,0.005321863805483426,0.2,0.005321863805483426
13.0,-36,0,0.0061494625481035015,0.2,0.0061494625481035015
13.0,-35,0,0.00706218932479899,0.2,0.00706218932479899
13.0,-34,0,0.008060655152059983,0.2,0.008060655152059983
13.0,-33,0,0.009143871579756727,0.2,0.009143871579756727
13.0,-32,0,0.010309050926716926,0.2,0.010309050926716926
13.0,-31,0,0.011551437772031298,0.2,0.011551437772031298
13.0,-30,0,0.01286418247109955,0.2,0.01286418247109955
13.0,-29,0,0.014238266959510526,0.2,0.014238266959510526
13.0,-28,0,0.015662492005979634,0.2,0.015662492005979634
13.0,-27,0,0.017123533368300026,0.2,0.017123533368300026
13.0,-26,0,0.018606072022007925,0.2,0.018606072022007925
13.0,-25,0,0.02009300083889698,0.2,0.02009300083889698
13.0,-24,0,0.021565706900188775,0.2,0.021565706900188775
13.0,-23,0,0.02300442518189527,0.2,0.02300442518189527
13.0,-22,0,0.02438865582221611,0.2,0.02438865582221611
13.0,-21,9,0.025697633767322703,0.2,0.04734741536601967
13.0,-20,0,0.026910836495485868,0.2,0.021528669196388694
13.0,-19,1,0.0280085129378721,0.2,0.02538340016720451
13.0,-18,1,0.028972214825937093,0.2,0.02615436167765651
13.0,-17,2,0.02978531064586648,0.2,0.029781428150506856
13.0,-16,2,0.030433462271039213,0.2,0.030299949450645042
13.0,-15,1,0.03090504522130999,0.2,0.027700625993954824
13.0,-14,3,0.031191495350946896,0.2,0.03388296573147802
13.0,-13,1,0.0312875675224778,0.2,0.028006643834889072
13.0,-12,1,0.031191495350946896,0.2,0.027929786097664347
13.0,-11,0,0.03090504522130999,0.2,0.024724036177047992
13.0,-10,0,0.03043346227103927,0.2,0.024346769816831416
13.0,-9,0,0.029785310645866425,0.2,0.02382824851669314
13.0,-8,0,0.028972214825937148,0.2,0.02317777186074972
13.0,-7,4,0.0280085129378721,0.2,0.034313169617925014
13.0,-6,0,0.026910836495485868,0.2,0.021528669196388694
13.0,-5,2,0.025697633767322703,0.2,0.02651128664767183
13.0,-4,2,0.024388655822216054,0.2,0.02546410429158651
13.0,-3,3,0.02300442518189527,0.2,0.02733330959623672
13.0,-2,4,0.021565706900188886,0.2,0.029158924787778442
13.0,-1,1,0.02009300083889687,0.2,0.01905099048802433
13.0,0,0,0.018606072022008036,0.2,0.01488485761760643
13.0,1,0,0.01712353336829997,0.2,0.013698826694639978
13.0,2,0,0.015662492005979578,0.2,0.012529993604783664
13.0,3,3,0.014238266959510582,0.2,0.020320383018328968
13.0,4,1,0.01286418247109955,0.2,0.013267935793786474
13.0,5,2,0.01155143777203127,0.2,0.015194329851438683
13.0,6,0,0.010309050926716967,0.2,0.008247240741373575
13.0,7,0,0.009143871579756713,0.2,0.00731509726380537
13.0,8,0,0.008060655152060003,0.2,0.006448524121648003
13.0,9,0,0.007062189324798962,0.2,0.00564975145983917
13.0,10,2,0.006149462548103557,0.2,0.010872749672296515
13.0,11,0,0.0053218638054833844,0.2,0.004257491044386707
13.0,12,2,0.004577402912410267,0.2,0.009615101963741882
13.0,13,0,0.003912941159102901,0.2,0.0031303529272823207
13.0,14,0,0.0033244230350578663,0.2,0.002659538428046293
13.0,15,1,0.0028071009968210214,0.2,0.0052222706143636504
13.0,16,0,0.0023557466579985364,0.2,0.0018845973263988294
13.0,17,0,0.001964843292025842,0.2,0.0015718746336206735
13.0,18,2,0.0016287560533163603,0.2,0.007256184476466757
13.0,19,0,0.0013418777639946367,0.2,0.0010735022111957094
13.0,20,0,0.0010987494204287573,0.2,0.0008789995363430059
13.0,21,0,0.0008941557024680913,0.2,0.0007153245619744731
13.0,22,0,0.0007231966920426824,0.2,0.0007231966920426824
13.0,23,0,0.0005813377159115118,0.2,0.0005813377159115118
13.0,24,0,0.0004644397229434105,0.2,0.0004644397229434105
13.0,25,0,0.0003687729036809806,0.2,0.0003687729036809806
13.0,26,0,0.00029101638159112486,0.2,0.00029101638159112486
13.0,27,0,0.0002282467792376064,0.2,0.0002282467792376064
13.0,28,0,0.00017791831916547096,0.2,0.00017791831916547096
13.0,29,0,0.00013783688933999283,0.2,0.00013783688933999283
13.0,30,0,0.00010613021577754456,0.2,0.00010613021577754456
13.0,31,0,8.12159666752077e-05,0.2,8.12159666752077e-05
13.0,32,0,6.176928514722846e-05,0.2,6.176928514722846e-05
13.0,33,0,4.669092944742381e-05,0.2,4.6690929447423806e-05
13.0,34,0,3.507690362258842e-05,0.2,3.507690362258842e-05
13.0,35,0,2.619019703775649e-05,0.2,2.619019703775649e-05
13.0,36,0,1.943502340107095e-05,0.2,1.943502340107095e-05
13.0,37,0,1.4333760892548675e-05,0.2,1.4333760892548675e-05
13.0,38,0,1.050664427448833e-05,0.2,1.050664427448833e-05
13.0,39,0,7.654145022573111e-06,0.2,7.654145022573111e-06
13.0,40,0,5.541892909577406e-06,0.2,5.541892909577406e-06
13.0,41,0,3.9879376219076335e-06,0.2,3.9879376219076335e-06
13.0,42,0,2.8521172028561637e-06,0.2,2.8521172028561637e-06
13.0,43,0,2.027286664540995e-06,0.2,2.027286664540995e-06
13.0,44,0,1.4321606692790922e-06,0.2,1.4321606692790922e-06
13.0,45,0,1.0055347996473785e-06,0.2,1.0055347996473785e-06
13.0,46,0,7.016673216897473e-07,0.2,7.016673216897473e-07
13.0,47,0,4.866247339530005e-07,0.2,4.866247339530005e-07
13.0,48,0,3.3541763322375573e-07,0.2,3.3541763322375573e-07
13.0,49,0,2.2977690916636817e-07,0.2,2.2977690916636814e-07
13.0,50,0,1.5644282802540488e-07,0.2,1.5644282802540488e-07
13.0,51,0,1.0586044474347744e-07,0.2,1.0586044474347744e-07
13.0,52,0,7.119353406803697e-08,0.2,7.119353406803697e-08
13.0,53,0,4.7585668072613885e-08,0.2,4.7585668072613885e-08
13.0,54,0,3.161116990391122e-08,0.2,3.161116990391122e-08
13.0,55,0,2.087054307153835e-08,0.2,2.087054307153835e-08
13.0,56,0,1.3694800404806529e-08,0.2,1.3694800404806529e-08
13.0,57,0,8.931130723865977e-09,0.2,8.931130723865977e-09
13.0,58,0,5.7887655779964575e-09,0.2,5.7887655779964575e-09
13.0,59,0,3.729016206932556e-09,0.2,3.729016206932556e-09
13.0,60,0,2.3874336951834607e-09,0.2,2.3874336951834607e-09
13.0,61,0,1.51913792656444e-09,0.2,1.51913792656444e-09
13.0,62,0,9.607088458096769e-10,0.2,9.607088458096769e-10
13.0,63,0,6.038307631683892e-10,0.2,6.038307631683892e-10
13.0,64,0,3.7719638523725507e-10,0.2,3.7719638523725507e-10
13.0,65,0,2.3417912053957934e-10,0.2,2.3417912053957934e-10
13.0,66,0,1.4449685892259367e-10,0.2,1.4449685892259367e-10
13.0,67,0,8.861278377736426e-11,0.2,8.861278377736426e-11
13.0,68,0,5.40086864120326e-11,0.2,5.40086864120326e-11
13.0,69,0,3.271605208965411e-11,0.2,3.271605208965411e-11
13.0,70,0,1.9696244635269977e-11,0.2,1.9696244635269977e-11
13.0,71,0,1.1785239451000962e-11,0.2,1.1785239451000962e-11
13.0,72,0,7.008504887551226e-12,0.2,7.008504887551226e-12
13.0,73,0,4.1421310825739965e-12,0.2,4.1421310825739965e-12
13.0,74,0,2.433164780768493e-12,0.2,2.433164780768493e-12
13.0,75,0,3.3465452631276094e-12,0.2,3.3465452631276094e-12
16.0,-75,0,2.2256452317799477e-06,0.07834101382488479,2.2256452317799477e-06
16.0,-74,0,1.00553479960584e-06,0.07834101382488479,1.00553479960584e-06
16.0,-73,0,1.4321606693313254e-06,0.07834101382488479,1.4321606693313254e-06
16.0,-72,0,2.0272866645513803e-06,0.07834101382488479,2.0272866645513803e-06
16.0,-71,0,2.8521172028175576e-06,0.07834101382488479,2.8521172028175576e-06
16.0,-70,0,3.9879376219668665e-06,0.07834101382488479,3.9879376219668665e-06
16.0,-69,0,5.541892909527501e-06,0.07834101382488479,5.5418929095275e-06
16.0,-68,0,7.654145022632763e-06,0.07834101382488479,7.654145022632763e-06
16.0,-67,0,1.0506644274429699e-05,0.07834101382488479,1.0506644274429699e-05
16.0,-66,0,1.4333760892559524e-05,0.07834101382488479,1.4333760892559525e-05
16.0,-65,0,1.943502340101474e-05,0.07834101382488479,1.943502340101474e-05
16.0,-64,0,2.6190197037823508e-05,0.07834101382488479,2.619019703782351e-05
16.0,-63,0,3.507690362258721e-05,0.07834101382488479,3.507690362258721e-05
16.0,-62,0,4.669092944741083e-05,0.07834101382488479,4.669092944741083e-05
16.0,-61,0,6.17692851472606e-05,0.07834101382488479,6.17692851472606e-05
16.0,-60,0,8.121596667517983e-05,0.07834101382488479,8.121596667517983e-05
16.0,-59,0,0.0001061302157775864,0.07834101382488479,0.0001061302157775864
16.0,-58,0,0.00013783688933991048,0.07834101382488479,0.00013783688933991048
16.0,-57,0,0.00017791831916547953,0.07834101382488479,0.00017791831916547953
16.0,-56,0,0.0002282467792376568,0.07834101382488479,0.0002282467792376568
16.0,-55,0,0.000291016381591074,0.07834101382488479,0.000291016381591074
16.0,-54,0,0.00036877290368105844,0.07834101382488479,0.00036877290368105844
16.0,-53,0,0.0004644397229433641,0.07834101382488479,0.0004644397229433641
16.0,-52,0,0.0005813377159115374,0.07834101382488479,0.0005813377159115374
16.0,-51,0,0.000723196692042695,0.07834101382488479,0.000723196692042695
16.0,-50,0,0.0008941557024680531,0.07834101382488479,0.0008941557024680532
16.0,-49,0,0.0010987494204288085,0.07834101382488479,0.0010987494204288085
16.0,-48,0,0.001341877763994615,0.07834101382488479,0.001341877763994615
16.0,-47,0,0.001628756053316363,0.07834101382488479,0.001628756053316363
16.0,-46,0,0.0019648432920258193,0.07834101382488479,0.0019648432920258193
16.0,-45,0,0.0023557466579985312,0.07834101382488479,0.0023557466579985312
16.0,-44,0,0.002807100996820985,0.07834101382488479,0.0028071009968209846
16.0,-43,0,0.0033244230350578594,0.07834101382488479,0.0033244230350578594
16.0,-42,0,0.003912941159102949,0.07834101382488479,0.003912941159102949
16.0,-41,0,0.00457740291241026,0.07834101382488479,0.00457740291241026
16.0,-40,0,0.005321863805483426,0.07834101382488479,0.005321863805483426
16.0,-39,0,0.0061494625481035015,0.07834101382488479,0.0061494625481035015
16.0,-38,0,0.00706218932479899,0.07834101382488479,0.00706218932479899
16.0,-37,0,0.008060655152059983,0.07834101382488479,0.008060655152059983
16.0,-36,0,0.009143871579756727,0.07834101382488479,0.009143871579756727
16.0,-35,0,0.010309050926716926,0.07834101382488479,0.010309050926716926
16.0,-34,0,0.011551437772031298,0.07834101382488479,0.011551437772031298
16.0,-33,0,0.01286418247109955,0.07834101382488479,0.01286418247109955
16.0,-32,0,0.014238266959510526,0.07834101382488479,0.014238266959510526
16.0,-31,0,0.015662492005979634,0.07834101382488479,0.015662492005979634
16.0,-30,0,0.017123533368300026,0.07834101382488479,0.017123533368300026
16.0,-29,0,0.018606072022007925,0.07834101382488479,0.018606072022007925
16.0,-28,0,0.02009300083889698,0.07834101382488479,0.02009300083889698
16.0,-27,0,0.021565706900188775,0.07834101382488479,0.021565706900188775
16.0,-26,0,0.02300442518189527,0.07834101382488479,0.02300442518189527
16.0,-25,0,0.02438865582221611,0.07834101382488479,0.02438865582221611
16.0,-24,0,0.025697633767322703,0.07834101382488479,0.025697633767322703
16.0,-23,0,0.026910836495485868,0.07834101382488479,0.026910836495485868
16.0,-22,0,0.0280085129378721,0.07834101382488479,0.028008512937872095
16.0,-21,9,0.028972214825937093,0.07834101382488479,0.05429556668939975
16.0,-20,1,0.02978531064586648,0.07834101382488479,0.03051779527341116
16.0,-19,0,0.030433462271039213,0.07834101382488479,0.02804927398252462
16.0,-18,1,0.03090504522130999,0.07834101382488479,0.031549808706999645
16.0,-17,0,0.031191495350946896,0.07834101382488479,0.028747921982439535
16.0,-16,1,0.0312875675224778,0.07834101382488479,0.03190236382328334
16.0,-15,0,0.031191495350946896,0.07834101382488479,0.028747921982439535
16.0,-14,0,0.03090504522130999,0.07834101382488479,0.028483912646368657
16.0,-13,0,0.03043346227103927,0.07834101382488479,0.028049273982524672
16.0,-12,0,0.029785310645866425,0.07834101382488479,0.027451899212780115
16.0,-11,0,0.028972214825937148,0.07834101382488479,0.02670250214372087
16.0,-10,0,0.0280085129378721,0.07834101382488479,0.025814297638591794
16.0,-9,0,0.026910836495485868,0.07834101382488479,0.024802614281553795
16.0,-8,0,0.025697633767322703,0.07834101382488479,0.023684455085090046
16.0,-7,1,0.024388655822216054,0.07834101382488479,0.025543919859908462
16.0,-6,1,0.02300442518189527,0.07834101382488479,0.02426813125131788
16.0,-5,1,0.021565706900188886,0.07834101382488479,0.022942123618408767
16.0,-4,0,0.02009300083889687,0.07834101382488479,0.018518894782393425
16.0,-3,0,0.018606072022008036,0.07834101382488479,0.0171484534765051
16.0,-2,0,0.01712353336829997,0.07834101382488479,0.015782058403963108
16.0,-1,0,0.015662492005979578,0.07834101382488479,0.014435476503206984
16.0,0,0,0.014238266959510582,0.07834101382488479,0.013122826690793163
16.0,1,0,0.01286418247109955,0.07834101382488479,0.0118563893742853
16.0,2,0,0.01155143777203127,0.07834101382488479,0.010646486425835272
16.0,3,1,0.010309050926716967,0.07834101382488479,0.012567325486176586
16.0,4,0,0.009143871579756713,0.07834101382488479,0.008427531409914021
16.0,5,0,0.008060655152060003,0.07834101382488479,0.007429175255354842
16.0,6,0,0.007062189324798962,0.07834101382488479,0.0065089302532709324
16.0,7,0,0.006149462548103557,0.07834101382488479,0.005667707417606966
16.0,8,0,0.0053218638054833844,0.07834101382488479,0.004904943599523856
16.0,9,0,0.004577402912410267,0.07834101382488479,0.004218804527567066
16.0,10,1,0.003912941159102901,0.07834101382488479,0.0066722934422926514
16.0,11,0,0.0033244230350578663,0.07834101382488479,0.003063984364108632
16.0,12,0,0.0028071009968210214,0.07834101382488479,0.002587189858821218
16.0,13,0,0.0023557466579985364,0.07834101382488479,0.002171195076496347
16.0,14,0,0.001964843292025842,0.07834101382488479,0.0018109154765215134
16.0,15,0,0.0016287560533163603,0.07834101382488479,0.0015011576528261383
16.0,16,0,0.0013418777639946367,0.07834101382488479,0.0012367536995342274
16.0,17,0,0.0010987494204287573,0.07834101382488479,0.001012672276892864
16.0,18,0,0.0008941557024680913,0.07834101382488479,0.0008241066382194389
16.0,19,0,0.0007231966920426824,0.07834101382488479,0.0006665407299932557
16.0,20,0,0.0005813377159115118,0.07834101382488479,0.0005357951298723612
16.0,21,0,0.0004644397229434105,0.07834101382488479,0.00042805504418747507
16.0,22,0,0.0003687729036809806,0.07834101382488479,0.00036877290368098054
16.0,23,0,0.00029101638159112486,0.07834101382488479,0.00029101638159112486
16.0,24,0,0.0002282467792376064,0.07834101382488479,0.0002282467792376064
16.0,25,0,0.00017791831916547096,0.07834101382488479,0.00017791831916547096
16.0,26,0,0.00013783688933999283,0.07834101382488479,0.00013783688933999283
16.0,27,0,0.00010613021577754456,0.07834101382488479,0.00010613021577754456
16.0,28,0,8.12159666752077e-05,0.07834101382488479,8.12159666752077e-05
16.0,29,0,6.176928514722846e-05,0.07834101382488479,6.176928514722846e-05
16.0,30,0,4.669092944742381e-05,0.07834101382488479,4.669092944742381e-05
16.0,31,0,3.507690362258842e-05,0.07834101382488479,3.507690362258842e-05
16.0,32,0,2.619019703775649e-05,0.07834101382488479,2.619019703775649e-05
16.0,33,0,1.943502340107095e-05,0.07834101382488479,1.943502340107095e-05
16.0,34,0,1.4333760892548675e-05,0.07834101382488479,1.4333760892548675e-05
16.0,35,0,1.050664427448833e-05,0.07834101382488479,1.050664427448833e-05
16.0,36,0,7.654145022573111e-06,0.07834101382488479,7.654145022573111e-06
16.0,37,0,5.541892909577406e-06,0.07834101382488479,5.541892909577405e-06
16.0,38,0,3.9879376219076335e-06,0.07834101382488479,3.9879376219076335e-06
16.0,39,0,2.8521172028561637e-06,0.07834101382488479,2.8521172028561637e-06
16.0,40,0,2.027286664540995e-06,0.07834101382488479,2.027286664540995e-06
16.0,41,0,1.4321606692790922e-06,0.07834101382488479,1.4321606692790922e-06
16.0,42,0,1.0055347996473785e-06,0.07834101382488479,1.0055347996473785e-06
16.0,43,0,7.016673216897473e-07,0.07834101382488479,7.016673216897473e-07
16.0,44,0,4.866247339530005e-07,0.07834101382488479,4.866247339530005e-07
16.0,45,0,3.3541763322375573e-07,0.07834101382488479,3.3541763322375573e-07
16.0,46,0,2.2977690916636817e-07,0.07834101382488479,2.2977690916636817e-07
16.0,47,0,1.5644282802540488e-07,0.07834101382488479,1.5644282802540488e-07
16.0,48,0,1.0586044474347744e-07,0.07834101382488479,1.0586044474347744e-07
16.0,49,0,7.119353406803697e-08,0.07834101382488479,7.119353406803697e-08
16.0,50,0,4.7585668072613885e-08,0.07834101382488479,4.7585668072613885e-08
16.0,51,0,3.161116990391122e-08,0.07834101382488479,3.161116990391122e-08
16.0,52,0,2.087054307153835e-08,0.07834101382488479,2.087054307153835e-08
16.0,53,0,1.3694800404806529e-08,0.07834101382488479,1.3694800404806529e-08
16.0,54,0,8.931130723865977e-09,0.07834101382488479,8.931130723865977e-09
16.0,55,0,5.7887655779964575e-09,0.07834101382488479,5.7887655779964575e-09
16.0,56,0,3.729016206932556e-09,0.07834101382488479,3.729016206932556e-09
16.0,57,0,2.3874336951834607e-09,0.07834101382488479,2.3874336951834607e-09
16.0,58,0,1.51913792656444e-09,0.07834101382488479,1.5191379265644402e-09
16.0,59,0,9.607088458096769e-10,0.07834101382488479,9.607088458096769e-10
16.0,60,0,6.038307631683892e-10,0.07834101382488479,6.038307631683892e-10
16.0,61,0,3.7719638523725507e-10,0.07834101382488479,3.77196385237255e-10
16.0,62,0,2.3417912053957934e-10,0.07834101382488479,2.3417912053957934e-10
16.0,63,0,1.4449685892259367e-10,0.07834101382488479,1.4449685892259367e-10
16.0,64,0,8.861278377736426e-11,0.07834101382488479,8.861278377736424e-11
16.0,65,0,5.40086864120326e-11,0.07834101382488479,5.40086864120326e-11
16.0,66,0,3.271605208965411e-11,0.07834101382488479,3.271605208965411e-11
16.0,67,0,1.9696244635269977e-11,0.07834101382488479,1.9696244635269977e-11
16.0,68,0,1.1785239451000962e-11,0.07834101382488479,1.1785239451000962e-11
16.0,69,0,7.008504887551226e-12,0.07834101382488479,7.0085048875512265e-12
16.0,70,0,4.1421310825739965e-12,0.07834101382488479,4.1421310825739965e-12
16.0,71,0,2.433164780768493e-12,0.07834101382488479,2.433164780768493e-12
16.0,72,0,1.4205303600078878e-12,0.07834101382488479,1.4205303600078878e-12
16.0,73,0,8.242295734817162e-13,0.07834101382488479,8.242295734817162e-13
16.0,74,0,4.752864768420295e-13,0.07834101382488479,4.752864768420295e-13
16.0,75,0,6.264988527959758e-13,0.07834101382488479,6.264988527959758e-13
19.0,-75,0,6.690627365268493e-06,0.009900990099009901,6.690627365268495e-06
19.0,-74,0,2.8521172028175576e-06,0.009900990099009901,2.8521172028175584e-06
19.0,-73,0,3.9879376219668665e-06,0.009900990099009901,3.987937621966868e-06
19.0,-72,0,5.541892909527501e-06,0.009900990099009901,5.541892909527502e-06
19.0,-71,0,7.654145022632763e-06,0.009900990099009901,7.654145022632764e-06
19.0,-70,0,1.0506644274429699e-05,0.009900990099009901,1.0506644274429702e-05
19.0,-69,0,1.4333760892559524e-05,0.009900990099009901,1.4333760892559529e-05
19.0,-68,0,1.943502340101474e-05,0.009900990099009901,1.9435023401014744e-05
19.0,-67,0,2.6190197037823508e-05,0.009900990099009901,2.619019703782351e-05
19.0,-66,0,3.507690362258721e-05,0.009900990099009901,3.5076903622587225e-05
19.0,-65,0,4.669092944741083e-05,0.009900990099009901,4.669092944741084e-05
19.0,-64,0,6.17692851472606e-05,0.009900990099009901,6.176928514726063e-05
19.0,-63,0,8.121596667517983e-05,0.009900990099009901,8.121596667517986e-05
19.0,-62,0,0.0001061302157775864,0.009900990099009901,0.00010613021577758643
19.0,-61,0,0.00013783688933991048,0.009900990099009901,0.00013783688933991054
19.0,-60,0,0.00017791831916547953,0.009900990099009901,0.00017791831916547958
19.0,-59,0,0.0002282467792376568,0.009900990099009901,0.0002282467792376569
19.0,-58,0,0.000291016381591074,0.009900990099009901,0.0002910163815910741
19.0,-57,0,0.00036877290368105844,0.009900990099009901,0.00036877290368105854
19.0,-56,0,0.0004644397229433641,0.009900990099009901,0.00046443972294336417
19.0,-55,0,0.0005813377159115374,0.009900990099009901,0.0005813377159115376
19.0,-54,0,0.000723196692042695,0.009900990099009901,0.0007231966920426952
19.0,-53,0,0.0008941557024680531,0.009900990099009901,0.0008941557024680533
19.0,-52,0,0.0010987494204288085,0.009900990099009901,0.0010987494204288087
19.0,-51,0,0.001341877763994615,0.009900990099009901,0.0013418777639946154
19.0,-50,0,0.001628756053316363,0.009900990099009901,0.0016287560533163633
19.0,-49,0,0.0019648432920258193,0.009900990099009901,0.00196484329202582
19.0,-48,0,0.0023557466579985312,0.009900990099009901,0.002355746657998532
19.0,-47,0,0.002807100996820985,0.009900990099009901,0.002807100996820986
19.0,-46,0,0.0033244230350578594,0.009900990099009901,0.0033244230350578602
19.0,-45,0,0.003912941159102949,0.009900990099009901,0.003912941159102951
19.0,-44,0,0.00457740291241026,0.009900990099009901,0.0045774029124102614
19.0,-43,0,0.005321863805483426,0.009900990099009901,0.005321863805483428
19.0,-42,0,0.0061494625481035015,0.009900990099009901,0.006149462548103503
19.0,-41,0,0.00706218932479899,0.009900990099009901,0.0070621893247989915
19.0,-40,0,0.008060655152059983,0.009900990099009901,0.008060655152059986
19.0,-39,0,0.009143871579756727,0.009900990099009901,0.009143871579756728
19.0,-38,0,0.010309050926716926,0.009900990099009901,0.010309050926716929
19.0,-37,0,0.011551437772031298,0.009900990099009901,0.011551437772031301
19.0,-36,0,0.01286418247109955,0.009900990099009901,0.012864182471099554
19.0,-35,0,0.014238266959510526,0.009900990099009901,0.01423826695951053
19.0,-34,0,0.015662492005979634,0.009900990099009901,0.01566249200597964
19.0,-33,0,0.017123533368300026,0.009900990099009901,0.017123533368300033
19.0,-32,0,0.018606072022007925,0.009900990099009901,0.018606072022007928
19.0,-31,0,0.02009300083889698,0.009900990099009901,0.020093000838896986
19.0,-30,0,0.021565706900188775,0.009900990099009901,0.02156570690018878
19.0,-29,0,0.02300442518189527,0.009900990099009901,0.02300442518189528
19.0,-28,0,0.02438865582221611,0.009900990099009901,0.024388655822216117
19.0,-27,0,0.025697633767322703,0.009900990099009901,0.02569763376732271
19.0,-26,0,0.026910836495485868,0.009900990099009901,0.026910836495485875
19.0,-25,0,0.0280085129378721,0.009900990099009901,0.028008512937872102
19.0,-24,0,0.028972214825937093,0.009900990099009901,0.0289722148259371
19.0,-23,0,0.02978531064586648,0.009900990099009901,0.029785310645866488
19.0,-22,0,0.030433462271039213,0.009900990099009901,0.03043346227103922
19.0,-21,1,0.03090504522130999,0.009900990099009901,0.03345547295911183
19.0,-20,0,0.031191495350946896,0.009900990099009901,0.030882668664303857
19.0,-19,0,0.0312875675224778,0.009900990099009901,0.03097778962621564
19.0,-18,0,0.031191495350946896,0.009900990099009901,0.030882668664303857
19.0,-17,0,0.03090504522130999,0.009900990099009901,0.030599054674564342
19.0,-16,0,0.03043346227103927,0.009900990099009901,0.030132140862415113
19.0,-15,0,0.029785310645866425,0.009900990099009901,0.029490406580065767
19.0,-14,0,0.028972214825937148,0.009900990099009901,0.028685361213799155
19.0,-13,0,0.0280085129378721,0.009900990099009901,0.027731200928586233
19.0,-12,0,0.026910836495485868,0.009900990099009901,0.026644392569787987
19.0,-11,0,0.025697633767322703,0.009900990099009901,0.025443201749824458
19.0,-10,0,0.024388655822216054,0.009900990099009901,0.024147183982392132
19.0,-9,0,0.02300442518189527,0.009900990099009901,0.02277665859593591
19.0,-8,0,0.021565706900188886,0.009900990099009901,0.021352185049691965
19.0,-7,0,0.02009300083889687,0.009900990099009901,0.019894060236531553
19.0,-6,0,0.018606072022008036,0.009900990099009901,0.018421853487136666
19.0,-5,0,0.01712353336829997,0.009900990099009901,0.016953993433960365
19.0,-4,0,0.015662492005979578,0.009900990099009901,0.015507417827702551
19.0,-3,1,0.014238266959510582,0.009900990099009901,0.016953712303864894
19.0,-2,0,0.01286418247109955,0.009900990099009901,0.012736814327821337
19.0,-1,0,0.01155143777203127,0.009900990099009901,0.01143706710102106
19.0,0,0,0.010309050926716967,0.009900990099009901,0.010206981115561353
19.0,1,0,0.009143871579756713,0.009900990099009901,0.009053338197778923
19.0,2,0,0.008060655152060003,0.009900990099009901,0.007980846685207923
19.0,3,0,0.007062189324798962,0.009900990099009901,0.006992266658216793
19.0,4,0,0.006149462548103557,0.009900990099009901,0.006088576780300552
19.0,5,0,0.0053218638054833844,0.009900990099009901,0.005269172084637014
19.0,6,0,0.004577402912410267,0.009900990099009901,0.004532082091495314
19.0,7,0,0.003912941159102901,0.009900990099009901,0.003874199167428614
19.0,8,0,0.0033244230350578663,0.009900990099009901,0.003291507955502838
19.0,9,0,0.0028071009968210214,0.009900990099009901,0.0027793079176445753
19.0,10,0,0.0023557466579985364,0.009900990099009901,0.0023324224336619174
19.0,11,0,0.001964843292025842,0.009900990099009901,0.001945389398045388
19.0,12,0,0.0016287560533163603,0.009900990099009901,0.0016126297557587724
19.0,13,0,0.0013418777639946367,0.009900990099009901,0.0013285918455392441
19.0,14,0,0.0010987494204287573,0.009900990099009901,0.0010878707132957993
19.0,15,0,0.0008941557024680913,0.009900990099009901,0.0008853026757109816
19.0,16,0,0.0007231966920426824,0.009900990099009901,0.0007160363287551311
19.0,17,0,0.0005813377159115118,0.009900990099009901,0.0005755818969420909
19.0,18,0,0.0004644397229434105,0.009900990099009901,0.00045984130984496084
19.0,19,0,0.0003687729036809806,0.009900990099009901,0.000365121686812852
19.0,20,0,0.00029101638159112486,0.009900990099009901,0.0002881350312783415
19.0,21,0,0.0002282467792376064,0.009900990099009901,0.00022598691013624392
19.0,22,0,0.00017791831916547096,0.009900990099009901,0.00017791831916547102
19.0,23,0,0.00013783688933999283,0.009900990099009901,0.00013783688933999288
19.0,24,0,0.00010613021577754456,0.009900990099009901,0.00010613021577754458
19.0,25,0,8.12159666752077e-05,0.009900990099009901,8.121596667520772e-05
19.0,26,0,6.176928514722846e-05,0.009900990099009901,6.176928514722847e-05
19.0,27,0,4.669092944742381e-05,0.009900990099009901,4.6690929447423826e-05
19.0,28,0,3.507690362258842e-05,0.009900990099009901,3.5076903622588425e-05
19.0,29,0,2.619019703775649e-05,0.009900990099009901,2.6190197037756498e-05
19.0,30,0,1.943502340107095e-05,0.009900990099009901,1.9435023401070957e-05
19.0,31,0,1.4333760892548675e-05,0.009900990099009901,1.4333760892548678e-05
19.0,32,0,1.050664427448833e-05,0.009900990099009901,1.0506644274488334e-05
19.0,33,0,7.654145022573111e-06,0.009900990099009901,7.654145022573115e-06
19.0,34,0,5.541892909577406e-06,0.009900990099009901,5.541892909577408e-06
19.0,35,0,3.9879376219076335e-06,0.009900990099009901,3.987937621907635e-06
19.0,36,0,2.8521172028561637e-06,0.009900990099009901,2.8521172028561645e-06
19.0,37,0,2.027286664540995e-06,0.009900990099009901,2.0272866645409957e-06
19.0,38,0,1.4321606692790922e-06,0.009900990099009901,1.4321606692790927e-06
19.0,39,0,1.0055347996473785e-06,0.009900990099009901,1.0055347996473789e-06
19.0,40,0,7.016673216897473e-07,0.009900990099009901,7.016673216897475e-07
19.0,41,0,4.866247339530005e-07,0.009900990099009901,4.866247339530008e-07
19.0,42,0,3.3541763322375573e-07,0.009900990099009901,3.3541763322375583e-07
19.0,43,0,2.2977690916636817e-07,0.009900990099009901,2.2977690916636825e-07
19.0,44,0,1.5644282802540488e-07,0.009900990099009901,1.5644282802540493e-07
19.0,45,0,1.0586044474347744e-07,0.009900990099009901,1.0586044474347748e-07
19.0,46,0,7.119353406803697e-08,0.009900990099009901,7.1193534068037e-08
19.0,47,0,4.7585668072613885e-08,0.009900990099009901,4.75856680726139e-08
19.0,48,0,3.161116990391122e-08,0.009900990099009901,3.161116990391123e-08
19.0,49,0,2.087054307153835e-08,0.009900990099009901,2.0870543071538357e-08
19.0,50,0,1.3694800404806529e-08,0.009900990099009901,1.3694800404806532e-08
19.0,51,0,8.931130723865977e-09,0.009900990099009901,8.931130723865978e-09
19.0,52,0,5.7887655779964575e-09,0.009900990099009901,5.788765577996459e-09
19.0,53,0,3.729016206932556e-09,0.009900990099009901,3.729016206932558e-09
19.0,54,0,2.3874336951834607e-09,0.009900990099009901,2.3874336951834615e-09
19.0,55,0,1.51913792656444e-09,0.009900990099009901,1.5191379265644404e-09
19.0,56,0,9.607088458096769e-10,0.009900990099009901,9.60708845809677e-10
19.0,57,0,6.038307631683892e-10,0.009900990099009901,6.038307631683894e-10
19.0,58,0,3.7719638523725507e-10,0.009900990099009901,3.771963852372552e-10
19.0,59,0,2.3417912053957934e-10,0.009900990099009901,2.3417912053957945e-10
19.0,60,0,1.4449685892259367e-10,0.009900990099009901,1.444968589225937e-10
19.0,61,0,8.861278377736426e-11,0.009900990099009901,8.861278377736428e-11
19.0,62,0,5.40086864120326e-11,0.009900990099009901,5.400868641203261e-11
19.0,63,0,3.271605208965411e-11,0.009900990099009901,3.271605208965412e-11
19.0,64,0,1.9696244635269977e-11,0.009900990099009901,1.9696244635269984e-11
19.0,65,0,1.1785239451000962e-11,0.009900990099009901,1.1785239451000965e-11
19.0,66,0,7.008504887551226e-12,0.009900990099009901,7.008504887551227e-12
19.0,67,0,4.1421310825739965e-12,0.009900990099009901,4.142131082573997e-12
19.0,68,0,2.433164780768493e-12,0.009900990099009901,2.433164780768494e-12
19.0,69,0,1.4205303600078878e-12,0.009900990099009901,1.4205303600078882e-12
19.0,70,0,8.242295734817162e-13,0.009900990099009901,8.242295734817164e-13
19.0,71,0,4.752864768420295e-13,0.009900990099009901,4.752864768420296e-13
19.0,72,0,2.724487302430134e-13,0.009900990099009901,2.724487302430135e-13
19.0,73,0,1.5509815654013437e-13,0.009900990099009901,1.5509815654013442e-13
19.0,74,0,8.79296635503124e-14,0.009900990099009901,8.792966355031242e-14
19.0,75,0,1.1102230246251565e-13,0.009900990099009901,1.1102230246251568e-13
