entity_id,season,metric,value,sample_size,available_at_utc,source_manifest_hash
ARI,2020,defense_allowed_epa_per_play,0.006804448409974729,1047,2021-02-15T00:00:00Z,daec211cfe940ff0b8c175d9b16010e7
ARI,2020,defense_allowed_success_rate,0.448901623686724,1047,2021-02-15T00:00:00Z,daec211cfe940ff0b8c175d9b16010e7
ARI,2020,offense_early_down_epa,0.04877246387448018,840,2021-02-15T00:00:00Z,daec211cfe940ff0b8c175d9b16010e7
ARI,2020,offense_epa_per_play,0.03820799513984579,1068,2021-02-15T00:00:00Z,daec211cfe940ff0b8c175d9b16010e7
ARI,2020,offense_explosive_rate,0.18820224719101122,1068,2021-02-15T00:00:00Z,daec211cfe940ff0b8c175d9b16010e7
ARI,2020,offense_fumble_lost_rate,0.00749063670411985,1068,2021-02-15T00:00:00Z,daec211cfe940ff0b8c175d9b16010e7
ARI,2020,offense_int_rate,0.020061728395061727,648,2021-02-15T00:00:00Z,daec211cfe940ff0b8c175d9b16010e7
ARI,2020,offense_late_down_epa,0.011903418465741961,225,2021-02-15T00:00:00Z,daec211cfe940ff0b8c175d9b16010e7
ARI,2020,offense_pace_plays_per_game,66.75,1068,2021-02-15T00:00:00Z,daec211cfe940ff0b8c175d9b16010e7
ARI,2020,offense_pass_epa,0.06069592359908243,648,2021-02-15T00:00:00Z,daec211cfe940ff0b8c175d9b16010e7
ARI,2020,offense_red_zone_epa,0.04450164682271851,172,2021-02-15T00:00:00Z,daec211cfe940ff0b8c175d9b16010e7
ARI,2020,offense_rush_epa,0.071911892291403,470,2021-02-15T00:00:00Z,daec211cfe940ff0b8c175d9b16010e7
ARI,2020,offense_sack_rate,0.044753086419753084,648,2021-02-15T00:00:00Z,daec211cfe940ff0b8c175d9b16010e7
ARI,2020,offense_success_rate,0.4541198501872659,1068,2021-02-15T00:00:00Z,daec211cfe940ff0b8c175d9b16010e7
ARI,2020,special_teams_epa_per_play,-0.0007703513922277615,183,2021-02-15T00:00:00Z,daec211cfe940ff0b8c175d9b16010e7
ARI,2021,defense_allowed_epa_per_play,-0.04109297809948322,1082,2022-02-15T00:00:00Z,daec211cfe940ff0b8c175d9b16010e7
ARI,2021,defense_allowed_success_rate,0.4399260628465804,1082,2022-02-15T00:00:00Z,daec211cfe940ff0b8c175d9b16010e7
ARI,2021,offense_early_down_epa,0.018502199331316638,905,2022-02-15T00:00:00Z,daec211cfe940ff0b8c175d9b16010e7
ARI,2021,offense_epa_per_play,0.05135878988439889,1166,2022-02-15T00:00:00Z,daec211cfe940ff0b8c175d9b16010e7
ARI,2021,offense_explosive_rate,0.18096054888507718,1166,2022-02-15T00:00:00Z,daec211cfe940ff0b8c175d9b16010e7
ARI,2021,offense_fumble_lost_rate,0.002572898799313894,1166,2022-02-15T00:00:00Z,daec211cfe940ff0b8c175d9b16010e7
ARI,2021,offense_int_rate,0.01849217638691323,703,2022-02-15T00:00:00Z,daec211cfe940ff0b8c175d9b16010e7
ARI,2021,offense_late_down_epa,0.17822038221072695,258,2022-02-15T00:00:00Z,daec211cfe940ff0b8c175d9b16010e7
ARI,2021,offense_pace_plays_per_game,64.77777777777777,1166,2022-02-15T00:00:00Z,daec211cfe940ff0b8c175d9b16010e7
ARI,2021,offense_pass_epa,0.09915102473277736,703,2022-02-15T00:00:00Z,daec211cfe940ff0b8c175d9b16010e7
ARI,2021,offense_red_zone_epa,0.04101605446370218,195,2022-02-15T00:00:00Z,daec211cfe940ff0b8c175d9b16010e7
ARI,2021,offense_rush_epa,0.012080149832242927,497,2022-02-15T00:00:00Z,daec211cfe940ff0b8c175d9b16010e7
ARI,2021,offense_sack_rate,0.05832147937411095,703,2022-02-15T00:00:00Z,daec211cfe940ff0b8c175d9b16010e7
ARI,2021,offense_success_rate,0.46226415094339623,1166,2022-02-15T00:00:00Z,daec211cfe940ff0b8c175d9b16010e7
ARI,2021,special_teams_epa_per_play,-0.07406717719450381,192,2022-02-15T00:00:00Z,daec211cfe940ff0b8c175d9b16010e7
ARI,2022,defense_allowed_epa_per_play,0.01569981764329479,1060,2023-02-15T00:00:00Z,daec211cfe940ff0b8c175d9b16010e7
ARI,2022,defense_allowed_success_rate,0.47924528301886793,1060,2023-02-15T00:00:00Z,daec211cfe940ff0b8c175d9b16010e7
ARI,2022,offense_early_down_epa,-0.024149134982405448,861,2023-02-15T00:00:00Z,daec211cfe940ff0b8c175d9b16010e7
ARI,2022,offense_epa_per_play,-0.08810489865695859,1142,2023-02-15T00:00:00Z,daec211cfe940ff0b8c175d9b16010e7
ARI,2022,offense_explosive_rate,0.17162872154115585,1142,2023-02-15T00:00:00Z,daec211cfe940ff0b8c175d9b16010e7
ARI,2022,offense_fumble_lost_rate,0.006129597197898424,1142,2023-02-15T00:00:00Z,daec211cfe940ff0b8c175d9b16010e7
ARI,2022,offense_int_rate,0.02257636122177955,753,2023-02-15T00:00:00Z,daec211cfe940ff0b8c175d9b16010e7
ARI,2022,offense_late_down_epa,-0.2988984891411604,272,2023-02-15T00:00:00Z,daec211cfe940ff0b8c175d9b16010e7
ARI,2022,offense_pace_plays_per_game,67.17647058823529,1142,2023-02-15T00:00:00Z,daec211cfe940ff0b8c175d9b16010e7
ARI,2022,offense_pass_epa,-0.10214290466402579,753,2023-02-15T00:00:00Z,daec211cfe940ff0b8c175d9b16010e7
ARI,2022,offense_red_zone_epa,-0.025770771688470515,151,2023-02-15T00:00:00Z,daec211cfe940ff0b8c175d9b16010e7
ARI,2022,offense_rush_epa,-0.014916939369239424,429,2023-02-15T00:00:00Z,daec211cfe940ff0b8c175d9b16010e7
ARI,2022,offense_sack_rate,0.06108897742363878,753,2023-02-15T00:00:00Z,daec211cfe940ff0b8c175d9b16010e7
ARI,2022,offense_success_rate,0.4063047285464098,1142,2023-02-15T00:00:00Z,daec211cfe940ff0b8c175d9b16010e7
ARI,2022,special_teams_epa_per_play,-0.13724149375536282,189,2023-02-15T00:00:00Z,daec211cfe940ff0b8c175d9b16010e7
ARI,2023,defense_allowed_epa_per_play,0.08527101431054765,1047,2024-02-15T00:00:00Z,daec211cfe940ff0b8c175d9b16010e7
ARI,2023,defense_allowed_success_rate,0.47468958930276983,1047,2024-02-15T00:00:00Z,daec211cfe940ff0b8c175d9b16010e7
ARI,2023,offense_early_down_epa,-0.057479315058340974,802,2024-02-15T00:00:00Z,daec211cfe940ff0b8c175d9b16010e7
ARI,2023,offense_epa_per_play,-0.07129560704468338,1071,2024-02-15T00:00:00Z,daec211cfe940ff0b8c175d9b16010e7
ARI,2023,offense_explosive_rate,0.17366946778711484,1071,2024-02-15T00:00:00Z,daec211cfe940ff0b8c175d9b16010e7
ARI,2023,offense_fumble_lost_rate,0.004668534080298786,1071,2024-02-15T00:00:00Z,daec211cfe940ff0b8c175d9b16010e7
ARI,2023,offense_int_rate,0.01889763779527559,635,2024-02-15T00:00:00Z,daec211cfe940ff0b8c175d9b16010e7
ARI,2023,offense_late_down_epa,-0.09686842205473324,257,2024-02-15T00:00:00Z,daec211cfe940ff0b8c175d9b16010e7
ARI,2023,offense_pace_plays_per_game,63.0,1071,2024-02-15T00:00:00Z,daec211cfe940ff0b8c175d9b16010e7
ARI,2023,offense_pass_epa,-0.11725992694275579,635,2024-02-15T00:00:00Z,daec211cfe940ff0b8c175d9b16010e7
ARI,2023,offense_red_zone_epa,0.0510214411339343,138,2024-02-15T00:00:00Z,daec211cfe940ff0b8c175d9b16010e7
ARI,2023,offense_rush_epa,0.052013942524252926,469,2024-02-15T00:00:00Z,daec211cfe940ff0b8c175d9b16010e7
ARI,2023,offense_sack_rate,0.06614173228346457,635,2024-02-15T00:00:00Z,daec211cfe940ff0b8c175d9b16010e7
ARI,2023,offense_success_rate,0.40522875816993464,1071,2024-02-15T00:00:00Z,daec211cfe940ff0b8c175d9b16010e7
ARI,2023,special_teams_epa_per_play,0.061654621744744925,183,2024-02-15T00:00:00Z,daec211cfe940ff0b8c175d9b16010e7
ARI,2024,defense_allowed_epa_per_play,0.05562410964666042,1032,2025-02-15T00:00:00Z,daec211cfe940ff0b8c175d9b16010e7
ARI,2024,defense_allowed_success_rate,0.47771317829457366,1032,2025-02-15T00:00:00Z,daec211cfe940ff0b8c175d9b16010e7
ARI,2024,offense_early_down_epa,0.08571112746077034,816,2025-02-15T00:00:00Z,daec211cfe940ff0b8c175d9b16010e7
ARI,2024,offense_epa_per_play,0.06708086857727291,1031,2025-02-15T00:00:00Z,daec211cfe940ff0b8c175d9b16010e7
ARI,2024,offense_explosive_rate,0.19204655674102813,1031,2025-02-15T00:00:00Z,daec211cfe940ff0b8c175d9b16010e7
ARI,2024,offense_fumble_lost_rate,0.009699321047526674,1031,2025-02-15T00:00:00Z,daec211cfe940ff0b8c175d9b16010e7
ARI,2024,offense_int_rate,0.01794453507340946,613,2025-02-15T00:00:00Z,daec211cfe940ff0b8c175d9b16010e7
ARI,2024,offense_late_down_epa,-0.009737640499143923,210,2025-02-15T00:00:00Z,daec211cfe940ff0b8c175d9b16010e7
ARI,2024,offense_pace_plays_per_game,60.64705882352941,1031,2025-02-15T00:00:00Z,daec211cfe940ff0b8c175d9b16010e7
ARI,2024,offense_pass_epa,0.10892592872500802,613,2025-02-15T00:00:00Z,daec211cfe940ff0b8c175d9b16010e7
ARI,2024,offense_red_zone_epa,0.07442106067894738,157,2025-02-15T00:00:00Z,daec211cfe940ff0b8c175d9b16010e7
ARI,2024,offense_rush_epa,0.056177170416274756,459,2025-02-15T00:00:00Z,daec211cfe940ff0b8c175d9b16010e7
ARI,2024,offense_sack_rate,0.048939641109298535,613,2025-02-15T00:00:00Z,daec211cfe940ff0b8c175d9b16010e7
ARI,2024,offense_success_rate,0.47332686711930166,1031,2025-02-15T00:00:00Z,daec211cfe940ff0b8c175d9b16010e7
ARI,2024,special_teams_epa_per_play,0.11527894108685444,181,2025-02-15T00:00:00Z,daec211cfe940ff0b8c175d9b16010e7
ARI,2025,defense_allowed_epa_per_play,0.08844167027998048,1053,2026-02-15T00:00:00Z,daec211cfe940ff0b8c175d9b16010e7
ARI,2025,defense_allowed_success_rate,0.4852801519468186,1053,2026-02-15T00:00:00Z,daec211cfe940ff0b8c175d9b16010e7
ARI,2025,offense_early_down_epa,0.0017932616412471175,818,2026-02-15T00:00:00Z,daec211cfe940ff0b8c175d9b16010e7
ARI,2025,offense_epa_per_play,-0.018504273106814368,1074,2026-02-15T00:00:00Z,daec211cfe940ff0b8c175d9b16010e7
ARI,2025,offense_explosive_rate,0.17411545623836128,1074,2026-02-15T00:00:00Z,daec211cfe940ff0b8c175d9b16010e7
ARI,2025,offense_fumble_lost_rate,0.008379888268156424,1074,2026-02-15T00:00:00Z,daec211cfe940ff0b8c175d9b16010e7
ARI,2025,offense_int_rate,0.014705882352941176,748,2026-02-15T00:00:00Z,daec211cfe940ff0b8c175d9b16010e7
ARI,2025,offense_late_down_epa,-0.07758919579070944,252,2026-02-15T00:00:00Z,daec211cfe940ff0b8c175d9b16010e7
ARI,2025,offense_pace_plays_per_game,63.1764705882353,1074,2026-02-15T00:00:00Z,daec211cfe940ff0b8c175d9b16010e7
ARI,2025,offense_pass_epa,0.022558239313085288,748,2026-02-15T00:00:00Z,daec211cfe940ff0b8c175d9b16010e7
ARI,2025,offense_red_zone_epa,-0.09105319979395142,169,2026-02-15T00:00:00Z,daec211cfe940ff0b8c175d9b16010e7
ARI,2025,offense_rush_epa,-0.059079269295059106,364,2026-02-15T00:00:00Z,daec211cfe940ff0b8c175d9b16010e7
ARI,2025,offense_sack_rate,0.07887700534759358,748,2026-02-15T00:00:00Z,daec211cfe940ff0b8c175d9b16010e7
ARI,2025,offense_success_rate,0.4301675977653631,1074,2026-02-15T00:00:00Z,daec211cfe940ff0b8c175d9b16010e7
ARI,2025,special_teams_epa_per_play,0.004603187680210358,200,2026-02-15T00:00:00Z,daec211cfe940ff0b8c175d9b16010e7
ATL,2020,defense_allowed_epa_per_play,0.06276420179551483,1020,2021-02-15T00:00:00Z,daec211cfe940ff0b8c175d9b16010e7
ATL,2020,defense_allowed_success_rate,0.47058823529411764,1020,2021-02-15T00:00:00Z,daec211cfe940ff0b8c175d9b16010e7
ATL,2020,offense_early_down_epa,-0.005854083201214634,820,2021-02-15T00:00:00Z,daec211cfe940ff0b8c175d9b16010e7
ATL,2020,offense_epa_per_play,0.02071866293799102,1069,2021-02-15T00:00:00Z,daec211cfe940ff0b8c175d9b16010e7
ATL,2020,offense_explosive_rate,0.19270346117867165,1069,2021-02-15T00:00:00Z,daec211cfe940ff0b8c175d9b16010e7
ATL,2020,offense_fumble_lost_rate,0.006548175865294668,1069,2021-02-15T00:00:00Z,daec211cfe940ff0b8c175d9b16010e7
ATL,2020,offense_int_rate,0.01601164483260553,687,2021-02-15T00:00:00Z,daec211cfe940ff0b8c175d9b16010e7
ATL,2020,offense_late_down_epa,0.11296584921019676,246,2021-02-15T00:00:00Z,daec211cfe940ff0b8c175d9b16010e7
ATL,2020,offense_pace_plays_per_game,66.8125,1069,2021-02-15T00:00:00Z,daec211cfe940ff0b8c175d9b16010e7
ATL,2020,offense_pass_epa,0.10401353422353105,687,2021-02-15T00:00:00Z,daec211cfe940ff0b8c175d9b16010e7
ATL,2020,offense_red_zone_epa,-0.0956393677849894,180,2021-02-15T00:00:00Z,daec211cfe940ff0b8c175d9b16010e7
ATL,2020,offense_rush_epa,-0.09427248790590517,398,2021-02-15T00:00:00Z,daec211cfe940ff0b8c175d9b16010e7
ATL,2020,offense_sack_rate,0.05967976710334789,687,2021-02-15T00:00:00Z,daec211cfe940ff0b8c175d9b16010e7
ATL,2020,offense_success_rate,0.4321796071094481,1069,2021-02-15T00:00:00Z,daec211cfe940ff0b8c175d9b16010e7
ATL,2020,special_teams_epa_per_play,-0.10916798006792934,178,2021-02-15T00:00:00Z,daec211cfe940ff0b8c175d9b16010e7
ATL,2021,defense_allowed_epa_per_play,0.08212354451181798,1107,2022-02-15T00:00:00Z,daec211cfe940ff0b8c175d9b16010e7
ATL,2021,defense_allowed_success_rate,0.48509485094850946,1107,2022-02-15T00:00:00Z,daec211cfe940ff0b8c175d9b16010e7
ATL,2021,offense_early_down_epa,-0.05237319517326995,762,2022-02-15T00:00:00Z,daec211cfe940ff0b8c175d9b16010e7
ATL,2021,offense_epa_per_play,-0.09767406707378512,998,2022-02-15T00:00:00Z,daec211cfe940ff0b8c175d9b16010e7
ATL,2021,offense_explosive_rate,0.17935871743486975,998,2022-02-15T00:00:00Z,daec211cfe940ff0b8c175d9b16010e7
ATL,2021,offense_fumble_lost_rate,0.011022044088176353,998,2022-02-15T00:00:00Z,daec211cfe940ff0b8c175d9b16010e7
ATL,2021,offense_int_rate,0.02377179080824089,631,2022-02-15T00:00:00Z,daec211cfe940ff0b8c175d9b16010e7
ATL,2021,offense_late_down_epa,-0.24347358033307237,233,2022-02-15T00:00:00Z,daec211cfe940ff0b8c175d9b16010e7
ATL,2021,offense_pace_plays_per_game,58.705882352941174,998,2022-02-15T00:00:00Z,daec211cfe940ff0b8c175d9b16010e7
ATL,2021,offense_pass_epa,-0.06923101269040396,631,2022-02-15T00:00:00Z,daec211cfe940ff0b8c175d9b16010e7
ATL,2021,offense_red_zone_epa,0.014768734645685866,160,2022-02-15T00:00:00Z,daec211cfe940ff0b8c175d9b16010e7
ATL,2021,offense_rush_epa,-0.14938016002926202,384,2022-02-15T00:00:00Z,daec211cfe940ff0b8c175d9b16010e7
ATL,2021,offense_sack_rate,0.06339144215530904,631,2022-02-15T00:00:00Z,daec211cfe940ff0b8c175d9b16010e7
ATL,2021,offense_success_rate,0.40380761523046094,998,2022-02-15T00:00:00Z,daec211cfe940ff0b8c175d9b16010e7
ATL,2021,special_teams_epa_per_play,-0.09399374614820415,193,2022-02-15T00:00:00Z,daec211cfe940ff0b8c175d9b16010e7
ATL,2022,defense_allowed_epa_per_play,0.07984969782069154,1075,2023-02-15T00:00:00Z,daec211cfe940ff0b8c175d9b16010e7
ATL,2022,defense_allowed_success_rate,0.49023255813953487,1075,2023-02-15T00:00:00Z,daec211cfe940ff0b8c175d9b16010e7
ATL,2022,offense_early_down_epa,0.03177558254926758,786,2023-02-15T00:00:00Z,daec211cfe940ff0b8c175d9b16010e7
ATL,2022,offense_epa_per_play,0.00489962621044899,1000,2023-02-15T00:00:00Z,daec211cfe940ff0b8c175d9b16010e7
ATL,2022,offense_explosive_rate,0.189,1000,2023-02-15T00:00:00Z,daec211cfe940ff0b8c175d9b16010e7
ATL,2022,offense_fumble_lost_rate,0.01,1000,2023-02-15T00:00:00Z,daec211cfe940ff0b8c175d9b16010e7
ATL,2022,offense_int_rate,0.018442622950819672,488,2023-02-15T00:00:00Z,daec211cfe940ff0b8c175d9b16010e7
ATL,2022,offense_late_down_epa,-0.11011839655580721,211,2023-02-15T00:00:00Z,daec211cfe940ff0b8c175d9b16010e7
ATL,2022,offense_pace_plays_per_game,58.8235294117647,1000,2023-02-15T00:00:00Z,daec211cfe940ff0b8c175d9b16010e7
ATL,2022,offense_pass_epa,-0.016935418251078055,488,2023-02-15T00:00:00Z,daec211cfe940ff0b8c175d9b16010e7
ATL,2022,offense_red_zone_epa,-6.5379853315280575e-06,170,2023-02-15T00:00:00Z,daec211cfe940ff0b8c175d9b16010e7
ATL,2022,offense_rush_epa,0.032315204599965015,550,2023-02-15T00:00:00Z,daec211cfe940ff0b8c175d9b16010e7
ATL,2022,offense_sack_rate,0.07581967213114754,488,2023-02-15T00:00:00Z,daec211cfe940ff0b8c175d9b16010e7
ATL,2022,offense_success_rate,0.455,1000,2023-02-15T00:00:00Z,daec211cfe940ff0b8c175d9b16010e7
ATL,2022,special_teams_epa_per_play,-0.04577997141906682,188,2023-02-15T00:00:00Z,daec211cfe940ff0b8c175d9b16010e7
ATL,2023,defense_allowed_epa_per_play,-0.05939737415627255,1072,2024-02-15T00:00:00Z,daec211cfe940ff0b8c175d9b16010e7
ATL,2023,defense_allowed_success_rate,0.3917910447761194,1072,2024-02-15T00:00:00Z,daec211cfe940ff0b8c175d9b16010e7
ATL,2023,offense_early_down_epa,-0.0990035738860983,835,2024-02-15T00:00:00Z,daec211cfe940ff0b8c175d9b16010e7
ATL,2023,offense_epa_per_play,-0.09889579120935728,1083,2024-02-15T00:00:00Z,daec211cfe940ff0b8c175d9b16010e7
ATL,2023,offense_explosive_rate,0.17266851338873498,1083,2024-02-15T00:00:00Z,daec211cfe940ff0b8c175d9b16010e7
ATL,2023,offense_fumble_lost_rate,0.010156971375807941,1083,2024-02-15T00:00:00Z,daec211cfe940ff0b8c175d9b16010e7
ATL,2023,offense_int_rate,0.02823920265780731,602,2024-02-15T00:00:00Z,daec211cfe940ff0b8c175d9b16010e7
ATL,2023,offense_late_down_epa,-0.10101703969197477,244,2024-02-15T00:00:00Z,daec211cfe940ff0b8c175d9b16010e7
ATL,2023,offense_pace_plays_per_game,63.705882352941174,1083,2024-02-15T00:00:00Z,daec211cfe940ff0b8c175d9b16010e7
ATL,2023,offense_pass_epa,-0.04633508036565806,602,2024-02-15T00:00:00Z,daec211cfe940ff0b8c175d9b16010e7
ATL,2023,offense_red_zone_epa,-0.15514401274822742,148,2024-02-15T00:00:00Z,daec211cfe940ff0b8c175d9b16010e7
ATL,2023,offense_rush_epa,-0.1127926836221513,514,2024-02-15T00:00:00Z,daec211cfe940ff0b8c175d9b16010e7
ATL,2023,offense_sack_rate,0.0664451827242525,602,2024-02-15T00:00:00Z,daec211cfe940ff0b8c175d9b16010e7
ATL,2023,offense_success_rate,0.41089566020313945,1083,2024-02-15T00:00:00Z,daec211cfe940ff0b8c175d9b16010e7
ATL,2023,special_teams_epa_per_play,-0.05437906838524546,194,2024-02-15T00:00:00Z,daec211cfe940ff0b8c175d9b16010e7
ATL,2024,defense_allowed_epa_per_play,0.061148703863028384,1052,2025-02-15T00:00:00Z,daec211cfe940ff0b8c175d9b16010e7
ATL,2024,defense_allowed_success_rate,0.46482889733840305,1052,2025-02-15T00:00:00Z,daec211cfe940ff0b8c175d9b16010e7
ATL,2024,offense_early_down_epa,0.027402788131816087,831,2025-02-15T00:00:00Z,daec211cfe940ff0b8c175d9b16010e7
ATL,2024,offense_epa_per_play,0.034196056888556585,1073,2025-02-15T00:00:00Z,daec211cfe940ff0b8c175d9b16010e7
ATL,2024,offense_explosive_rate,0.18080149114631874,1073,2025-02-15T00:00:00Z,daec211cfe940ff0b8c175d9b16010e7
ATL,2024,offense_fumble_lost_rate,0.003727865796831314,1073,2025-02-15T00:00:00Z,daec211cfe940ff0b8c175d9b16010e7
ATL,2024,offense_int_rate,0.031879194630872486,596,2025-02-15T00:00:00Z,daec211cfe940ff0b8c175d9b16010e7
ATL,2024,offense_late_down_epa,0.0575993785877397,238,2025-02-15T00:00:00Z,daec211cfe940ff0b8c175d9b16010e7
ATL,2024,offense_pace_plays_per_game,63.11764705882353,1073,2025-02-15T00:00:00Z,daec211cfe940ff0b8c175d9b16010e7
ATL,2024,offense_pass_epa,0.05071383418748128,596,2025-02-15T00:00:00Z,daec211cfe940ff0b8c175d9b16010e7
ATL,2024,offense_red_zone_epa,0.016474542992799674,158,2025-02-15T00:00:00Z,daec211cfe940ff0b8c175d9b16010e7
ATL,2024,offense_rush_epa,0.015037205876838785,484,2025-02-15T00:00:00Z,daec211cfe940ff0b8c175d9b16010e7
ATL,2024,offense_sack_rate,0.053691275167785234,596,2025-02-15T00:00:00Z,daec211cfe940ff0b8c175d9b16010e7
ATL,2024,offense_success_rate,0.4808946877912395,1073,2025-02-15T00:00:00Z,daec211cfe940ff0b8c175d9b16010e7
ATL,2024,special_teams_epa_per_play,0.03516668189435673,179,2025-02-15T00:00:00Z,daec211cfe940ff0b8c175d9b16010e7
ATL,2025,defense_allowed_epa_per_play,-0.003738596840117604,1047,2026-02-15T00:00:00Z,daec211cfe940ff0b8c175d9b16010e7
ATL,2025,defense_allowed_success_rate,0.44603629417383,1047,2026-02-15T00:00:00Z,daec211cfe940ff0b8c175d9b16010e7
ATL,2025,offense_early_down_epa,0.06800855208712181,799,2026-02-15T00:00:00Z,daec211cfe940ff0b8c175d9b16010e7
ATL,2025,offense_epa_per_play,-0.02136928813240201,1036,2026-02-15T00:00:00Z,daec211cfe940ff0b8c175d9b16010e7
ATL,2025,offense_explosive_rate,0.18725868725868725,1036,2026-02-15T00:00:00Z,daec211cfe940ff0b8c175d9b16010e7
ATL,2025,offense_fumble_lost_rate,0.007722007722007722,1036,2026-02-15T00:00:00Z,daec211cfe940ff0b8c175d9b16010e7
ATL,2025,offense_int_rate,0.013651877133105802,586,2026-02-15T00:00:00Z,daec211cfe940ff0b8c175d9b16010e7
ATL,2025,offense_late_down_epa,-0.32913912284454433,233,2026-02-15T00:00:00Z,daec211cfe940ff0b8c175d9b16010e7
ATL,2025,offense_pace_plays_per_game,60.94117647058823,1036,2026-02-15T00:00:00Z,daec211cfe940ff0b8c175d9b16010e7
ATL,2025,offense_pass_epa,0.006732862506924543,586,2026-02-15T00:00:00Z,daec211cfe940ff0b8c175d9b16010e7
ATL,2025,offense_red_zone_epa,0.029461130147850283,142,2026-02-15T00:00:00Z,daec211cfe940ff0b8c175d9b16010e7
ATL,2025,offense_rush_epa,-0.03143512628924203,465,2026-02-15T00:00:00Z,daec211cfe940ff0b8c175d9b16010e7
ATL,2025,offense_sack_rate,0.04436860068259386,586,2026-02-15T00:00:00Z,daec211cfe940ff0b8c175d9b16010e7
ATL,2025,offense_success_rate,0.4372586872586873,1036,2026-02-15T00:00:00Z,daec211cfe940ff0b8c175d9b16010e7
ATL,2025,special_teams_epa_per_play,0.05430038009131085,188,2026-02-15T00:00:00Z,daec211cfe940ff0b8c175d9b16010e7
BAL,2020,defense_allowed_epa_per_play,-0.06429577522088716,1115,2021-02-15T00:00:00Z,daec211cfe940ff0b8c175d9b16010e7
BAL,2020,defense_allowed_success_rate,0.41614349775784754,1115,2021-02-15T00:00:00Z,daec211cfe940ff0b8c175d9b16010e7
BAL,2020,offense_early_down_epa,0.05023464011164867,853,2021-02-15T00:00:00Z,daec211cfe940ff0b8c175d9b16010e7
BAL,2020,offense_epa_per_play,0.09930643964396517,1113,2021-02-15T00:00:00Z,daec211cfe940ff0b8c175d9b16010e7
BAL,2020,offense_explosive_rate,0.20395327942497754,1113,2021-02-15T00:00:00Z,daec211cfe940ff0b8c175d9b16010e7
BAL,2020,offense_fumble_lost_rate,0.006289308176100629,1113,2021-02-15T00:00:00Z,daec211cfe940ff0b8c175d9b16010e7
BAL,2020,offense_int_rate,0.023131672597864767,562,2021-02-15T00:00:00Z,daec211cfe940ff0b8c175d9b16010e7
BAL,2020,offense_late_down_epa,0.254154726001926,258,2021-02-15T00:00:00Z,daec211cfe940ff0b8c175d9b16010e7
BAL,2020,offense_pace_plays_per_game,61.833333333333336,1113,2021-02-15T00:00:00Z,daec211cfe940ff0b8c175d9b16010e7
BAL,2020,offense_pass_epa,0.0968466665115965,562,2021-02-15T00:00:00Z,daec211cfe940ff0b8c175d9b16010e7
BAL,2020,offense_red_zone_epa,0.043928942913833216,186,2021-02-15T00:00:00Z,daec211cfe940ff0b8c175d9b16010e7
BAL,2020,offense_rush_epa,0.145881282213932,608,2021-02-15T00:00:00Z,daec211cfe940ff0b8c175d9b16010e7
BAL,2020,offense_sack_rate,0.07295373665480427,562,2021-02-15T00:00:00Z,daec211cfe940ff0b8c175d9b16010e7
BAL,2020,offense_success_rate,0.4528301886792453,1113,2021-02-15T00:00:00Z,daec211cfe940ff0b8c175d9b16010e7
BAL,2020,special_teams_epa_per_play,0.08997514371963329,190,2021-02-15T00:00:00Z,daec211cfe940ff0b8c175d9b16010e7
BAL,2021,defense_allowed_epa_per_play,0.06960750074434753,1023,2022-02-15T00:00:00Z,daec211cfe940ff0b8c175d9b16010e7
BAL,2021,defense_allowed_success_rate,0.4281524926686217,1023,2022-02-15T00:00:00Z,daec211cfe940ff0b8c175d9b16010e7
BAL,2021,offense_early_down_epa,0.04423708834866422,917,2022-02-15T00:00:00Z,daec211cfe940ff0b8c175d9b16010e7
BAL,2021,offense_epa_per_play,0.005020596546664843,1177,2022-02-15T00:00:00Z,daec211cfe940ff0b8c175d9b16010e7
BAL,2021,offense_explosive_rate,0.18861512319456245,1177,2022-02-15T00:00:00Z,daec211cfe940ff0b8c175d9b16010e7
BAL,2021,offense_fumble_lost_rate,0.006796941376380629,1177,2022-02-15T00:00:00Z,daec211cfe940ff0b8c175d9b16010e7
BAL,2021,offense_int_rate,0.024226110363391656,743,2022-02-15T00:00:00Z,daec211cfe940ff0b8c175d9b16010e7
BAL,2021,offense_late_down_epa,-0.12333399952500226,252,2022-02-15T00:00:00Z,daec211cfe940ff0b8c175d9b16010e7
BAL,2021,offense_pace_plays_per_game,69.23529411764706,1177,2022-02-15T00:00:00Z,daec211cfe940ff0b8c175d9b16010e7
BAL,2021,offense_pass_epa,0.03064477377135569,743,2022-02-15T00:00:00Z,daec211cfe940ff0b8c175d9b16010e7
BAL,2021,offense_red_zone_epa,0.09494196381567652,173,2022-02-15T00:00:00Z,daec211cfe940ff0b8c175d9b16010e7
BAL,2021,offense_rush_epa,0.024603020360604255,509,2022-02-15T00:00:00Z,daec211cfe940ff0b8c175d9b16010e7
BAL,2021,offense_sack_rate,0.07671601615074024,743,2022-02-15T00:00:00Z,daec211cfe940ff0b8c175d9b16010e7
BAL,2021,offense_success_rate,0.4638912489379779,1177,2022-02-15T00:00:00Z,daec211cfe940ff0b8c175d9b16010e7
BAL,2021,special_teams_epa_per_play,-0.024641273813411187,188,2022-02-15T00:00:00Z,daec211cfe940ff0b8c175d9b16010e7
BAL,2022,defense_allowed_epa_per_play,-0.010766807443689519,1093,2023-02-15T00:00:00Z,daec211cfe940ff0b8c175d9b16010e7
BAL,2022,defense_allowed_success_rate,0.44373284537968893,1093,2023-02-15T00:00:00Z,daec211cfe940ff0b8c175d9b16010e7
BAL,2022,offense_early_down_epa,0.046426925822083756,845,2023-02-15T00:00:00Z,daec211cfe940ff0b8c175d9b16010e7
BAL,2022,offense_epa_per_play,-0.0011890545504225113,1096,2023-02-15T00:00:00Z,daec211cfe940ff0b8c175d9b16010e7
BAL,2022,offense_explosive_rate,0.17518248175182483,1096,2023-02-15T00:00:00Z,daec211cfe940ff0b8c175d9b16010e7
BAL,2022,offense_fumble_lost_rate,0.008211678832116789,1096,2023-02-15T00:00:00Z,daec211cfe940ff0b8c175d9b16010e7
BAL,2022,offense_int_rate,0.02348993288590604,596,2023-02-15T00:00:00Z,daec211cfe940ff0b8c175d9b16010e7
BAL,2022,offense_late_down_epa,-0.1712448036422644,249,2023-02-15T00:00:00Z,daec211cfe940ff0b8c175d9b16010e7
BAL,2022,offense_pace_plays_per_game,60.888888888888886,1096,2023-02-15T00:00:00Z,daec211cfe940ff0b8c175d9b16010e7
BAL,2022,offense_pass_epa,-0.027962045775158945,596,2023-02-15T00:00:00Z,daec211cfe940ff0b8c175d9b16010e7
BAL,2022,offense_red_zone_epa,-0.13361254863410202,189,2023-02-15T00:00:00Z,daec211cfe940ff0b8c175d9b16010e7
BAL,2022,offense_rush_epa,0.05027719376841431,543,2023-02-15T00:00:00Z,daec211cfe940ff0b8c175d9b16010e7
BAL,2022,offense_sack_rate,0.06711409395973154,596,2023-02-15T00:00:00Z,daec211cfe940ff0b8c175d9b16010e7
BAL,2022,offense_success_rate,0.4516423357664234,1096,2023-02-15T00:00:00Z,daec211cfe940ff0b8c175d9b16010e7
BAL,2022,special_teams_epa_per_play,0.05866313046763651,175,2023-02-15T00:00:00Z,daec211cfe940ff0b8c175d9b16010e7
BAL,2023,defense_allowed_epa_per_play,-0.14200292861059444,1220,2024-02-15T00:00:00Z,daec211cfe940ff0b8c175d9b16010e7
BAL,2023,defense_allowed_success_rate,0.39918032786885244,1220,2024-02-15T00:00:00Z,daec211cfe940ff0b8c175d9b16010e7
BAL,2023,offense_early_down_epa,0.054811674118255646,939,2024-02-15T00:00:00Z,daec211cfe940ff0b8c175d9b16010e7
BAL,2023,offense_epa_per_play,0.0628199374354018,1187,2024-02-15T00:00:00Z,daec211cfe940ff0b8c175d9b16010e7
BAL,2023,offense_explosive_rate,0.18618365627632688,1187,2024-02-15T00:00:00Z,daec211cfe940ff0b8c175d9b16010e7
BAL,2023,offense_fumble_lost_rate,0.011794439764111205,1187,2024-02-15T00:00:00Z,daec211cfe940ff0b8c175d9b16010e7
BAL,2023,offense_int_rate,0.011695906432748537,684,2024-02-15T00:00:00Z,daec211cfe940ff0b8c175d9b16010e7
BAL,2023,offense_late_down_epa,0.08533782007634097,246,2024-02-15T00:00:00Z,daec211cfe940ff0b8c175d9b16010e7
BAL,2023,offense_pace_plays_per_game,62.473684210526315,1187,2024-02-15T00:00:00Z,daec211cfe940ff0b8c175d9b16010e7
BAL,2023,offense_pass_epa,0.08775290221814937,684,2024-02-15T00:00:00Z,daec211cfe940ff0b8c175d9b16010e7
BAL,2023,offense_red_zone_epa,0.17320465823505815,202,2024-02-15T00:00:00Z,daec211cfe940ff0b8c175d9b16010e7
BAL,2023,offense_rush_epa,0.056691868153396344,586,2024-02-15T00:00:00Z,daec211cfe940ff0b8c175d9b16010e7
BAL,2023,offense_sack_rate,0.07017543859649122,684,2024-02-15T00:00:00Z,daec211cfe940ff0b8c175d9b16010e7
BAL,2023,offense_success_rate,0.4700926705981466,1187,2024-02-15T00:00:00Z,daec211cfe940ff0b8c175d9b16010e7
BAL,2023,special_teams_epa_per_play,0.04865354232166948,214,2024-02-15T00:00:00Z,daec211cfe940ff0b8c175d9b16010e7
BAL,2024,defense_allowed_epa_per_play,-0.03866189301093134,1159,2025-02-15T00:00:00Z,daec211cfe940ff0b8c175d9b16010e7
BAL,2024,defense_allowed_success_rate,0.39775668679896464,1159,2025-02-15T00:00:00Z,daec211cfe940ff0b8c175d9b16010e7
BAL,2024,offense_early_down_epa,0.19681198361767366,932,2025-02-15T00:00:00Z,daec211cfe940ff0b8c175d9b16010e7
BAL,2024,offense_epa_per_play,0.21902256761482866,1167,2025-02-15T00:00:00Z,daec211cfe940ff0b8c175d9b16010e7
BAL,2024,offense_explosive_rate,0.22536418166238217,1167,2025-02-15T00:00:00Z,daec211cfe940ff0b8c175d9b16010e7
BAL,2024,offense_fumble_lost_rate,0.007712082262210797,1167,2025-02-15T00:00:00Z,daec211cfe940ff0b8c175d9b16010e7
BAL,2024,offense_int_rate,0.008319467554076539,601,2025-02-15T00:00:00Z,daec211cfe940ff0b8c175d9b16010e7
BAL,2024,offense_late_down_epa,0.32567638119492687,230,2025-02-15T00:00:00Z,daec211cfe940ff0b8c175d9b16010e7
BAL,2024,offense_pace_plays_per_game,61.421052631578945,1167,2025-02-15T00:00:00Z,daec211cfe940ff0b8c175d9b16010e7
BAL,2024,offense_pass_epa,0.3357556577673003,601,2025-02-15T00:00:00Z,daec211cfe940ff0b8c175d9b16010e7
BAL,2024,offense_red_zone_epa,0.3277890290575068,178,2025-02-15T00:00:00Z,daec211cfe940ff0b8c175d9b16010e7
BAL,2024,offense_rush_epa,0.12850807142421988,619,2025-02-15T00:00:00Z,daec211cfe940ff0b8c175d9b16010e7
BAL,2024,offense_sack_rate,0.04492512479201331,601,2025-02-15T00:00:00Z,daec211cfe940ff0b8c175d9b16010e7
BAL,2024,offense_success_rate,0.5021422450728363,1167,2025-02-15T00:00:00Z,daec211cfe940ff0b8c175d9b16010e7
BAL,2024,special_teams_epa_per_play,0.061609976579552535,219,2025-02-15T00:00:00Z,daec211cfe940ff0b8c175d9b16010e7
BAL,2025,defense_allowed_epa_per_play,0.024138349122292332,1076,2026-02-15T00:00:00Z,daec211cfe940ff0b8c175d9b16010e7
BAL,2025,defense_allowed_success_rate,0.44144981412639406,1076,2026-02-15T00:00:00Z,daec211cfe940ff0b8c175d9b16010e7
BAL,2025,offense_early_down_epa,0.038554364502328256,728,2026-02-15T00:00:00Z,daec211cfe940ff0b8c175d9b16010e7
BAL,2025,offense_epa_per_play,0.033956446009757925,956,2026-02-15T00:00:00Z,daec211cfe940ff0b8c175d9b16010e7
BAL,2025,offense_explosive_rate,0.19874476987447698,956,2026-02-15T00:00:00Z,daec211cfe940ff0b8c175d9b16010e7
BAL,2025,offense_fumble_lost_rate,0.011506276150627616,956,2026-02-15T00:00:00Z,daec211cfe940ff0b8c175d9b16010e7
BAL,2025,offense_int_rate,0.02186878727634195,503,2026-02-15T00:00:00Z,daec211cfe940ff0b8c175d9b16010e7
BAL,2025,offense_late_down_epa,0.018976924901033625,226,2026-02-15T00:00:00Z,daec211cfe940ff0b8c175d9b16010e7
BAL,2025,offense_pace_plays_per_game,56.23529411764706,956,2026-02-15T00:00:00Z,daec211cfe940ff0b8c175d9b16010e7
BAL,2025,offense_pass_epa,0.017753979249633685,503,2026-02-15T00:00:00Z,daec211cfe940ff0b8c175d9b16010e7
BAL,2025,offense_red_zone_epa,-0.15063438161685597,177,2026-02-15T00:00:00Z,daec211cfe940ff0b8c175d9b16010e7
BAL,2025,offense_rush_epa,0.09956107267048876,490,2026-02-15T00:00:00Z,daec211cfe940ff0b8c175d9b16010e7
BAL,2025,offense_sack_rate,0.08946322067594434,503,2026-02-15T00:00:00Z,daec211cfe940ff0b8c175d9b16010e7
BAL,2025,offense_success_rate,0.4456066945606695,956,2026-02-15T00:00:00Z,daec211cfe940ff0b8c175d9b16010e7
BAL,2025,special_teams_epa_per_play,0.14862363874035397,192,2026-02-15T00:00:00Z,daec211cfe940ff0b8c175d9b16010e7
BUF,2020,defense_allowed_epa_per_play,0.03435832885058006,1235,2021-02-15T00:00:00Z,daec211cfe940ff0b8c175d9b16010e7
BUF,2020,defense_allowed_success_rate,0.4720647773279352,1235,2021-02-15T00:00:00Z,daec211cfe940ff0b8c175d9b16010e7
BUF,2020,offense_early_down_epa,0.1406027227272758,956,2021-02-15T00:00:00Z,daec211cfe940ff0b8c175d9b16010e7
BUF,2020,offense_epa_per_play,0.1433833848628032,1187,2021-02-15T00:00:00Z,daec211cfe940ff0b8c175d9b16010e7
BUF,2020,offense_explosive_rate,0.22914911541701768,1187,2021-02-15T00:00:00Z,daec211cfe940ff0b8c175d9b16010e7
BUF,2020,offense_fumble_lost_rate,0.007582139848357203,1187,2021-02-15T00:00:00Z,daec211cfe940ff0b8c175d9b16010e7
BUF,2020,offense_int_rate,0.015170670037926675,791,2021-02-15T00:00:00Z,daec211cfe940ff0b8c175d9b16010e7
BUF,2020,offense_late_down_epa,0.16451473757585894,229,2021-02-15T00:00:00Z,daec211cfe940ff0b8c175d9b16010e7
BUF,2020,offense_pace_plays_per_game,62.473684210526315,1187,2021-02-15T00:00:00Z,daec211cfe940ff0b8c175d9b16010e7
BUF,2020,offense_pass_epa,0.2440854634472893,791,2021-02-15T00:00:00Z,daec211cfe940ff0b8c175d9b16010e7
BUF,2020,offense_red_zone_epa,0.042180115212796035,207,2021-02-15T00:00:00Z,daec211cfe940ff0b8c175d9b16010e7
BUF,2020,offense_rush_epa,0.005085538736057178,434,2021-02-15T00:00:00Z,daec211cfe940ff0b8c175d9b16010e7
BUF,2020,offense_sack_rate,0.04424778761061947,791,2021-02-15T00:00:00Z,daec211cfe940ff0b8c175d9b16010e7
BUF,2020,offense_success_rate,0.4962089300758214,1187,2021-02-15T00:00:00Z,daec211cfe940ff0b8c175d9b16010e7
BUF,2020,special_teams_epa_per_play,0.10557709233514732,213,2021-02-15T00:00:00Z,daec211cfe940ff0b8c175d9b16010e7
BUF,2021,defense_allowed_epa_per_play,-0.09658513299933502,1141,2022-02-15T00:00:00Z,daec211cfe940ff0b8c175d9b16010e7
BUF,2021,defense_allowed_success_rate,0.39964943032427697,1141,2022-02-15T00:00:00Z,daec211cfe940ff0b8c175d9b16010e7
BUF,2021,offense_early_down_epa,0.12359410186658244,969,2022-02-15T00:00:00Z,daec211cfe940ff0b8c175d9b16010e7
BUF,2021,offense_epa_per_play,0.14358610843769784,1240,2022-02-15T00:00:00Z,daec211cfe940ff0b8c175d9b16010e7
BUF,2021,offense_explosive_rate,0.22096774193548388,1240,2022-02-15T00:00:00Z,daec211cfe940ff0b8c175d9b16010e7
BUF,2021,offense_fumble_lost_rate,0.004032258064516129,1240,2022-02-15T00:00:00Z,daec211cfe940ff0b8c175d9b16010e7
BUF,2021,offense_int_rate,0.0199501246882793,802,2022-02-15T00:00:00Z,daec211cfe940ff0b8c175d9b16010e7
BUF,2021,offense_late_down_epa,0.2155798854319203,264,2022-02-15T00:00:00Z,daec211cfe940ff0b8c175d9b16010e7
BUF,2021,offense_pace_plays_per_game,65.26315789473684,1240,2022-02-15T00:00:00Z,daec211cfe940ff0b8c175d9b16010e7
BUF,2021,offense_pass_epa,0.20945578652098287,802,2022-02-15T00:00:00Z,daec211cfe940ff0b8c175d9b16010e7
BUF,2021,offense_red_zone_epa,0.22526898127693465,269,2022-02-15T00:00:00Z,daec211cfe940ff0b8c175d9b16010e7
BUF,2021,offense_rush_epa,0.1296284713441762,489,2022-02-15T00:00:00Z,daec211cfe940ff0b8c175d9b16010e7
BUF,2021,offense_sack_rate,0.03615960099750624,802,2022-02-15T00:00:00Z,daec211cfe940ff0b8c175d9b16010e7
BUF,2021,offense_success_rate,0.4870967741935484,1240,2022-02-15T00:00:00Z,daec211cfe940ff0b8c175d9b16010e7
BUF,2021,special_teams_epa_per_play,-0.10489160472059512,199,2022-02-15T00:00:00Z,daec211cfe940ff0b8c175d9b16010e7
BUF,2022,defense_allowed_epa_per_play,-0.04553498532478108,1132,2023-02-15T00:00:00Z,daec211cfe940ff0b8c175d9b16010e7
BUF,2022,defense_allowed_success_rate,0.43286219081272087,1132,2023-02-15T00:00:00Z,daec211cfe940ff0b8c175d9b16010e7
BUF,2022,offense_early_down_epa,0.06007029363724752,915,2023-02-15T00:00:00Z,daec211cfe940ff0b8c175d9b16010e7
BUF,2022,offense_epa_per_play,0.09345585225060324,1151,2023-02-15T00:00:00Z,daec211cfe940ff0b8c175d9b16010e7
BUF,2022,offense_explosive_rate,0.21198957428323198,1151,2023-02-15T00:00:00Z,daec211cfe940ff0b8c175d9b16010e7
BUF,2022,offense_fumble_lost_rate,0.011294526498696786,1151,2023-02-15T00:00:00Z,daec211cfe940ff0b8c175d9b16010e7
BUF,2022,offense_int_rate,0.02257636122177955,753,2023-02-15T00:00:00Z,daec211cfe940ff0b8c175d9b16010e7
BUF,2022,offense_late_down_epa,0.22079127580413244,233,2023-02-15T00:00:00Z,daec211cfe940ff0b8c175d9b16010e7
BUF,2022,offense_pace_plays_per_game,63.94444444444444,1151,2023-02-15T00:00:00Z,daec211cfe940ff0b8c175d9b16010e7
BUF,2022,offense_pass_epa,0.16258957243267022,753,2023-02-15T00:00:00Z,daec211cfe940ff0b8c175d9b16010e7
BUF,2022,offense_red_zone_epa,-0.00915981633859761,199,2023-02-15T00:00:00Z,daec211cfe940ff0b8c175d9b16010e7
BUF,2022,offense_rush_epa,0.08263749861973531,455,2023-02-15T00:00:00Z,daec211cfe940ff0b8c175d9b16010e7
BUF,2022,offense_sack_rate,0.05444887118193891,753,2023-02-15T00:00:00Z,daec211cfe940ff0b8c175d9b16010e7
BUF,2022,offense_success_rate,0.48392701998262383,1151,2023-02-15T00:00:00Z,daec211cfe940ff0b8c175d9b16010e7
BUF,2022,special_teams_epa_per_play,0.09071340449716205,192,2023-02-15T00:00:00Z,daec211cfe940ff0b8c175d9b16010e7
BUF,2023,defense_allowed_epa_per_play,-0.06552229690922139,1112,2024-02-15T00:00:00Z,daec211cfe940ff0b8c175d9b16010e7
BUF,2023,defense_allowed_success_rate,0.4262589928057554,1112,2024-02-15T00:00:00Z,daec211cfe940ff0b8c175d9b16010e7
BUF,2023,offense_early_down_epa,0.09334954647200312,970,2024-02-15T00:00:00Z,daec211cfe940ff0b8c175d9b16010e7
BUF,2023,offense_epa_per_play,0.11498795600735129,1237,2024-02-15T00:00:00Z,daec211cfe940ff0b8c175d9b16010e7
BUF,2023,offense_explosive_rate,0.1883589329021827,1237,2024-02-15T00:00:00Z,daec211cfe940ff0b8c175d9b16010e7
BUF,2023,offense_fumble_lost_rate,0.007275666936135812,1237,2024-02-15T00:00:00Z,daec211cfe940ff0b8c175d9b16010e7
BUF,2023,offense_int_rate,0.02459016393442623,732,2024-02-15T00:00:00Z,daec211cfe940ff0b8c175d9b16010e7
BUF,2023,offense_late_down_epa,0.19140924811837326,264,2024-02-15T00:00:00Z,daec211cfe940ff0b8c175d9b16010e7
BUF,2023,offense_pace_plays_per_game,65.10526315789474,1237,2024-02-15T00:00:00Z,daec211cfe940ff0b8c175d9b16010e7
BUF,2023,offense_pass_epa,0.17435523273868578,732,2024-02-15T00:00:00Z,daec211cfe940ff0b8c175d9b16010e7
BUF,2023,offense_red_zone_epa,0.18835473275492973,211,2024-02-15T00:00:00Z,daec211cfe940ff0b8c175d9b16010e7
BUF,2023,offense_rush_epa,0.10538258099268982,562,2024-02-15T00:00:00Z,daec211cfe940ff0b8c175d9b16010e7
BUF,2023,offense_sack_rate,0.03551912568306011,732,2024-02-15T00:00:00Z,daec211cfe940ff0b8c175d9b16010e7
BUF,2023,offense_success_rate,0.49474535165723527,1237,2024-02-15T00:00:00Z,daec211cfe940ff0b8c175d9b16010e7
BUF,2023,special_teams_epa_per_play,-0.044097235454066006,199,2024-02-15T00:00:00Z,daec211cfe940ff0b8c175d9b16010e7
BUF,2024,defense_allowed_epa_per_play,0.008598789376224793,1206,2025-02-15T00:00:00Z,daec211cfe940ff0b8c175d9b16010e7
BUF,2024,defense_allowed_success_rate,0.44859038142620233,1206,2025-02-15T00:00:00Z,daec211cfe940ff0b8c175d9b16010e7
BUF,2024,offense_early_down_epa,0.14382260013127715,930,2025-02-15T00:00:00Z,daec211cfe940ff0b8c175d9b16010e7
BUF,2024,offense_epa_per_play,0.18950019448053665,1202,2025-02-15T00:00:00Z,daec211cfe940ff0b8c175d9b16010e7
BUF,2024,offense_explosive_rate,0.2021630615640599,1202,2025-02-15T00:00:00Z,daec211cfe940ff0b8c175d9b16010e7
BUF,2024,offense_fumble_lost_rate,0.0016638935108153079,1202,2025-02-15T00:00:00Z,daec211cfe940ff0b8c175d9b16010e7
BUF,2024,offense_int_rate,0.008915304606240713,673,2025-02-15T00:00:00Z,daec211cfe940ff0b8c175d9b16010e7
BUF,2024,offense_late_down_epa,0.3500455807593929,268,2025-02-15T00:00:00Z,daec211cfe940ff0b8c175d9b16010e7
BUF,2024,offense_pace_plays_per_game,60.1,1202,2025-02-15T00:00:00Z,daec211cfe940ff0b8c175d9b16010e7
BUF,2024,offense_pass_epa,0.2842441409310135,673,2025-02-15T00:00:00Z,daec211cfe940ff0b8c175d9b16010e7
BUF,2024,offense_red_zone_epa,0.25474298168099146,232,2025-02-15T00:00:00Z,daec211cfe940ff0b8c175d9b16010e7
BUF,2024,offense_rush_epa,0.12683352344680415,579,2025-02-15T00:00:00Z,daec211cfe940ff0b8c175d9b16010e7
BUF,2024,offense_sack_rate,0.02823179791976226,673,2025-02-15T00:00:00Z,daec211cfe940ff0b8c175d9b16010e7
BUF,2024,offense_success_rate,0.47920133111480867,1202,2025-02-15T00:00:00Z,daec211cfe940ff0b8c175d9b16010e7
BUF,2024,special_teams_epa_per_play,0.0794791154658908,226,2025-02-15T00:00:00Z,daec211cfe940ff0b8c175d9b16010e7
BUF,2025,defense_allowed_epa_per_play,-0.010996772378458357,1070,2026-02-15T00:00:00Z,daec211cfe940ff0b8c175d9b16010e7
BUF,2025,defense_allowed_success_rate,0.4289719626168224,1070,2026-02-15T00:00:00Z,daec211cfe940ff0b8c175d9b16010e7
BUF,2025,offense_early_down_epa,0.10664388004804252,925,2026-02-15T00:00:00Z,daec211cfe940ff0b8c175d9b16010e7
BUF,2025,offense_epa_per_play,0.1375760409506921,1203,2026-02-15T00:00:00Z,daec211cfe940ff0b8c175d9b16010e7
BUF,2025,offense_explosive_rate,0.19950124688279303,1203,2026-02-15T00:00:00Z,daec211cfe940ff0b8c175d9b16010e7
BUF,2025,offense_fumble_lost_rate,0.00914380714879468,1203,2026-02-15T00:00:00Z,daec211cfe940ff0b8c175d9b16010e7
BUF,2025,offense_int_rate,0.017699115044247787,678,2026-02-15T00:00:00Z,daec211cfe940ff0b8c175d9b16010e7
BUF,2025,offense_late_down_epa,0.26535832051763286,269,2026-02-15T00:00:00Z,daec211cfe940ff0b8c175d9b16010e7
BUF,2025,offense_pace_plays_per_game,63.31578947368421,1203,2026-02-15T00:00:00Z,daec211cfe940ff0b8c175d9b16010e7
BUF,2025,offense_pass_epa,0.19051349776289864,678,2026-02-15T00:00:00Z,daec211cfe940ff0b8c175d9b16010e7
BUF,2025,offense_red_zone_epa,0.1428791578272229,228,2026-02-15T00:00:00Z,daec211cfe940ff0b8c175d9b16010e7
BUF,2025,offense_rush_epa,0.10982318806442788,582,2026-02-15T00:00:00Z,daec211cfe940ff0b8c175d9b16010e7
BUF,2025,offense_sack_rate,0.06489675516224189,678,2026-02-15T00:00:00Z,daec211cfe940ff0b8c175d9b16010e7
BUF,2025,offense_success_rate,0.486284289276808,1203,2026-02-15T00:00:00Z,daec211cfe940ff0b8c175d9b16010e7
BUF,2025,special_teams_epa_per_play,0.06183739159810617,203,2026-02-15T00:00:00Z,daec211cfe940ff0b8c175d9b16010e7
CAR,2020,defense_allowed_epa_per_play,0.07708838365862383,1002,2021-02-15T00:00:00Z,daec211cfe940ff0b8c175d9b16010e7
CAR,2020,defense_allowed_success_rate,0.4720558882235529,1002,2021-02-15T00:00:00Z,daec211cfe940ff0b8c175d9b16010e7
CAR,2020,offense_early_down_epa,0.0006614670432669018,759,2021-02-15T00:00:00Z,daec211cfe940ff0b8c175d9b16010e7
CAR,2020,offense_epa_per_play,0.0036081292959376063,982,2021-02-15T00:00:00Z,daec211cfe940ff0b8c175d9b16010e7
CAR,2020,offense_explosive_rate,0.18228105906313646,982,2021-02-15T00:00:00Z,daec211cfe940ff0b8c175d9b16010e7
CAR,2020,offense_fumble_lost_rate,0.0050916496945010185,982,2021-02-15T00:00:00Z,daec211cfe940ff0b8c175d9b16010e7
CAR,2020,offense_int_rate,0.02564102564102564,624,2021-02-15T00:00:00Z,daec211cfe940ff0b8c175d9b16010e7
CAR,2020,offense_late_down_epa,0.01328112888131745,221,2021-02-15T00:00:00Z,daec211cfe940ff0b8c175d9b16010e7
CAR,2020,offense_pace_plays_per_game,61.375,982,2021-02-15T00:00:00Z,daec211cfe940ff0b8c175d9b16010e7
CAR,2020,offense_pass_epa,0.0506914383002059,624,2021-02-15T00:00:00Z,daec211cfe940ff0b8c175d9b16010e7
CAR,2020,offense_red_zone_epa,-0.21038511138499275,166,2021-02-15T00:00:00Z,daec211cfe940ff0b8c175d9b16010e7
CAR,2020,offense_rush_epa,-0.010407224626064384,396,2021-02-15T00:00:00Z,daec211cfe940ff0b8c175d9b16010e7
CAR,2020,offense_sack_rate,0.057692307692307696,624,2021-02-15T00:00:00Z,daec211cfe940ff0b8c175d9b16010e7
CAR,2020,offense_success_rate,0.45010183299389,982,2021-02-15T00:00:00Z,daec211cfe940ff0b8c175d9b16010e7
CAR,2020,special_teams_epa_per_play,0.011230566031342919,169,2021-02-15T00:00:00Z,daec211cfe940ff0b8c175d9b16010e7
CAR,2021,defense_allowed_epa_per_play,-0.04447047192660209,1011,2022-02-15T00:00:00Z,daec211cfe940ff0b8c175d9b16010e7
CAR,2021,defense_allowed_success_rate,0.4025717111770524,1011,2022-02-15T00:00:00Z,daec211cfe940ff0b8c175d9b16010e7
CAR,2021,offense_early_down_epa,-0.07784363535925157,829,2022-02-15T00:00:00Z,daec211cfe940ff0b8c175d9b16010e7
CAR,2021,offense_epa_per_play,-0.13779425249228214,1099,2022-02-15T00:00:00Z,daec211cfe940ff0b8c175d9b16010e7
CAR,2021,offense_explosive_rate,0.17015468607825296,1099,2022-02-15T00:00:00Z,daec211cfe940ff0b8c175d9b16010e7
CAR,2021,offense_fumble_lost_rate,0.007279344858962694,1099,2022-02-15T00:00:00Z,daec211cfe940ff0b8c175d9b16010e7
CAR,2021,offense_int_rate,0.03074670571010249,683,2022-02-15T00:00:00Z,daec211cfe940ff0b8c175d9b16010e7
CAR,2021,offense_late_down_epa,-0.33502071344435536,266,2022-02-15T00:00:00Z,daec211cfe940ff0b8c175d9b16010e7
CAR,2021,offense_pace_plays_per_game,64.6470588235294,1099,2022-02-15T00:00:00Z,daec211cfe940ff0b8c175d9b16010e7
CAR,2021,offense_pass_epa,-0.17507803572228872,683,2022-02-15T00:00:00Z,daec211cfe940ff0b8c175d9b16010e7
CAR,2021,offense_red_zone_epa,-0.1421859592479381,142,2022-02-15T00:00:00Z,daec211cfe940ff0b8c175d9b16010e7
CAR,2021,offense_rush_epa,-0.030294450994567405,446,2022-02-15T00:00:00Z,daec211cfe940ff0b8c175d9b16010e7
CAR,2021,offense_sack_rate,0.07613469985358712,683,2022-02-15T00:00:00Z,daec211cfe940ff0b8c175d9b16010e7
CAR,2021,offense_success_rate,0.4094631483166515,1099,2022-02-15T00:00:00Z,daec211cfe940ff0b8c175d9b16010e7
CAR,2021,special_teams_epa_per_play,-0.11498181028850366,193,2022-02-15T00:00:00Z,daec211cfe940ff0b8c175d9b16010e7
CAR,2022,defense_allowed_epa_per_play,0.002919753599837837,1090,2023-02-15T00:00:00Z,daec211cfe940ff0b8c175d9b16010e7
CAR,2022,defense_allowed_success_rate,0.44220183486238535,1090,2023-02-15T00:00:00Z,daec211cfe940ff0b8c175d9b16010e7
CAR,2022,offense_early_down_epa,-0.0006121683140183999,744,2023-02-15T00:00:00Z,daec211cfe940ff0b8c175d9b16010e7
CAR,2022,offense_epa_per_play,-0.034510066433182905,971,2023-02-15T00:00:00Z,daec211cfe940ff0b8c175d9b16010e7
CAR,2022,offense_explosive_rate,0.16580844490216273,971,2023-02-15T00:00:00Z,daec211cfe940ff0b8c175d9b16010e7
CAR,2022,offense_fumble_lost_rate,0.005149330587023687,971,2023-02-15T00:00:00Z,daec211cfe940ff0b8c175d9b16010e7
CAR,2022,offense_int_rate,0.025490196078431372,510,2023-02-15T00:00:00Z,daec211cfe940ff0b8c175d9b16010e7
CAR,2022,offense_late_down_epa,-0.14020547659637184,223,2023-02-15T00:00:00Z,daec211cfe940ff0b8c175d9b16010e7
CAR,2022,offense_pace_plays_per_game,57.11764705882353,971,2023-02-15T00:00:00Z,daec211cfe940ff0b8c175d9b16010e7
CAR,2022,offense_pass_epa,-0.07600981909206848,510,2023-02-15T00:00:00Z,daec211cfe940ff0b8c175d9b16010e7
CAR,2022,offense_red_zone_epa,0.09023659240055329,132,2023-02-15T00:00:00Z,daec211cfe940ff0b8c175d9b16010e7
CAR,2022,offense_rush_epa,0.02933332627028095,480,2023-02-15T00:00:00Z,daec211cfe940ff0b8c175d9b16010e7
CAR,2022,offense_sack_rate,0.07058823529411765,510,2023-02-15T00:00:00Z,daec211cfe940ff0b8c175d9b16010e7
CAR,2022,offense_success_rate,0.40679711637487126,971,2023-02-15T00:00:00Z,daec211cfe940ff0b8c175d9b16010e7
CAR,2022,special_teams_epa_per_play,-0.003949693683944437,196,2023-02-15T00:00:00Z,daec211cfe940ff0b8c175d9b16010e7
CAR,2023,defense_allowed_epa_per_play,0.022973723828408645,981,2024-02-15T00:00:00Z,daec211cfe940ff0b8c175d9b16010e7
CAR,2023,defense_allowed_success_rate,0.43934760448521915,981,2024-02-15T00:00:00Z,daec211cfe940ff0b8c175d9b16010e7
CAR,2023,offense_early_down_epa,-0.15983209685483968,794,2024-02-15T00:00:00Z,daec211cfe940ff0b8c175d9b16010e7
CAR,2023,offense_epa_per_play,-0.17666908678873164,1094,2024-02-15T00:00:00Z,daec211cfe940ff0b8c175d9b16010e7
CAR,2023,offense_explosive_rate,0.15082266910420475,1094,2024-02-15T00:00:00Z,daec211cfe940ff0b8c175d9b16010e7
CAR,2023,offense_fumble_lost_rate,0.009140767824497258,1094,2024-02-15T00:00:00Z,daec211cfe940ff0b8c175d9b16010e7
CAR,2023,offense_int_rate,0.014641288433382138,683,2024-02-15T00:00:00Z,daec211cfe940ff0b8c175d9b16010e7
CAR,2023,offense_late_down_epa,-0.23410200688259158,297,2024-02-15T00:00:00Z,daec211cfe940ff0b8c175d9b16010e7
CAR,2023,offense_pace_plays_per_game,64.3529411764706,1094,2024-02-15T00:00:00Z,daec211cfe940ff0b8c175d9b16010e7
CAR,2023,offense_pass_epa,-0.20148707999249502,683,2024-02-15T00:00:00Z,daec211cfe940ff0b8c175d9b16010e7
CAR,2023,offense_red_zone_epa,-0.08807666024520067,118,2024-02-15T00:00:00Z,daec211cfe940ff0b8c175d9b16010e7
CAR,2023,offense_rush_epa,-0.06924068313577253,443,2024-02-15T00:00:00Z,daec211cfe940ff0b8c175d9b16010e7
CAR,2023,offense_sack_rate,0.0951683748169839,683,2024-02-15T00:00:00Z,daec211cfe940ff0b8c175d9b16010e7
CAR,2023,offense_success_rate,0.3756855575868373,1094,2024-02-15T00:00:00Z,daec211cfe940ff0b8c175d9b16010e7
CAR,2023,special_teams_epa_per_play,0.015657853450432704,190,2024-02-15T00:00:00Z,daec211cfe940ff0b8c175d9b16010e7
CAR,2024,defense_allowed_epa_per_play,0.15953756161229574,1136,2025-02-15T00:00:00Z,daec211cfe940ff0b8c175d9b16010e7
CAR,2024,defense_allowed_success_rate,0.5079225352112676,1136,2025-02-15T00:00:00Z,daec211cfe940ff0b8c175d9b16010e7
CAR,2024,offense_early_down_epa,-0.014385408813828403,743,2025-02-15T00:00:00Z,daec211cfe940ff0b8c175d9b16010e7
CAR,2024,offense_epa_per_play,-0.05317863688342243,987,2025-02-15T00:00:00Z,daec211cfe940ff0b8c175d9b16010e7
CAR,2024,offense_explosive_rate,0.1762917933130699,987,2025-02-15T00:00:00Z,daec211cfe940ff0b8c175d9b16010e7
CAR,2024,offense_fumble_lost_rate,0.0070921985815602835,987,2025-02-15T00:00:00Z,daec211cfe940ff0b8c175d9b16010e7
CAR,2024,offense_int_rate,0.02388535031847134,628,2025-02-15T00:00:00Z,daec211cfe940ff0b8c175d9b16010e7
CAR,2024,offense_late_down_epa,-0.16995002429569891,241,2025-02-15T00:00:00Z,daec211cfe940ff0b8c175d9b16010e7
CAR,2024,offense_pace_plays_per_game,58.05882352941177,987,2025-02-15T00:00:00Z,daec211cfe940ff0b8c175d9b16010e7
CAR,2024,offense_pass_epa,-0.06798125631790533,628,2025-02-15T00:00:00Z,daec211cfe940ff0b8c175d9b16010e7
CAR,2024,offense_red_zone_epa,0.09462480815528088,159,2025-02-15T00:00:00Z,daec211cfe940ff0b8c175d9b16010e7
CAR,2024,offense_rush_epa,0.01911428339909426,402,2025-02-15T00:00:00Z,daec211cfe940ff0b8c175d9b16010e7
CAR,2024,offense_sack_rate,0.05732484076433121,628,2025-02-15T00:00:00Z,daec211cfe940ff0b8c175d9b16010e7
CAR,2024,offense_success_rate,0.4133738601823708,987,2025-02-15T00:00:00Z,daec211cfe940ff0b8c175d9b16010e7
CAR,2024,special_teams_epa_per_play,0.06963366804159435,221,2025-02-15T00:00:00Z,daec211cfe940ff0b8c175d9b16010e7
CAR,2025,defense_allowed_epa_per_play,0.07043242222876177,1069,2026-02-15T00:00:00Z,daec211cfe940ff0b8c175d9b16010e7
CAR,2025,defense_allowed_success_rate,0.4462114125350795,1069,2026-02-15T00:00:00Z,daec211cfe940ff0b8c175d9b16010e7
CAR,2025,offense_early_down_epa,-0.04119145783112593,797,2026-02-15T00:00:00Z,daec211cfe940ff0b8c175d9b16010e7
CAR,2025,offense_epa_per_play,-0.04132886942563773,1059,2026-02-15T00:00:00Z,daec211cfe940ff0b8c175d9b16010e7
CAR,2025,offense_explosive_rate,0.18319169027384324,1059,2026-02-15T00:00:00Z,daec211cfe940ff0b8c175d9b16010e7
CAR,2025,offense_fumble_lost_rate,0.009442870632672332,1059,2026-02-15T00:00:00Z,daec211cfe940ff0b8c175d9b16010e7
CAR,2025,offense_int_rate,0.02066772655007949,629,2026-02-15T00:00:00Z,daec211cfe940ff0b8c175d9b16010e7
CAR,2025,offense_late_down_epa,-0.031917046032463016,257,2026-02-15T00:00:00Z,daec211cfe940ff0b8c175d9b16010e7
CAR,2025,offense_pace_plays_per_game,58.833333333333336,1059,2026-02-15T00:00:00Z,daec211cfe940ff0b8c175d9b16010e7
CAR,2025,offense_pass_epa,-0.031204595422978054,629,2026-02-15T00:00:00Z,daec211cfe940ff0b8c175d9b16010e7
CAR,2025,offense_red_zone_epa,-0.03609843739193648,160,2026-02-15T00:00:00Z,daec211cfe940ff0b8c175d9b16010e7
CAR,2025,offense_rush_epa,-0.017736755836837974,466,2026-02-15T00:00:00Z,daec211cfe940ff0b8c175d9b16010e7
CAR,2025,offense_sack_rate,0.058823529411764705,629,2026-02-15T00:00:00Z,daec211cfe940ff0b8c175d9b16010e7
CAR,2025,offense_success_rate,0.43059490084985835,1059,2026-02-15T00:00:00Z,daec211cfe940ff0b8c175d9b16010e7
CAR,2025,special_teams_epa_per_play,0.11425008766155537,191,2026-02-15T00:00:00Z,daec211cfe940ff0b8c175d9b16010e7
CHI,2020,defense_allowed_epa_per_play,0.00531841884790759,1077,2021-02-15T00:00:00Z,daec211cfe940ff0b8c175d9b16010e7
CHI,2020,defense_allowed_success_rate,0.4206128133704735,1077,2021-02-15T00:00:00Z,daec211cfe940ff0b8c175d9b16010e7
CHI,2020,offense_early_down_epa,0.04098012479280771,838,2021-02-15T00:00:00Z,daec211cfe940ff0b8c175d9b16010e7
CHI,2020,offense_epa_per_play,-0.03659199509135992,1083,2021-02-15T00:00:00Z,daec211cfe940ff0b8c175d9b16010e7
CHI,2020,offense_explosive_rate,0.18651892890120036,1083,2021-02-15T00:00:00Z,daec211cfe940ff0b8c175d9b16010e7
CHI,2020,offense_fumble_lost_rate,0.0046168051708217915,1083,2021-02-15T00:00:00Z,daec211cfe940ff0b8c175d9b16010e7
CHI,2020,offense_int_rate,0.02275960170697013,703,2021-02-15T00:00:00Z,daec211cfe940ff0b8c175d9b16010e7
CHI,2020,offense_late_down_epa,-0.3104523771087424,242,2021-02-15T00:00:00Z,daec211cfe940ff0b8c175d9b16010e7
CHI,2020,offense_pace_plays_per_game,63.705882352941174,1083,2021-02-15T00:00:00Z,daec211cfe940ff0b8c175d9b16010e7
CHI,2020,offense_pass_epa,-0.02188241763315812,703,2021-02-15T00:00:00Z,daec211cfe940ff0b8c175d9b16010e7
CHI,2020,offense_red_zone_epa,-0.021971911637193697,173,2021-02-15T00:00:00Z,daec211cfe940ff0b8c175d9b16010e7
CHI,2020,offense_rush_epa,-0.0372243069333949,403,2021-02-15T00:00:00Z,daec211cfe940ff0b8c175d9b16010e7
CHI,2020,offense_sack_rate,0.05263157894736842,703,2021-02-15T00:00:00Z,daec211cfe940ff0b8c175d9b16010e7
CHI,2020,offense_success_rate,0.4293628808864266,1083,2021-02-15T00:00:00Z,daec211cfe940ff0b8c175d9b16010e7
CHI,2020,special_teams_epa_per_play,-0.02201607284729033,198,2021-02-15T00:00:00Z,daec211cfe940ff0b8c175d9b16010e7
CHI,2021,defense_allowed_epa_per_play,0.026282408444924462,991,2022-02-15T00:00:00Z,daec211cfe940ff0b8c175d9b16010e7
CHI,2021,defense_allowed_success_rate,0.4419778002018164,991,2022-02-15T00:00:00Z,daec211cfe940ff0b8c175d9b16010e7
CHI,2021,offense_early_down_epa,-0.026587863492230406,813,2022-02-15T00:00:00Z,daec211cfe940ff0b8c175d9b16010e7
CHI,2021,offense_epa_per_play,-0.10020368533839712,1067,2022-02-15T00:00:00Z,daec211cfe940ff0b8c175d9b16010e7
CHI,2021,offense_explosive_rate,0.1836925960637301,1067,2022-02-15T00:00:00Z,daec211cfe940ff0b8c175d9b16010e7
CHI,2021,offense_fumble_lost_rate,0.006560449859418931,1067,2022-02-15T00:00:00Z,daec211cfe940ff0b8c175d9b16010e7
CHI,2021,offense_int_rate,0.030349013657056147,659,2022-02-15T00:00:00Z,daec211cfe940ff0b8c175d9b16010e7
CHI,2021,offense_late_down_epa,-0.3500535969475456,250,2022-02-15T00:00:00Z,daec211cfe940ff0b8c175d9b16010e7
CHI,2021,offense_pace_plays_per_game,62.76470588235294,1067,2022-02-15T00:00:00Z,daec211cfe940ff0b8c175d9b16010e7
CHI,2021,offense_pass_epa,-0.10273993972924879,659,2022-02-15T00:00:00Z,daec211cfe940ff0b8c175d9b16010e7
CHI,2021,offense_red_zone_epa,-0.13948333760378726,163,2022-02-15T00:00:00Z,daec211cfe940ff0b8c175d9b16010e7
CHI,2021,offense_rush_epa,-0.03088493186093961,466,2022-02-15T00:00:00Z,daec211cfe940ff0b8c175d9b16010e7
CHI,2021,offense_sack_rate,0.08801213960546282,659,2022-02-15T00:00:00Z,daec211cfe940ff0b8c175d9b16010e7
CHI,2021,offense_success_rate,0.41237113402061853,1067,2022-02-15T00:00:00Z,daec211cfe940ff0b8c175d9b16010e7
CHI,2021,special_teams_epa_per_play,-0.0863532351476636,180,2022-02-15T00:00:00Z,daec211cfe940ff0b8c175d9b16010e7
CHI,2022,defense_allowed_epa_per_play,0.11811888843169886,1023,2023-02-15T00:00:00Z,daec211cfe940ff0b8c175d9b16010e7
CHI,2022,defense_allowed_success_rate,0.4838709677419355,1023,2023-02-15T00:00:00Z,daec211cfe940ff0b8c175d9b16010e7
CHI,2022,offense_early_down_epa,-0.0381026286357325,739,2023-02-15T00:00:00Z,daec211cfe940ff0b8c175d9b16010e7
CHI,2022,offense_epa_per_play,-0.04590330468168889,985,2023-02-15T00:00:00Z,daec211cfe940ff0b8c175d9b16010e7
CHI,2022,offense_explosive_rate,0.17766497461928935,985,2023-02-15T00:00:00Z,daec211cfe940ff0b8c175d9b16010e7
CHI,2022,offense_fumble_lost_rate,0.008121827411167513,985,2023-02-15T00:00:00Z,daec211cfe940ff0b8c175d9b16010e7
CHI,2022,offense_int_rate,0.029469548133595286,509,2023-02-15T00:00:00Z,daec211cfe940ff0b8c175d9b16010e7
CHI,2022,offense_late_down_epa,-0.05942702302762339,241,2023-02-15T00:00:00Z,daec211cfe940ff0b8c175d9b16010e7
CHI,2022,offense_pace_plays_per_game,57.94117647058823,985,2023-02-15T00:00:00Z,daec211cfe940ff0b8c175d9b16010e7
CHI,2022,offense_pass_epa,-0.09901451653221297,509,2023-02-15T00:00:00Z,daec211cfe940ff0b8c175d9b16010e7
CHI,2022,offense_red_zone_epa,-0.03291439646137531,137,2023-02-15T00:00:00Z,daec211cfe940ff0b8c175d9b16010e7
CHI,2022,offense_rush_epa,0.10350637895212073,546,2023-02-15T00:00:00Z,daec211cfe940ff0b8c175d9b16010e7
CHI,2022,offense_sack_rate,0.11394891944990176,509,2023-02-15T00:00:00Z,daec211cfe940ff0b8c175d9b16010e7
CHI,2022,offense_success_rate,0.4050761421319797,985,2023-02-15T00:00:00Z,daec211cfe940ff0b8c175d9b16010e7
CHI,2022,special_teams_epa_per_play,-0.013917573151688012,195,2023-02-15T00:00:00Z,daec211cfe940ff0b8c175d9b16010e7
CHI,2023,defense_allowed_epa_per_play,-0.04149370042453149,1029,2024-02-15T00:00:00Z,daec211cfe940ff0b8c175d9b16010e7
CHI,2023,defense_allowed_success_rate,0.4139941690962099,1029,2024-02-15T00:00:00Z,daec211cfe940ff0b8c175d9b16010e7
CHI,2023,offense_early_down_epa,-0.06560523947701473,822,2024-02-15T00:00:00Z,daec211cfe940ff0b8c175d9b16010e7
CHI,2023,offense_epa_per_play,-0.04878972432630494,1089,2024-02-15T00:00:00Z,daec211cfe940ff0b8c175d9b16010e7
CHI,2023,offense_explosive_rate,0.1753902662993572,1089,2024-02-15T00:00:00Z,daec211cfe940ff0b8c175d9b16010e7
CHI,2023,offense_fumble_lost_rate,0.008264462809917356,1089,2024-02-15T00:00:00Z,daec211cfe940ff0b8c175d9b16010e7
CHI,2023,offense_int_rate,0.024154589371980676,621,2024-02-15T00:00:00Z,daec211cfe940ff0b8c175d9b16010e7
CHI,2023,offense_late_down_epa,0.009823182732927878,263,2024-02-15T00:00:00Z,daec211cfe940ff0b8c175d9b16010e7
CHI,2023,offense_pace_plays_per_game,64.05882352941177,1089,2024-02-15T00:00:00Z,daec211cfe940ff0b8c175d9b16010e7
CHI,2023,offense_pass_epa,-0.06593414420856088,621,2024-02-15T00:00:00Z,daec211cfe940ff0b8c175d9b16010e7
CHI,2023,offense_red_zone_epa,0.08666966654926009,152,2024-02-15T00:00:00Z,daec211cfe940ff0b8c175d9b16010e7
CHI,2023,offense_rush_epa,0.048070327187631816,523,2024-02-15T00:00:00Z,daec211cfe940ff0b8c175d9b16010e7
CHI,2023,offense_sack_rate,0.08051529790660225,621,2024-02-15T00:00:00Z,daec211cfe940ff0b8c175d9b16010e7
CHI,2023,offense_success_rate,0.41781450872359965,1089,2024-02-15T00:00:00Z,daec211cfe940ff0b8c175d9b16010e7
CHI,2023,special_teams_epa_per_play,-0.14511858655360205,181,2024-02-15T00:00:00Z,daec211cfe940ff0b8c175d9b16010e7
CHI,2024,defense_allowed_epa_per_play,0.005892125678762676,1021,2025-02-15T00:00:00Z,daec211cfe940ff0b8c175d9b16010e7
CHI,2024,defense_allowed_success_rate,0.4427032321253673,1021,2025-02-15T00:00:00Z,daec211cfe940ff0b8c175d9b16010e7
CHI,2024,offense_early_down_epa,-0.04457137792219721,783,2025-02-15T00:00:00Z,daec211cfe940ff0b8c175d9b16010e7
CHI,2024,offense_epa_per_play,-0.081907141494364,1059,2025-02-15T00:00:00Z,daec211cfe940ff0b8c175d9b16010e7
CHI,2024,offense_explosive_rate,0.16619452313503305,1059,2025-02-15T00:00:00Z,daec211cfe940ff0b8c175d9b16010e7
CHI,2024,offense_fumble_lost_rate,0.0066100094428706326,1059,2025-02-15T00:00:00Z,daec211cfe940ff0b8c175d9b16010e7
CHI,2024,offense_int_rate,0.010144927536231883,690,2025-02-15T00:00:00Z,daec211cfe940ff0b8c175d9b16010e7
CHI,2024,offense_late_down_epa,-0.1818431350731243,266,2025-02-15T00:00:00Z,daec211cfe940ff0b8c175d9b16010e7
CHI,2024,offense_pace_plays_per_game,62.294117647058826,1059,2025-02-15T00:00:00Z,daec211cfe940ff0b8c175d9b16010e7
CHI,2024,offense_pass_epa,-0.05791004240060286,690,2025-02-15T00:00:00Z,daec211cfe940ff0b8c175d9b16010e7
CHI,2024,offense_red_zone_epa,0.06393446381159115,142,2025-02-15T00:00:00Z,daec211cfe940ff0b8c175d9b16010e7
CHI,2024,offense_rush_epa,-0.05751081498947534,419,2025-02-15T00:00:00Z,daec211cfe940ff0b8c175d9b16010e7
CHI,2024,offense_sack_rate,0.09855072463768116,690,2025-02-15T00:00:00Z,daec211cfe940ff0b8c175d9b16010e7
CHI,2024,offense_success_rate,0.39848914069877245,1059,2025-02-15T00:00:00Z,daec211cfe940ff0b8c175d9b16010e7
CHI,2024,special_teams_epa_per_play,0.08609100481294742,198,2025-02-15T00:00:00Z,daec211cfe940ff0b8c175d9b16010e7
CHI,2025,defense_allowed_epa_per_play,0.03136878105164118,1168,2026-02-15T00:00:00Z,daec211cfe940ff0b8c175d9b16010e7
CHI,2025,defense_allowed_success_rate,0.4589041095890411,1168,2026-02-15T00:00:00Z,daec211cfe940ff0b8c175d9b16010e7
CHI,2025,offense_early_down_epa,0.07666876635874449,941,2026-02-15T00:00:00Z,daec211cfe940ff0b8c175d9b16010e7
CHI,2025,offense_epa_per_play,0.07362092161398501,1255,2026-02-15T00:00:00Z,daec211cfe940ff0b8c175d9b16010e7
CHI,2025,offense_explosive_rate,0.20717131474103587,1255,2026-02-15T00:00:00Z,daec211cfe940ff0b8c175d9b16010e7
CHI,2025,offense_fumble_lost_rate,0.0031872509960159364,1255,2026-02-15T00:00:00Z,daec211cfe940ff0b8c175d9b16010e7
CHI,2025,offense_int_rate,0.016150740242261104,743,2026-02-15T00:00:00Z,daec211cfe940ff0b8c175d9b16010e7
CHI,2025,offense_late_down_epa,0.061491685609031364,307,2026-02-15T00:00:00Z,daec211cfe940ff0b8c175d9b16010e7
CHI,2025,offense_pace_plays_per_game,66.05263157894737,1255,2026-02-15T00:00:00Z,daec211cfe940ff0b8c175d9b16010e7
CHI,2025,offense_pass_epa,0.12250920403354654,743,2026-02-15T00:00:00Z,daec211cfe940ff0b8c175d9b16010e7
CHI,2025,offense_red_zone_epa,-0.0026567315569198968,208,2026-02-15T00:00:00Z,daec211cfe940ff0b8c175d9b16010e7
CHI,2025,offense_rush_epa,0.05420511455996666,563,2026-02-15T00:00:00Z,daec211cfe940ff0b8c175d9b16010e7
CHI,2025,offense_sack_rate,0.033647375504710635,743,2026-02-15T00:00:00Z,daec211cfe940ff0b8c175d9b16010e7
CHI,2025,offense_success_rate,0.4541832669322709,1255,2026-02-15T00:00:00Z,daec211cfe940ff0b8c175d9b16010e7
CHI,2025,special_teams_epa_per_play,0.059822064943726806,206,2026-02-15T00:00:00Z,daec211cfe940ff0b8c175d9b16010e7
CIN,2020,defense_allowed_epa_per_play,0.09245850278161627,1007,2021-02-15T00:00:00Z,daec211cfe940ff0b8c175d9b16010e7
CIN,2020,defense_allowed_success_rate,0.4558093346573982,1007,2021-02-15T00:00:00Z,daec211cfe940ff0b8c175d9b16010e7
CIN,2020,offense_early_down_epa,-0.05285844955420653,790,2021-02-15T00:00:00Z,daec211cfe940ff0b8c175d9b16010e7
CIN,2020,offense_epa_per_play,-0.048798012805728194,1030,2021-02-15T00:00:00Z,daec211cfe940ff0b8c175d9b16010e7
CIN,2020,offense_explosive_rate,0.16990291262135923,1030,2021-02-15T00:00:00Z,daec211cfe940ff0b8c175d9b16010e7
CIN,2020,offense_fumble_lost_rate,0.011650485436893204,1030,2021-02-15T00:00:00Z,daec211cfe940ff0b8c175d9b16010e7
CIN,2020,offense_int_rate,0.01694915254237288,649,2021-02-15T00:00:00Z,daec211cfe940ff0b8c175d9b16010e7
CIN,2020,offense_late_down_epa,-0.035432408508653715,240,2021-02-15T00:00:00Z,daec211cfe940ff0b8c175d9b16010e7
CIN,2020,offense_pace_plays_per_game,64.375,1030,2021-02-15T00:00:00Z,daec211cfe940ff0b8c175d9b16010e7
CIN,2020,offense_pass_epa,-0.01039639917842889,649,2021-02-15T00:00:00Z,daec211cfe940ff0b8c175d9b16010e7
CIN,2020,offense_red_zone_epa,-0.1968154833086758,153,2021-02-15T00:00:00Z,daec211cfe940ff0b8c175d9b16010e7
CIN,2020,offense_rush_epa,-0.11382479824168937,404,2021-02-15T00:00:00Z,daec211cfe940ff0b8c175d9b16010e7
CIN,2020,offense_sack_rate,0.07395993836671803,649,2021-02-15T00:00:00Z,daec211cfe940ff0b8c175d9b16010e7
CIN,2020,offense_success_rate,0.43592233009708736,1030,2021-02-15T00:00:00Z,daec211cfe940ff0b8c175d9b16010e7
CIN,2020,special_teams_epa_per_play,0.024803616394031263,199,2021-02-15T00:00:00Z,daec211cfe940ff0b8c175d9b16010e7
CIN,2021,defense_allowed_epa_per_play,-0.018994766119300455,1325,2022-02-15T00:00:00Z,daec211cfe940ff0b8c175d9b16010e7
CIN,2021,defense_allowed_success_rate,0.44150943396226416,1325,2022-02-15T00:00:00Z,daec211cfe940ff0b8c175d9b16010e7
CIN,2021,offense_early_down_epa,0.039275165313195984,994,2022-02-15T00:00:00Z,daec211cfe940ff0b8c175d9b16010e7
CIN,2021,offense_epa_per_play,0.0457946008679225,1286,2022-02-15T00:00:00Z,daec211cfe940ff0b8c175d9b16010e7
CIN,2021,offense_explosive_rate,0.19828926905132194,1286,2022-02-15T00:00:00Z,daec211cfe940ff0b8c175d9b16010e7
CIN,2021,offense_fumble_lost_rate,0.0038880248833592537,1286,2022-02-15T00:00:00Z,daec211cfe940ff0b8c175d9b16010e7
CIN,2021,offense_int_rate,0.020075282308657464,797,2022-02-15T00:00:00Z,daec211cfe940ff0b8c175d9b16010e7
CIN,2021,offense_late_down_epa,0.07529490347843194,286,2022-02-15T00:00:00Z,daec211cfe940ff0b8c175d9b16010e7
CIN,2021,offense_pace_plays_per_game,61.23809523809524,1286,2022-02-15T00:00:00Z,daec211cfe940ff0b8c175d9b16010e7
CIN,2021,offense_pass_epa,0.13093401611340988,797,2022-02-15T00:00:00Z,daec211cfe940ff0b8c175d9b16010e7
CIN,2021,offense_red_zone_epa,-0.0023965115862329815,175,2022-02-15T00:00:00Z,daec211cfe940ff0b8c175d9b16010e7
CIN,2021,offense_rush_epa,-0.047629331906688804,514,2022-02-15T00:00:00Z,daec211cfe940ff0b8c175d9b16010e7
CIN,2021,offense_sack_rate,0.09284818067754078,797,2022-02-15T00:00:00Z,daec211cfe940ff0b8c175d9b16010e7
CIN,2021,offense_success_rate,0.43468118195956457,1286,2022-02-15T00:00:00Z,daec211cfe940ff0b8c175d9b16010e7
CIN,2021,special_teams_epa_per_play,-0.04757155287601284,240,2022-02-15T00:00:00Z,daec211cfe940ff0b8c175d9b16010e7
CIN,2022,defense_allowed_epa_per_play,-0.04226690797204524,1181,2023-02-15T00:00:00Z,daec211cfe940ff0b8c175d9b16010e7
CIN,2022,defense_allowed_success_rate,0.41998306519898393,1181,2023-02-15T00:00:00Z,daec211cfe940ff0b8c175d9b16010e7
CIN,2022,offense_early_down_epa,0.05830671581252173,958,2023-02-15T00:00:00Z,daec211cfe940ff0b8c175d9b16010e7
CIN,2022,offense_epa_per_play,0.08128776333415066,1219,2023-02-15T00:00:00Z,daec211cfe940ff0b8c175d9b16010e7
CIN,2022,offense_explosive_rate,0.1837571780147662,1219,2023-02-15T00:00:00Z,daec211cfe940ff0b8c175d9b16010e7
CIN,2022,offense_fumble_lost_rate,0.004922067268252666,1219,2023-02-15T00:00:00Z,daec211cfe940ff0b8c175d9b16010e7
CIN,2022,offense_int_rate,0.017241379310344827,812,2023-02-15T00:00:00Z,daec211cfe940ff0b8c175d9b16010e7
CIN,2022,offense_late_down_epa,0.16480688880288913,254,2023-02-15T00:00:00Z,daec211cfe940ff0b8c175d9b16010e7
CIN,2022,offense_pace_plays_per_game,64.15789473684211,1219,2023-02-15T00:00:00Z,daec211cfe940ff0b8c175d9b16010e7
CIN,2022,offense_pass_epa,0.14173761664062182,812,2023-02-15T00:00:00Z,daec211cfe940ff0b8c175d9b16010e7
CIN,2022,offense_red_zone_epa,0.16086611717534605,209,2023-02-15T00:00:00Z,daec211cfe940ff0b8c175d9b16010e7
CIN,2022,offense_rush_epa,0.012028663470672031,442,2023-02-15T00:00:00Z,daec211cfe940ff0b8c175d9b16010e7
CIN,2022,offense_sack_rate,0.0665024630541872,812,2023-02-15T00:00:00Z,daec211cfe940ff0b8c175d9b16010e7
CIN,2022,offense_success_rate,0.4774405250205086,1219,2023-02-15T00:00:00Z,daec211cfe940ff0b8c175d9b16010e7
CIN,2022,special_teams_epa_per_play,-0.09707953620811632,208,2023-02-15T00:00:00Z,daec211cfe940ff0b8c175d9b16010e7
CIN,2023,defense_allowed_epa_per_play,0.033753253006585035,1049,2024-02-15T00:00:00Z,daec211cfe940ff0b8c175d9b16010e7
CIN,2023,defense_allowed_success_rate,0.45948522402287895,1049,2024-02-15T00:00:00Z,daec211cfe940ff0b8c175d9b16010e7
CIN,2023,offense_early_down_epa,0.00897400167043161,798,2024-02-15T00:00:00Z,daec211cfe940ff0b8c175d9b16010e7
CIN,2023,offense_epa_per_play,-0.010156321663262673,1032,2024-02-15T00:00:00Z,daec211cfe940ff0b8c175d9b16010e7
CIN,2023,offense_explosive_rate,0.18023255813953487,1032,2024-02-15T00:00:00Z,daec211cfe940ff0b8c175d9b16010e7
CIN,2023,offense_fumble_lost_rate,0.001937984496124031,1032,2024-02-15T00:00:00Z,daec211cfe940ff0b8c175d9b16010e7
CIN,2023,offense_int_rate,0.02014388489208633,695,2024-02-15T00:00:00Z,daec211cfe940ff0b8c175d9b16010e7
CIN,2023,offense_late_down_epa,-0.08023852913944851,233,2024-02-15T00:00:00Z,daec211cfe940ff0b8c175d9b16010e7
CIN,2023,offense_pace_plays_per_game,60.705882352941174,1032,2024-02-15T00:00:00Z,daec211cfe940ff0b8c175d9b16010e7
CIN,2023,offense_pass_epa,0.030571896932992126,695,2024-02-15T00:00:00Z,daec211cfe940ff0b8c175d9b16010e7
CIN,2023,offense_red_zone_epa,-0.039411012036643954,168,2024-02-15T00:00:00Z,daec211cfe940ff0b8c175d9b16010e7
CIN,2023,offense_rush_epa,-0.050929133440788255,367,2024-02-15T00:00:00Z,daec211cfe940ff0b8c175d9b16010e7
CIN,2023,offense_sack_rate,0.07194244604316546,695,2024-02-15T00:00:00Z,daec211cfe940ff0b8c175d9b16010e7
CIN,2023,offense_success_rate,0.43992248062015504,1032,2024-02-15T00:00:00Z,daec211cfe940ff0b8c175d9b16010e7
CIN,2023,special_teams_epa_per_play,-0.022398710670363073,204,2024-02-15T00:00:00Z,daec211cfe940ff0b8c175d9b16010e7
CIN,2024,defense_allowed_epa_per_play,0.03727410399659471,1075,2025-02-15T00:00:00Z,daec211cfe940ff0b8c175d9b16010e7
CIN,2024,defense_allowed_success_rate,0.4604651162790698,1075,2025-02-15T00:00:00Z,daec211cfe940ff0b8c175d9b16010e7
CIN,2024,offense_early_down_epa,0.08036887198486299,833,2025-02-15T00:00:00Z,daec211cfe940ff0b8c175d9b16010e7
CIN,2024,offense_epa_per_play,0.0901781443453094,1069,2025-02-15T00:00:00Z,daec211cfe940ff0b8c175d9b16010e7
CIN,2024,offense_explosive_rate,0.19363891487371376,1069,2025-02-15T00:00:00Z,daec211cfe940ff0b8c175d9b16010e7
CIN,2024,offense_fumble_lost_rate,0.009354536950420954,1069,2025-02-15T00:00:00Z,daec211cfe940ff0b8c175d9b16010e7
CIN,2024,offense_int_rate,0.012448132780082987,723,2025-02-15T00:00:00Z,daec211cfe940ff0b8c175d9b16010e7
CIN,2024,offense_late_down_epa,0.13001787957830416,233,2025-02-15T00:00:00Z,daec211cfe940ff0b8c175d9b16010e7
CIN,2024,offense_pace_plays_per_game,62.88235294117647,1069,2025-02-15T00:00:00Z,daec211cfe940ff0b8c175d9b16010e7
CIN,2024,offense_pass_epa,0.16513486090569834,723,2025-02-15T00:00:00Z,daec211cfe940ff0b8c175d9b16010e7
CIN,2024,offense_red_zone_epa,0.10291505148157908,209,2025-02-15T00:00:00Z,daec211cfe940ff0b8c175d9b16010e7
CIN,2024,offense_rush_epa,-0.011206038003221378,368,2025-02-15T00:00:00Z,daec211cfe940ff0b8c175d9b16010e7
CIN,2024,offense_sack_rate,0.06639004149377593,723,2025-02-15T00:00:00Z,daec211cfe940ff0b8c175d9b16010e7
CIN,2024,offense_success_rate,0.4724041159962582,1069,2025-02-15T00:00:00Z,daec211cfe940ff0b8c175d9b16010e7
CIN,2024,special_teams_epa_per_play,0.17068680215955753,194,2025-02-15T00:00:00Z,daec211cfe940ff0b8c175d9b16010e7
CIN,2025,defense_allowed_epa_per_play,0.12981742202495905,1035,2026-02-15T00:00:00Z,daec211cfe940ff0b8c175d9b16010e7
CIN,2025,defense_allowed_success_rate,0.4782608695652174,1035,2026-02-15T00:00:00Z,daec211cfe940ff0b8c175d9b16010e7
CIN,2025,offense_early_down_epa,-0.051902670581279974,806,2026-02-15T00:00:00Z,daec211cfe940ff0b8c175d9b16010e7
CIN,2025,offense_epa_per_play,-0.008453729912901845,1049,2026-02-15T00:00:00Z,daec211cfe940ff0b8c175d9b16010e7
CIN,2025,offense_explosive_rate,0.18779790276453764,1049,2026-02-15T00:00:00Z,daec211cfe940ff0b8c175d9b16010e7
CIN,2025,offense_fumble_lost_rate,0.00667302192564347,1049,2026-02-15T00:00:00Z,daec211cfe940ff0b8c175d9b16010e7
CIN,2025,offense_int_rate,0.024602026049204053,691,2026-02-15T00:00:00Z,daec211cfe940ff0b8c175d9b16010e7
CIN,2025,offense_late_down_epa,0.14159911684822526,238,2026-02-15T00:00:00Z,daec211cfe940ff0b8c175d9b16010e7
CIN,2025,offense_pace_plays_per_game,61.705882352941174,1049,2026-02-15T00:00:00Z,daec211cfe940ff0b8c175d9b16010e7
CIN,2025,offense_pass_epa,-0.020181922390207552,691,2026-02-15T00:00:00Z,daec211cfe940ff0b8c175d9b16010e7
CIN,2025,offense_red_zone_epa,0.06636133630844622,151,2026-02-15T00:00:00Z,daec211cfe940ff0b8c175d9b16010e7
CIN,2025,offense_rush_epa,0.024556195901173656,372,2026-02-15T00:00:00Z,daec211cfe940ff0b8c175d9b16010e7
CIN,2025,offense_sack_rate,0.05209840810419682,691,2026-02-15T00:00:00Z,daec211cfe940ff0b8c175d9b16010e7
CIN,2025,offense_success_rate,0.4547187797902765,1049,2026-02-15T00:00:00Z,daec211cfe940ff0b8c175d9b16010e7
CIN,2025,special_teams_epa_per_play,0.13851129741982676,208,2026-02-15T00:00:00Z,daec211cfe940ff0b8c175d9b16010e7
CLE,2020,defense_allowed_epa_per_play,0.08015778645768928,1176,2021-02-15T00:00:00Z,daec211cfe940ff0b8c175d9b16010e7
CLE,2020,defense_allowed_success_rate,0.4736394557823129,1176,2021-02-15T00:00:00Z,daec211cfe940ff0b8c175d9b16010e7
CLE,2020,offense_early_down_epa,0.1103549764116203,877,2021-02-15T00:00:00Z,daec211cfe940ff0b8c175d9b16010e7
CLE,2020,offense_epa_per_play,0.09556426365082574,1126,2021-02-15T00:00:00Z,daec211cfe940ff0b8c175d9b16010e7
CLE,2020,offense_explosive_rate,0.2211367673179396,1126,2021-02-15T00:00:00Z,daec211cfe940ff0b8c175d9b16010e7
CLE,2020,offense_fumble_lost_rate,0.007992895204262877,1126,2021-02-15T00:00:00Z,daec211cfe940ff0b8c175d9b16010e7
CLE,2020,offense_int_rate,0.014469453376205787,622,2021-02-15T00:00:00Z,daec211cfe940ff0b8c175d9b16010e7
CLE,2020,offense_late_down_epa,0.039399381281608,248,2021-02-15T00:00:00Z,daec211cfe940ff0b8c175d9b16010e7
CLE,2020,offense_pace_plays_per_game,62.55555555555556,1126,2021-02-15T00:00:00Z,daec211cfe940ff0b8c175d9b16010e7
CLE,2020,offense_pass_epa,0.16503346314219253,622,2021-02-15T00:00:00Z,daec211cfe940ff0b8c175d9b16010e7
CLE,2020,offense_red_zone_epa,0.31248755914906884,189,2021-02-15T00:00:00Z,daec211cfe940ff0b8c175d9b16010e7
CLE,2020,offense_rush_epa,0.02966688259473848,531,2021-02-15T00:00:00Z,daec211cfe940ff0b8c175d9b16010e7
CLE,2020,offense_sack_rate,0.04340836012861737,622,2021-02-15T00:00:00Z,daec211cfe940ff0b8c175d9b16010e7
CLE,2020,offense_success_rate,0.46181172291296624,1126,2021-02-15T00:00:00Z,daec211cfe940ff0b8c175d9b16010e7
CLE,2020,special_teams_epa_per_play,-0.020939797288575344,216,2021-02-15T00:00:00Z,daec211cfe940ff0b8c175d9b16010e7
CLE,2021,defense_allowed_epa_per_play,0.00060323948751474,1047,2022-02-15T00:00:00Z,daec211cfe940ff0b8c175d9b16010e7
CLE,2021,defense_allowed_success_rate,0.4145176695319962,1047,2022-02-15T00:00:00Z,daec211cfe940ff0b8c175d9b16010e7
CLE,2021,offense_early_down_epa,0.07231172358400395,798,2022-02-15T00:00:00Z,daec211cfe940ff0b8c175d9b16010e7
CLE,2021,offense_epa_per_play,0.013046564085064757,1043,2022-02-15T00:00:00Z,daec211cfe940ff0b8c175d9b16010e7
CLE,2021,offense_explosive_rate,0.17929050814956854,1043,2022-02-15T00:00:00Z,daec211cfe940ff0b8c175d9b16010e7
CLE,2021,offense_fumble_lost_rate,0.007670182166826462,1043,2022-02-15T00:00:00Z,daec211cfe940ff0b8c175d9b16010e7
CLE,2021,offense_int_rate,0.023333333333333334,600,2022-02-15T00:00:00Z,daec211cfe940ff0b8c175d9b16010e7
CLE,2021,offense_late_down_epa,-0.19215431153241747,241,2022-02-15T00:00:00Z,daec211cfe940ff0b8c175d9b16010e7
CLE,2021,offense_pace_plays_per_game,61.35294117647059,1043,2022-02-15T00:00:00Z,daec211cfe940ff0b8c175d9b16010e7
CLE,2021,offense_pass_epa,-0.01873457117161467,600,2022-02-15T00:00:00Z,daec211cfe940ff0b8c175d9b16010e7
CLE,2021,offense_red_zone_epa,0.07841339892359435,164,2022-02-15T00:00:00Z,daec211cfe940ff0b8c175d9b16010e7
CLE,2021,offense_rush_epa,0.08308301608616757,474,2022-02-15T00:00:00Z,daec211cfe940ff0b8c175d9b16010e7
CLE,2021,offense_sack_rate,0.08166666666666667,600,2022-02-15T00:00:00Z,daec211cfe940ff0b8c175d9b16010e7
CLE,2021,offense_success_rate,0.439117929050815,1043,2022-02-15T00:00:00Z,daec211cfe940ff0b8c175d9b16010e7
CLE,2021,special_teams_epa_per_play,-0.0829669602594991,191,2022-02-15T00:00:00Z,daec211cfe940ff0b8c175d9b16010e7
CLE,2022,defense_allowed_epa_per_play,0.013787374848193227,1025,2023-02-15T00:00:00Z,daec211cfe940ff0b8c175d9b16010e7
CLE,2022,defense_allowed_success_rate,0.43609756097560975,1025,2023-02-15T00:00:00Z,daec211cfe940ff0b8c175d9b16010e7
CLE,2022,offense_early_down_epa,0.009821150346815095,827,2023-02-15T00:00:00Z,daec211cfe940ff0b8c175d9b16010e7
CLE,2022,offense_epa_per_play,0.01244921435675033,1099,2023-02-15T00:00:00Z,daec211cfe940ff0b8c175d9b16010e7
CLE,2022,offense_explosive_rate,0.18471337579617833,1099,2023-02-15T00:00:00Z,daec211cfe940ff0b8c175d9b16010e7
CLE,2022,offense_fumble_lost_rate,0.007279344858962694,1099,2023-02-15T00:00:00Z,daec211cfe940ff0b8c175d9b16010e7
CLE,2022,offense_int_rate,0.01951219512195122,615,2023-02-15T00:00:00Z,daec211cfe940ff0b8c175d9b16010e7
CLE,2022,offense_late_down_epa,0.02019850089352786,270,2023-02-15T00:00:00Z,daec211cfe940ff0b8c175d9b16010e7
CLE,2022,offense_pace_plays_per_game,64.6470588235294,1099,2023-02-15T00:00:00Z,daec211cfe940ff0b8c175d9b16010e7
CLE,2022,offense_pass_epa,0.009557049254000798,615,2023-02-15T00:00:00Z,daec211cfe940ff0b8c175d9b16010e7
CLE,2022,offense_red_zone_epa,-0.04717358345969707,164,2023-02-15T00:00:00Z,daec211cfe940ff0b8c175d9b16010e7
CLE,2022,offense_rush_epa,0.06746060313630779,519,2023-02-15T00:00:00Z,daec211cfe940ff0b8c175d9b16010e7
CLE,2022,offense_sack_rate,0.07154471544715447,615,2023-02-15T00:00:00Z,daec211cfe940ff0b8c175d9b16010e7
CLE,2022,offense_success_rate,0.44040036396724297,1099,2023-02-15T00:00:00Z,daec211cfe940ff0b8c175d9b16010e7
CLE,2022,special_teams_epa_per_play,-0.001161752791877688,186,2023-02-15T00:00:00Z,daec211cfe940ff0b8c175d9b16010e7
CLE,2023,defense_allowed_epa_per_play,-0.16917592297928552,1032,2024-02-15T00:00:00Z,daec211cfe940ff0b8c175d9b16010e7
CLE,2023,defense_allowed_success_rate,0.35174418604651164,1032,2024-02-15T00:00:00Z,daec211cfe940ff0b8c175d9b16010e7
CLE,2023,offense_early_down_epa,-0.12937880339829028,940,2024-02-15T00:00:00Z,daec211cfe940ff0b8c175d9b16010e7
CLE,2023,offense_epa_per_play,-0.15027272073214984,1251,2024-02-15T00:00:00Z,daec211cfe940ff0b8c175d9b16010e7
CLE,2023,offense_explosive_rate,0.16466826538768986,1251,2024-02-15T00:00:00Z,daec211cfe940ff0b8c175d9b16010e7
CLE,2023,offense_fumble_lost_rate,0.010391686650679457,1251,2024-02-15T00:00:00Z,daec211cfe940ff0b8c175d9b16010e7
CLE,2023,offense_int_rate,0.03342245989304813,748,2024-02-15T00:00:00Z,daec211cfe940ff0b8c175d9b16010e7
CLE,2023,offense_late_down_epa,-0.231298339210353,302,2024-02-15T00:00:00Z,daec211cfe940ff0b8c175d9b16010e7
CLE,2023,offense_pace_plays_per_game,69.5,1251,2024-02-15T00:00:00Z,daec211cfe940ff0b8c175d9b16010e7
CLE,2023,offense_pass_epa,-0.17637973822441624,748,2024-02-15T00:00:00Z,daec211cfe940ff0b8c175d9b16010e7
CLE,2023,offense_red_zone_epa,-0.011925377401941228,160,2024-02-15T00:00:00Z,daec211cfe940ff0b8c175d9b16010e7
CLE,2023,offense_rush_epa,-0.09024290242155841,534,2024-02-15T00:00:00Z,daec211cfe940ff0b8c175d9b16010e7
CLE,2023,offense_sack_rate,0.06550802139037433,748,2024-02-15T00:00:00Z,daec211cfe940ff0b8c175d9b16010e7
CLE,2023,offense_success_rate,0.38848920863309355,1251,2024-02-15T00:00:00Z,daec211cfe940ff0b8c175d9b16010e7
CLE,2023,special_teams_epa_per_play,-0.00835494830355528,213,2024-02-15T00:00:00Z,daec211cfe940ff0b8c175d9b16010e7
CLE,2024,defense_allowed_epa_per_play,0.01744670086315366,1011,2025-02-15T00:00:00Z,daec211cfe940ff0b8c175d9b16010e7
CLE,2024,defense_allowed_success_rate,0.410484668644906,1011,2025-02-15T00:00:00Z,daec211cfe940ff0b8c175d9b16010e7
CLE,2024,offense_early_down_epa,-0.1583328627912372,832,2025-02-15T00:00:00Z,daec211cfe940ff0b8c175d9b16010e7
CLE,2024,offense_epa_per_play,-0.1833193895552178,1121,2025-02-15T00:00:00Z,daec211cfe940ff0b8c175d9b16010e7
CLE,2024,offense_explosive_rate,0.16592328278322926,1121,2025-02-15T00:00:00Z,daec211cfe940ff0b8c175d9b16010e7
CLE,2024,offense_fumble_lost_rate,0.008028545941123996,1121,2025-02-15T00:00:00Z,daec211cfe940ff0b8c175d9b16010e7
CLE,2024,offense_int_rate,0.02987012987012987,770,2025-02-15T00:00:00Z,daec211cfe940ff0b8c175d9b16010e7
CLE,2024,offense_late_down_epa,-0.27114624145583555,281,2025-02-15T00:00:00Z,daec211cfe940ff0b8c175d9b16010e7
CLE,2024,offense_pace_plays_per_game,65.94117647058823,1121,2025-02-15T00:00:00Z,daec211cfe940ff0b8c175d9b16010e7
CLE,2024,offense_pass_epa,-0.21320901286144753,770,2025-02-15T00:00:00Z,daec211cfe940ff0b8c175d9b16010e7
CLE,2024,offense_red_zone_epa,-0.1474168413506826,130,2025-02-15T00:00:00Z,daec211cfe940ff0b8c175d9b16010e7
CLE,2024,offense_rush_epa,-0.06678566399641558,387,2025-02-15T00:00:00Z,daec211cfe940ff0b8c175d9b16010e7
CLE,2024,offense_sack_rate,0.08571428571428572,770,2025-02-15T00:00:00Z,daec211cfe940ff0b8c175d9b16010e7
CLE,2024,offense_success_rate,0.3702051739518287,1121,2025-02-15T00:00:00Z,daec211cfe940ff0b8c175d9b16010e7
CLE,2024,special_teams_epa_per_play,0.08739294168051415,201,2025-02-15T00:00:00Z,daec211cfe940ff0b8c175d9b16010e7
CLE,2025,defense_allowed_epa_per_play,-0.09583888060725897,994,2026-02-15T00:00:00Z,daec211cfe940ff0b8c175d9b16010e7
CLE,2025,defense_allowed_success_rate,0.4024144869215292,994,2026-02-15T00:00:00Z,daec211cfe940ff0b8c175d9b16010e7
CLE,2025,offense_early_down_epa,-0.15381592145222245,760,2026-02-15T00:00:00Z,daec211cfe940ff0b8c175d9b16010e7
CLE,2025,offense_epa_per_play,-0.19022793436959276,1028,2026-02-15T00:00:00Z,daec211cfe940ff0b8c175d9b16010e7
CLE,2025,offense_explosive_rate,0.14494163424124515,1028,2026-02-15T00:00:00Z,daec211cfe940ff0b8c175d9b16010e7
CLE,2025,offense_fumble_lost_rate,0.005836575875486381,1028,2026-02-15T00:00:00Z,daec211cfe940ff0b8c175d9b16010e7
CLE,2025,offense_int_rate,0.028081123244929798,641,2026-02-15T00:00:00Z,daec211cfe940ff0b8c175d9b16010e7
CLE,2025,offense_late_down_epa,-0.2911599099555012,264,2026-02-15T00:00:00Z,daec211cfe940ff0b8c175d9b16010e7
CLE,2025,offense_pace_plays_per_game,60.470588235294116,1028,2026-02-15T00:00:00Z,daec211cfe940ff0b8c175d9b16010e7
CLE,2025,offense_pass_epa,-0.2521247627498634,641,2026-02-15T00:00:00Z,daec211cfe940ff0b8c175d9b16010e7
CLE,2025,offense_red_zone_epa,-0.08405355465355414,129,2026-02-15T00:00:00Z,daec211cfe940ff0b8c175d9b16010e7
CLE,2025,offense_rush_epa,-0.047805172373772215,419,2026-02-15T00:00:00Z,daec211cfe940ff0b8c175d9b16010e7
CLE,2025,offense_sack_rate,0.07956318252730109,641,2026-02-15T00:00:00Z,daec211cfe940ff0b8c175d9b16010e7
CLE,2025,offense_success_rate,0.3453307392996109,1028,2026-02-15T00:00:00Z,daec211cfe940ff0b8c175d9b16010e7
CLE,2025,special_teams_epa_per_play,-0.08220669601906179,202,2026-02-15T00:00:00Z,daec211cfe940ff0b8c175d9b16010e7
DAL,2020,defense_allowed_epa_per_play,0.059915870922742136,1046,2021-02-15T00:00:00Z,daec211cfe940ff0b8c175d9b16010e7
DAL,2020,defense_allowed_success_rate,0.4569789674952199,1046,2021-02-15T00:00:00Z,daec211cfe940ff0b8c175d9b16010e7
DAL,2020,offense_early_down_epa,-0.00975733268553896,859,2021-02-15T00:00:00Z,daec211cfe940ff0b8c175d9b16010e7
DAL,2020,offense_epa_per_play,-0.03848353082389123,1111,2021-02-15T00:00:00Z,daec211cfe940ff0b8c175d9b16010e7
DAL,2020,offense_explosive_rate,0.17551755175517553,1111,2021-02-15T00:00:00Z,daec211cfe940ff0b8c175d9b16010e7
DAL,2020,offense_fumble_lost_rate,0.011701170117011701,1111,2021-02-15T00:00:00Z,daec211cfe940ff0b8c175d9b16010e7
DAL,2020,offense_int_rate,0.018361581920903956,708,2021-02-15T00:00:00Z,daec211cfe940ff0b8c175d9b16010e7
DAL,2020,offense_late_down_epa,-0.1491530649124601,246,2021-02-15T00:00:00Z,daec211cfe940ff0b8c175d9b16010e7
DAL,2020,offense_pace_plays_per_game,69.4375,1111,2021-02-15T00:00:00Z,daec211cfe940ff0b8c175d9b16010e7
DAL,2020,offense_pass_epa,-0.021266849549636063,708,2021-02-15T00:00:00Z,daec211cfe940ff0b8c175d9b16010e7
DAL,2020,offense_red_zone_epa,-0.0943048208077213,169,2021-02-15T00:00:00Z,daec211cfe940ff0b8c175d9b16010e7
DAL,2020,offense_rush_epa,-0.03576917289957598,429,2021-02-15T00:00:00Z,daec211cfe940ff0b8c175d9b16010e7
DAL,2020,offense_sack_rate,0.062146892655367235,708,2021-02-15T00:00:00Z,daec211cfe940ff0b8c175d9b16010e7
DAL,2020,offense_success_rate,0.45724572457245727,1111,2021-02-15T00:00:00Z,daec211cfe940ff0b8c175d9b16010e7
DAL,2020,special_teams_epa_per_play,0.02605762409004875,180,2021-02-15T00:00:00Z,daec211cfe940ff0b8c175d9b16010e7
DAL,2021,defense_allowed_epa_per_play,-0.08895302262131079,1138,2022-02-15T00:00:00Z,daec211cfe940ff0b8c175d9b16010e7
DAL,2021,defense_allowed_success_rate,0.4094903339191564,1138,2022-02-15T00:00:00Z,daec211cfe940ff0b8c175d9b16010e7
DAL,2021,offense_early_down_epa,0.07625224534772405,938,2022-02-15T00:00:00Z,daec211cfe940ff0b8c175d9b16010e7
DAL,2021,offense_epa_per_play,0.08242288045722582,1212,2022-02-15T00:00:00Z,daec211cfe940ff0b8c175d9b16010e7
DAL,2021,offense_explosive_rate,0.18811881188118812,1212,2022-02-15T00:00:00Z,daec211cfe940ff0b8c175d9b16010e7
DAL,2021,offense_fumble_lost_rate,0.006600660066006601,1212,2022-02-15T00:00:00Z,daec211cfe940ff0b8c175d9b16010e7
DAL,2021,offense_int_rate,0.015852047556142668,757,2022-02-15T00:00:00Z,daec211cfe940ff0b8c175d9b16010e7
DAL,2021,offense_late_down_epa,0.0978860794620929,264,2022-02-15T00:00:00Z,daec211cfe940ff0b8c175d9b16010e7
DAL,2021,offense_pace_plays_per_game,67.33333333333333,1212,2022-02-15T00:00:00Z,daec211cfe940ff0b8c175d9b16010e7
DAL,2021,offense_pass_epa,0.1550556224639511,757,2022-02-15T00:00:00Z,daec211cfe940ff0b8c175d9b16010e7
DAL,2021,offense_red_zone_epa,0.10605309243974648,207,2022-02-15T00:00:00Z,daec211cfe940ff0b8c175d9b16010e7
DAL,2021,offense_rush_epa,-0.027338327805317746,479,2022-02-15T00:00:00Z,daec211cfe940ff0b8c175d9b16010e7
DAL,2021,offense_sack_rate,0.05019815059445178,757,2022-02-15T00:00:00Z,daec211cfe940ff0b8c175d9b16010e7
DAL,2021,offense_success_rate,0.4661716171617162,1212,2022-02-15T00:00:00Z,daec211cfe940ff0b8c175d9b16010e7
DAL,2021,special_teams_epa_per_play,0.0014183693693972756,216,2022-02-15T00:00:00Z,daec211cfe940ff0b8c175d9b16010e7
DAL,2022,defense_allowed_epa_per_play,-0.08817103613266616,1237,2023-02-15T00:00:00Z,daec211cfe940ff0b8c175d9b16010e7
DAL,2022,defense_allowed_success_rate,0.40986257073565074,1237,2023-02-15T00:00:00Z,daec211cfe940ff0b8c175d9b16010e7
DAL,2022,offense_early_down_epa,0.02506459541709775,945,2023-02-15T00:00:00Z,daec211cfe940ff0b8c175d9b16010e7
DAL,2022,offense_epa_per_play,0.026683491447836227,1228,2023-02-15T00:00:00Z,daec211cfe940ff0b8c175d9b16010e7
DAL,2022,offense_explosive_rate,0.19055374592833876,1228,2023-02-15T00:00:00Z,daec211cfe940ff0b8c175d9b16010e7
DAL,2022,offense_fumble_lost_rate,0.0024429967426710096,1228,2023-02-15T00:00:00Z,daec211cfe940ff0b8c175d9b16010e7
DAL,2022,offense_int_rate,0.029542097488921712,677,2023-02-15T00:00:00Z,daec211cfe940ff0b8c175d9b16010e7
DAL,2022,offense_late_down_epa,0.03905795312735062,281,2023-02-15T00:00:00Z,daec211cfe940ff0b8c175d9b16010e7
DAL,2022,offense_pace_plays_per_game,64.63157894736842,1228,2023-02-15T00:00:00Z,daec211cfe940ff0b8c175d9b16010e7
DAL,2022,offense_pass_epa,0.057906132959560444,677,2023-02-15T00:00:00Z,daec211cfe940ff0b8c175d9b16010e7
DAL,2022,offense_red_zone_epa,0.27151511407754614,175,2023-02-15T00:00:00Z,daec211cfe940ff0b8c175d9b16010e7
DAL,2022,offense_rush_epa,-0.009935769150463507,573,2023-02-15T00:00:00Z,daec211cfe940ff0b8c175d9b16010e7
DAL,2022,offense_sack_rate,0.04283604135893648,677,2023-02-15T00:00:00Z,daec211cfe940ff0b8c175d9b16010e7
DAL,2022,offense_success_rate,0.4495114006514658,1228,2023-02-15T00:00:00Z,daec211cfe940ff0b8c175d9b16010e7
DAL,2022,special_teams_epa_per_play,-0.04647537630808296,223,2023-02-15T00:00:00Z,daec211cfe940ff0b8c175d9b16010e7
DAL,2023,defense_allowed_epa_per_play,-0.08432644961220777,1056,2024-02-15T00:00:00Z,daec211cfe940ff0b8c175d9b16010e7
DAL,2023,defense_allowed_success_rate,0.4365530303030303,1056,2024-02-15T00:00:00Z,daec211cfe940ff0b8c175d9b16010e7
DAL,2023,offense_early_down_epa,0.048466905245604014,922,2024-02-15T00:00:00Z,daec211cfe940ff0b8c175d9b16010e7
DAL,2023,offense_epa_per_play,0.10250385605765416,1195,2024-02-15T00:00:00Z,daec211cfe940ff0b8c175d9b16010e7
DAL,2023,offense_explosive_rate,0.20585774058577405,1195,2024-02-15T00:00:00Z,daec211cfe940ff0b8c175d9b16010e7
DAL,2023,offense_fumble_lost_rate,0.0041841004184100415,1195,2024-02-15T00:00:00Z,daec211cfe940ff0b8c175d9b16010e7
DAL,2023,offense_int_rate,0.015915119363395226,754,2024-02-15T00:00:00Z,daec211cfe940ff0b8c175d9b16010e7
DAL,2023,offense_late_down_epa,0.2723106065881572,266,2024-02-15T00:00:00Z,daec211cfe940ff0b8c175d9b16010e7
DAL,2023,offense_pace_plays_per_game,66.38888888888889,1195,2024-02-15T00:00:00Z,daec211cfe940ff0b8c175d9b16010e7
DAL,2023,offense_pass_epa,0.17659873931466544,754,2024-02-15T00:00:00Z,daec211cfe940ff0b8c175d9b16010e7
DAL,2023,offense_red_zone_epa,0.01624412180520586,251,2024-02-15T00:00:00Z,daec211cfe940ff0b8c175d9b16010e7
DAL,2023,offense_rush_epa,0.04015666436887739,474,2024-02-15T00:00:00Z,daec211cfe940ff0b8c175d9b16010e7
DAL,2023,offense_sack_rate,0.058355437665782495,754,2024-02-15T00:00:00Z,daec211cfe940ff0b8c175d9b16010e7
DAL,2023,offense_success_rate,0.4811715481171548,1195,2024-02-15T00:00:00Z,daec211cfe940ff0b8c175d9b16010e7
DAL,2023,special_teams_epa_per_play,0.008780859818387518,182,2024-02-15T00:00:00Z,daec211cfe940ff0b8c175d9b16010e7
DAL,2024,defense_allowed_epa_per_play,0.08300170909428806,1029,2025-02-15T00:00:00Z,daec211cfe940ff0b8c175d9b16010e7
DAL,2024,defense_allowed_success_rate,0.45383867832847424,1029,2025-02-15T00:00:00Z,daec211cfe940ff0b8c175d9b16010e7
DAL,2024,offense_early_down_epa,-0.06312569420361107,837,2025-02-15T00:00:00Z,daec211cfe940ff0b8c175d9b16010e7
DAL,2024,offense_epa_per_play,-0.10942523659310055,1095,2025-02-15T00:00:00Z,daec211cfe940ff0b8c175d9b16010e7
DAL,2024,offense_explosive_rate,0.154337899543379,1095,2025-02-15T00:00:00Z,daec211cfe940ff0b8c175d9b16010e7
DAL,2024,offense_fumble_lost_rate,0.011872146118721462,1095,2025-02-15T00:00:00Z,daec211cfe940ff0b8c175d9b16010e7
DAL,2024,offense_int_rate,0.020378457059679767,687,2025-02-15T00:00:00Z,daec211cfe940ff0b8c175d9b16010e7
DAL,2024,offense_late_down_epa,-0.2593859922393044,255,2025-02-15T00:00:00Z,daec211cfe940ff0b8c175d9b16010e7
DAL,2024,offense_pace_plays_per_game,64.41176470588235,1095,2025-02-15T00:00:00Z,daec211cfe940ff0b8c175d9b16010e7
DAL,2024,offense_pass_epa,-0.10200350842087774,687,2025-02-15T00:00:00Z,daec211cfe940ff0b8c175d9b16010e7
DAL,2024,offense_red_zone_epa,-0.40187443141832774,141,2025-02-15T00:00:00Z,daec211cfe940ff0b8c175d9b16010e7
DAL,2024,offense_rush_epa,-0.11389559476896367,420,2025-02-15T00:00:00Z,daec211cfe940ff0b8c175d9b16010e7
DAL,2024,offense_sack_rate,0.055312954876273655,687,2025-02-15T00:00:00Z,daec211cfe940ff0b8c175d9b16010e7
DAL,2024,offense_success_rate,0.4063926940639269,1095,2025-02-15T00:00:00Z,daec211cfe940ff0b8c175d9b16010e7
DAL,2024,special_teams_epa_per_play,0.1858220154105927,192,2025-02-15T00:00:00Z,daec211cfe940ff0b8c175d9b16010e7
DAL,2025,defense_allowed_epa_per_play,0.16738784892869088,1027,2026-02-15T00:00:00Z,daec211cfe940ff0b8c175d9b16010e7
DAL,2025,defense_allowed_success_rate,0.48880233690360275,1027,2026-02-15T00:00:00Z,daec211cfe940ff0b8c175d9b16010e7
DAL,2025,offense_early_down_epa,0.08800838592895294,862,2026-02-15T00:00:00Z,daec211cfe940ff0b8c175d9b16010e7
DAL,2025,offense_epa_per_play,0.09696787480746845,1103,2026-02-15T00:00:00Z,daec211cfe940ff0b8c175d9b16010e7
DAL,2025,offense_explosive_rate,0.1912964641885766,1103,2026-02-15T00:00:00Z,daec211cfe940ff0b8c175d9b16010e7
DAL,2025,offense_fumble_lost_rate,0.008159564823209429,1103,2026-02-15T00:00:00Z,daec211cfe940ff0b8c175d9b16010e7
DAL,2025,offense_int_rate,0.017569546120058566,683,2026-02-15T00:00:00Z,daec211cfe940ff0b8c175d9b16010e7
DAL,2025,offense_late_down_epa,0.12128174578192574,239,2026-02-15T00:00:00Z,daec211cfe940ff0b8c175d9b16010e7
DAL,2025,offense_pace_plays_per_game,64.88235294117646,1103,2026-02-15T00:00:00Z,daec211cfe940ff0b8c175d9b16010e7
DAL,2025,offense_pass_epa,0.158523377565016,683,2026-02-15T00:00:00Z,daec211cfe940ff0b8c175d9b16010e7
DAL,2025,offense_red_zone_epa,-0.06909226376389281,198,2026-02-15T00:00:00Z,daec211cfe940ff0b8c175d9b16010e7
DAL,2025,offense_rush_epa,0.005030741165492432,449,2026-02-15T00:00:00Z,daec211cfe940ff0b8c175d9b16010e7
DAL,2025,offense_sack_rate,0.04538799414348463,683,2026-02-15T00:00:00Z,daec211cfe940ff0b8c175d9b16010e7
DAL,2025,offense_success_rate,0.46600181323662737,1103,2026-02-15T00:00:00Z,daec211cfe940ff0b8c175d9b16010e7
DAL,2025,special_teams_epa_per_play,0.14617835280794067,196,2026-02-15T00:00:00Z,daec211cfe940ff0b8c175d9b16010e7
DEN,2020,defense_allowed_epa_per_play,0.042656620016733614,1031,2021-02-15T00:00:00Z,daec211cfe940ff0b8c175d9b16010e7
DEN,2020,defense_allowed_success_rate,0.4393792434529583,1031,2021-02-15T00:00:00Z,daec211cfe940ff0b8c175d9b16010e7
DEN,2020,offense_early_down_epa,-0.0950436819800005,792,2021-02-15T00:00:00Z,daec211cfe940ff0b8c175d9b16010e7
DEN,2020,offense_epa_per_play,-0.10409601034822376,1021,2021-02-15T00:00:00Z,daec211cfe940ff0b8c175d9b16010e7
DEN,2020,offense_explosive_rate,0.1762977473065622,1021,2021-02-15T00:00:00Z,daec211cfe940ff0b8c175d9b16010e7
DEN,2020,offense_fumble_lost_rate,0.00881488736532811,1021,2021-02-15T00:00:00Z,daec211cfe940ff0b8c175d9b16010e7
DEN,2020,offense_int_rate,0.037337662337662336,616,2021-02-15T00:00:00Z,daec211cfe940ff0b8c175d9b16010e7
DEN,2020,offense_late_down_epa,-0.13514477873828595,224,2021-02-15T00:00:00Z,daec211cfe940ff0b8c175d9b16010e7
DEN,2020,offense_pace_plays_per_game,63.8125,1021,2021-02-15T00:00:00Z,daec211cfe940ff0b8c175d9b16010e7
DEN,2020,offense_pass_epa,-0.11284385661567646,616,2021-02-15T00:00:00Z,daec211cfe940ff0b8c175d9b16010e7
DEN,2020,offense_red_zone_epa,0.025728764629574956,125,2021-02-15T00:00:00Z,daec211cfe940ff0b8c175d9b16010e7
DEN,2020,offense_rush_epa,-0.07242624126964936,430,2021-02-15T00:00:00Z,daec211cfe940ff0b8c175d9b16010e7
DEN,2020,offense_sack_rate,0.05194805194805195,616,2021-02-15T00:00:00Z,daec211cfe940ff0b8c175d9b16010e7
DEN,2020,offense_success_rate,0.3878550440744368,1021,2021-02-15T00:00:00Z,daec211cfe940ff0b8c175d9b16010e7
DEN,2020,special_teams_epa_per_play,-0.0729215931729744,197,2021-02-15T00:00:00Z,daec211cfe940ff0b8c175d9b16010e7
DEN,2021,defense_allowed_epa_per_play,0.011183951773728546,1025,2022-02-15T00:00:00Z,daec211cfe940ff0b8c175d9b16010e7
DEN,2021,defense_allowed_success_rate,0.45658536585365855,1025,2022-02-15T00:00:00Z,daec211cfe940ff0b8c175d9b16010e7
DEN,2021,offense_early_down_epa,0.010461024909167081,787,2022-02-15T00:00:00Z,daec211cfe940ff0b8c175d9b16010e7
DEN,2021,offense_epa_per_play,0.014789527454958408,1032,2022-02-15T00:00:00Z,daec211cfe940ff0b8c175d9b16010e7
DEN,2021,offense_explosive_rate,0.1753875968992248,1032,2022-02-15T00:00:00Z,daec211cfe940ff0b8c175d9b16010e7
DEN,2021,offense_fumble_lost_rate,0.006782945736434108,1032,2022-02-15T00:00:00Z,daec211cfe940ff0b8c175d9b16010e7
DEN,2021,offense_int_rate,0.01487603305785124,605,2022-02-15T00:00:00Z,daec211cfe940ff0b8c175d9b16010e7
DEN,2021,offense_late_down_epa,0.032524651776870146,242,2022-02-15T00:00:00Z,daec211cfe940ff0b8c175d9b16010e7
DEN,2021,offense_pace_plays_per_game,60.705882352941174,1032,2022-02-15T00:00:00Z,daec211cfe940ff0b8c175d9b16010e7
DEN,2021,offense_pass_epa,0.07809251038794704,605,2022-02-15T00:00:00Z,daec211cfe940ff0b8c175d9b16010e7
DEN,2021,offense_red_zone_epa,-0.11438989949251115,167,2022-02-15T00:00:00Z,daec211cfe940ff0b8c175d9b16010e7
DEN,2021,offense_rush_epa,-0.05204437865233411,449,2022-02-15T00:00:00Z,daec211cfe940ff0b8c175d9b16010e7
DEN,2021,offense_sack_rate,0.06611570247933884,605,2022-02-15T00:00:00Z,daec211cfe940ff0b8c175d9b16010e7
DEN,2021,offense_success_rate,0.44670542635658916,1032,2022-02-15T00:00:00Z,daec211cfe940ff0b8c175d9b16010e7
DEN,2021,special_teams_epa_per_play,0.014085033609150465,175,2022-02-15T00:00:00Z,daec211cfe940ff0b8c175d9b16010e7
DEN,2022,defense_allowed_epa_per_play,-0.04880693533390614,1066,2023-02-15T00:00:00Z,daec211cfe940ff0b8c175d9b16010e7
DEN,2022,defense_allowed_success_rate,0.4174484052532833,1066,2023-02-15T00:00:00Z,daec211cfe940ff0b8c175d9b16010e7
DEN,2022,offense_early_down_epa,-0.03941376284650821,814,2023-02-15T00:00:00Z,daec211cfe940ff0b8c175d9b16010e7
DEN,2022,offense_epa_per_play,-0.10875377344947476,1070,2023-02-15T00:00:00Z,daec211cfe940ff0b8c175d9b16010e7
DEN,2022,offense_explosive_rate,0.15140186915887852,1070,2023-02-15T00:00:00Z,daec211cfe940ff0b8c175d9b16010e7
DEN,2022,offense_fumble_lost_rate,0.005607476635514018,1070,2023-02-15T00:00:00Z,daec211cfe940ff0b8c175d9b16010e7
DEN,2022,offense_int_rate,0.02262443438914027,663,2023-02-15T00:00:00Z,daec211cfe940ff0b8c175d9b16010e7
DEN,2022,offense_late_down_epa,-0.3322430497396862,254,2023-02-15T00:00:00Z,daec211cfe940ff0b8c175d9b16010e7
DEN,2022,offense_pace_plays_per_game,62.94117647058823,1070,2023-02-15T00:00:00Z,daec211cfe940ff0b8c175d9b16010e7
DEN,2022,offense_pass_epa,-0.10885963162952285,663,2023-02-15T00:00:00Z,daec211cfe940ff0b8c175d9b16010e7
DEN,2022,offense_red_zone_epa,-0.011967441755391607,98,2023-02-15T00:00:00Z,daec211cfe940ff0b8c175d9b16010e7
DEN,2022,offense_rush_epa,-0.06944160616071653,436,2023-02-15T00:00:00Z,daec211cfe940ff0b8c175d9b16010e7
DEN,2022,offense_sack_rate,0.09502262443438914,663,2023-02-15T00:00:00Z,daec211cfe940ff0b8c175d9b16010e7
DEN,2022,offense_success_rate,0.3813084112149533,1070,2023-02-15T00:00:00Z,daec211cfe940ff0b8c175d9b16010e7
DEN,2022,special_teams_epa_per_play,-0.05784441111057556,212,2023-02-15T00:00:00Z,daec211cfe940ff0b8c175d9b16010e7
DEN,2023,defense_allowed_epa_per_play,0.019245704144758038,1072,2024-02-15T00:00:00Z,daec211cfe940ff0b8c175d9b16010e7
DEN,2023,defense_allowed_success_rate,0.44402985074626866,1072,2024-02-15T00:00:00Z,daec211cfe940ff0b8c175d9b16010e7
DEN,2023,offense_early_down_epa,-0.04661170238613384,757,2024-02-15T00:00:00Z,daec211cfe940ff0b8c175d9b16010e7
DEN,2023,offense_epa_per_play,-0.05809926221600067,1002,2024-02-15T00:00:00Z,daec211cfe940ff0b8c175d9b16010e7
DEN,2023,offense_explosive_rate,0.1596806387225549,1002,2024-02-15T00:00:00Z,daec211cfe940ff0b8c175d9b16010e7
DEN,2023,offense_fumble_lost_rate,0.010978043912175649,1002,2024-02-15T00:00:00Z,daec211cfe940ff0b8c175d9b16010e7
DEN,2023,offense_int_rate,0.014925373134328358,603,2024-02-15T00:00:00Z,daec211cfe940ff0b8c175d9b16010e7
DEN,2023,offense_late_down_epa,-0.10210673123583759,238,2024-02-15T00:00:00Z,daec211cfe940ff0b8c175d9b16010e7
DEN,2023,offense_pace_plays_per_game,58.94117647058823,1002,2024-02-15T00:00:00Z,daec211cfe940ff0b8c175d9b16010e7
DEN,2023,offense_pass_epa,-0.033008617037853114,603,2024-02-15T00:00:00Z,daec211cfe940ff0b8c175d9b16010e7
DEN,2023,offense_red_zone_epa,0.006979547971260249,174,2024-02-15T00:00:00Z,daec211cfe940ff0b8c175d9b16010e7
DEN,2023,offense_rush_epa,-0.06040278162038773,438,2024-02-15T00:00:00Z,daec211cfe940ff0b8c175d9b16010e7
DEN,2023,offense_sack_rate,0.08623548922056384,603,2024-02-15T00:00:00Z,daec211cfe940ff0b8c175d9b16010e7
DEN,2023,offense_success_rate,0.42115768463073855,1002,2024-02-15T00:00:00Z,daec211cfe940ff0b8c175d9b16010e7
DEN,2023,special_teams_epa_per_play,-0.018590598588792532,201,2024-02-15T00:00:00Z,daec211cfe940ff0b8c175d9b16010e7
DEN,2024,defense_allowed_epa_per_play,-0.09058327249732502,1154,2025-02-15T00:00:00Z,daec211cfe940ff0b8c175d9b16010e7
DEN,2024,defense_allowed_success_rate,0.4055459272097054,1154,2025-02-15T00:00:00Z,daec211cfe940ff0b8c175d9b16010e7
DEN,2024,offense_early_down_epa,0.006677301538350227,818,2025-02-15T00:00:00Z,daec211cfe940ff0b8c175d9b16010e7
DEN,2024,offense_epa_per_play,0.014592348769782116,1080,2025-02-15T00:00:00Z,daec211cfe940ff0b8c175d9b16010e7
DEN,2024,offense_explosive_rate,0.17685185185185184,1080,2025-02-15T00:00:00Z,daec211cfe940ff0b8c175d9b16010e7
DEN,2024,offense_fumble_lost_rate,0.006481481481481481,1080,2025-02-15T00:00:00Z,daec211cfe940ff0b8c175d9b16010e7
DEN,2024,offense_int_rate,0.017830609212481426,673,2025-02-15T00:00:00Z,daec211cfe940ff0b8c175d9b16010e7
DEN,2024,offense_late_down_epa,0.043083157137908806,261,2025-02-15T00:00:00Z,daec211cfe940ff0b8c175d9b16010e7
DEN,2024,offense_pace_plays_per_game,60.0,1080,2025-02-15T00:00:00Z,daec211cfe940ff0b8c175d9b16010e7
DEN,2024,offense_pass_epa,0.0639567755414027,673,2025-02-15T00:00:00Z,daec211cfe940ff0b8c175d9b16010e7
DEN,2024,offense_red_zone_epa,0.1405153885369857,157,2025-02-15T00:00:00Z,daec211cfe940ff0b8c175d9b16010e7
DEN,2024,offense_rush_epa,-0.007607147112372151,461,2025-02-15T00:00:00Z,daec211cfe940ff0b8c175d9b16010e7
DEN,2024,offense_sack_rate,0.03863298662704309,673,2025-02-15T00:00:00Z,daec211cfe940ff0b8c175d9b16010e7
DEN,2024,offense_success_rate,0.42685185185185187,1080,2025-02-15T00:00:00Z,daec211cfe940ff0b8c175d9b16010e7
DEN,2024,special_teams_epa_per_play,0.14614582279832555,210,2025-02-15T00:00:00Z,daec211cfe940ff0b8c175d9b16010e7
DEN,2025,defense_allowed_epa_per_play,-0.07925836144995298,1194,2026-02-15T00:00:00Z,daec211cfe940ff0b8c175d9b16010e7
DEN,2025,defense_allowed_success_rate,0.37269681742043553,1194,2026-02-15T00:00:00Z,daec211cfe940ff0b8c175d9b16010e7
DEN,2025,offense_early_down_epa,0.029713290083276084,913,2026-02-15T00:00:00Z,daec211cfe940ff0b8c175d9b16010e7
DEN,2025,offense_epa_per_play,0.0313581629292883,1203,2026-02-15T00:00:00Z,daec211cfe940ff0b8c175d9b16010e7
DEN,2025,offense_explosive_rate,0.18038237738985868,1203,2026-02-15T00:00:00Z,daec211cfe940ff0b8c175d9b16010e7
DEN,2025,offense_fumble_lost_rate,0.004156275976724855,1203,2026-02-15T00:00:00Z,daec211cfe940ff0b8c175d9b16010e7
DEN,2025,offense_int_rate,0.01706036745406824,762,2026-02-15T00:00:00Z,daec211cfe940ff0b8c175d9b16010e7
DEN,2025,offense_late_down_epa,0.02914660618979847,284,2026-02-15T00:00:00Z,daec211cfe940ff0b8c175d9b16010e7
DEN,2025,offense_pace_plays_per_game,63.31578947368421,1203,2026-02-15T00:00:00Z,daec211cfe940ff0b8c175d9b16010e7
DEN,2025,offense_pass_epa,0.08344394375912,762,2026-02-15T00:00:00Z,daec211cfe940ff0b8c175d9b16010e7
DEN,2025,offense_red_zone_epa,0.11241049649729391,185,2026-02-15T00:00:00Z,daec211cfe940ff0b8c175d9b16010e7
DEN,2025,offense_rush_epa,-0.007534050152714929,483,2026-02-15T00:00:00Z,daec211cfe940ff0b8c175d9b16010e7
DEN,2025,offense_sack_rate,0.03412073490813648,762,2026-02-15T00:00:00Z,daec211cfe940ff0b8c175d9b16010e7
DEN,2025,offense_success_rate,0.4339152119700748,1203,2026-02-15T00:00:00Z,daec211cfe940ff0b8c175d9b16010e7
DEN,2025,special_teams_epa_per_play,0.05723558009877777,216,2026-02-15T00:00:00Z,daec211cfe940ff0b8c175d9b16010e7
DET,2020,defense_allowed_epa_per_play,0.20318841321325865,1049,2021-02-15T00:00:00Z,daec211cfe940ff0b8c175d9b16010e7
DET,2020,defense_allowed_success_rate,0.5119161105815062,1049,2021-02-15T00:00:00Z,daec211cfe940ff0b8c175d9b16010e7
DET,2020,offense_early_down_epa,0.020079832710736826,767,2021-02-15T00:00:00Z,daec211cfe940ff0b8c175d9b16010e7
DET,2020,offense_epa_per_play,-0.0047315706221010435,982,2021-02-15T00:00:00Z,daec211cfe940ff0b8c175d9b16010e7
DET,2020,offense_explosive_rate,0.1945010183299389,982,2021-02-15T00:00:00Z,daec211cfe940ff0b8c175d9b16010e7
DET,2020,offense_fumble_lost_rate,0.007128309572301426,982,2021-02-15T00:00:00Z,daec211cfe940ff0b8c175d9b16010e7
DET,2020,offense_int_rate,0.02034428794992175,639,2021-02-15T00:00:00Z,daec211cfe940ff0b8c175d9b16010e7
DET,2020,offense_late_down_epa,-0.09601722293857054,211,2021-02-15T00:00:00Z,daec211cfe940ff0b8c175d9b16010e7
DET,2020,offense_pace_plays_per_game,61.375,982,2021-02-15T00:00:00Z,daec211cfe940ff0b8c175d9b16010e7
DET,2020,offense_pass_epa,0.07285378045066905,639,2021-02-15T00:00:00Z,daec211cfe940ff0b8c175d9b16010e7
DET,2020,offense_red_zone_epa,0.0415472405366304,153,2021-02-15T00:00:00Z,daec211cfe940ff0b8c175d9b16010e7
DET,2020,offense_rush_epa,-0.09822658762101635,362,2021-02-15T00:00:00Z,daec211cfe940ff0b8c175d9b16010e7
DET,2020,offense_sack_rate,0.06572769953051644,639,2021-02-15T00:00:00Z,daec211cfe940ff0b8c175d9b16010e7
DET,2020,offense_success_rate,0.4429735234215886,982,2021-02-15T00:00:00Z,daec211cfe940ff0b8c175d9b16010e7
DET,2020,special_teams_epa_per_play,-0.021361976910100403,202,2021-02-15T00:00:00Z,daec211cfe940ff0b8c175d9b16010e7
DET,2021,defense_allowed_epa_per_play,0.09793383106226392,1071,2022-02-15T00:00:00Z,daec211cfe940ff0b8c175d9b16010e7
DET,2021,defense_allowed_success_rate,0.4603174603174603,1071,2022-02-15T00:00:00Z,daec211cfe940ff0b8c175d9b16010e7
DET,2021,offense_early_down_epa,-0.03724763937226664,796,2022-02-15T00:00:00Z,daec211cfe940ff0b8c175d9b16010e7
DET,2021,offense_epa_per_play,-0.0633049658133831,1056,2022-02-15T00:00:00Z,daec211cfe940ff0b8c175d9b16010e7
DET,2021,offense_explosive_rate,0.17140151515151514,1056,2022-02-15T00:00:00Z,daec211cfe940ff0b8c175d9b16010e7
DET,2021,offense_fumble_lost_rate,0.008522727272727272,1056,2022-02-15T00:00:00Z,daec211cfe940ff0b8c175d9b16010e7
DET,2021,offense_int_rate,0.02177293934681182,643,2022-02-15T00:00:00Z,daec211cfe940ff0b8c175d9b16010e7
DET,2021,offense_late_down_epa,-0.16346032660869414,254,2022-02-15T00:00:00Z,daec211cfe940ff0b8c175d9b16010e7
DET,2021,offense_pace_plays_per_game,62.11764705882353,1056,2022-02-15T00:00:00Z,daec211cfe940ff0b8c175d9b16010e7
DET,2021,offense_pass_epa,-0.039893317652986315,643,2022-02-15T00:00:00Z,daec211cfe940ff0b8c175d9b16010e7
DET,2021,offense_red_zone_epa,-0.10406376884232275,134,2022-02-15T00:00:00Z,daec211cfe940ff0b8c175d9b16010e7
DET,2021,offense_rush_epa,-0.08947483832887465,426,2022-02-15T00:00:00Z,daec211cfe940ff0b8c175d9b16010e7
DET,2021,offense_sack_rate,0.05598755832037325,643,2022-02-15T00:00:00Z,daec211cfe940ff0b8c175d9b16010e7
DET,2021,offense_success_rate,0.42045454545454547,1056,2022-02-15T00:00:00Z,daec211cfe940ff0b8c175d9b16010e7
DET,2021,special_teams_epa_per_play,-0.03826532413638663,195,2022-02-15T00:00:00Z,daec211cfe940ff0b8c175d9b16010e7
DET,2022,defense_allowed_epa_per_play,0.07770558649169905,1068,2023-02-15T00:00:00Z,daec211cfe940ff0b8c175d9b16010e7
DET,2022,defense_allowed_success_rate,0.4691011235955056,1068,2023-02-15T00:00:00Z,daec211cfe940ff0b8c175d9b16010e7
DET,2022,offense_early_down_epa,0.03689522093380169,829,2023-02-15T00:00:00Z,daec211cfe940ff0b8c175d9b16010e7
DET,2022,offense_epa_per_play,0.0716621125662003,1081,2023-02-15T00:00:00Z,daec211cfe940ff0b8c175d9b16010e7
DET,2022,offense_explosive_rate,0.20166512488436633,1081,2023-02-15T00:00:00Z,daec211cfe940ff0b8c175d9b16010e7
DET,2022,offense_fumble_lost_rate,0.0064754856614246065,1081,2023-02-15T00:00:00Z,daec211cfe940ff0b8c175d9b16010e7
DET,2022,offense_int_rate,0.011164274322169059,627,2023-02-15T00:00:00Z,daec211cfe940ff0b8c175d9b16010e7
DET,2022,offense_late_down_epa,0.17658139890664343,247,2023-02-15T00:00:00Z,daec211cfe940ff0b8c175d9b16010e7
DET,2022,offense_pace_plays_per_game,63.588235294117645,1081,2023-02-15T00:00:00Z,daec211cfe940ff0b8c175d9b16010e7
DET,2022,offense_pass_epa,0.15948724606352604,627,2023-02-15T00:00:00Z,daec211cfe940ff0b8c175d9b16010e7
DET,2022,offense_red_zone_epa,0.06945971230784145,196,2023-02-15T00:00:00Z,daec211cfe940ff0b8c175d9b16010e7
DET,2022,offense_rush_epa,-0.04530600422379155,469,2023-02-15T00:00:00Z,daec211cfe940ff0b8c175d9b16010e7
DET,2022,offense_sack_rate,0.03827751196172249,627,2023-02-15T00:00:00Z,daec211cfe940ff0b8c175d9b16010e7
DET,2022,offense_success_rate,0.45605920444033304,1081,2023-02-15T00:00:00Z,daec211cfe940ff0b8c175d9b16010e7
DET,2022,special_teams_epa_per_play,0.04353454468785687,192,2023-02-15T00:00:00Z,daec211cfe940ff0b8c175d9b16010e7
DET,2023,defense_allowed_epa_per_play,0.00352045579086557,1211,2024-02-15T00:00:00Z,daec211cfe940ff0b8c175d9b16010e7
DET,2023,defense_allowed_success_rate,0.43352601156069365,1211,2024-02-15T00:00:00Z,daec211cfe940ff0b8c175d9b16010e7
DET,2023,offense_early_down_epa,0.07671599652243878,1004,2024-02-15T00:00:00Z,daec211cfe940ff0b8c175d9b16010e7
DET,2023,offense_epa_per_play,0.07904921657957542,1308,2024-02-15T00:00:00Z,daec211cfe940ff0b8c175d9b16010e7
DET,2023,offense_explosive_rate,0.21865443425076453,1308,2024-02-15T00:00:00Z,daec211cfe940ff0b8c175d9b16010e7
DET,2023,offense_fumble_lost_rate,0.008409785932721712,1308,2024-02-15T00:00:00Z,daec211cfe940ff0b8c175d9b16010e7
DET,2023,offense_int_rate,0.015706806282722512,764,2024-02-15T00:00:00Z,daec211cfe940ff0b8c175d9b16010e7
DET,2023,offense_late_down_epa,0.0906639290219268,299,2024-02-15T00:00:00Z,daec211cfe940ff0b8c175d9b16010e7
DET,2023,offense_pace_plays_per_game,65.4,1308,2024-02-15T00:00:00Z,daec211cfe940ff0b8c175d9b16010e7
DET,2023,offense_pass_epa,0.1256373880973748,764,2024-02-15T00:00:00Z,daec211cfe940ff0b8c175d9b16010e7
DET,2023,offense_red_zone_epa,0.13137261802445038,237,2024-02-15T00:00:00Z,daec211cfe940ff0b8c175d9b16010e7
DET,2023,offense_rush_epa,0.007525847287278216,552,2024-02-15T00:00:00Z,daec211cfe940ff0b8c175d9b16010e7
DET,2023,offense_sack_rate,0.049738219895287955,764,2024-02-15T00:00:00Z,daec211cfe940ff0b8c175d9b16010e7
DET,2023,offense_success_rate,0.4694189602446483,1308,2024-02-15T00:00:00Z,daec211cfe940ff0b8c175d9b16010e7
DET,2023,special_teams_epa_per_play,-0.06557506420343986,236,2024-02-15T00:00:00Z,daec211cfe940ff0b8c175d9b16010e7
DET,2024,defense_allowed_epa_per_play,-0.038872056392885684,1084,2025-02-15T00:00:00Z,daec211cfe940ff0b8c175d9b16010e7
DET,2024,defense_allowed_success_rate,0.4225092250922509,1084,2025-02-15T00:00:00Z,daec211cfe940ff0b8c175d9b16010e7
DET,2024,offense_early_down_epa,0.11965194704961504,914,2025-02-15T00:00:00Z,daec211cfe940ff0b8c175d9b16010e7
DET,2024,offense_epa_per_play,0.1645245087285207,1164,2025-02-15T00:00:00Z,daec211cfe940ff0b8c175d9b16010e7
DET,2024,offense_explosive_rate,0.2268041237113402,1164,2025-02-15T00:00:00Z,daec211cfe940ff0b8c175d9b16010e7
DET,2024,offense_fumble_lost_rate,0.003436426116838488,1164,2025-02-15T00:00:00Z,daec211cfe940ff0b8c175d9b16010e7
DET,2024,offense_int_rate,0.025,640,2025-02-15T00:00:00Z,daec211cfe940ff0b8c175d9b16010e7
DET,2024,offense_late_down_epa,0.3308010022445562,248,2025-02-15T00:00:00Z,daec211cfe940ff0b8c175d9b16010e7
DET,2024,offense_pace_plays_per_game,64.66666666666667,1164,2025-02-15T00:00:00Z,daec211cfe940ff0b8c175d9b16010e7
DET,2024,offense_pass_epa,0.2505101624939373,640,2025-02-15T00:00:00Z,daec211cfe940ff0b8c175d9b16010e7
DET,2024,offense_red_zone_epa,0.15940959656732825,239,2025-02-15T00:00:00Z,daec211cfe940ff0b8c175d9b16010e7
DET,2024,offense_rush_epa,0.06914946179575983,540,2025-02-15T00:00:00Z,daec211cfe940ff0b8c175d9b16010e7
DET,2024,offense_sack_rate,0.0546875,640,2025-02-15T00:00:00Z,daec211cfe940ff0b8c175d9b16010e7
DET,2024,offense_success_rate,0.5051546391752577,1164,2025-02-15T00:00:00Z,daec211cfe940ff0b8c175d9b16010e7
DET,2024,special_teams_epa_per_play,0.16862120662110103,206,2025-02-15T00:00:00Z,daec211cfe940ff0b8c175d9b16010e7
DET,2025,defense_allowed_epa_per_play,-0.009908506728384562,1040,2026-02-15T00:00:00Z,daec211cfe940ff0b8c175d9b16010e7
DET,2025,defense_allowed_success_rate,0.4173076923076923,1040,2026-02-15T00:00:00Z,daec211cfe940ff0b8c175d9b16010e7
DET,2025,offense_early_down_epa,0.10287209712300795,806,2026-02-15T00:00:00Z,daec211cfe940ff0b8c175d9b16010e7
DET,2025,offense_epa_per_play,0.08127839987352242,1050,2026-02-15T00:00:00Z,daec211cfe940ff0b8c175d9b16010e7
DET,2025,offense_explosive_rate,0.2,1050,2026-02-15T00:00:00Z,daec211cfe940ff0b8c175d9b16010e7
DET,2025,offense_fumble_lost_rate,0.006666666666666667,1050,2026-02-15T00:00:00Z,daec211cfe940ff0b8c175d9b16010e7
DET,2025,offense_int_rate,0.01282051282051282,624,2026-02-15T00:00:00Z,daec211cfe940ff0b8c175d9b16010e7
DET,2025,offense_late_down_epa,0.009948399942844856,244,2026-02-15T00:00:00Z,daec211cfe940ff0b8c175d9b16010e7
DET,2025,offense_pace_plays_per_game,61.76470588235294,1050,2026-02-15T00:00:00Z,daec211cfe940ff0b8c175d9b16010e7
DET,2025,offense_pass_epa,0.17030483348784387,624,2026-02-15T00:00:00Z,daec211cfe940ff0b8c175d9b16010e7
DET,2025,offense_red_zone_epa,0.14442198398625314,190,2026-02-15T00:00:00Z,daec211cfe940ff0b8c175d9b16010e7
DET,2025,offense_rush_epa,-0.04335701691723962,431,2026-02-15T00:00:00Z,daec211cfe940ff0b8c175d9b16010e7
DET,2025,offense_sack_rate,0.0625,624,2026-02-15T00:00:00Z,daec211cfe940ff0b8c175d9b16010e7
DET,2025,offense_success_rate,0.4523809523809524,1050,2026-02-15T00:00:00Z,daec211cfe940ff0b8c175d9b16010e7
DET,2025,special_teams_epa_per_play,0.16977567782042996,203,2026-02-15T00:00:00Z,daec211cfe940ff0b8c175d9b16010e7
GB,2020,defense_allowed_epa_per_play,0.02867462044623425,1083,2021-02-15T00:00:00Z,daec211cfe940ff0b8c175d9b16010e7
GB,2020,defense_allowed_success_rate,0.46537396121883656,1083,2021-02-15T00:00:00Z,daec211cfe940ff0b8c175d9b16010e7
GB,2020,offense_early_down_epa,0.1820008918120197,879,2021-02-15T00:00:00Z,daec211cfe940ff0b8c175d9b16010e7
GB,2020,offense_epa_per_play,0.21514502784489284,1109,2021-02-15T00:00:00Z,daec211cfe940ff0b8c175d9b16010e7
GB,2020,offense_explosive_rate,0.218214607754734,1109,2021-02-15T00:00:00Z,daec211cfe940ff0b8c175d9b16010e7
GB,2020,offense_fumble_lost_rate,0.004508566275924256,1109,2021-02-15T00:00:00Z,daec211cfe940ff0b8c175d9b16010e7
GB,2020,offense_int_rate,0.009077155824508321,661,2021-02-15T00:00:00Z,daec211cfe940ff0b8c175d9b16010e7
GB,2020,offense_late_down_epa,0.35847791061259315,224,2021-02-15T00:00:00Z,daec211cfe940ff0b8c175d9b16010e7
GB,2020,offense_pace_plays_per_game,61.611111111111114,1109,2021-02-15T00:00:00Z,daec211cfe940ff0b8c175d9b16010e7
GB,2020,offense_pass_epa,0.31878418830657024,661,2021-02-15T00:00:00Z,daec211cfe940ff0b8c175d9b16010e7
GB,2020,offense_red_zone_epa,0.31597422733940644,200,2021-02-15T00:00:00Z,daec211cfe940ff0b8c175d9b16010e7
GB,2020,offense_rush_epa,0.0978902477041777,473,2021-02-15T00:00:00Z,daec211cfe940ff0b8c175d9b16010e7
GB,2020,offense_sack_rate,0.039334341906202726,661,2021-02-15T00:00:00Z,daec211cfe940ff0b8c175d9b16010e7
GB,2020,offense_success_rate,0.5112714156898106,1109,2021-02-15T00:00:00Z,daec211cfe940ff0b8c175d9b16010e7
GB,2020,special_teams_epa_per_play,-0.12478641946291026,211,2021-02-15T00:00:00Z,daec211cfe940ff0b8c175d9b16010e7
GB,2021,defense_allowed_epa_per_play,-0.006156361945954657,1082,2022-02-15T00:00:00Z,daec211cfe940ff0b8c175d9b16010e7
GB,2021,defense_allowed_success_rate,0.4611829944547135,1082,2022-02-15T00:00:00Z,daec211cfe940ff0b8c175d9b16010e7
GB,2021,offense_early_down_epa,0.11389829226419716,868,2022-02-15T00:00:00Z,daec211cfe940ff0b8c175d9b16010e7
GB,2021,offense_epa_per_play,0.12119234665282833,1105,2022-02-15T00:00:00Z,daec211cfe940ff0b8c175d9b16010e7
GB,2021,offense_explosive_rate,0.19547511312217195,1105,2022-02-15T00:00:00Z,daec211cfe940ff0b8c175d9b16010e7
GB,2021,offense_fumble_lost_rate,0.004524886877828055,1105,2022-02-15T00:00:00Z,daec211cfe940ff0b8c175d9b16010e7
GB,2021,offense_int_rate,0.010294117647058823,680,2022-02-15T00:00:00Z,daec211cfe940ff0b8c175d9b16010e7
GB,2021,offense_late_down_epa,0.1533966895985136,234,2022-02-15T00:00:00Z,daec211cfe940ff0b8c175d9b16010e7
GB,2021,offense_pace_plays_per_game,61.388888888888886,1105,2022-02-15T00:00:00Z,daec211cfe940ff0b8c175d9b16010e7
GB,2021,offense_pass_epa,0.18580129693909567,680,2022-02-15T00:00:00Z,daec211cfe940ff0b8c175d9b16010e7
GB,2021,offense_red_zone_epa,0.08402876739732919,229,2022-02-15T00:00:00Z,daec211cfe940ff0b8c175d9b16010e7
GB,2021,offense_rush_epa,0.049075363398312095,447,2022-02-15T00:00:00Z,daec211cfe940ff0b8c175d9b16010e7
GB,2021,offense_sack_rate,0.05588235294117647,680,2022-02-15T00:00:00Z,daec211cfe940ff0b8c175d9b16010e7
GB,2021,offense_success_rate,0.4796380090497738,1105,2022-02-15T00:00:00Z,daec211cfe940ff0b8c175d9b16010e7
GB,2021,special_teams_epa_per_play,-0.02594202629155094,191,2022-02-15T00:00:00Z,daec211cfe940ff0b8c175d9b16010e7
GB,2022,defense_allowed_epa_per_play,0.036787502937795556,978,2023-02-15T00:00:00Z,daec211cfe940ff0b8c175d9b16010e7
GB,2022,defense_allowed_success_rate,0.4570552147239264,978,2023-02-15T00:00:00Z,daec211cfe940ff0b8c175d9b16010e7
GB,2022,offense_early_down_epa,0.06826475916297982,804,2023-02-15T00:00:00Z,daec211cfe940ff0b8c175d9b16010e7
GB,2022,offense_epa_per_play,0.0031003848711277406,1036,2023-02-15T00:00:00Z,daec211cfe940ff0b8c175d9b16010e7
GB,2022,offense_explosive_rate,0.17664092664092665,1036,2023-02-15T00:00:00Z,daec211cfe940ff0b8c175d9b16010e7
GB,2022,offense_fumble_lost_rate,0.007722007722007722,1036,2023-02-15T00:00:00Z,daec211cfe940ff0b8c175d9b16010e7
GB,2022,offense_int_rate,0.019736842105263157,608,2023-02-15T00:00:00Z,daec211cfe940ff0b8c175d9b16010e7
GB,2022,offense_late_down_epa,-0.2307068455919102,229,2023-02-15T00:00:00Z,daec211cfe940ff0b8c175d9b16010e7
GB,2022,offense_pace_plays_per_game,60.94117647058823,1036,2023-02-15T00:00:00Z,daec211cfe940ff0b8c175d9b16010e7
GB,2022,offense_pass_epa,-0.0002575730613918645,608,2023-02-15T00:00:00Z,daec211cfe940ff0b8c175d9b16010e7
GB,2022,offense_red_zone_epa,-0.02259619490595532,156,2023-02-15T00:00:00Z,daec211cfe940ff0b8c175d9b16010e7
GB,2022,offense_rush_epa,0.04078665413686604,441,2023-02-15T00:00:00Z,daec211cfe940ff0b8c175d9b16010e7
GB,2022,offense_sack_rate,0.05263157894736842,608,2023-02-15T00:00:00Z,daec211cfe940ff0b8c175d9b16010e7
GB,2022,offense_success_rate,0.4575289575289575,1036,2023-02-15T00:00:00Z,daec211cfe940ff0b8c175d9b16010e7
GB,2022,special_teams_epa_per_play,-0.05495802494317389,179,2023-02-15T00:00:00Z,daec211cfe940ff0b8c175d9b16010e7
GB,2023,defense_allowed_epa_per_play,0.01983820977759521,1205,2024-02-15T00:00:00Z,daec211cfe940ff0b8c175d9b16010e7
GB,2023,defense_allowed_success_rate,0.45726141078838173,1205,2024-02-15T00:00:00Z,daec211cfe940ff0b8c175d9b16010e7
GB,2023,offense_early_down_epa,0.05944975863695608,879,2024-02-15T00:00:00Z,daec211cfe940ff0b8c175d9b16010e7
GB,2023,offense_epa_per_play,0.07765525816640372,1156,2024-02-15T00:00:00Z,daec211cfe940ff0b8c175d9b16010e7
GB,2023,offense_explosive_rate,0.1903114186851211,1156,2024-02-15T00:00:00Z,daec211cfe940ff0b8c175d9b16010e7
GB,2023,offense_fumble_lost_rate,0.004325259515570935,1156,2024-02-15T00:00:00Z,daec211cfe940ff0b8c175d9b16010e7
GB,2023,offense_int_rate,0.01875901875901876,693,2024-02-15T00:00:00Z,daec211cfe940ff0b8c175d9b16010e7
GB,2023,offense_late_down_epa,0.13725144132279815,271,2024-02-15T00:00:00Z,daec211cfe940ff0b8c175d9b16010e7
GB,2023,offense_pace_plays_per_game,60.8421052631579,1156,2024-02-15T00:00:00Z,daec211cfe940ff0b8c175d9b16010e7
GB,2023,offense_pass_epa,0.15756135897029128,693,2024-02-15T00:00:00Z,daec211cfe940ff0b8c175d9b16010e7
GB,2023,offense_red_zone_epa,0.017568402256316,234,2024-02-15T00:00:00Z,daec211cfe940ff0b8c175d9b16010e7
GB,2023,offense_rush_epa,-0.03857067591617456,488,2024-02-15T00:00:00Z,daec211cfe940ff0b8c175d9b16010e7
GB,2023,offense_sack_rate,0.04329004329004329,693,2024-02-15T00:00:00Z,daec211cfe940ff0b8c175d9b16010e7
GB,2023,offense_success_rate,0.44896193771626297,1156,2024-02-15T00:00:00Z,daec211cfe940ff0b8c175d9b16010e7
GB,2023,special_teams_epa_per_play,-0.02650951951303576,202,2024-02-15T00:00:00Z,daec211cfe940ff0b8c175d9b16010e7
GB,2024,defense_allowed_epa_per_play,-0.06121277017702173,1083,2025-02-15T00:00:00Z,daec211cfe940ff0b8c175d9b16010e7
GB,2024,defense_allowed_success_rate,0.44136657433056325,1083,2025-02-15T00:00:00Z,daec211cfe940ff0b8c175d9b16010e7
GB,2024,offense_early_down_epa,0.08605051471720669,853,2025-02-15T00:00:00Z,daec211cfe940ff0b8c175d9b16010e7
GB,2024,offense_epa_per_play,0.0705723432577178,1081,2025-02-15T00:00:00Z,daec211cfe940ff0b8c175d9b16010e7
GB,2024,offense_explosive_rate,0.20166512488436633,1081,2025-02-15T00:00:00Z,daec211cfe940ff0b8c175d9b16010e7
GB,2024,offense_fumble_lost_rate,0.0064754856614246065,1081,2025-02-15T00:00:00Z,daec211cfe940ff0b8c175d9b16010e7
GB,2024,offense_int_rate,0.024955436720142603,561,2025-02-15T00:00:00Z,daec211cfe940ff0b8c175d9b16010e7
GB,2024,offense_late_down_epa,0.011574837873043328,222,2025-02-15T00:00:00Z,daec211cfe940ff0b8c175d9b16010e7
GB,2024,offense_pace_plays_per_game,60.05555555555556,1081,2025-02-15T00:00:00Z,daec211cfe940ff0b8c175d9b16010e7
GB,2024,offense_pass_epa,0.13857632253658986,561,2025-02-15T00:00:00Z,daec211cfe940ff0b8c175d9b16010e7
GB,2024,offense_red_zone_epa,0.09081282647497853,195,2025-02-15T00:00:00Z,daec211cfe940ff0b8c175d9b16010e7
GB,2024,offense_rush_epa,0.024640253492998452,541,2025-02-15T00:00:00Z,daec211cfe940ff0b8c175d9b16010e7
GB,2024,offense_sack_rate,0.0427807486631016,561,2025-02-15T00:00:00Z,daec211cfe940ff0b8c175d9b16010e7
GB,2024,offense_success_rate,0.4495837187789084,1081,2025-02-15T00:00:00Z,daec211cfe940ff0b8c175d9b16010e7
GB,2024,special_teams_epa_per_play,0.09480128149978648,187,2025-02-15T00:00:00Z,daec211cfe940ff0b8c175d9b16010e7
GB,2025,defense_allowed_epa_per_play,0.03816756788781138,1134,2026-02-15T00:00:00Z,daec211cfe940ff0b8c175d9b16010e7
GB,2025,defense_allowed_success_rate,0.4435626102292769,1134,2026-02-15T00:00:00Z,daec211cfe940ff0b8c175d9b16010e7
GB,2025,offense_early_down_epa,0.07592085438502687,812,2026-02-15T00:00:00Z,daec211cfe940ff0b8c175d9b16010e7
GB,2025,offense_epa_per_play,0.12163467113248028,1063,2026-02-15T00:00:00Z,daec211cfe940ff0b8c175d9b16010e7
GB,2025,offense_explosive_rate,0.1947318908748824,1063,2026-02-15T00:00:00Z,daec211cfe940ff0b8c175d9b16010e7
GB,2025,offense_fumble_lost_rate,0.005644402634054563,1063,2026-02-15T00:00:00Z,daec211cfe940ff0b8c175d9b16010e7
GB,2025,offense_int_rate,0.011627906976744186,602,2026-02-15T00:00:00Z,daec211cfe940ff0b8c175d9b16010e7
GB,2025,offense_late_down_epa,0.2632286010168061,249,2026-02-15T00:00:00Z,daec211cfe940ff0b8c175d9b16010e7
GB,2025,offense_pace_plays_per_game,59.05555555555556,1063,2026-02-15T00:00:00Z,daec211cfe940ff0b8c175d9b16010e7
GB,2025,offense_pass_epa,0.2658726777475773,602,2026-02-15T00:00:00Z,daec211cfe940ff0b8c175d9b16010e7
GB,2025,offense_red_zone_epa,0.1100734509778467,182,2026-02-15T00:00:00Z,daec211cfe940ff0b8c175d9b16010e7
GB,2025,offense_rush_epa,-0.01521243969733401,497,2026-02-15T00:00:00Z,daec211cfe940ff0b8c175d9b16010e7
GB,2025,offense_sack_rate,0.04983388704318937,602,2026-02-15T00:00:00Z,daec211cfe940ff0b8c175d9b16010e7
GB,2025,offense_success_rate,0.47507055503292567,1063,2026-02-15T00:00:00Z,daec211cfe940ff0b8c175d9b16010e7
GB,2025,special_teams_epa_per_play,0.09536873972255017,189,2026-02-15T00:00:00Z,daec211cfe940ff0b8c175d9b16010e7
HOU,2020,defense_allowed_epa_per_play,0.16952295918992694,1052,2021-02-15T00:00:00Z,daec211cfe940ff0b8c175d9b16010e7
HOU,2020,defense_allowed_success_rate,0.502851711026616,1052,2021-02-15T00:00:00Z,daec211cfe940ff0b8c175d9b16010e7
HOU,2020,offense_early_down_epa,0.11450818436449547,723,2021-02-15T00:00:00Z,daec211cfe940ff0b8c175d9b16010e7
HOU,2020,offense_epa_per_play,0.09861796088827843,932,2021-02-15T00:00:00Z,daec211cfe940ff0b8c175d9b16010e7
HOU,2020,offense_explosive_rate,0.2145922746781116,932,2021-02-15T00:00:00Z,daec211cfe940ff0b8c175d9b16010e7
HOU,2020,offense_fumble_lost_rate,0.009656652360515022,932,2021-02-15T00:00:00Z,daec211cfe940ff0b8c175d9b16010e7
HOU,2020,offense_int_rate,0.010606060606060607,660,2021-02-15T00:00:00Z,daec211cfe940ff0b8c175d9b16010e7
HOU,2020,offense_late_down_epa,0.05322205976753789,205,2021-02-15T00:00:00Z,daec211cfe940ff0b8c175d9b16010e7
HOU,2020,offense_pace_plays_per_game,58.25,932,2021-02-15T00:00:00Z,daec211cfe940ff0b8c175d9b16010e7
HOU,2020,offense_pass_epa,0.21172504221363614,660,2021-02-15T00:00:00Z,daec211cfe940ff0b8c175d9b16010e7
HOU,2020,offense_red_zone_epa,-0.020087160614530926,149,2021-02-15T00:00:00Z,daec211cfe940ff0b8c175d9b16010e7
HOU,2020,offense_rush_epa,-0.06348595068379428,334,2021-02-15T00:00:00Z,daec211cfe940ff0b8c175d9b16010e7
HOU,2020,offense_sack_rate,0.07575757575757576,660,2021-02-15T00:00:00Z,daec211cfe940ff0b8c175d9b16010e7
HOU,2020,offense_success_rate,0.47639484978540775,932,2021-02-15T00:00:00Z,daec211cfe940ff0b8c175d9b16010e7
HOU,2020,special_teams_epa_per_play,-0.05963184730216213,186,2021-02-15T00:00:00Z,daec211cfe940ff0b8c175d9b16010e7
HOU,2021,defense_allowed_epa_per_play,0.07397994824985023,1087,2022-02-15T00:00:00Z,daec211cfe940ff0b8c175d9b16010e7
HOU,2021,defense_allowed_success_rate,0.48022079116835326,1087,2022-02-15T00:00:00Z,daec211cfe940ff0b8c175d9b16010e7
HOU,2021,offense_early_down_epa,-0.1518914210368883,745,2022-02-15T00:00:00Z,daec211cfe940ff0b8c175d9b16010e7
HOU,2021,offense_epa_per_play,-0.13822703121599927,1006,2022-02-15T00:00:00Z,daec211cfe940ff0b8c175d9b16010e7
HOU,2021,offense_explosive_rate,0.14512922465208747,1006,2022-02-15T00:00:00Z,daec211cfe940ff0b8c175d9b16010e7
HOU,2021,offense_fumble_lost_rate,0.005964214711729622,1006,2022-02-15T00:00:00Z,daec211cfe940ff0b8c175d9b16010e7
HOU,2021,offense_int_rate,0.024469820554649267,613,2022-02-15T00:00:00Z,daec211cfe940ff0b8c175d9b16010e7
HOU,2021,offense_late_down_epa,-0.10812079046646136,259,2022-02-15T00:00:00Z,daec211cfe940ff0b8c175d9b16010e7
HOU,2021,offense_pace_plays_per_game,59.1764705882353,1006,2022-02-15T00:00:00Z,daec211cfe940ff0b8c175d9b16010e7
HOU,2021,offense_pass_epa,-0.10378987258455964,613,2022-02-15T00:00:00Z,daec211cfe940ff0b8c175d9b16010e7
HOU,2021,offense_red_zone_epa,-0.123701396291552,111,2022-02-15T00:00:00Z,daec211cfe940ff0b8c175d9b16010e7
HOU,2021,offense_rush_epa,-0.15636656938915192,418,2022-02-15T00:00:00Z,daec211cfe940ff0b8c175d9b16010e7
HOU,2021,offense_sack_rate,0.07177814029363784,613,2022-02-15T00:00:00Z,daec211cfe940ff0b8c175d9b16010e7
HOU,2021,offense_success_rate,0.37375745526838966,1006,2022-02-15T00:00:00Z,daec211cfe940ff0b8c175d9b16010e7
HOU,2021,special_teams_epa_per_play,-0.007846914147460356,215,2022-02-15T00:00:00Z,daec211cfe940ff0b8c175d9b16010e7
HOU,2022,defense_allowed_epa_per_play,0.002972610114978643,1114,2023-02-15T00:00:00Z,daec211cfe940ff0b8c175d9b16010e7
HOU,2022,defense_allowed_success_rate,0.4524236983842011,1114,2023-02-15T00:00:00Z,daec211cfe940ff0b8c175d9b16010e7
HOU,2022,offense_early_down_epa,-0.10549468848846995,759,2023-02-15T00:00:00Z,daec211cfe940ff0b8c175d9b16010e7
HOU,2022,offense_epa_per_play,-0.18890999864402006,1011,2023-02-15T00:00:00Z,daec211cfe940ff0b8c175d9b16010e7
HOU,2022,offense_explosive_rate,0.14540059347181009,1011,2023-02-15T00:00:00Z,daec211cfe940ff0b8c175d9b16010e7
HOU,2022,offense_fumble_lost_rate,0.00791295746785361,1011,2023-02-15T00:00:00Z,daec211cfe940ff0b8c175d9b16010e7
HOU,2022,offense_int_rate,0.029641185647425898,641,2023-02-15T00:00:00Z,daec211cfe940ff0b8c175d9b16010e7
HOU,2022,offense_late_down_epa,-0.4379859921714801,247,2023-02-15T00:00:00Z,daec211cfe940ff0b8c175d9b16010e7
HOU,2022,offense_pace_plays_per_game,59.470588235294116,1011,2023-02-15T00:00:00Z,daec211cfe940ff0b8c175d9b16010e7
HOU,2022,offense_pass_epa,-0.1761235886734723,641,2023-02-15T00:00:00Z,daec211cfe940ff0b8c175d9b16010e7
HOU,2022,offense_red_zone_epa,-0.23687599561020423,142,2023-02-15T00:00:00Z,daec211cfe940ff0b8c175d9b16010e7
HOU,2022,offense_rush_epa,-0.18569163349382414,391,2023-02-15T00:00:00Z,daec211cfe940ff0b8c175d9b16010e7
HOU,2022,offense_sack_rate,0.059282371294851796,641,2023-02-15T00:00:00Z,daec211cfe940ff0b8c175d9b16010e7
HOU,2022,offense_success_rate,0.36894164193867457,1011,2023-02-15T00:00:00Z,daec211cfe940ff0b8c175d9b16010e7
HOU,2022,special_teams_epa_per_play,-0.0059543504541827875,203,2023-02-15T00:00:00Z,daec211cfe940ff0b8c175d9b16010e7
HOU,2023,defense_allowed_epa_per_play,-0.04333795802066653,1217,2024-02-15T00:00:00Z,daec211cfe940ff0b8c175d9b16010e7
HOU,2023,defense_allowed_success_rate,0.40920295809367296,1217,2024-02-15T00:00:00Z,daec211cfe940ff0b8c175d9b16010e7
HOU,2023,offense_early_down_epa,0.01392788902996016,888,2024-02-15T00:00:00Z,daec211cfe940ff0b8c175d9b16010e7
HOU,2023,offense_epa_per_play,-0.02625847607846611,1165,2024-02-15T00:00:00Z,daec211cfe940ff0b8c175d9b16010e7
HOU,2023,offense_explosive_rate,0.18369098712446352,1165,2024-02-15T00:00:00Z,daec211cfe940ff0b8c175d9b16010e7
HOU,2023,offense_fumble_lost_rate,0.006008583690987125,1165,2024-02-15T00:00:00Z,daec211cfe940ff0b8c175d9b16010e7
HOU,2023,offense_int_rate,0.011157601115760111,717,2024-02-15T00:00:00Z,daec211cfe940ff0b8c175d9b16010e7
HOU,2023,offense_late_down_epa,-0.14788268415447667,272,2024-02-15T00:00:00Z,daec211cfe940ff0b8c175d9b16010e7
HOU,2023,offense_pace_plays_per_game,61.31578947368421,1165,2024-02-15T00:00:00Z,daec211cfe940ff0b8c175d9b16010e7
HOU,2023,offense_pass_epa,0.062467131977011765,717,2024-02-15T00:00:00Z,daec211cfe940ff0b8c175d9b16010e7
HOU,2023,offense_red_zone_epa,-0.05994127256798702,169,2024-02-15T00:00:00Z,daec211cfe940ff0b8c175d9b16010e7
HOU,2023,offense_rush_epa,-0.14403028660501163,474,2024-02-15T00:00:00Z,daec211cfe940ff0b8c175d9b16010e7
HOU,2023,offense_sack_rate,0.06555090655509066,717,2024-02-15T00:00:00Z,daec211cfe940ff0b8c175d9b16010e7
HOU,2023,offense_success_rate,0.4034334763948498,1165,2024-02-15T00:00:00Z,daec211cfe940ff0b8c175d9b16010e7
HOU,2023,special_teams_epa_per_play,0.011461444397892134,220,2024-02-15T00:00:00Z,daec211cfe940ff0b8c175d9b16010e7
HOU,2024,defense_allowed_epa_per_play,-0.08188256858895812,1147,2025-02-15T00:00:00Z,daec211cfe940ff0b8c175d9b16010e7
HOU,2024,defense_allowed_success_rate,0.3949433304272014,1147,2025-02-15T00:00:00Z,daec211cfe940ff0b8c175d9b16010e7
HOU,2024,offense_early_down_epa,-0.07120455722891118,894,2025-02-15T00:00:00Z,daec211cfe940ff0b8c175d9b16010e7
HOU,2024,offense_epa_per_play,-0.04503636524635966,1178,2025-02-15T00:00:00Z,daec211cfe940ff0b8c175d9b16010e7
HOU,2024,offense_explosive_rate,0.1867572156196944,1178,2025-02-15T00:00:00Z,daec211cfe940ff0b8c175d9b16010e7
HOU,2024,offense_fumble_lost_rate,0.006791171477079796,1178,2025-02-15T00:00:00Z,daec211cfe940ff0b8c175d9b16010e7
HOU,2024,offense_int_rate,0.01752021563342318,742,2025-02-15T00:00:00Z,daec211cfe940ff0b8c175d9b16010e7
HOU,2024,offense_late_down_epa,0.044319276249769224,282,2025-02-15T00:00:00Z,daec211cfe940ff0b8c175d9b16010e7
HOU,2024,offense_pace_plays_per_game,62.0,1178,2025-02-15T00:00:00Z,daec211cfe940ff0b8c175d9b16010e7
HOU,2024,offense_pass_epa,-0.011433200301960333,742,2025-02-15T00:00:00Z,daec211cfe940ff0b8c175d9b16010e7
HOU,2024,offense_red_zone_epa,-0.1731111716020554,189,2025-02-15T00:00:00Z,daec211cfe940ff0b8c175d9b16010e7
HOU,2024,offense_rush_epa,-0.057444446659372914,483,2025-02-15T00:00:00Z,daec211cfe940ff0b8c175d9b16010e7
HOU,2024,offense_sack_rate,0.0876010781671159,742,2025-02-15T00:00:00Z,daec211cfe940ff0b8c175d9b16010e7
HOU,2024,offense_success_rate,0.39473684210526316,1178,2025-02-15T00:00:00Z,daec211cfe940ff0b8c175d9b16010e7
HOU,2024,special_teams_epa_per_play,0.14815513165011326,217,2025-02-15T00:00:00Z,daec211cfe940ff0b8c175d9b16010e7
HOU,2025,defense_allowed_epa_per_play,-0.160723041592389,1100,2026-02-15T00:00:00Z,daec211cfe940ff0b8c175d9b16010e7
HOU,2025,defense_allowed_success_rate,0.37454545454545457,1100,2026-02-15T00:00:00Z,daec211cfe940ff0b8c175d9b16010e7
HOU,2025,offense_early_down_epa,-0.03448219758733003,927,2026-02-15T00:00:00Z,daec211cfe940ff0b8c175d9b16010e7
HOU,2025,offense_epa_per_play,-0.030741624937591507,1216,2026-02-15T00:00:00Z,daec211cfe940ff0b8c175d9b16010e7
HOU,2025,offense_explosive_rate,0.17516447368421054,1216,2026-02-15T00:00:00Z,daec211cfe940ff0b8c175d9b16010e7
HOU,2025,offense_fumble_lost_rate,0.004111842105263158,1216,2026-02-15T00:00:00Z,daec211cfe940ff0b8c175d9b16010e7
HOU,2025,offense_int_rate,0.01904761904761905,735,2026-02-15T00:00:00Z,daec211cfe940ff0b8c175d9b16010e7
HOU,2025,offense_late_down_epa,-0.006130101627760895,283,2026-02-15T00:00:00Z,daec211cfe940ff0b8c175d9b16010e7
HOU,2025,offense_pace_plays_per_game,64.0,1216,2026-02-15T00:00:00Z,daec211cfe940ff0b8c175d9b16010e7
HOU,2025,offense_pass_epa,0.025067549867627357,735,2026-02-15T00:00:00Z,daec211cfe940ff0b8c175d9b16010e7
HOU,2025,offense_red_zone_epa,-0.12925217573334433,185,2026-02-15T00:00:00Z,daec211cfe940ff0b8c175d9b16010e7
HOU,2025,offense_rush_epa,-0.07068314956906242,516,2026-02-15T00:00:00Z,daec211cfe940ff0b8c175d9b16010e7
HOU,2025,offense_sack_rate,0.050340136054421766,735,2026-02-15T00:00:00Z,daec211cfe940ff0b8c175d9b16010e7
HOU,2025,offense_success_rate,0.4120065789473684,1216,2026-02-15T00:00:00Z,daec211cfe940ff0b8c175d9b16010e7
HOU,2025,special_teams_epa_per_play,0.02111572376732224,192,2026-02-15T00:00:00Z,daec211cfe940ff0b8c175d9b16010e7
IND,2020,defense_allowed_epa_per_play,-0.01884583516016132,1040,2021-02-15T00:00:00Z,daec211cfe940ff0b8c175d9b16010e7
IND,2020,defense_allowed_success_rate,0.4528846153846154,1040,2021-02-15T00:00:00Z,daec211cfe940ff0b8c175d9b16010e7
IND,2020,offense_early_down_epa,0.09865180118744031,843,2021-02-15T00:00:00Z,daec211cfe940ff0b8c175d9b16010e7
IND,2020,offense_epa_per_play,0.08723933619959778,1088,2021-02-15T00:00:00Z,daec211cfe940ff0b8c175d9b16010e7
IND,2020,offense_explosive_rate,0.20496323529411764,1088,2021-02-15T00:00:00Z,daec211cfe940ff0b8c175d9b16010e7
IND,2020,offense_fumble_lost_rate,0.003676470588235294,1088,2021-02-15T00:00:00Z,daec211cfe940ff0b8c175d9b16010e7
IND,2020,offense_int_rate,0.017713365539452495,621,2021-02-15T00:00:00Z,daec211cfe940ff0b8c175d9b16010e7
IND,2020,offense_late_down_epa,0.04784489282071214,239,2021-02-15T00:00:00Z,daec211cfe940ff0b8c175d9b16010e7
IND,2020,offense_pace_plays_per_game,64.0,1088,2021-02-15T00:00:00Z,daec211cfe940ff0b8c175d9b16010e7
IND,2020,offense_pass_epa,0.1637366863412879,621,2021-02-15T00:00:00Z,daec211cfe940ff0b8c175d9b16010e7
IND,2020,offense_red_zone_epa,-0.035907145468761496,199,2021-02-15T00:00:00Z,daec211cfe940ff0b8c175d9b16010e7
IND,2020,offense_rush_epa,-0.010086986032317396,469,2021-02-15T00:00:00Z,daec211cfe940ff0b8c175d9b16010e7
IND,2020,offense_sack_rate,0.033816425120772944,621,2021-02-15T00:00:00Z,daec211cfe940ff0b8c175d9b16010e7
IND,2020,offense_success_rate,0.46139705882352944,1088,2021-02-15T00:00:00Z,daec211cfe940ff0b8c175d9b16010e7
IND,2020,special_teams_epa_per_play,-0.0274259594990391,183,2021-02-15T00:00:00Z,daec211cfe940ff0b8c175d9b16010e7
IND,2021,defense_allowed_epa_per_play,0.006103121367134406,1049,2022-02-15T00:00:00Z,daec211cfe940ff0b8c175d9b16010e7
IND,2021,defense_allowed_success_rate,0.45757864632983797,1049,2022-02-15T00:00:00Z,daec211cfe940ff0b8c175d9b16010e7
IND,2021,offense_early_down_epa,0.04242024075325123,802,2022-02-15T00:00:00Z,daec211cfe940ff0b8c175d9b16010e7
IND,2021,offense_epa_per_play,0.05148175367060248,1044,2022-02-15T00:00:00Z,daec211cfe940ff0b8c175d9b16010e7
IND,2021,offense_explosive_rate,0.1925287356321839,1044,2022-02-15T00:00:00Z,daec211cfe940ff0b8c175d9b16010e7
IND,2021,offense_fumble_lost_rate,0.007662835249042145,1044,2022-02-15T00:00:00Z,daec211cfe940ff0b8c175d9b16010e7
IND,2021,offense_int_rate,0.0137221269296741,583,2022-02-15T00:00:00Z,daec211cfe940ff0b8c175d9b16010e7
IND,2021,offense_late_down_epa,0.08633298627848737,237,2022-02-15T00:00:00Z,daec211cfe940ff0b8c175d9b16010e7
IND,2021,offense_pace_plays_per_game,61.411764705882355,1044,2022-02-15T00:00:00Z,daec211cfe940ff0b8c175d9b16010e7
IND,2021,offense_pass_epa,0.018151361201920575,583,2022-02-15T00:00:00Z,daec211cfe940ff0b8c175d9b16010e7
IND,2021,offense_red_zone_epa,-0.011251540618009816,195,2022-02-15T00:00:00Z,daec211cfe940ff0b8c175d9b16010e7
IND,2021,offense_rush_epa,0.10224580070910379,487,2022-02-15T00:00:00Z,daec211cfe940ff0b8c175d9b16010e7
IND,2021,offense_sack_rate,0.0548885077186964,583,2022-02-15T00:00:00Z,daec211cfe940ff0b8c175d9b16010e7
IND,2021,offense_success_rate,0.4425287356321839,1044,2022-02-15T00:00:00Z,daec211cfe940ff0b8c175d9b16010e7
IND,2021,special_teams_epa_per_play,0.0417807794168586,185,2022-02-15T00:00:00Z,daec211cfe940ff0b8c175d9b16010e7
IND,2022,defense_allowed_epa_per_play,-0.027229140148501894,1081,2023-02-15T00:00:00Z,daec211cfe940ff0b8c175d9b16010e7
IND,2022,defense_allowed_success_rate,0.44680851063829785,1081,2023-02-15T00:00:00Z,daec211cfe940ff0b8c175d9b16010e7
IND,2022,offense_early_down_epa,-0.07488934786541235,841,2023-02-15T00:00:00Z,daec211cfe940ff0b8c175d9b16010e7
IND,2022,offense_epa_per_play,-0.1680611585240059,1100,2023-02-15T00:00:00Z,daec211cfe940ff0b8c175d9b16010e7
IND,2022,offense_explosive_rate,0.17272727272727273,1100,2023-02-15T00:00:00Z,daec211cfe940ff0b8c175d9b16010e7
IND,2022,offense_fumble_lost_rate,0.011818181818181818,1100,2023-02-15T00:00:00Z,daec211cfe940ff0b8c175d9b16010e7
IND,2022,offense_int_rate,0.02902757619738752,689,2023-02-15T00:00:00Z,daec211cfe940ff0b8c175d9b16010e7
IND,2022,offense_late_down_epa,-0.46909579851021554,254,2023-02-15T00:00:00Z,daec211cfe940ff0b8c175d9b16010e7
IND,2022,offense_pace_plays_per_game,64.70588235294117,1100,2023-02-15T00:00:00Z,daec211cfe940ff0b8c175d9b16010e7
IND,2022,offense_pass_epa,-0.16389178589323233,689,2023-02-15T00:00:00Z,daec211cfe940ff0b8c175d9b16010e7
IND,2022,offense_red_zone_epa,-0.26507447766761905,156,2023-02-15T00:00:00Z,daec211cfe940ff0b8c175d9b16010e7
IND,2022,offense_rush_epa,-0.14854320382616076,433,2023-02-15T00:00:00Z,daec211cfe940ff0b8c175d9b16010e7
IND,2022,offense_sack_rate,0.08708272859216255,689,2023-02-15T00:00:00Z,daec211cfe940ff0b8c175d9b16010e7
IND,2022,offense_success_rate,0.3981818181818182,1100,2023-02-15T00:00:00Z,daec211cfe940ff0b8c175d9b16010e7
IND,2022,special_teams_epa_per_play,-0.07401790392942381,185,2023-02-15T00:00:00Z,daec211cfe940ff0b8c175d9b16010e7
IND,2023,defense_allowed_epa_per_play,-0.01649708438330852,1123,2024-02-15T00:00:00Z,daec211cfe940ff0b8c175d9b16010e7
IND,2023,defense_allowed_success_rate,0.43989314336598395,1123,2024-02-15T00:00:00Z,daec211cfe940ff0b8c175d9b16010e7
IND,2023,offense_early_down_epa,-0.010664028690824279,819,2024-02-15T00:00:00Z,daec211cfe940ff0b8c175d9b16010e7
IND,2023,offense_epa_per_play,-0.03549887820394092,1087,2024-02-15T00:00:00Z,daec211cfe940ff0b8c175d9b16010e7
IND,2023,offense_explosive_rate,0.17111315547378106,1087,2024-02-15T00:00:00Z,daec211cfe940ff0b8c175d9b16010e7
IND,2023,offense_fumble_lost_rate,0.007359705611775529,1087,2024-02-15T00:00:00Z,daec211cfe940ff0b8c175d9b16010e7
IND,2023,offense_int_rate,0.015432098765432098,648,2024-02-15T00:00:00Z,daec211cfe940ff0b8c175d9b16010e7
IND,2023,offense_late_down_epa,-0.11832106885893039,263,2024-02-15T00:00:00Z,daec211cfe940ff0b8c175d9b16010e7
IND,2023,offense_pace_plays_per_game,63.94117647058823,1087,2024-02-15T00:00:00Z,daec211cfe940ff0b8c175d9b16010e7
IND,2023,offense_pass_epa,0.00891207308918549,648,2024-02-15T00:00:00Z,daec211cfe940ff0b8c175d9b16010e7
IND,2023,offense_red_zone_epa,-0.10771288773234976,179,2024-02-15T00:00:00Z,daec211cfe940ff0b8c175d9b16010e7
IND,2023,offense_rush_epa,-0.0720074145545575,467,2024-02-15T00:00:00Z,daec211cfe940ff0b8c175d9b16010e7
IND,2023,offense_sack_rate,0.06327160493827161,648,2024-02-15T00:00:00Z,daec211cfe940ff0b8c175d9b16010e7
IND,2023,offense_success_rate,0.40846366145354185,1087,2024-02-15T00:00:00Z,daec211cfe940ff0b8c175d9b16010e7
IND,2023,special_teams_epa_per_play,-0.04898887714697514,203,2024-02-15T00:00:00Z,daec211cfe940ff0b8c175d9b16010e7
IND,2024,defense_allowed_epa_per_play,0.004307488041538591,1099,2025-02-15T00:00:00Z,daec211cfe940ff0b8c175d9b16010e7
IND,2024,defense_allowed_success_rate,0.4322111010009099,1099,2025-02-15T00:00:00Z,daec211cfe940ff0b8c175d9b16010e7
IND,2024,offense_early_down_epa,-0.07005598565350908,783,2025-02-15T00:00:00Z,daec211cfe940ff0b8c175d9b16010e7
IND,2024,offense_epa_per_play,-0.056828242218978094,1034,2025-02-15T00:00:00Z,daec211cfe940ff0b8c175d9b16010e7
IND,2024,offense_explosive_rate,0.17891682785299806,1034,2025-02-15T00:00:00Z,daec211cfe940ff0b8c175d9b16010e7
IND,2024,offense_fumble_lost_rate,0.009671179883945842,1034,2025-02-15T00:00:00Z,daec211cfe940ff0b8c175d9b16010e7
IND,2024,offense_int_rate,0.033391915641476276,569,2025-02-15T00:00:00Z,daec211cfe940ff0b8c175d9b16010e7
IND,2024,offense_late_down_epa,-0.004762462145226566,246,2025-02-15T00:00:00Z,daec211cfe940ff0b8c175d9b16010e7
IND,2024,offense_pace_plays_per_game,60.8235294117647,1034,2025-02-15T00:00:00Z,daec211cfe940ff0b8c175d9b16010e7
IND,2024,offense_pass_epa,-0.051680141391059496,569,2025-02-15T00:00:00Z,daec211cfe940ff0b8c175d9b16010e7
IND,2024,offense_red_zone_epa,-0.06343228940617424,177,2025-02-15T00:00:00Z,daec211cfe940ff0b8c175d9b16010e7
IND,2024,offense_rush_epa,-0.03909891246120165,489,2025-02-15T00:00:00Z,daec211cfe940ff0b8c175d9b16010e7
IND,2024,offense_sack_rate,0.056239015817223195,569,2025-02-15T00:00:00Z,daec211cfe940ff0b8c175d9b16010e7
IND,2024,offense_success_rate,0.402321083172147,1034,2025-02-15T00:00:00Z,daec211cfe940ff0b8c175d9b16010e7
IND,2024,special_teams_epa_per_play,0.07155906149159552,198,2025-02-15T00:00:00Z,daec211cfe940ff0b8c175d9b16010e7
IND,2025,defense_allowed_epa_per_play,0.004268322017397919,1101,2026-02-15T00:00:00Z,daec211cfe940ff0b8c175d9b16010e7
IND,2025,defense_allowed_success_rate,0.4550408719346049,1101,2026-02-15T00:00:00Z,daec211cfe940ff0b8c175d9b16010e7
IND,2025,offense_early_down_epa,0.047441832131421995,784,2026-02-15T00:00:00Z,daec211cfe940ff0b8c175d9b16010e7
IND,2025,offense_epa_per_play,0.07212119882908505,1011,2026-02-15T00:00:00Z,daec211cfe940ff0b8c175d9b16010e7
IND,2025,offense_explosive_rate,0.21068249258160238,1011,2026-02-15T00:00:00Z,daec211cfe940ff0b8c175d9b16010e7
IND,2025,offense_fumble_lost_rate,0.006923837784371909,1011,2026-02-15T00:00:00Z,daec211cfe940ff0b8c175d9b16010e7
IND,2025,offense_int_rate,0.023140495867768594,605,2026-02-15T00:00:00Z,daec211cfe940ff0b8c175d9b16010e7
IND,2025,offense_late_down_epa,0.1743142528416824,220,2026-02-15T00:00:00Z,daec211cfe940ff0b8c175d9b16010e7
IND,2025,offense_pace_plays_per_game,59.470588235294116,1011,2026-02-15T00:00:00Z,daec211cfe940ff0b8c175d9b16010e7
IND,2025,offense_pass_epa,0.07581240417671531,605,2026-02-15T00:00:00Z,daec211cfe940ff0b8c175d9b16010e7
IND,2025,offense_red_zone_epa,0.1586637327142999,194,2026-02-15T00:00:00Z,daec211cfe940ff0b8c175d9b16010e7
IND,2025,offense_rush_epa,0.09404968738117676,431,2026-02-15T00:00:00Z,daec211cfe940ff0b8c175d9b16010e7
IND,2025,offense_sack_rate,0.047933884297520664,605,2026-02-15T00:00:00Z,daec211cfe940ff0b8c175d9b16010e7
IND,2025,offense_success_rate,0.4629080118694362,1011,2026-02-15T00:00:00Z,daec211cfe940ff0b8c175d9b16010e7
IND,2025,special_teams_epa_per_play,0.12751760037749052,182,2026-02-15T00:00:00Z,daec211cfe940ff0b8c175d9b16010e7
JAX,2020,defense_allowed_epa_per_play,0.14536870094533283,1041,2021-02-15T00:00:00Z,daec211cfe940ff0b8c175d9b16010e7
JAX,2020,defense_allowed_success_rate,0.484149855907781,1041,2021-02-15T00:00:00Z,daec211cfe940ff0b8c175d9b16010e7
JAX,2020,offense_early_down_epa,0.005758104682542733,761,2021-02-15T00:00:00Z,daec211cfe940ff0b8c175d9b16010e7
JAX,2020,offense_epa_per_play,-0.05880519763698612,1001,2021-02-15T00:00:00Z,daec211cfe940ff0b8c175d9b16010e7
JAX,2020,offense_explosive_rate,0.17282717282717283,1001,2021-02-15T00:00:00Z,daec211cfe940ff0b8c175d9b16010e7
JAX,2020,offense_fumble_lost_rate,0.007992007992007992,1001,2021-02-15T00:00:00Z,daec211cfe940ff0b8c175d9b16010e7
JAX,2020,offense_int_rate,0.023054755043227664,694,2021-02-15T00:00:00Z,daec211cfe940ff0b8c175d9b16010e7
JAX,2020,offense_late_down_epa,-0.2628697857057928,231,2021-02-15T00:00:00Z,daec211cfe940ff0b8c175d9b16010e7
JAX,2020,offense_pace_plays_per_game,62.5625,1001,2021-02-15T00:00:00Z,daec211cfe940ff0b8c175d9b16010e7
JAX,2020,offense_pass_epa,-0.05461668805946262,694,2021-02-15T00:00:00Z,daec211cfe940ff0b8c175d9b16010e7
JAX,2020,offense_red_zone_epa,0.017520552573234874,129,2021-02-15T00:00:00Z,daec211cfe940ff0b8c175d9b16010e7
JAX,2020,offense_rush_epa,-0.03641117767411208,336,2021-02-15T00:00:00Z,daec211cfe940ff0b8c175d9b16010e7
JAX,2020,offense_sack_rate,0.06340057636887608,694,2021-02-15T00:00:00Z,daec211cfe940ff0b8c175d9b16010e7
JAX,2020,offense_success_rate,0.4145854145854146,1001,2021-02-15T00:00:00Z,daec211cfe940ff0b8c175d9b16010e7
JAX,2020,special_teams_epa_per_play,-0.08933654011603286,194,2021-02-15T00:00:00Z,daec211cfe940ff0b8c175d9b16010e7
JAX,2021,defense_allowed_epa_per_play,0.11771524787600059,1055,2022-02-15T00:00:00Z,daec211cfe940ff0b8c175d9b16010e7
JAX,2021,defense_allowed_success_rate,0.4710900473933649,1055,2022-02-15T00:00:00Z,daec211cfe940ff0b8c175d9b16010e7
JAX,2021,offense_early_down_epa,-0.07609240119657998,777,2022-02-15T00:00:00Z,daec211cfe940ff0b8c175d9b16010e7
JAX,2021,offense_epa_per_play,-0.08846023472815165,1024,2022-02-15T00:00:00Z,daec211cfe940ff0b8c175d9b16010e7
JAX,2021,offense_explosive_rate,0.1533203125,1024,2022-02-15T00:00:00Z,daec211cfe940ff0b8c175d9b16010e7
JAX,2021,offense_fumble_lost_rate,0.0107421875,1024,2022-02-15T00:00:00Z,daec211cfe940ff0b8c175d9b16010e7
JAX,2021,offense_int_rate,0.025373134328358207,670,2022-02-15T00:00:00Z,daec211cfe940ff0b8c175d9b16010e7
JAX,2021,offense_late_down_epa,-0.12355802751819356,241,2022-02-15T00:00:00Z,daec211cfe940ff0b8c175d9b16010e7
JAX,2021,offense_pace_plays_per_game,60.23529411764706,1024,2022-02-15T00:00:00Z,daec211cfe940ff0b8c175d9b16010e7
JAX,2021,offense_pass_epa,-0.0866909642163919,670,2022-02-15T00:00:00Z,daec211cfe940ff0b8c175d9b16010e7
JAX,2021,offense_red_zone_epa,-0.15248220855817018,125,2022-02-15T00:00:00Z,daec211cfe940ff0b8c175d9b16010e7
JAX,2021,offense_rush_epa,-0.05701190105577766,386,2022-02-15T00:00:00Z,daec211cfe940ff0b8c175d9b16010e7
JAX,2021,offense_sack_rate,0.04776119402985075,670,2022-02-15T00:00:00Z,daec211cfe940ff0b8c175d9b16010e7
JAX,2021,offense_success_rate,0.439453125,1024,2022-02-15T00:00:00Z,daec211cfe940ff0b8c175d9b16010e7
JAX,2021,special_teams_epa_per_play,-0.06245240655172257,192,2022-02-15T00:00:00Z,daec211cfe940ff0b8c175d9b16010e7
JAX,2022,defense_allowed_epa_per_play,-0.0035790559627566524,1234,2023-02-15T00:00:00Z,daec211cfe940ff0b8c175d9b16010e7
JAX,2022,defense_allowed_success_rate,0.44165316045380876,1234,2023-02-15T00:00:00Z,daec211cfe940ff0b8c175d9b16010e7
JAX,2022,offense_early_down_epa,0.06453810050763184,921,2023-02-15T00:00:00Z,daec211cfe940ff0b8c175d9b16010e7
JAX,2022,offense_epa_per_play,0.04400439521821471,1196,2023-02-15T00:00:00Z,daec211cfe940ff0b8c175d9b16010e7
JAX,2022,offense_explosive_rate,0.1948160535117057,1196,2023-02-15T00:00:00Z,daec211cfe940ff0b8c175d9b16010e7
JAX,2022,offense_fumble_lost_rate,0.011705685618729096,1196,2023-02-15T00:00:00Z,daec211cfe940ff0b8c175d9b16010e7
JAX,2022,offense_int_rate,0.01881720430107527,744,2023-02-15T00:00:00Z,daec211cfe940ff0b8c175d9b16010e7
JAX,2022,offense_late_down_epa,-0.0345855201743226,267,2023-02-15T00:00:00Z,daec211cfe940ff0b8c175d9b16010e7
JAX,2022,offense_pace_plays_per_game,62.94736842105263,1196,2023-02-15T00:00:00Z,daec211cfe940ff0b8c175d9b16010e7
JAX,2022,offense_pass_epa,0.09943695473039953,744,2023-02-15T00:00:00Z,daec211cfe940ff0b8c175d9b16010e7
JAX,2022,offense_red_zone_epa,0.047384827346723175,197,2023-02-15T00:00:00Z,daec211cfe940ff0b8c175d9b16010e7
JAX,2022,offense_rush_epa,-0.017667274401622583,479,2023-02-15T00:00:00Z,daec211cfe940ff0b8c175d9b16010e7
JAX,2022,offense_sack_rate,0.043010752688172046,744,2023-02-15T00:00:00Z,daec211cfe940ff0b8c175d9b16010e7
JAX,2022,offense_success_rate,0.4690635451505017,1196,2023-02-15T00:00:00Z,daec211cfe940ff0b8c175d9b16010e7
JAX,2022,special_teams_epa_per_play,0.035739114078429224,202,2023-02-15T00:00:00Z,daec211cfe940ff0b8c175d9b16010e7
JAX,2023,defense_allowed_epa_per_play,-0.03645310548001208,1061,2024-02-15T00:00:00Z,daec211cfe940ff0b8c175d9b16010e7
JAX,2023,defense_allowed_success_rate,0.42695570216776624,1061,2024-02-15T00:00:00Z,daec211cfe940ff0b8c175d9b16010e7
JAX,2023,offense_early_down_epa,-0.01741259944520144,843,2024-02-15T00:00:00Z,daec211cfe940ff0b8c175d9b16010e7
JAX,2023,offense_epa_per_play,-0.07033108374347904,1102,2024-02-15T00:00:00Z,daec211cfe940ff0b8c175d9b16010e7
JAX,2023,offense_explosive_rate,0.16606170598911071,1102,2024-02-15T00:00:00Z,daec211cfe940ff0b8c175d9b16010e7
JAX,2023,offense_fumble_lost_rate,0.013611615245009074,1102,2024-02-15T00:00:00Z,daec211cfe940ff0b8c175d9b16010e7
JAX,2023,offense_int_rate,0.01971830985915493,710,2024-02-15T00:00:00Z,daec211cfe940ff0b8c175d9b16010e7
JAX,2023,offense_late_down_epa,-0.24958115791703198,253,2024-02-15T00:00:00Z,daec211cfe940ff0b8c175d9b16010e7
JAX,2023,offense_pace_plays_per_game,64.82352941176471,1102,2024-02-15T00:00:00Z,daec211cfe940ff0b8c175d9b16010e7
JAX,2023,offense_pass_epa,-0.004360023201713058,710,2024-02-15T00:00:00Z,daec211cfe940ff0b8c175d9b16010e7
JAX,2023,offense_red_zone_epa,-0.1960388385985973,153,2024-02-15T00:00:00Z,daec211cfe940ff0b8c175d9b16010e7
JAX,2023,offense_rush_epa,-0.12812569539747318,437,2024-02-15T00:00:00Z,daec211cfe940ff0b8c175d9b16010e7
JAX,2023,offense_sack_rate,0.057746478873239436,710,2024-02-15T00:00:00Z,daec211cfe940ff0b8c175d9b16010e7
JAX,2023,offense_success_rate,0.42105263157894735,1102,2024-02-15T00:00:00Z,daec211cfe940ff0b8c175d9b16010e7
JAX,2023,special_teams_epa_per_play,0.10444684137416939,176,2024-02-15T00:00:00Z,daec211cfe940ff0b8c175d9b16010e7
JAX,2024,defense_allowed_epa_per_play,0.12913458765574484,1109,2025-02-15T00:00:00Z,daec211cfe940ff0b8c175d9b16010e7
JAX,2024,defense_allowed_success_rate,0.4526600541027953,1109,2025-02-15T00:00:00Z,daec211cfe940ff0b8c175d9b16010e7
JAX,2024,offense_early_down_epa,-9.666555273789618e-05,754,2025-02-15T00:00:00Z,daec211cfe940ff0b8c175d9b16010e7
JAX,2024,offense_epa_per_play,-0.020142337043403218,991,2025-02-15T00:00:00Z,daec211cfe940ff0b8c175d9b16010e7
JAX,2024,offense_explosive_rate,0.15943491422805248,991,2025-02-15T00:00:00Z,daec211cfe940ff0b8c175d9b16010e7
JAX,2024,offense_fumble_lost_rate,0.008072653884964682,991,2025-02-15T00:00:00Z,daec211cfe940ff0b8c175d9b16010e7
JAX,2024,offense_int_rate,0.024549918166939442,611,2025-02-15T00:00:00Z,daec211cfe940ff0b8c175d9b16010e7
JAX,2024,offense_late_down_epa,-0.09243117470977492,230,2025-02-15T00:00:00Z,daec211cfe940ff0b8c175d9b16010e7
JAX,2024,offense_pace_plays_per_game,58.294117647058826,991,2025-02-15T00:00:00Z,daec211cfe940ff0b8c175d9b16010e7
JAX,2024,offense_pass_epa,0.0016324530246542748,611,2025-02-15T00:00:00Z,daec211cfe940ff0b8c175d9b16010e7
JAX,2024,offense_red_zone_epa,0.013684745292072082,147,2025-02-15T00:00:00Z,daec211cfe940ff0b8c175d9b16010e7
JAX,2024,offense_rush_epa,-0.02793711934937517,407,2025-02-15T00:00:00Z,daec211cfe940ff0b8c175d9b16010e7
JAX,2024,offense_sack_rate,0.05237315875613748,611,2025-02-15T00:00:00Z,daec211cfe940ff0b8c175d9b16010e7
JAX,2024,offense_success_rate,0.4147325933400605,991,2025-02-15T00:00:00Z,daec211cfe940ff0b8c175d9b16010e7
JAX,2024,special_teams_epa_per_play,0.1726849300765121,192,2025-02-15T00:00:00Z,daec211cfe940ff0b8c175d9b16010e7
JAX,2025,defense_allowed_epa_per_play,-0.08616808413173113,1090,2026-02-15T00:00:00Z,daec211cfe940ff0b8c175d9b16010e7
JAX,2025,defense_allowed_success_rate,0.41651376146788993,1090,2026-02-15T00:00:00Z,daec211cfe940ff0b8c175d9b16010e7
JAX,2025,offense_early_down_epa,0.02876520761785678,874,2026-02-15T00:00:00Z,daec211cfe940ff0b8c175d9b16010e7
JAX,2025,offense_epa_per_play,0.03035860329317708,1127,2026-02-15T00:00:00Z,daec211cfe940ff0b8c175d9b16010e7
JAX,2025,offense_explosive_rate,0.19787045252883761,1127,2026-02-15T00:00:00Z,daec211cfe940ff0b8c175d9b16010e7
JAX,2025,offense_fumble_lost_rate,0.005323868677905945,1127,2026-02-15T00:00:00Z,daec211cfe940ff0b8c175d9b16010e7
JAX,2025,offense_int_rate,0.020618556701030927,679,2026-02-15T00:00:00Z,daec211cfe940ff0b8c175d9b16010e7
JAX,2025,offense_late_down_epa,0.04765741781361499,250,2026-02-15T00:00:00Z,daec211cfe940ff0b8c175d9b16010e7
JAX,2025,offense_pace_plays_per_game,62.611111111111114,1127,2026-02-15T00:00:00Z,daec211cfe940ff0b8c175d9b16010e7
JAX,2025,offense_pass_epa,0.08074199151153924,679,2026-02-15T00:00:00Z,daec211cfe940ff0b8c175d9b16010e7
JAX,2025,offense_red_zone_epa,-0.02288465727836633,221,2026-02-15T00:00:00Z,daec211cfe940ff0b8c175d9b16010e7
JAX,2025,offense_rush_epa,-0.004509794790210603,493,2026-02-15T00:00:00Z,daec211cfe940ff0b8c175d9b16010e7
JAX,2025,offense_sack_rate,0.061855670103092786,679,2026-02-15T00:00:00Z,daec211cfe940ff0b8c175d9b16010e7
JAX,2025,offense_success_rate,0.4472049689440994,1127,2026-02-15T00:00:00Z,daec211cfe940ff0b8c175d9b16010e7
JAX,2025,special_teams_epa_per_play,0.17036754894441178,200,2026-02-15T00:00:00Z,daec211cfe940ff0b8c175d9b16010e7
KC,2020,defense_allowed_epa_per_play,0.049220686008383766,1203,2021-02-15T00:00:00Z,daec211cfe940ff0b8c175d9b16010e7
KC,2020,defense_allowed_success_rate,0.4679966749792186,1203,2021-02-15T00:00:00Z,daec211cfe940ff0b8c175d9b16010e7
KC,2020,offense_early_down_epa,0.1487238396923965,982,2021-02-15T00:00:00Z,daec211cfe940ff0b8c175d9b16010e7
KC,2020,offense_epa_per_play,0.18198661775256644,1231,2021-02-15T00:00:00Z,daec211cfe940ff0b8c175d9b16010e7
KC,2020,offense_explosive_rate,0.2258326563769293,1231,2021-02-15T00:00:00Z,daec211cfe940ff0b8c175d9b16010e7
KC,2020,offense_fumble_lost_rate,0.006498781478472786,1231,2021-02-15T00:00:00Z,daec211cfe940ff0b8c175d9b16010e7
KC,2020,offense_int_rate,0.012033694344163659,831,2021-02-15T00:00:00Z,daec211cfe940ff0b8c175d9b16010e7
KC,2020,offense_late_down_epa,0.3041451864856745,246,2021-02-15T00:00:00Z,daec211cfe940ff0b8c175d9b16010e7
KC,2020,offense_pace_plays_per_game,64.78947368421052,1231,2021-02-15T00:00:00Z,daec211cfe940ff0b8c175d9b16010e7
KC,2020,offense_pass_epa,0.27790071393195764,831,2021-02-15T00:00:00Z,daec211cfe940ff0b8c175d9b16010e7
KC,2020,offense_red_zone_epa,0.09967916519959275,198,2021-02-15T00:00:00Z,daec211cfe940ff0b8c175d9b16010e7
KC,2020,offense_rush_epa,0.048417412413442516,446,2021-02-15T00:00:00Z,daec211cfe940ff0b8c175d9b16010e7
KC,2020,offense_sack_rate,0.03489771359807461,831,2021-02-15T00:00:00Z,daec211cfe940ff0b8c175d9b16010e7
KC,2020,offense_success_rate,0.503655564581641,1231,2021-02-15T00:00:00Z,daec211cfe940ff0b8c175d9b16010e7
KC,2020,special_teams_epa_per_play,-0.0011126199311224715,214,2021-02-15T00:00:00Z,daec211cfe940ff0b8c175d9b16010e7
KC,2021,defense_allowed_epa_per_play,0.039598425694479494,1249,2022-02-15T00:00:00Z,daec211cfe940ff0b8c175d9b16010e7
KC,2021,defense_allowed_success_rate,0.46517213771016813,1249,2022-02-15T00:00:00Z,daec211cfe940ff0b8c175d9b16010e7
KC,2021,offense_early_down_epa,0.09901939587261015,1063,2022-02-15T00:00:00Z,daec211cfe940ff0b8c175d9b16010e7
KC,2021,offense_epa_per_play,0.15167704068464807,1321,2022-02-15T00:00:00Z,daec211cfe940ff0b8c175d9b16010e7
KC,2021,offense_explosive_rate,0.20136260408781226,1321,2022-02-15T00:00:00Z,daec211cfe940ff0b8c175d9b16010e7
KC,2021,offense_fumble_lost_rate,0.008327024981074944,1321,2022-02-15T00:00:00Z,daec211cfe940ff0b8c175d9b16010e7
KC,2021,offense_int_rate,0.017857142857142856,896,2022-02-15T00:00:00Z,daec211cfe940ff0b8c175d9b16010e7
KC,2021,offense_late_down_epa,0.37110059738998247,256,2022-02-15T00:00:00Z,daec211cfe940ff0b8c175d9b16010e7
KC,2021,offense_pace_plays_per_game,66.05,1321,2022-02-15T00:00:00Z,daec211cfe940ff0b8c175d9b16010e7
KC,2021,offense_pass_epa,0.2293558967093196,896,2022-02-15T00:00:00Z,daec211cfe940ff0b8c175d9b16010e7
KC,2021,offense_red_zone_epa,0.0885612580492726,244,2022-02-15T00:00:00Z,daec211cfe940ff0b8c175d9b16010e7
KC,2021,offense_rush_epa,0.07039676799003902,485,2022-02-15T00:00:00Z,daec211cfe940ff0b8c175d9b16010e7
KC,2021,offense_sack_rate,0.041294642857142856,896,2022-02-15T00:00:00Z,daec211cfe940ff0b8c175d9b16010e7
KC,2021,offense_success_rate,0.5155185465556397,1321,2022-02-15T00:00:00Z,daec211cfe940ff0b8c175d9b16010e7
KC,2021,special_teams_epa_per_play,0.01292259966603427,213,2022-02-15T00:00:00Z,daec211cfe940ff0b8c175d9b16010e7
KC,2022,defense_allowed_epa_per_play,-0.002376488091229967,1279,2023-02-15T00:00:00Z,daec211cfe940ff0b8c175d9b16010e7
KC,2022,defense_allowed_success_rate,0.43158717748240816,1279,2023-02-15T00:00:00Z,daec211cfe940ff0b8c175d9b16010e7
KC,2022,offense_early_down_epa,0.14510695257775974,1024,2023-02-15T00:00:00Z,daec211cfe940ff0b8c175d9b16010e7
KC,2022,offense_epa_per_play,0.18724773932177874,1267,2023-02-15T00:00:00Z,daec211cfe940ff0b8c175d9b16010e7
KC,2022,offense_explosive_rate,0.2202052091554854,1267,2023-02-15T00:00:00Z,daec211cfe940ff0b8c175d9b16010e7
KC,2022,offense_fumble_lost_rate,0.0055248618784530384,1267,2023-02-15T00:00:00Z,daec211cfe940ff0b8c175d9b16010e7
KC,2022,offense_int_rate,0.014218009478672985,844,2023-02-15T00:00:00Z,daec211cfe940ff0b8c175d9b16010e7
KC,2022,offense_late_down_epa,0.36717800958431807,238,2023-02-15T00:00:00Z,daec211cfe940ff0b8c175d9b16010e7
KC,2022,offense_pace_plays_per_game,63.35,1267,2023-02-15T00:00:00Z,daec211cfe940ff0b8c175d9b16010e7
KC,2022,offense_pass_epa,0.2871310931889049,844,2023-02-15T00:00:00Z,daec211cfe940ff0b8c175d9b16010e7
KC,2022,offense_red_zone_epa,0.22502608304158325,253,2023-02-15T00:00:00Z,daec211cfe940ff0b8c175d9b16010e7
KC,2022,offense_rush_epa,0.0744123574814767,477,2023-02-15T00:00:00Z,daec211cfe940ff0b8c175d9b16010e7
KC,2022,offense_sack_rate,0.034360189573459717,844,2023-02-15T00:00:00Z,daec211cfe940ff0b8c175d9b16010e7
KC,2022,offense_success_rate,0.5035516969218626,1267,2023-02-15T00:00:00Z,daec211cfe940ff0b8c175d9b16010e7
KC,2022,special_teams_epa_per_play,-0.033597623212892294,228,2023-02-15T00:00:00Z,daec211cfe940ff0b8c175d9b16010e7
KC,2023,defense_allowed_epa_per_play,-0.07793172031998331,1296,2024-02-15T00:00:00Z,daec211cfe940ff0b8c175d9b16010e7
KC,2023,defense_allowed_success_rate,0.4066358024691358,1296,2024-02-15T00:00:00Z,daec211cfe940ff0b8c175d9b16010e7
KC,2023,offense_early_down_epa,0.001514443554306234,1026,2024-02-15T00:00:00Z,daec211cfe940ff0b8c175d9b16010e7
KC,2023,offense_epa_per_play,0.027937646443485557,1322,2024-02-15T00:00:00Z,daec211cfe940ff0b8c175d9b16010e7
KC,2023,offense_explosive_rate,0.19818456883509833,1322,2024-02-15T00:00:00Z,daec211cfe940ff0b8c175d9b16010e7
KC,2023,offense_fumble_lost_rate,0.009077155824508321,1322,2024-02-15T00:00:00Z,daec211cfe940ff0b8c175d9b16010e7
KC,2023,offense_int_rate,0.02040816326530612,882,2024-02-15T00:00:00Z,daec211cfe940ff0b8c175d9b16010e7
KC,2023,offense_late_down_epa,0.12314152376803292,295,2024-02-15T00:00:00Z,daec211cfe940ff0b8c175d9b16010e7
KC,2023,offense_pace_plays_per_game,62.95238095238095,1322,2024-02-15T00:00:00Z,daec211cfe940ff0b8c175d9b16010e7
KC,2023,offense_pass_epa,0.10721914435100112,882,2024-02-15T00:00:00Z,daec211cfe940ff0b8c175d9b16010e7
KC,2023,offense_red_zone_epa,-0.022609835419800727,223,2024-02-15T00:00:00Z,daec211cfe940ff0b8c175d9b16010e7
KC,2023,offense_rush_epa,-0.007554919722371608,507,2024-02-15T00:00:00Z,daec211cfe940ff0b8c175d9b16010e7
KC,2023,offense_sack_rate,0.03741496598639456,882,2024-02-15T00:00:00Z,daec211cfe940ff0b8c175d9b16010e7
KC,2023,offense_success_rate,0.4357034795763994,1322,2024-02-15T00:00:00Z,daec211cfe940ff0b8c175d9b16010e7
KC,2023,special_teams_epa_per_play,0.0175264143407068,205,2024-02-15T00:00:00Z,daec211cfe940ff0b8c175d9b16010e7
KC,2024,defense_allowed_epa_per_play,0.02481331193937425,1220,2025-02-15T00:00:00Z,daec211cfe940ff0b8c175d9b16010e7
KC,2024,defense_allowed_success_rate,0.4377049180327869,1220,2025-02-15T00:00:00Z,daec211cfe940ff0b8c175d9b16010e7
KC,2024,offense_early_down_epa,0.014592733858087735,947,2025-02-15T00:00:00Z,daec211cfe940ff0b8c175d9b16010e7
KC,2024,offense_epa_per_play,0.061683843953574645,1228,2025-02-15T00:00:00Z,daec211cfe940ff0b8c175d9b16010e7
KC,2024,offense_explosive_rate,0.19299674267100977,1228,2025-02-15T00:00:00Z,daec211cfe940ff0b8c175d9b16010e7
KC,2024,offense_fumble_lost_rate,0.004071661237785016,1228,2025-02-15T00:00:00Z,daec211cfe940ff0b8c175d9b16010e7
KC,2024,offense_int_rate,0.016455696202531647,790,2025-02-15T00:00:00Z,daec211cfe940ff0b8c175d9b16010e7
KC,2024,offense_late_down_epa,0.22704145438906007,276,2025-02-15T00:00:00Z,daec211cfe940ff0b8c175d9b16010e7
KC,2024,offense_pace_plays_per_game,61.4,1228,2025-02-15T00:00:00Z,daec211cfe940ff0b8c175d9b16010e7
KC,2024,offense_pass_epa,0.12689767670172689,790,2025-02-15T00:00:00Z,daec211cfe940ff0b8c175d9b16010e7
KC,2024,offense_red_zone_epa,0.08896140074548943,227,2025-02-15T00:00:00Z,daec211cfe940ff0b8c175d9b16010e7
KC,2024,offense_rush_epa,0.03144690149582052,490,2025-02-15T00:00:00Z,daec211cfe940ff0b8c175d9b16010e7
KC,2024,offense_sack_rate,0.06582278481012659,790,2025-02-15T00:00:00Z,daec211cfe940ff0b8c175d9b16010e7
KC,2024,offense_success_rate,0.4731270358306189,1228,2025-02-15T00:00:00Z,daec211cfe940ff0b8c175d9b16010e7
KC,2024,special_teams_epa_per_play,0.1109065270959334,211,2025-02-15T00:00:00Z,daec211cfe940ff0b8c175d9b16010e7
KC,2025,defense_allowed_epa_per_play,-0.02025905864717299,977,2026-02-15T00:00:00Z,daec211cfe940ff0b8c175d9b16010e7
KC,2025,defense_allowed_success_rate,0.436028659160696,977,2026-02-15T00:00:00Z,daec211cfe940ff0b8c175d9b16010e7
KC,2025,offense_early_down_epa,0.024315005637880655,797,2026-02-15T00:00:00Z,daec211cfe940ff0b8c175d9b16010e7
KC,2025,offense_epa_per_play,0.03488291055937652,1048,2026-02-15T00:00:00Z,daec211cfe940ff0b8c175d9b16010e7
KC,2025,offense_explosive_rate,0.183206106870229,1048,2026-02-15T00:00:00Z,daec211cfe940ff0b8c175d9b16010e7
KC,2025,offense_fumble_lost_rate,0.0028625954198473282,1048,2026-02-15T00:00:00Z,daec211cfe940ff0b8c175d9b16010e7
KC,2025,offense_int_rate,0.01741654571843251,689,2026-02-15T00:00:00Z,daec211cfe940ff0b8c175d9b16010e7
KC,2025,offense_late_down_epa,0.06459367247111174,248,2026-02-15T00:00:00Z,daec211cfe940ff0b8c175d9b16010e7
KC,2025,offense_pace_plays_per_game,61.64705882352941,1048,2026-02-15T00:00:00Z,daec211cfe940ff0b8c175d9b16010e7
KC,2025,offense_pass_epa,0.07822590784282685,689,2026-02-15T00:00:00Z,daec211cfe940ff0b8c175d9b16010e7
KC,2025,offense_red_zone_epa,-0.04178363096219265,189,2026-02-15T00:00:00Z,daec211cfe940ff0b8c175d9b16010e7
KC,2025,offense_rush_epa,0.027252132600422852,417,2026-02-15T00:00:00Z,daec211cfe940ff0b8c175d9b16010e7
KC,2025,offense_sack_rate,0.06821480406386067,689,2026-02-15T00:00:00Z,daec211cfe940ff0b8c175d9b16010e7
KC,2025,offense_success_rate,0.4446564885496183,1048,2026-02-15T00:00:00Z,daec211cfe940ff0b8c175d9b16010e7
KC,2025,special_teams_epa_per_play,0.05543976614595112,170,2026-02-15T00:00:00Z,daec211cfe940ff0b8c175d9b16010e7
LA,2020,defense_allowed_epa_per_play,-0.14841500901342364,1108,2021-02-15T00:00:00Z,daec211cfe940ff0b8c175d9b16010e7
LA,2020,defense_allowed_success_rate,0.4007220216606498,1108,2021-02-15T00:00:00Z,daec211cfe940ff0b8c175d9b16010e7
LA,2020,offense_early_down_epa,-0.0019281529272875135,921,2021-02-15T00:00:00Z,daec211cfe940ff0b8c175d9b16010e7
LA,2020,offense_epa_per_play,-0.01499039904038312,1190,2021-02-15T00:00:00Z,daec211cfe940ff0b8c175d9b16010e7
LA,2020,offense_explosive_rate,0.1815126050420168,1190,2021-02-15T00:00:00Z,daec211cfe940ff0b8c175d9b16010e7
LA,2020,offense_fumble_lost_rate,0.007563025210084034,1190,2021-02-15T00:00:00Z,daec211cfe940ff0b8c175d9b16010e7
LA,2020,offense_int_rate,0.02,700,2021-02-15T00:00:00Z,daec211cfe940ff0b8c175d9b16010e7
LA,2020,offense_late_down_epa,-0.06804773787274945,267,2021-02-15T00:00:00Z,daec211cfe940ff0b8c175d9b16010e7
LA,2020,offense_pace_plays_per_game,66.11111111111111,1190,2021-02-15T00:00:00Z,daec211cfe940ff0b8c175d9b16010e7
LA,2020,offense_pass_epa,0.01571376173207957,700,2021-02-15T00:00:00Z,daec211cfe940ff0b8c175d9b16010e7
LA,2020,offense_red_zone_epa,-0.0052857854391915645,176,2021-02-15T00:00:00Z,daec211cfe940ff0b8c175d9b16010e7
LA,2020,offense_rush_epa,-0.05471116754157377,516,2021-02-15T00:00:00Z,daec211cfe940ff0b8c175d9b16010e7
LA,2020,offense_sack_rate,0.045714285714285714,700,2021-02-15T00:00:00Z,daec211cfe940ff0b8c175d9b16010e7
LA,2020,offense_success_rate,0.4495798319327731,1190,2021-02-15T00:00:00Z,daec211cfe940ff0b8c175d9b16010e7
LA,2020,special_teams_epa_per_play,-0.12672838143598336,205,2021-02-15T00:00:00Z,daec211cfe940ff0b8c175d9b16010e7
LA,2021,defense_allowed_epa_per_play,-0.05214886739534662,1344,2022-02-15T00:00:00Z,daec211cfe940ff0b8c175d9b16010e7
LA,2021,defense_allowed_success_rate,0.43005952380952384,1344,2022-02-15T00:00:00Z,daec211cfe940ff0b8c175d9b16010e7
LA,2021,offense_early_down_epa,0.05094236828890075,1024,2022-02-15T00:00:00Z,daec211cfe940ff0b8c175d9b16010e7
LA,2021,offense_epa_per_play,0.05903324381513386,1309,2022-02-15T00:00:00Z,daec211cfe940ff0b8c175d9b16010e7
LA,2021,offense_explosive_rate,0.2077922077922078,1309,2022-02-15T00:00:00Z,daec211cfe940ff0b8c175d9b16010e7
LA,2021,offense_fumble_lost_rate,0.006111535523300229,1309,2022-02-15T00:00:00Z,daec211cfe940ff0b8c175d9b16010e7
LA,2021,offense_int_rate,0.026119402985074626,804,2022-02-15T00:00:00Z,daec211cfe940ff0b8c175d9b16010e7
LA,2021,offense_late_down_epa,0.0886033132604123,281,2022-02-15T00:00:00Z,daec211cfe940ff0b8c175d9b16010e7
LA,2021,offense_pace_plays_per_game,62.333333333333336,1309,2022-02-15T00:00:00Z,daec211cfe940ff0b8c175d9b16010e7
LA,2021,offense_pass_epa,0.19616110280666146,804,2022-02-15T00:00:00Z,daec211cfe940ff0b8c175d9b16010e7
LA,2021,offense_red_zone_epa,0.02216431343191446,254,2022-02-15T00:00:00Z,daec211cfe940ff0b8c175d9b16010e7
LA,2021,offense_rush_epa,-0.1424528480155885,519,2022-02-15T00:00:00Z,daec211cfe940ff0b8c175d9b16010e7
LA,2021,offense_sack_rate,0.0472636815920398,804,2022-02-15T00:00:00Z,daec211cfe940ff0b8c175d9b16010e7
LA,2021,offense_success_rate,0.4560733384262796,1309,2022-02-15T00:00:00Z,daec211cfe940ff0b8c175d9b16010e7
LA,2021,special_teams_epa_per_play,-0.09758334769728817,228,2022-02-15T00:00:00Z,daec211cfe940ff0b8c175d9b16010e7
LA,2022,defense_allowed_epa_per_play,0.01671637898750421,1038,2023-02-15T00:00:00Z,daec211cfe940ff0b8c175d9b16010e7
LA,2022,defense_allowed_success_rate,0.4508670520231214,1038,2023-02-15T00:00:00Z,daec211cfe940ff0b8c175d9b16010e7
LA,2022,offense_early_down_epa,-0.10238672364740406,756,2023-02-15T00:00:00Z,daec211cfe940ff0b8c175d9b16010e7
LA,2022,offense_epa_per_play,-0.08836844609738467,987,2023-02-15T00:00:00Z,daec211cfe940ff0b8c175d9b16010e7
LA,2022,offense_explosive_rate,0.17223910840932116,987,2023-02-15T00:00:00Z,daec211cfe940ff0b8c175d9b16010e7
LA,2022,offense_fumble_lost_rate,0.008105369807497468,987,2023-02-15T00:00:00Z,daec211cfe940ff0b8c175d9b16010e7
LA,2022,offense_int_rate,0.024549918166939442,611,2023-02-15T00:00:00Z,daec211cfe940ff0b8c175d9b16010e7
LA,2022,offense_late_down_epa,-0.04249044684277579,231,2023-02-15T00:00:00Z,daec211cfe940ff0b8c175d9b16010e7
LA,2022,offense_pace_plays_per_game,58.05882352941177,987,2023-02-15T00:00:00Z,daec211cfe940ff0b8c175d9b16010e7
LA,2022,offense_pass_epa,-0.11268699970579646,611,2023-02-15T00:00:00Z,daec211cfe940ff0b8c175d9b16010e7
LA,2022,offense_red_zone_epa,0.04470865013926347,131,2023-02-15T00:00:00Z,daec211cfe940ff0b8c175d9b16010e7
LA,2022,offense_rush_epa,-0.03493585807261227,399,2023-02-15T00:00:00Z,daec211cfe940ff0b8c175d9b16010e7
LA,2022,offense_sack_rate,0.09656301145662848,611,2023-02-15T00:00:00Z,daec211cfe940ff0b8c175d9b16010e7
LA,2022,offense_success_rate,0.41033434650455924,987,2023-02-15T00:00:00Z,daec211cfe940ff0b8c175d9b16010e7
LA,2022,special_teams_epa_per_play,-0.11032921602312765,195,2023-02-15T00:00:00Z,daec211cfe940ff0b8c175d9b16010e7
LA,2023,defense_allowed_epa_per_play,0.0007385480010535772,1115,2024-02-15T00:00:00Z,daec211cfe940ff0b8c175d9b16010e7
LA,2023,defense_allowed_success_rate,0.42869955156950673,1115,2024-02-15T00:00:00Z,daec211cfe940ff0b8c175d9b16010e7
LA,2023,offense_early_down_epa,0.013143957805288237,885,2024-02-15T00:00:00Z,daec211cfe940ff0b8c175d9b16010e7
LA,2023,offense_epa_per_play,0.05085116456345175,1146,2024-02-15T00:00:00Z,daec211cfe940ff0b8c175d9b16010e7
LA,2023,offense_explosive_rate,0.1893542757417103,1146,2024-02-15T00:00:00Z,daec211cfe940ff0b8c175d9b16010e7
LA,2023,offense_fumble_lost_rate,0.0034904013961605585,1146,2024-02-15T00:00:00Z,daec211cfe940ff0b8c175d9b16010e7
LA,2023,offense_int_rate,0.019174041297935103,678,2024-02-15T00:00:00Z,daec211cfe940ff0b8c175d9b16010e7
LA,2023,offense_late_down_epa,0.17382365463543373,255,2024-02-15T00:00:00Z,daec211cfe940ff0b8c175d9b16010e7
LA,2023,offense_pace_plays_per_game,63.666666666666664,1146,2024-02-15T00:00:00Z,daec211cfe940ff0b8c175d9b16010e7
LA,2023,offense_pass_epa,0.09077755425929473,678,2024-02-15T00:00:00Z,daec211cfe940ff0b8c175d9b16010e7
LA,2023,offense_red_zone_epa,0.14327270548778587,191,2024-02-15T00:00:00Z,daec211cfe940ff0b8c175d9b16010e7
LA,2023,offense_rush_epa,0.00975024269086021,489,2024-02-15T00:00:00Z,daec211cfe940ff0b8c175d9b16010e7
LA,2023,offense_sack_rate,0.05309734513274336,678,2024-02-15T00:00:00Z,daec211cfe940ff0b8c175d9b16010e7
LA,2023,offense_success_rate,0.4476439790575916,1146,2024-02-15T00:00:00Z,daec211cfe940ff0b8c175d9b16010e7
LA,2023,special_teams_epa_per_play,-0.1370940873255093,196,2024-02-15T00:00:00Z,daec211cfe940ff0b8c175d9b16010e7
LA,2024,defense_allowed_epa_per_play,0.020249200011990185,1180,2025-02-15T00:00:00Z,daec211cfe940ff0b8c175d9b16010e7
LA,2024,defense_allowed_success_rate,0.45,1180,2025-02-15T00:00:00Z,daec211cfe940ff0b8c175d9b16010e7
LA,2024,offense_early_down_epa,0.054007250698079795,895,2025-02-15T00:00:00Z,daec211cfe940ff0b8c175d9b16010e7
LA,2024,offense_epa_per_play,0.010130347567944665,1147,2025-02-15T00:00:00Z,daec211cfe940ff0b8c175d9b16010e7
LA,2024,offense_explosive_rate,0.17872711421098517,1147,2025-02-15T00:00:00Z,daec211cfe940ff0b8c175d9b16010e7
LA,2024,offense_fumble_lost_rate,0.006102877070619006,1147,2025-02-15T00:00:00Z,daec211cfe940ff0b8c175d9b16010e7
LA,2024,offense_int_rate,0.013333333333333334,675,2025-02-15T00:00:00Z,daec211cfe940ff0b8c175d9b16010e7
LA,2024,offense_late_down_epa,-0.13277814804172938,248,2025-02-15T00:00:00Z,daec211cfe940ff0b8c175d9b16010e7
LA,2024,offense_pace_plays_per_game,60.36842105263158,1147,2025-02-15T00:00:00Z,daec211cfe940ff0b8c175d9b16010e7
LA,2024,offense_pass_epa,0.07012264613334866,675,2025-02-15T00:00:00Z,daec211cfe940ff0b8c175d9b16010e7
LA,2024,offense_red_zone_epa,-0.06005377185994465,206,2025-02-15T00:00:00Z,daec211cfe940ff0b8c175d9b16010e7
LA,2024,offense_rush_epa,-0.06589469146259733,477,2025-02-15T00:00:00Z,daec211cfe940ff0b8c175d9b16010e7
LA,2024,offense_sack_rate,0.056296296296296296,675,2025-02-15T00:00:00Z,daec211cfe940ff0b8c175d9b16010e7
LA,2024,offense_success_rate,0.46469049694856146,1147,2025-02-15T00:00:00Z,daec211cfe940ff0b8c175d9b16010e7
LA,2024,special_teams_epa_per_play,0.05797701101431933,212,2025-02-15T00:00:00Z,daec211cfe940ff0b8c175d9b16010e7
LA,2025,defense_allowed_epa_per_play,-0.046749473092037044,1277,2026-02-15T00:00:00Z,daec211cfe940ff0b8c175d9b16010e7
LA,2025,defense_allowed_success_rate,0.4267815191855912,1277,2026-02-15T00:00:00Z,daec211cfe940ff0b8c175d9b16010e7
LA,2025,offense_early_down_epa,0.18558876112440123,1000,2026-02-15T00:00:00Z,daec211cfe940ff0b8c175d9b16010e7
LA,2025,offense_epa_per_play,0.14452609140567751,1260,2026-02-15T00:00:00Z,daec211cfe940ff0b8c175d9b16010e7
LA,2025,offense_explosive_rate,0.21428571428571427,1260,2026-02-15T00:00:00Z,daec211cfe940ff0b8c175d9b16010e7
LA,2025,offense_fumble_lost_rate,0.005555555555555556,1260,2026-02-15T00:00:00Z,daec211cfe940ff0b8c175d9b16010e7
LA,2025,offense_int_rate,0.012,750,2026-02-15T00:00:00Z,daec211cfe940ff0b8c175d9b16010e7
LA,2025,offense_late_down_epa,-0.013407253666336839,260,2026-02-15T00:00:00Z,daec211cfe940ff0b8c175d9b16010e7
LA,2025,offense_pace_plays_per_game,63.0,1260,2026-02-15T00:00:00Z,daec211cfe940ff0b8c175d9b16010e7
LA,2025,offense_pass_epa,0.21804404249955472,750,2026-02-15T00:00:00Z,daec211cfe940ff0b8c175d9b16010e7
LA,2025,offense_red_zone_epa,0.0958312898847468,230,2026-02-15T00:00:00Z,daec211cfe940ff0b8c175d9b16010e7
LA,2025,offense_rush_epa,0.03477931428000807,519,2026-02-15T00:00:00Z,daec211cfe940ff0b8c175d9b16010e7
LA,2025,offense_sack_rate,0.03866666666666667,750,2026-02-15T00:00:00Z,daec211cfe940ff0b8c175d9b16010e7
LA,2025,offense_success_rate,0.5071428571428571,1260,2026-02-15T00:00:00Z,daec211cfe940ff0b8c175d9b16010e7
LA,2025,special_teams_epa_per_play,0.05757389555652256,233,2026-02-15T00:00:00Z,daec211cfe940ff0b8c175d9b16010e7
LAC,2020,defense_allowed_epa_per_play,0.026246326357371,988,2021-02-15T00:00:00Z,daec211cfe940ff0b8c175d9b16010e7
LAC,2020,defense_allowed_success_rate,0.4433198380566802,988,2021-02-15T00:00:00Z,daec211cfe940ff0b8c175d9b16010e7
LAC,2020,offense_early_down_epa,0.034465294761750635,865,2021-02-15T00:00:00Z,daec211cfe940ff0b8c175d9b16010e7
LAC,2020,offense_epa_per_play,0.026850648423676175,1117,2021-02-15T00:00:00Z,daec211cfe940ff0b8c175d9b16010e7
LAC,2020,offense_explosive_rate,0.18800358102059087,1117,2021-02-15T00:00:00Z,daec211cfe940ff0b8c175d9b16010e7
LAC,2020,offense_fumble_lost_rate,0.004476275738585497,1117,2021-02-15T00:00:00Z,daec211cfe940ff0b8c175d9b16010e7
LAC,2020,offense_int_rate,0.01455604075691412,687,2021-02-15T00:00:00Z,daec211cfe940ff0b8c175d9b16010e7
LAC,2020,offense_late_down_epa,0.0037032158717894446,247,2021-02-15T00:00:00Z,daec211cfe940ff0b8c175d9b16010e7
LAC,2020,offense_pace_plays_per_game,69.8125,1117,2021-02-15T00:00:00Z,daec211cfe940ff0b8c175d9b16010e7
LAC,2020,offense_pass_epa,0.13228817595484085,687,2021-02-15T00:00:00Z,daec211cfe940ff0b8c175d9b16010e7
LAC,2020,offense_red_zone_epa,0.012859345035763825,177,2021-02-15T00:00:00Z,daec211cfe940ff0b8c175d9b16010e7
LAC,2020,offense_rush_epa,-0.11046154118257333,457,2021-02-15T00:00:00Z,daec211cfe940ff0b8c175d9b16010e7
LAC,2020,offense_sack_rate,0.049490538573508006,687,2021-02-15T00:00:00Z,daec211cfe940ff0b8c175d9b16010e7
LAC,2020,offense_success_rate,0.432408236347359,1117,2021-02-15T00:00:00Z,daec211cfe940ff0b8c175d9b16010e7
LAC,2020,special_teams_epa_per_play,-0.26429307055318024,191,2021-02-15T00:00:00Z,daec211cfe940ff0b8c175d9b16010e7
LAC,2021,defense_allowed_epa_per_play,0.03317397635822233,1096,2022-02-15T00:00:00Z,daec211cfe940ff0b8c175d9b16010e7
LAC,2021,defense_allowed_success_rate,0.4635036496350365,1096,2022-02-15T00:00:00Z,daec211cfe940ff0b8c175d9b16010e7
LAC,2021,offense_early_down_epa,0.05361129040724806,859,2022-02-15T00:00:00Z,daec211cfe940ff0b8c175d9b16010e7
LAC,2021,offense_epa_per_play,0.09448740433946837,1123,2022-02-15T00:00:00Z,daec211cfe940ff0b8c175d9b16010e7
LAC,2021,offense_explosive_rate,0.20480854853072128,1123,2022-02-15T00:00:00Z,daec211cfe940ff0b8c175d9b16010e7
LAC,2021,offense_fumble_lost_rate,0.005342831700801425,1123,2022-02-15T00:00:00Z,daec211cfe940ff0b8c175d9b16010e7
LAC,2021,offense_int_rate,0.020053475935828877,748,2022-02-15T00:00:00Z,daec211cfe940ff0b8c175d9b16010e7
LAC,2021,offense_late_down_epa,0.22321840558654898,253,2022-02-15T00:00:00Z,daec211cfe940ff0b8c175d9b16010e7
LAC,2021,offense_pace_plays_per_game,66.05882352941177,1123,2022-02-15T00:00:00Z,daec211cfe940ff0b8c175d9b16010e7
LAC,2021,offense_pass_epa,0.16761196096701228,748,2022-02-15T00:00:00Z,daec211cfe940ff0b8c175d9b16010e7
LAC,2021,offense_red_zone_epa,0.12988629272927296,226,2022-02-15T00:00:00Z,daec211cfe940ff0b8c175d9b16010e7
LAC,2021,offense_rush_epa,0.005696456381551861,411,2022-02-15T00:00:00Z,daec211cfe940ff0b8c175d9b16010e7
LAC,2021,offense_sack_rate,0.04144385026737968,748,2022-02-15T00:00:00Z,daec211cfe940ff0b8c175d9b16010e7
LAC,2021,offense_success_rate,0.4764024933214604,1123,2022-02-15T00:00:00Z,daec211cfe940ff0b8c175d9b16010e7
LAC,2021,special_teams_epa_per_play,-0.12699734109177158,189,2022-02-15T00:00:00Z,daec211cfe940ff0b8c175d9b16010e7
LAC,2022,defense_allowed_epa_per_play,0.0049386228627327465,1065,2023-02-15T00:00:00Z,daec211cfe940ff0b8c175d9b16010e7
LAC,2022,defense_allowed_success_rate,0.4413145539906103,1065,2023-02-15T00:00:00Z,daec211cfe940ff0b8c175d9b16010e7
LAC,2022,offense_early_down_epa,-0.008548640861607558,903,2023-02-15T00:00:00Z,daec211cfe940ff0b8c175d9b16010e7
LAC,2022,offense_epa_per_play,0.010786109144010753,1205,2023-02-15T00:00:00Z,daec211cfe940ff0b8c175d9b16010e7
LAC,2022,offense_explosive_rate,0.1883817427385892,1205,2023-02-15T00:00:00Z,daec211cfe940ff0b8c175d9b16010e7
LAC,2022,offense_fumble_lost_rate,0.006639004149377593,1205,2023-02-15T00:00:00Z,daec211cfe940ff0b8c175d9b16010e7
LAC,2022,offense_int_rate,0.012195121951219513,820,2023-02-15T00:00:00Z,daec211cfe940ff0b8c175d9b16010e7
LAC,2022,offense_late_down_epa,0.06203561405521527,300,2023-02-15T00:00:00Z,daec211cfe940ff0b8c175d9b16010e7
LAC,2022,offense_pace_plays_per_game,66.94444444444444,1205,2023-02-15T00:00:00Z,daec211cfe940ff0b8c175d9b16010e7
LAC,2022,offense_pass_epa,0.03874113926550397,820,2023-02-15T00:00:00Z,daec211cfe940ff0b8c175d9b16010e7
LAC,2022,offense_red_zone_epa,0.0430437288960608,211,2023-02-15T00:00:00Z,daec211cfe940ff0b8c175d9b16010e7
LAC,2022,offense_rush_epa,-0.013792162845224828,409,2023-02-15T00:00:00Z,daec211cfe940ff0b8c175d9b16010e7
LAC,2022,offense_sack_rate,0.05121951219512195,820,2023-02-15T00:00:00Z,daec211cfe940ff0b8c175d9b16010e7
LAC,2022,offense_success_rate,0.43817427385892116,1205,2023-02-15T00:00:00Z,daec211cfe940ff0b8c175d9b16010e7
LAC,2022,special_teams_epa_per_play,-0.07978693298085013,214,2023-02-15T00:00:00Z,daec211cfe940ff0b8c175d9b16010e7
LAC,2023,defense_allowed_epa_per_play,0.01242921234886465,1094,2024-02-15T00:00:00Z,daec211cfe940ff0b8c175d9b16010e7
LAC,2023,defense_allowed_success_rate,0.44149908592321757,1094,2024-02-15T00:00:00Z,daec211cfe940ff0b8c175d9b16010e7
LAC,2023,offense_early_down_epa,-0.037258493169369904,827,2024-02-15T00:00:00Z,daec211cfe940ff0b8c175d9b16010e7
LAC,2023,offense_epa_per_play,-0.07593999287074352,1096,2024-02-15T00:00:00Z,daec211cfe940ff0b8c175d9b16010e7
LAC,2023,offense_explosive_rate,0.16697080291970803,1096,2024-02-15T00:00:00Z,daec211cfe940ff0b8c175d9b16010e7
LAC,2023,offense_fumble_lost_rate,0.010948905109489052,1096,2024-02-15T00:00:00Z,daec211cfe940ff0b8c175d9b16010e7
LAC,2023,offense_int_rate,0.011188811188811189,715,2024-02-15T00:00:00Z,daec211cfe940ff0b8c175d9b16010e7
LAC,2023,offense_late_down_epa,-0.1995166355793507,268,2024-02-15T00:00:00Z,daec211cfe940ff0b8c175d9b16010e7
LAC,2023,offense_pace_plays_per_game,64.47058823529412,1096,2024-02-15T00:00:00Z,daec211cfe940ff0b8c175d9b16010e7
LAC,2023,offense_pass_epa,0.00626281979512752,715,2024-02-15T00:00:00Z,daec211cfe940ff0b8c175d9b16010e7
LAC,2023,offense_red_zone_epa,-0.17794530534883157,160,2024-02-15T00:00:00Z,daec211cfe940ff0b8c175d9b16010e7
LAC,2023,offense_rush_epa,-0.15603595122704955,421,2024-02-15T00:00:00Z,daec211cfe940ff0b8c175d9b16010e7
LAC,2023,offense_sack_rate,0.06013986013986014,715,2024-02-15T00:00:00Z,daec211cfe940ff0b8c175d9b16010e7
LAC,2023,offense_success_rate,0.4096715328467153,1096,2024-02-15T00:00:00Z,daec211cfe940ff0b8c175d9b16010e7
LAC,2023,special_teams_epa_per_play,-0.026519487100234756,194,2024-02-15T00:00:00Z,daec211cfe940ff0b8c175d9b16010e7
LAC,2024,defense_allowed_epa_per_play,-0.0637581794880886,1095,2025-02-15T00:00:00Z,daec211cfe940ff0b8c175d9b16010e7
LAC,2024,defense_allowed_success_rate,0.4155251141552511,1095,2025-02-15T00:00:00Z,daec211cfe940ff0b8c175d9b16010e7
LAC,2024,offense_early_down_epa,0.0014965061640851787,802,2025-02-15T00:00:00Z,daec211cfe940ff0b8c175d9b16010e7
LAC,2024,offense_epa_per_play,0.010851564895418471,1052,2025-02-15T00:00:00Z,daec211cfe940ff0b8c175d9b16010e7
LAC,2024,offense_explosive_rate,0.18536121673003803,1052,2025-02-15T00:00:00Z,daec211cfe940ff0b8c175d9b16010e7
LAC,2024,offense_fumble_lost_rate,0.004752851711026616,1052,2025-02-15T00:00:00Z,daec211cfe940ff0b8c175d9b16010e7
LAC,2024,offense_int_rate,0.011235955056179775,623,2025-02-15T00:00:00Z,daec211cfe940ff0b8c175d9b16010e7
LAC,2024,offense_late_down_epa,0.03653325847503642,245,2025-02-15T00:00:00Z,daec211cfe940ff0b8c175d9b16010e7
LAC,2024,offense_pace_plays_per_game,58.44444444444444,1052,2025-02-15T00:00:00Z,daec211cfe940ff0b8c175d9b16010e7
LAC,2024,offense_pass_epa,0.06860661584096032,623,2025-02-15T00:00:00Z,daec211cfe940ff0b8c175d9b16010e7
LAC,2024,offense_red_zone_epa,-0.022217645583003164,152,2025-02-15T00:00:00Z,daec211cfe940ff0b8c175d9b16010e7
LAC,2024,offense_rush_epa,-0.04080365892648013,462,2025-02-15T00:00:00Z,daec211cfe940ff0b8c175d9b16010e7
LAC,2024,offense_sack_rate,0.07704654895666131,623,2025-02-15T00:00:00Z,daec211cfe940ff0b8c175d9b16010e7
LAC,2024,offense_success_rate,0.41539923954372626,1052,2025-02-15T00:00:00Z,daec211cfe940ff0b8c175d9b16010e7
LAC,2024,special_teams_epa_per_play,0.015358550799383546,196,2025-02-15T00:00:00Z,daec211cfe940ff0b8c175d9b16010e7
LAC,2025,defense_allowed_epa_per_play,-0.07895395903973083,1016,2026-02-15T00:00:00Z,daec211cfe940ff0b8c175d9b16010e7
LAC,2025,defense_allowed_success_rate,0.4153543307086614,1016,2026-02-15T00:00:00Z,daec211cfe940ff0b8c175d9b16010e7
LAC,2025,offense_early_down_epa,-0.041578699032944894,855,2026-02-15T00:00:00Z,daec211cfe940ff0b8c175d9b16010e7
LAC,2025,offense_epa_per_play,-0.035434960929662716,1139,2026-02-15T00:00:00Z,daec211cfe940ff0b8c175d9b16010e7
LAC,2025,offense_explosive_rate,0.17295873573309922,1139,2026-02-15T00:00:00Z,daec211cfe940ff0b8c175d9b16010e7
LAC,2025,offense_fumble_lost_rate,0.0052677787532923615,1139,2026-02-15T00:00:00Z,daec211cfe940ff0b8c175d9b16010e7
LAC,2025,offense_int_rate,0.019310344827586208,725,2026-02-15T00:00:00Z,daec211cfe940ff0b8c175d9b16010e7
LAC,2025,offense_late_down_epa,-0.020719550620911457,283,2026-02-15T00:00:00Z,daec211cfe940ff0b8c175d9b16010e7
LAC,2025,offense_pace_plays_per_game,63.27777777777778,1139,2026-02-15T00:00:00Z,daec211cfe940ff0b8c175d9b16010e7
LAC,2025,offense_pass_epa,-0.01428252356368294,725,2026-02-15T00:00:00Z,daec211cfe940ff0b8c175d9b16010e7
LAC,2025,offense_red_zone_epa,-0.11166406539824662,173,2026-02-15T00:00:00Z,daec211cfe940ff0b8c175d9b16010e7
LAC,2025,offense_rush_epa,0.014269565263182578,477,2026-02-15T00:00:00Z,daec211cfe940ff0b8c175d9b16010e7
LAC,2025,offense_sack_rate,0.0910344827586207,725,2026-02-15T00:00:00Z,daec211cfe940ff0b8c175d9b16010e7
LAC,2025,offense_success_rate,0.4310798946444249,1139,2026-02-15T00:00:00Z,daec211cfe940ff0b8c175d9b16010e7
LAC,2025,special_teams_epa_per_play,0.01369120039321304,189,2026-02-15T00:00:00Z,daec211cfe940ff0b8c175d9b16010e7
LV,2020,defense_allowed_epa_per_play,0.1301696918112996,1029,2021-02-15T00:00:00Z,daec211cfe940ff0b8c175d9b16010e7
LV,2020,defense_allowed_success_rate,0.45675413022351796,1029,2021-02-15T00:00:00Z,daec211cfe940ff0b8c175d9b16010e7
LV,2020,offense_early_down_epa,-0.016848418520620603,805,2021-02-15T00:00:00Z,daec211cfe940ff0b8c175d9b16010e7
LV,2020,offense_epa_per_play,0.04528409668662328,1024,2021-02-15T00:00:00Z,daec211cfe940ff0b8c175d9b16010e7
LV,2020,offense_explosive_rate,0.205078125,1024,2021-02-15T00:00:00Z,daec211cfe940ff0b8c175d9b16010e7
LV,2020,offense_fumble_lost_rate,0.0146484375,1024,2021-02-15T00:00:00Z,daec211cfe940ff0b8c175d9b16010e7
LV,2020,offense_int_rate,0.01658374792703151,603,2021-02-15T00:00:00Z,daec211cfe940ff0b8c175d9b16010e7
LV,2020,offense_late_down_epa,0.27009583447799,218,2021-02-15T00:00:00Z,daec211cfe940ff0b8c175d9b16010e7
LV,2020,offense_pace_plays_per_game,64.0,1024,2021-02-15T00:00:00Z,daec211cfe940ff0b8c175d9b16010e7
LV,2020,offense_pass_epa,0.11172358105140295,603,2021-02-15T00:00:00Z,daec211cfe940ff0b8c175d9b16010e7
LV,2020,offense_red_zone_epa,0.04861273147969422,190,2021-02-15T00:00:00Z,daec211cfe940ff0b8c175d9b16010e7
LV,2020,offense_rush_epa,-0.006091541772572549,449,2021-02-15T00:00:00Z,daec211cfe940ff0b8c175d9b16010e7
LV,2020,offense_sack_rate,0.04643449419568822,603,2021-02-15T00:00:00Z,daec211cfe940ff0b8c175d9b16010e7
LV,2020,offense_success_rate,0.46484375,1024,2021-02-15T00:00:00Z,daec211cfe940ff0b8c175d9b16010e7
LV,2020,special_teams_epa_per_play,-0.013423364716686315,192,2021-02-15T00:00:00Z,daec211cfe940ff0b8c175d9b16010e7
LV,2021,defense_allowed_epa_per_play,0.04869643248613384,1153,2022-02-15T00:00:00Z,daec211cfe940ff0b8c175d9b16010e7
LV,2021,defense_allowed_success_rate,0.4362532523850824,1153,2022-02-15T00:00:00Z,daec211cfe940ff0b8c175d9b16010e7
LV,2021,offense_early_down_epa,0.009924513627376685,895,2022-02-15T00:00:00Z,daec211cfe940ff0b8c175d9b16010e7
LV,2021,offense_epa_per_play,-0.014916375174791852,1142,2022-02-15T00:00:00Z,daec211cfe940ff0b8c175d9b16010e7
LV,2021,offense_explosive_rate,0.1786339754816112,1142,2022-02-15T00:00:00Z,daec211cfe940ff0b8c175d9b16010e7
LV,2021,offense_fumble_lost_rate,0.009632224168126095,1142,2022-02-15T00:00:00Z,daec211cfe940ff0b8c175d9b16010e7
LV,2021,offense_int_rate,0.020188425302826378,743,2022-02-15T00:00:00Z,daec211cfe940ff0b8c175d9b16010e7
LV,2021,offense_late_down_epa,-0.0945735251889936,244,2022-02-15T00:00:00Z,daec211cfe940ff0b8c175d9b16010e7
LV,2021,offense_pace_plays_per_game,63.44444444444444,1142,2022-02-15T00:00:00Z,daec211cfe940ff0b8c175d9b16010e7
LV,2021,offense_pass_epa,0.03802601009739358,743,2022-02-15T00:00:00Z,daec211cfe940ff0b8c175d9b16010e7
LV,2021,offense_red_zone_epa,-0.08803164191372499,191,2022-02-15T00:00:00Z,daec211cfe940ff0b8c175d9b16010e7
LV,2021,offense_rush_epa,-0.09297146142703086,418,2022-02-15T00:00:00Z,daec211cfe940ff0b8c175d9b16010e7
LV,2021,offense_sack_rate,0.05787348586810229,743,2022-02-15T00:00:00Z,daec211cfe940ff0b8c175d9b16010e7
LV,2021,offense_success_rate,0.44658493870402804,1142,2022-02-15T00:00:00Z,daec211cfe940ff0b8c175d9b16010e7
LV,2021,special_teams_epa_per_play,-0.05186245512258056,205,2022-02-15T00:00:00Z,daec211cfe940ff0b8c175d9b16010e7
LV,2022,defense_allowed_epa_per_play,0.06404710021831683,1065,2023-02-15T00:00:00Z,daec211cfe940ff0b8c175d9b16010e7
LV,2022,defense_allowed_success_rate,0.4751173708920188,1065,2023-02-15T00:00:00Z,daec211cfe940ff0b8c175d9b16010e7
LV,2022,offense_early_down_epa,-0.009168764490356387,811,2023-02-15T00:00:00Z,daec211cfe940ff0b8c175d9b16010e7
LV,2022,offense_epa_per_play,0.00040474121603177837,1048,2023-02-15T00:00:00Z,daec211cfe940ff0b8c175d9b16010e7
LV,2022,offense_explosive_rate,0.1736641221374046,1048,2023-02-15T00:00:00Z,daec211cfe940ff0b8c175d9b16010e7
LV,2022,offense_fumble_lost_rate,0.003816793893129771,1048,2023-02-15T00:00:00Z,daec211cfe940ff0b8c175d9b16010e7
LV,2022,offense_int_rate,0.026194144838212634,649,2023-02-15T00:00:00Z,daec211cfe940ff0b8c175d9b16010e7
LV,2022,offense_late_down_epa,0.04999157423210444,233,2023-02-15T00:00:00Z,daec211cfe940ff0b8c175d9b16010e7
LV,2022,offense_pace_plays_per_game,61.64705882352941,1048,2023-02-15T00:00:00Z,daec211cfe940ff0b8c175d9b16010e7
LV,2022,offense_pass_epa,0.023619854727669545,649,2023-02-15T00:00:00Z,daec211cfe940ff0b8c175d9b16010e7
LV,2022,offense_red_zone_epa,-0.18433077763675218,136,2023-02-15T00:00:00Z,daec211cfe940ff0b8c175d9b16010e7
LV,2022,offense_rush_epa,-0.012900881099147107,424,2023-02-15T00:00:00Z,daec211cfe940ff0b8c175d9b16010e7
LV,2022,offense_sack_rate,0.053929121725731895,649,2023-02-15T00:00:00Z,daec211cfe940ff0b8c175d9b16010e7
LV,2022,offense_success_rate,0.4312977099236641,1048,2023-02-15T00:00:00Z,daec211cfe940ff0b8c175d9b16010e7
LV,2022,special_teams_epa_per_play,-0.045745291951592895,183,2023-02-15T00:00:00Z,daec211cfe940ff0b8c175d9b16010e7
LV,2023,defense_allowed_epa_per_play,-0.06046831921128199,1072,2024-02-15T00:00:00Z,daec211cfe940ff0b8c175d9b16010e7
LV,2023,defense_allowed_success_rate,0.4337686567164179,1072,2024-02-15T00:00:00Z,daec211cfe940ff0b8c175d9b16010e7
LV,2023,offense_early_down_epa,-0.10201499038778063,757,2024-02-15T00:00:00Z,daec211cfe940ff0b8c175d9b16010e7
LV,2023,offense_epa_per_play,-0.09705627067078378,997,2024-02-15T00:00:00Z,daec211cfe940ff0b8c175d9b16010e7
LV,2023,offense_explosive_rate,0.17452357071213642,997,2024-02-15T00:00:00Z,daec211cfe940ff0b8c175d9b16010e7
LV,2023,offense_fumble_lost_rate,0.006018054162487462,997,2024-02-15T00:00:00Z,daec211cfe940ff0b8c175d9b16010e7
LV,2023,offense_int_rate,0.0297029702970297,606,2024-02-15T00:00:00Z,daec211cfe940ff0b8c175d9b16010e7
LV,2023,offense_late_down_epa,-0.08369387345432841,236,2024-02-15T00:00:00Z,daec211cfe940ff0b8c175d9b16010e7
LV,2023,offense_pace_plays_per_game,58.64705882352941,997,2024-02-15T00:00:00Z,daec211cfe940ff0b8c175d9b16010e7
LV,2023,offense_pass_epa,-0.07624684657823186,606,2024-02-15T00:00:00Z,daec211cfe940ff0b8c175d9b16010e7
LV,2023,offense_red_zone_epa,-0.028854072108861928,153,2024-02-15T00:00:00Z,daec211cfe940ff0b8c175d9b16010e7
LV,2023,offense_rush_epa,-0.1195909514683829,400,2024-02-15T00:00:00Z,daec211cfe940ff0b8c175d9b16010e7
LV,2023,offense_sack_rate,0.066006600660066,606,2024-02-15T00:00:00Z,daec211cfe940ff0b8c175d9b16010e7
LV,2023,offense_success_rate,0.41223671013039115,997,2024-02-15T00:00:00Z,daec211cfe940ff0b8c175d9b16010e7
LV,2023,special_teams_epa_per_play,-0.001672748431091778,187,2024-02-15T00:00:00Z,daec211cfe940ff0b8c175d9b16010e7
LV,2024,defense_allowed_epa_per_play,0.021396931907721118,1031,2025-02-15T00:00:00Z,daec211cfe940ff0b8c175d9b16010e7
LV,2024,defense_allowed_success_rate,0.4393792434529583,1031,2025-02-15T00:00:00Z,daec211cfe940ff0b8c175d9b16010e7
LV,2024,offense_early_down_epa,-0.11154354917012899,802,2025-02-15T00:00:00Z,daec211cfe940ff0b8c175d9b16010e7
LV,2024,offense_epa_per_play,-0.1426848922665781,1054,2025-02-15T00:00:00Z,daec211cfe940ff0b8c175d9b16010e7
LV,2024,offense_explosive_rate,0.16318785578747627,1054,2025-02-15T00:00:00Z,daec211cfe940ff0b8c175d9b16010e7
LV,2024,offense_fumble_lost_rate,0.012333965844402278,1054,2025-02-15T00:00:00Z,daec211cfe940ff0b8c175d9b16010e7
LV,2024,offense_int_rate,0.02275960170697013,703,2025-02-15T00:00:00Z,daec211cfe940ff0b8c175d9b16010e7
LV,2024,offense_late_down_epa,-0.243712348236963,247,2025-02-15T00:00:00Z,daec211cfe940ff0b8c175d9b16010e7
LV,2024,offense_pace_plays_per_game,62.0,1054,2025-02-15T00:00:00Z,daec211cfe940ff0b8c175d9b16010e7
LV,2024,offense_pass_epa,-0.07711963983697565,703,2025-02-15T00:00:00Z,daec211cfe940ff0b8c175d9b16010e7
LV,2024,offense_red_zone_epa,-0.19214869569151655,149,2025-02-15T00:00:00Z,daec211cfe940ff0b8c175d9b16010e7
LV,2024,offense_rush_epa,-0.23710371636573588,371,2025-02-15T00:00:00Z,daec211cfe940ff0b8c175d9b16010e7
LV,2024,offense_sack_rate,0.07112375533428165,703,2025-02-15T00:00:00Z,daec211cfe940ff0b8c175d9b16010e7
LV,2024,offense_success_rate,0.40512333965844405,1054,2025-02-15T00:00:00Z,daec211cfe940ff0b8c175d9b16010e7
LV,2024,special_teams_epa_per_play,0.023902432839532157,192,2025-02-15T00:00:00Z,daec211cfe940ff0b8c175d9b16010e7
LV,2025,defense_allowed_epa_per_play,0.024258005912999096,1054,2026-02-15T00:00:00Z,daec211cfe940ff0b8c175d9b16010e7
LV,2025,defense_allowed_success_rate,0.4497153700189753,1054,2026-02-15T00:00:00Z,daec211cfe940ff0b8c175d9b16010e7
LV,2025,offense_early_down_epa,-0.17270664217077572,694,2026-02-15T00:00:00Z,daec211cfe940ff0b8c175d9b16010e7
LV,2025,offense_epa_per_play,-0.21535989877332434,942,2026-02-15T00:00:00Z,daec211cfe940ff0b8c175d9b16010e7
LV,2025,offense_explosive_rate,0.15074309978768577,942,2026-02-15T00:00:00Z,daec211cfe940ff0b8c175d9b16010e7
LV,2025,offense_fumble_lost_rate,0.0031847133757961785,942,2026-02-15T00:00:00Z,daec211cfe940ff0b8c175d9b16010e7
LV,2025,offense_int_rate,0.03166666666666667,600,2026-02-15T00:00:00Z,daec211cfe940ff0b8c175d9b16010e7
LV,2025,offense_late_down_epa,-0.33538618358348243,245,2026-02-15T00:00:00Z,daec211cfe940ff0b8c175d9b16010e7
LV,2025,offense_pace_plays_per_game,55.411764705882355,942,2026-02-15T00:00:00Z,daec211cfe940ff0b8c175d9b16010e7
LV,2025,offense_pass_epa,-0.16507896764984636,600,2026-02-15T00:00:00Z,daec211cfe940ff0b8c175d9b16010e7
LV,2025,offense_red_zone_epa,-0.15798650896144295,117,2026-02-15T00:00:00Z,daec211cfe940ff0b8c175d9b16010e7
LV,2025,offense_rush_epa,-0.2604621470103272,364,2026-02-15T00:00:00Z,daec211cfe940ff0b8c175d9b16010e7
LV,2025,offense_sack_rate,0.10666666666666667,600,2026-02-15T00:00:00Z,daec211cfe940ff0b8c175d9b16010e7
LV,2025,offense_success_rate,0.37579617834394907,942,2026-02-15T00:00:00Z,daec211cfe940ff0b8c175d9b16010e7
LV,2025,special_teams_epa_per_play,0.016941871463254626,190,2026-02-15T00:00:00Z,daec211cfe940ff0b8c175d9b16010e7
MIA,2020,defense_allowed_epa_per_play,-0.041156945578007274,983,2021-02-15T00:00:00Z,daec211cfe940ff0b8c175d9b16010e7
MIA,2020,defense_allowed_success_rate,0.4537131230925738,983,2021-02-15T00:00:00Z,daec211cfe940ff0b8c175d9b16010e7
MIA,2020,offense_early_down_epa,0.06714707461770393,792,2021-02-15T00:00:00Z,daec211cfe940ff0b8c175d9b16010e7
MIA,2020,offense_epa_per_play,0.007102002907027807,1009,2021-02-15T00:00:00Z,daec211cfe940ff0b8c175d9b16010e7
MIA,2020,offense_explosive_rate,0.18830525272547077,1009,2021-02-15T00:00:00Z,daec211cfe940ff0b8c175d9b16010e7
MIA,2020,offense_fumble_lost_rate,0.006937561942517344,1009,2021-02-15T00:00:00Z,daec211cfe940ff0b8c175d9b16010e7
MIA,2020,offense_int_rate,0.02073365231259968,627,2021-02-15T00:00:00Z,daec211cfe940ff0b8c175d9b16010e7
MIA,2020,offense_late_down_epa,-0.22906427565891216,211,2021-02-15T00:00:00Z,daec211cfe940ff0b8c175d9b16010e7
MIA,2020,offense_pace_plays_per_game,63.0625,1009,2021-02-15T00:00:00Z,daec211cfe940ff0b8c175d9b16010e7
MIA,2020,offense_pass_epa,0.07337485258728142,627,2021-02-15T00:00:00Z,daec211cfe940ff0b8c175d9b16010e7
MIA,2020,offense_red_zone_epa,-0.08372604657986167,185,2021-02-15T00:00:00Z,daec211cfe940ff0b8c175d9b16010e7
MIA,2020,offense_rush_epa,-0.05712499139340388,415,2021-02-15T00:00:00Z,daec211cfe940ff0b8c175d9b16010e7
MIA,2020,offense_sack_rate,0.05422647527910686,627,2021-02-15T00:00:00Z,daec211cfe940ff0b8c175d9b16010e7
MIA,2020,offense_success_rate,0.45986124876114964,1009,2021-02-15T00:00:00Z,daec211cfe940ff0b8c175d9b16010e7
MIA,2020,special_teams_epa_per_play,-0.0930340135718109,177,2021-02-15T00:00:00Z,daec211cfe940ff0b8c175d9b16010e7
MIA,2021,defense_allowed_epa_per_play,-0.028111887076046206,1062,2022-02-15T00:00:00Z,daec211cfe940ff0b8c175d9b16010e7
MIA,2021,defense_allowed_success_rate,0.4265536723163842,1062,2022-02-15T00:00:00Z,daec211cfe940ff0b8c175d9b16010e7
MIA,2021,offense_early_down_epa,-0.05440821155482132,829,2022-02-15T00:00:00Z,daec211cfe940ff0b8c175d9b16010e7
MIA,2021,offense_epa_per_play,-0.0588156879355119,1085,2022-02-15T00:00:00Z,daec211cfe940ff0b8c175d9b16010e7
MIA,2021,offense_explosive_rate,0.16866359447004609,1085,2022-02-15T00:00:00Z,daec211cfe940ff0b8c175d9b16010e7
MIA,2021,offense_fumble_lost_rate,0.008294930875576038,1085,2022-02-15T00:00:00Z,daec211cfe940ff0b8c175d9b16010e7
MIA,2021,offense_int_rate,0.020348837209302327,688,2022-02-15T00:00:00Z,daec211cfe940ff0b8c175d9b16010e7
MIA,2021,offense_late_down_epa,-0.07853602383827482,253,2022-02-15T00:00:00Z,daec211cfe940ff0b8c175d9b16010e7
MIA,2021,offense_pace_plays_per_game,63.8235294117647,1085,2022-02-15T00:00:00Z,daec211cfe940ff0b8c175d9b16010e7
MIA,2021,offense_pass_epa,0.00934112627672307,688,2022-02-15T00:00:00Z,daec211cfe940ff0b8c175d9b16010e7
MIA,2021,offense_red_zone_epa,0.02329350988664956,154,2022-02-15T00:00:00Z,daec211cfe940ff0b8c175d9b16010e7
MIA,2021,offense_rush_epa,-0.13034266702668879,429,2022-02-15T00:00:00Z,daec211cfe940ff0b8c175d9b16010e7
MIA,2021,offense_sack_rate,0.05813953488372093,688,2022-02-15T00:00:00Z,daec211cfe940ff0b8c175d9b16010e7
MIA,2021,offense_success_rate,0.4129032258064516,1085,2022-02-15T00:00:00Z,daec211cfe940ff0b8c175d9b16010e7
MIA,2021,special_teams_epa_per_play,-0.06399790771557005,197,2022-02-15T00:00:00Z,daec211cfe940ff0b8c175d9b16010e7
MIA,2022,defense_allowed_epa_per_play,-0.0017773860763208226,1138,2023-02-15T00:00:00Z,daec211cfe940ff0b8c175d9b16010e7
MIA,2022,defense_allowed_success_rate,0.42618629173989453,1138,2023-02-15T00:00:00Z,daec211cfe940ff0b8c175d9b16010e7
MIA,2022,offense_early_down_epa,0.035148173641529584,828,2023-02-15T00:00:00Z,daec211cfe940ff0b8c175d9b16010e7
MIA,2022,offense_epa_per_play,0.03014680885324214,1065,2023-02-15T00:00:00Z,daec211cfe940ff0b8c175d9b16010e7
MIA,2022,offense_explosive_rate,0.20938967136150236,1065,2023-02-15T00:00:00Z,daec211cfe940ff0b8c175d9b16010e7
MIA,2022,offense_fumble_lost_rate,0.005633802816901409,1065,2023-02-15T00:00:00Z,daec211cfe940ff0b8c175d9b16010e7
MIA,2022,offense_int_rate,0.02463768115942029,690,2023-02-15T00:00:00Z,daec211cfe940ff0b8c175d9b16010e7
MIA,2022,offense_late_down_epa,0.016430186553488824,234,2023-02-15T00:00:00Z,daec211cfe940ff0b8c175d9b16010e7
MIA,2022,offense_pace_plays_per_game,59.166666666666664,1065,2023-02-15T00:00:00Z,daec211cfe940ff0b8c175d9b16010e7
MIA,2022,offense_pass_epa,0.06771798677081987,690,2023-02-15T00:00:00Z,daec211cfe940ff0b8c175d9b16010e7
MIA,2022,offense_red_zone_epa,0.09444006955728065,135,2023-02-15T00:00:00Z,daec211cfe940ff0b8c175d9b16010e7
MIA,2022,offense_rush_epa,-0.021424921493944486,395,2023-02-15T00:00:00Z,daec211cfe940ff0b8c175d9b16010e7
MIA,2022,offense_sack_rate,0.05652173913043478,690,2023-02-15T00:00:00Z,daec211cfe940ff0b8c175d9b16010e7
MIA,2022,offense_success_rate,0.43661971830985913,1065,2023-02-15T00:00:00Z,daec211cfe940ff0b8c175d9b16010e7
MIA,2022,special_teams_epa_per_play,-0.05712342800786309,205,2023-02-15T00:00:00Z,daec211cfe940ff0b8c175d9b16010e7
MIA,2023,defense_allowed_epa_per_play,-0.032769381446376165,1116,2024-02-15T00:00:00Z,daec211cfe940ff0b8c175d9b16010e7
MIA,2023,defense_allowed_success_rate,0.42473118279569894,1116,2024-02-15T00:00:00Z,daec211cfe940ff0b8c175d9b16010e7
MIA,2023,offense_early_down_epa,0.07740868042689637,852,2024-02-15T00:00:00Z,daec211cfe940ff0b8c175d9b16010e7
MIA,2023,offense_epa_per_play,0.0804307794923394,1095,2024-02-15T00:00:00Z,daec211cfe940ff0b8c175d9b16010e7
MIA,2023,offense_explosive_rate,0.217351598173516,1095,2024-02-15T00:00:00Z,daec211cfe940ff0b8c175d9b16010e7
MIA,2023,offense_fumble_lost_rate,0.0091324200913242,1095,2024-02-15T00:00:00Z,daec211cfe940ff0b8c175d9b16010e7
MIA,2023,offense_int_rate,0.0243531202435312,657,2024-02-15T00:00:00Z,daec211cfe940ff0b8c175d9b16010e7
MIA,2023,offense_late_down_epa,0.09964111128794995,241,2024-02-15T00:00:00Z,daec211cfe940ff0b8c175d9b16010e7
MIA,2023,offense_pace_plays_per_game,60.833333333333336,1095,2024-02-15T00:00:00Z,daec211cfe940ff0b8c175d9b16010e7
MIA,2023,offense_pass_epa,0.12643602576338914,657,2024-02-15T00:00:00Z,daec211cfe940ff0b8c175d9b16010e7
MIA,2023,offense_red_zone_epa,0.044402748005295825,178,2024-02-15T00:00:00Z,daec211cfe940ff0b8c175d9b16010e7
MIA,2023,offense_rush_epa,0.007161062571841977,457,2024-02-15T00:00:00Z,daec211cfe940ff0b8c175d9b16010e7
MIA,2023,offense_sack_rate,0.0502283105022831,657,2024-02-15T00:00:00Z,daec211cfe940ff0b8c175d9b16010e7
MIA,2023,offense_success_rate,0.4639269406392694,1095,2024-02-15T00:00:00Z,daec211cfe940ff0b8c175d9b16010e7
MIA,2023,special_teams_epa_per_play,0.04888145839423875,206,2024-02-15T00:00:00Z,daec211cfe940ff0b8c175d9b16010e7
MIA,2024,defense_allowed_epa_per_play,-0.021976469952547567,1000,2025-02-15T00:00:00Z,daec211cfe940ff0b8c175d9b16010e7
MIA,2024,defense_allowed_success_rate,0.434,1000,2025-02-15T00:00:00Z,daec211cfe940ff0b8c175d9b16010e7
MIA,2024,offense_early_down_epa,0.008645519203864423,830,2025-02-15T00:00:00Z,daec211cfe940ff0b8c175d9b16010e7
MIA,2024,offense_epa_per_play,-0.038929331539186075,1076,2025-02-15T00:00:00Z,daec211cfe940ff0b8c175d9b16010e7
MIA,2024,offense_explosive_rate,0.19237918215613384,1076,2025-02-15T00:00:00Z,daec211cfe940ff0b8c175d9b16010e7
MIA,2024,offense_fumble_lost_rate,0.008364312267657992,1076,2025-02-15T00:00:00Z,daec211cfe940ff0b8c175d9b16010e7
MIA,2024,offense_int_rate,0.015151515151515152,660,2025-02-15T00:00:00Z,daec211cfe940ff0b8c175d9b16010e7
MIA,2024,offense_late_down_epa,-0.20053419782311901,241,2025-02-15T00:00:00Z,daec211cfe940ff0b8c175d9b16010e7
MIA,2024,offense_pace_plays_per_game,63.294117647058826,1076,2025-02-15T00:00:00Z,daec211cfe940ff0b8c175d9b16010e7
MIA,2024,offense_pass_epa,0.08181736410028614,660,2025-02-15T00:00:00Z,daec211cfe940ff0b8c175d9b16010e7
MIA,2024,offense_red_zone_epa,-0.07219745388152493,172,2025-02-15T00:00:00Z,daec211cfe940ff0b8c175d9b16010e7
MIA,2024,offense_rush_epa,-0.18356522235262734,441,2025-02-15T00:00:00Z,daec211cfe940ff0b8c175d9b16010e7
MIA,2024,offense_sack_rate,0.06515151515151515,660,2025-02-15T00:00:00Z,daec211cfe940ff0b8c175d9b16010e7
MIA,2024,offense_success_rate,0.4433085501858736,1076,2025-02-15T00:00:00Z,daec211cfe940ff0b8c175d9b16010e7
MIA,2024,special_teams_epa_per_play,0.08241530569440667,168,2025-02-15T00:00:00Z,daec211cfe940ff0b8c175d9b16010e7
MIA,2025,defense_allowed_epa_per_play,0.08820651929678214,1016,2026-02-15T00:00:00Z,daec211cfe940ff0b8c175d9b16010e7
MIA,2025,defense_allowed_success_rate,0.48523622047244097,1016,2026-02-15T00:00:00Z,daec211cfe940ff0b8c175d9b16010e7
MIA,2025,offense_early_down_epa,0.026950389395744595,724,2026-02-15T00:00:00Z,daec211cfe940ff0b8c175d9b16010e7
MIA,2025,offense_epa_per_play,-0.016815702180963555,942,2026-02-15T00:00:00Z,daec211cfe940ff0b8c175d9b16010e7
MIA,2025,offense_explosive_rate,0.1910828025477707,942,2026-02-15T00:00:00Z,daec211cfe940ff0b8c175d9b16010e7
MIA,2025,offense_fumble_lost_rate,0.005307855626326964,942,2026-02-15T00:00:00Z,daec211cfe940ff0b8c175d9b16010e7
MIA,2025,offense_int_rate,0.03377110694183865,533,2026-02-15T00:00:00Z,daec211cfe940ff0b8c175d9b16010e7
MIA,2025,offense_late_down_epa,-0.16051848082319423,215,2026-02-15T00:00:00Z,daec211cfe940ff0b8c175d9b16010e7
MIA,2025,offense_pace_plays_per_game,55.411764705882355,942,2026-02-15T00:00:00Z,daec211cfe940ff0b8c175d9b16010e7
MIA,2025,offense_pass_epa,-0.00849623237667463,533,2026-02-15T00:00:00Z,daec211cfe940ff0b8c175d9b16010e7
MIA,2025,offense_red_zone_epa,0.03535563029030159,143,2026-02-15T00:00:00Z,daec211cfe940ff0b8c175d9b16010e7
MIA,2025,offense_rush_epa,-0.02602135984231872,424,2026-02-15T00:00:00Z,daec211cfe940ff0b8c175d9b16010e7
MIA,2025,offense_sack_rate,0.07129455909943715,533,2026-02-15T00:00:00Z,daec211cfe940ff0b8c175d9b16010e7
MIA,2025,offense_success_rate,0.41932059447983017,942,2026-02-15T00:00:00Z,daec211cfe940ff0b8c175d9b16010e7
MIA,2025,special_teams_epa_per_play,0.15827340447776034,185,2026-02-15T00:00:00Z,daec211cfe940ff0b8c175d9b16010e7
MIN,2020,defense_allowed_epa_per_play,0.09808697115010336,1021,2021-02-15T00:00:00Z,daec211cfe940ff0b8c175d9b16010e7
MIN,2020,defense_allowed_success_rate,0.5004897159647405,1021,2021-02-15T00:00:00Z,daec211cfe940ff0b8c175d9b16010e7
MIN,2020,offense_early_down_epa,0.09490521100018434,810,2021-02-15T00:00:00Z,daec211cfe940ff0b8c175d9b16010e7
MIN,2020,offense_epa_per_play,0.09481840711308279,1024,2021-02-15T00:00:00Z,daec211cfe940ff0b8c175d9b16010e7
MIN,2020,offense_explosive_rate,0.21484375,1024,2021-02-15T00:00:00Z,daec211cfe940ff0b8c175d9b16010e7
MIN,2020,offense_fumble_lost_rate,0.0087890625,1024,2021-02-15T00:00:00Z,daec211cfe940ff0b8c175d9b16010e7
MIN,2020,offense_int_rate,0.022569444444444444,576,2021-02-15T00:00:00Z,daec211cfe940ff0b8c175d9b16010e7
MIN,2020,offense_late_down_epa,0.08195974371254906,203,2021-02-15T00:00:00Z,daec211cfe940ff0b8c175d9b16010e7
MIN,2020,offense_pace_plays_per_game,64.0,1024,2021-02-15T00:00:00Z,daec211cfe940ff0b8c175d9b16010e7
MIN,2020,offense_pass_epa,0.16101456195236466,576,2021-02-15T00:00:00Z,daec211cfe940ff0b8c175d9b16010e7
MIN,2020,offense_red_zone_epa,0.2512177883013827,190,2021-02-15T00:00:00Z,daec211cfe940ff0b8c175d9b16010e7
MIN,2020,offense_rush_epa,0.03107740348024381,465,2021-02-15T00:00:00Z,daec211cfe940ff0b8c175d9b16010e7
MIN,2020,offense_sack_rate,0.06770833333333333,576,2021-02-15T00:00:00Z,daec211cfe940ff0b8c175d9b16010e7
MIN,2020,offense_success_rate,0.4921875,1024,2021-02-15T00:00:00Z,daec211cfe940ff0b8c175d9b16010e7
MIN,2020,special_teams_epa_per_play,-0.12019829913247575,205,2021-02-15T00:00:00Z,daec211cfe940ff0b8c175d9b16010e7
MIN,2021,defense_allowed_epa_per_play,-0.01830745655534504,1147,2022-02-15T00:00:00Z,daec211cfe940ff0b8c175d9b16010e7
MIN,2021,defense_allowed_success_rate,0.45074106364428945,1147,2022-02-15T00:00:00Z,daec211cfe940ff0b8c175d9b16010e7
MIN,2021,offense_early_down_epa,0.015567120305498894,820,2022-02-15T00:00:00Z,daec211cfe940ff0b8c175d9b16010e7
MIN,2021,offense_epa_per_play,0.017108392325462664,1076,2022-02-15T00:00:00Z,daec211cfe940ff0b8c175d9b16010e7
MIN,2021,offense_explosive_rate,0.17565055762081785,1076,2022-02-15T00:00:00Z,daec211cfe940ff0b8c175d9b16010e7
MIN,2021,offense_fumble_lost_rate,0.0055762081784386614,1076,2022-02-15T00:00:00Z,daec211cfe940ff0b8c175d9b16010e7
MIN,2021,offense_int_rate,0.010802469135802469,648,2022-02-15T00:00:00Z,daec211cfe940ff0b8c175d9b16010e7
MIN,2021,offense_late_down_epa,0.04125538751682222,249,2022-02-15T00:00:00Z,daec211cfe940ff0b8c175d9b16010e7
MIN,2021,offense_pace_plays_per_game,63.294117647058826,1076,2022-02-15T00:00:00Z,daec211cfe940ff0b8c175d9b16010e7
MIN,2021,offense_pass_epa,0.08465430106218264,648,2022-02-15T00:00:00Z,daec211cfe940ff0b8c175d9b16010e7
MIN,2021,offense_red_zone_epa,0.061038450979975026,176,2022-02-15T00:00:00Z,daec211cfe940ff0b8c175d9b16010e7
MIN,2021,offense_rush_epa,-0.07430212982181042,444,2022-02-15T00:00:00Z,daec211cfe940ff0b8c175d9b16010e7
MIN,2021,offense_sack_rate,0.046296296296296294,648,2022-02-15T00:00:00Z,daec211cfe940ff0b8c175d9b16010e7
MIN,2021,offense_success_rate,0.4144981412639405,1076,2022-02-15T00:00:00Z,daec211cfe940ff0b8c175d9b16010e7
MIN,2021,special_teams_epa_per_play,-0.0782607528705592,212,2022-02-15T00:00:00Z,daec211cfe940ff0b8c175d9b16010e7
MIN,2022,defense_allowed_epa_per_play,0.03149537656044894,1177,2023-02-15T00:00:00Z,daec211cfe940ff0b8c175d9b16010e7
MIN,2022,defense_allowed_success_rate,0.4562446898895497,1177,2023-02-15T00:00:00Z,daec211cfe940ff0b8c175d9b16010e7
MIN,2022,offense_early_down_epa,0.005576329804477833,909,2023-02-15T00:00:00Z,daec211cfe940ff0b8c175d9b16010e7
MIN,2022,offense_epa_per_play,-0.0019774391038589077,1170,2023-02-15T00:00:00Z,daec211cfe940ff0b8c175d9b16010e7
MIN,2022,offense_explosive_rate,0.18461538461538463,1170,2023-02-15T00:00:00Z,daec211cfe940ff0b8c175d9b16010e7
MIN,2022,offense_fumble_lost_rate,0.006837606837606838,1170,2023-02-15T00:00:00Z,daec211cfe940ff0b8c175d9b16010e7
MIN,2022,offense_int_rate,0.01937984496124031,774,2023-02-15T00:00:00Z,daec211cfe940ff0b8c175d9b16010e7
MIN,2022,offense_late_down_epa,-0.037332636357141076,257,2023-02-15T00:00:00Z,daec211cfe940ff0b8c175d9b16010e7
MIN,2022,offense_pace_plays_per_game,65.0,1170,2023-02-15T00:00:00Z,daec211cfe940ff0b8c175d9b16010e7
MIN,2022,offense_pass_epa,0.0607399565576762,774,2023-02-15T00:00:00Z,daec211cfe940ff0b8c175d9b16010e7
MIN,2022,offense_red_zone_epa,0.07152846410340838,202,2023-02-15T00:00:00Z,daec211cfe940ff0b8c175d9b16010e7
MIN,2022,offense_rush_epa,-0.09865624833283364,410,2023-02-15T00:00:00Z,daec211cfe940ff0b8c175d9b16010e7
MIN,2022,offense_sack_rate,0.060723514211886306,774,2023-02-15T00:00:00Z,daec211cfe940ff0b8c175d9b16010e7
MIN,2022,offense_success_rate,0.452991452991453,1170,2023-02-15T00:00:00Z,daec211cfe940ff0b8c175d9b16010e7
MIN,2022,special_teams_epa_per_play,-0.04027047399281075,231,2023-02-15T00:00:00Z,daec211cfe940ff0b8c175d9b16010e7
MIN,2023,defense_allowed_epa_per_play,-0.017978011585857625,1079,2024-02-15T00:00:00Z,daec211cfe940ff0b8c175d9b16010e7
MIN,2023,defense_allowed_success_rate,0.4318813716404078,1079,2024-02-15T00:00:00Z,daec211cfe940ff0b8c175d9b16010e7
MIN,2023,offense_early_down_epa,-0.055851889376438986,811,2024-02-15T00:00:00Z,daec211cfe940ff0b8c175d9b16010e7
MIN,2023,offense_epa_per_play,-0.040616485486435275,1063,2024-02-15T00:00:00Z,daec211cfe940ff0b8c175d9b16010e7
MIN,2023,offense_explosive_rate,0.20037629350893696,1063,2024-02-15T00:00:00Z,daec211cfe940ff0b8c175d9b16010e7
MIN,2023,offense_fumble_lost_rate,0.01317027281279398,1063,2024-02-15T00:00:00Z,daec211cfe940ff0b8c175d9b16010e7
MIN,2023,offense_int_rate,0.02679830747531735,709,2024-02-15T00:00:00Z,daec211cfe940ff0b8c175d9b16010e7
MIN,2023,offense_late_down_epa,0.004253219968969405,251,2024-02-15T00:00:00Z,daec211cfe940ff0b8c175d9b16010e7
MIN,2023,offense_pace_plays_per_game,62.529411764705884,1063,2024-02-15T00:00:00Z,daec211cfe940ff0b8c175d9b16010e7
MIN,2023,offense_pass_epa,0.0023049999142389197,709,2024-02-15T00:00:00Z,daec211cfe940ff0b8c175d9b16010e7
MIN,2023,offense_red_zone_epa,-0.2238506091594239,148,2024-02-15T00:00:00Z,daec211cfe940ff0b8c175d9b16010e7
MIN,2023,offense_rush_epa,-0.07322802748224155,387,2024-02-15T00:00:00Z,daec211cfe940ff0b8c175d9b16010e7
MIN,2023,offense_sack_rate,0.06629055007052186,709,2024-02-15T00:00:00Z,daec211cfe940ff0b8c175d9b16010e7
MIN,2023,offense_success_rate,0.4242709313264346,1063,2024-02-15T00:00:00Z,daec211cfe940ff0b8c175d9b16010e7
MIN,2023,special_teams_epa_per_play,-0.0805927854705087,178,2024-02-15T00:00:00Z,daec211cfe940ff0b8c175d9b16010e7
MIN,2024,defense_allowed_epa_per_play,-0.08070380856446498,1123,2025-02-15T00:00:00Z,daec211cfe940ff0b8c175d9b16010e7
MIN,2024,defense_allowed_success_rate,0.41763134461264473,1123,2025-02-15T00:00:00Z,daec211cfe940ff0b8c175d9b16010e7
MIN,2024,offense_early_down_epa,0.01629721954978349,865,2025-02-15T00:00:00Z,daec211cfe940ff0b8c175d9b16010e7
MIN,2024,offense_epa_per_play,-0.009885572052962553,1100,2025-02-15T00:00:00Z,daec211cfe940ff0b8c175d9b16010e7
MIN,2024,offense_explosive_rate,0.20454545454545456,1100,2025-02-15T00:00:00Z,daec211cfe940ff0b8c175d9b16010e7
MIN,2024,offense_fumble_lost_rate,0.008181818181818182,1100,2025-02-15T00:00:00Z,daec211cfe940ff0b8c175d9b16010e7
MIN,2024,offense_int_rate,0.019202363367799114,677,2025-02-15T00:00:00Z,daec211cfe940ff0b8c175d9b16010e7
MIN,2024,offense_late_down_epa,-0.0990438805528821,233,2025-02-15T00:00:00Z,daec211cfe940ff0b8c175d9b16010e7
MIN,2024,offense_pace_plays_per_game,61.111111111111114,1100,2025-02-15T00:00:00Z,daec211cfe940ff0b8c175d9b16010e7
MIN,2024,offense_pass_epa,0.04730888120815264,677,2025-02-15T00:00:00Z,daec211cfe940ff0b8c175d9b16010e7
MIN,2024,offense_red_zone_epa,-0.16381110422170989,173,2025-02-15T00:00:00Z,daec211cfe940ff0b8c175d9b16010e7
MIN,2024,offense_rush_epa,-0.054384194346666484,453,2025-02-15T00:00:00Z,daec211cfe940ff0b8c175d9b16010e7
MIN,2024,offense_sack_rate,0.08567208271787297,677,2025-02-15T00:00:00Z,daec211cfe940ff0b8c175d9b16010e7
MIN,2024,offense_success_rate,0.45181818181818184,1100,2025-02-15T00:00:00Z,daec211cfe940ff0b8c175d9b16010e7
MIN,2024,special_teams_epa_per_play,0.06444327751739223,186,2025-02-15T00:00:00Z,daec211cfe940ff0b8c175d9b16010e7
MIN,2025,defense_allowed_epa_per_play,-0.09945873087103548,1017,2026-02-15T00:00:00Z,daec211cfe940ff0b8c175d9b16010e7
MIN,2025,defense_allowed_success_rate,0.41002949852507375,1017,2026-02-15T00:00:00Z,daec211cfe940ff0b8c175d9b16010e7
MIN,2025,offense_early_down_epa,-0.053839568243765644,723,2026-02-15T00:00:00Z,daec211cfe940ff0b8c175d9b16010e7
MIN,2025,offense_epa_per_play,-0.11549918342923032,943,2026-02-15T00:00:00Z,daec211cfe940ff0b8c175d9b16010e7
MIN,2025,offense_explosive_rate,0.17497348886532343,943,2026-02-15T00:00:00Z,daec211cfe940ff0b8c175d9b16010e7
MIN,2025,offense_fumble_lost_rate,0.007423117709437964,943,2026-02-15T00:00:00Z,daec211cfe940ff0b8c175d9b16010e7
MIN,2025,offense_int_rate,0.036521739130434785,575,2026-02-15T00:00:00Z,daec211cfe940ff0b8c175d9b16010e7
MIN,2025,offense_late_down_epa,-0.3250079728403779,216,2026-02-15T00:00:00Z,daec211cfe940ff0b8c175d9b16010e7
MIN,2025,offense_pace_plays_per_game,55.470588235294116,943,2026-02-15T00:00:00Z,daec211cfe940ff0b8c175d9b16010e7
MIN,2025,offense_pass_epa,-0.15456979045024644,575,2026-02-15T00:00:00Z,daec211cfe940ff0b8c175d9b16010e7
MIN,2025,offense_red_zone_epa,-0.08340919744078396,150,2026-02-15T00:00:00Z,daec211cfe940ff0b8c175d9b16010e7
MIN,2025,offense_rush_epa,-0.014919550904399535,396,2026-02-15T00:00:00Z,daec211cfe940ff0b8c175d9b16010e7
MIN,2025,offense_sack_rate,0.10434782608695652,575,2026-02-15T00:00:00Z,daec211cfe940ff0b8c175d9b16010e7
MIN,2025,offense_success_rate,0.42629904559915166,943,2026-02-15T00:00:00Z,daec211cfe940ff0b8c175d9b16010e7
MIN,2025,special_teams_epa_per_play,0.00867253659684903,179,2026-02-15T00:00:00Z,daec211cfe940ff0b8c175d9b16010e7
NE,2020,defense_allowed_epa_per_play,0.07141690557883623,967,2021-02-15T00:00:00Z,daec211cfe940ff0b8c175d9b16010e7
NE,2020,defense_allowed_success_rate,0.4870734229576008,967,2021-02-15T00:00:00Z,daec211cfe940ff0b8c175d9b16010e7
NE,2020,offense_early_down_epa,0.03706766873117165,763,2021-02-15T00:00:00Z,daec211cfe940ff0b8c175d9b16010e7
NE,2020,offense_epa_per_play,-0.004340169968349348,968,2021-02-15T00:00:00Z,daec211cfe940ff0b8c175d9b16010e7
NE,2020,offense_explosive_rate,0.1756198347107438,968,2021-02-15T00:00:00Z,daec211cfe940ff0b8c175d9b16010e7
NE,2020,offense_fumble_lost_rate,0.005165289256198347,968,2021-02-15T00:00:00Z,daec211cfe940ff0b8c175d9b16010e7
NE,2020,offense_int_rate,0.028056112224448898,499,2021-02-15T00:00:00Z,daec211cfe940ff0b8c175d9b16010e7
NE,2020,offense_late_down_epa,-0.15664809787745612,202,2021-02-15T00:00:00Z,daec211cfe940ff0b8c175d9b16010e7
NE,2020,offense_pace_plays_per_game,60.5,968,2021-02-15T00:00:00Z,daec211cfe940ff0b8c175d9b16010e7
NE,2020,offense_pass_epa,-0.060114246104604904,499,2021-02-15T00:00:00Z,daec211cfe940ff0b8c175d9b16010e7
NE,2020,offense_red_zone_epa,-0.13318351636754583,146,2021-02-15T00:00:00Z,daec211cfe940ff0b8c175d9b16010e7
NE,2020,offense_rush_epa,0.0761404014439194,492,2021-02-15T00:00:00Z,daec211cfe940ff0b8c175d9b16010e7
NE,2020,offense_sack_rate,0.07414829659318638,499,2021-02-15T00:00:00Z,daec211cfe940ff0b8c175d9b16010e7
NE,2020,offense_success_rate,0.4607438016528926,968,2021-02-15T00:00:00Z,daec211cfe940ff0b8c175d9b16010e7
NE,2020,special_teams_epa_per_play,0.01924265709246739,167,2021-02-15T00:00:00Z,daec211cfe940ff0b8c175d9b16010e7
NE,2021,defense_allowed_epa_per_play,-0.026519656402724,1077,2022-02-15T00:00:00Z,daec211cfe940ff0b8c175d9b16010e7
NE,2021,defense_allowed_success_rate,0.4382544103992572,1077,2022-02-15T00:00:00Z,daec211cfe940ff0b8c175d9b16010e7
NE,2021,offense_early_down_epa,0.038742451345827,854,2022-02-15T00:00:00Z,daec211cfe940ff0b8c175d9b16010e7
NE,2021,offense_epa_per_play,0.06863871390780983,1097,2022-02-15T00:00:00Z,daec211cfe940ff0b8c175d9b16010e7
NE,2021,offense_explosive_rate,0.19325432999088424,1097,2022-02-15T00:00:00Z,daec211cfe940ff0b8c175d9b16010e7
NE,2021,offense_fumble_lost_rate,0.008204193254329991,1097,2022-02-15T00:00:00Z,daec211cfe940ff0b8c175d9b16010e7
NE,2021,offense_int_rate,0.024154589371980676,621,2022-02-15T00:00:00Z,daec211cfe940ff0b8c175d9b16010e7
NE,2021,offense_late_down_epa,0.16735822471770342,239,2022-02-15T00:00:00Z,daec211cfe940ff0b8c175d9b16010e7
NE,2021,offense_pace_plays_per_game,60.94444444444444,1097,2022-02-15T00:00:00Z,daec211cfe940ff0b8c175d9b16010e7
NE,2021,offense_pass_epa,0.1100798973829422,621,2022-02-15T00:00:00Z,daec211cfe940ff0b8c175d9b16010e7
NE,2021,offense_red_zone_epa,0.13250613111677417,191,2022-02-15T00:00:00Z,daec211cfe940ff0b8c175d9b16010e7
NE,2021,offense_rush_epa,0.031094423802371197,493,2022-02-15T00:00:00Z,daec211cfe940ff0b8c175d9b16010e7
NE,2021,offense_sack_rate,0.0499194847020934,621,2022-02-15T00:00:00Z,daec211cfe940ff0b8c175d9b16010e7
NE,2021,offense_success_rate,0.4785779398359161,1097,2022-02-15T00:00:00Z,daec211cfe940ff0b8c175d9b16010e7
NE,2021,special_teams_epa_per_play,-0.12115458618109562,184,2022-02-15T00:00:00Z,daec211cfe940ff0b8c175d9b16010e7
NE,2022,defense_allowed_epa_per_play,-0.0892649388571559,1078,2023-02-15T00:00:00Z,daec211cfe940ff0b8c175d9b16010e7
NE,2022,defense_allowed_success_rate,0.4165120593692022,1078,2023-02-15T00:00:00Z,daec211cfe940ff0b8c175d9b16010e7
NE,2022,offense_early_down_epa,-0.02371060016799435,759,2023-02-15T00:00:00Z,daec211cfe940ff0b8c175d9b16010e7
NE,2022,offense_epa_per_play,-0.05398588188860392,986,2023-02-15T00:00:00Z,daec211cfe940ff0b8c175d9b16010e7
NE,2022,offense_explosive_rate,0.17342799188640973,986,2023-02-15T00:00:00Z,daec211cfe940ff0b8c175d9b16010e7
NE,2022,offense_fumble_lost_rate,0.009127789046653144,986,2023-02-15T00:00:00Z,daec211cfe940ff0b8c175d9b16010e7
NE,2022,offense_int_rate,0.023178807947019868,604,2023-02-15T00:00:00Z,daec211cfe940ff0b8c175d9b16010e7
NE,2022,offense_late_down_epa,-0.14998087002087782,223,2023-02-15T00:00:00Z,daec211cfe940ff0b8c175d9b16010e7
NE,2022,offense_pace_plays_per_game,58.0,986,2023-02-15T00:00:00Z,daec211cfe940ff0b8c175d9b16010e7
NE,2022,offense_pass_epa,-0.04785450878654595,604,2023-02-15T00:00:00Z,daec211cfe940ff0b8c175d9b16010e7
NE,2022,offense_red_zone_epa,-0.12459002164437451,125,2023-02-15T00:00:00Z,daec211cfe940ff0b8c175d9b16010e7
NE,2022,offense_rush_epa,-0.0408417248623258,403,2023-02-15T00:00:00Z,daec211cfe940ff0b8c175d9b16010e7
NE,2022,offense_sack_rate,0.06788079470198675,604,2023-02-15T00:00:00Z,daec211cfe940ff0b8c175d9b16010e7
NE,2022,offense_success_rate,0.40872210953346855,986,2023-02-15T00:00:00Z,daec211cfe940ff0b8c175d9b16010e7
NE,2022,special_teams_epa_per_play,-0.10265649702833855,193,2023-02-15T00:00:00Z,daec211cfe940ff0b8c175d9b16010e7
NE,2023,defense_allowed_epa_per_play,-0.05496726858097121,1067,2024-02-15T00:00:00Z,daec211cfe940ff0b8c175d9b16010e7
NE,2023,defense_allowed_success_rate,0.4095595126522962,1067,2024-02-15T00:00:00Z,daec211cfe940ff0b8c175d9b16010e7
NE,2023,offense_early_down_epa,-0.0967659500907245,767,2024-02-15T00:00:00Z,daec211cfe940ff0b8c175d9b16010e7
NE,2023,offense_epa_per_play,-0.19069146568537332,1016,2024-02-15T00:00:00Z,daec211cfe940ff0b8c175d9b16010e7
NE,2023,offense_explosive_rate,0.1437007874015748,1016,2024-02-15T00:00:00Z,daec211cfe940ff0b8c175d9b16010e7
NE,2023,offense_fumble_lost_rate,0.008858267716535433,1016,2024-02-15T00:00:00Z,daec211cfe940ff0b8c175d9b16010e7
NE,2023,offense_int_rate,0.03349282296650718,627,2024-02-15T00:00:00Z,daec211cfe940ff0b8c175d9b16010e7
NE,2023,offense_late_down_epa,-0.47623095310426555,247,2024-02-15T00:00:00Z,daec211cfe940ff0b8c175d9b16010e7
NE,2023,offense_pace_plays_per_game,59.76470588235294,1016,2024-02-15T00:00:00Z,daec211cfe940ff0b8c175d9b16010e7
NE,2023,offense_pass_epa,-0.23409245724758326,627,2024-02-15T00:00:00Z,daec211cfe940ff0b8c175d9b16010e7
NE,2023,offense_red_zone_epa,0.18206390940013073,90,2024-02-15T00:00:00Z,daec211cfe940ff0b8c175d9b16010e7
NE,2023,offense_rush_epa,-0.09139720886659475,411,2024-02-15T00:00:00Z,daec211cfe940ff0b8c175d9b16010e7
NE,2023,offense_sack_rate,0.07655502392344497,627,2024-02-15T00:00:00Z,daec211cfe940ff0b8c175d9b16010e7
NE,2023,offense_success_rate,0.3887795275590551,1016,2024-02-15T00:00:00Z,daec211cfe940ff0b8c175d9b16010e7
NE,2023,special_teams_epa_per_play,-0.08248308189281775,210,2024-02-15T00:00:00Z,daec211cfe940ff0b8c175d9b16010e7
NE,2024,defense_allowed_epa_per_play,0.06965898483531366,1060,2025-02-15T00:00:00Z,daec211cfe940ff0b8c175d9b16010e7
NE,2024,defense_allowed_success_rate,0.4547169811320755,1060,2025-02-15T00:00:00Z,daec211cfe940ff0b8c175d9b16010e7
NE,2024,offense_early_down_epa,-0.06287428287655526,779,2025-02-15T00:00:00Z,daec211cfe940ff0b8c175d9b16010e7
NE,2024,offense_epa_per_play,-0.08321197818674078,1021,2025-02-15T00:00:00Z,daec211cfe940ff0b8c175d9b16010e7
NE,2024,offense_explosive_rate,0.17042115572967678,1021,2025-02-15T00:00:00Z,daec211cfe940ff0b8c175d9b16010e7
NE,2024,offense_fumble_lost_rate,0.011753183153770812,1021,2025-02-15T00:00:00Z,daec211cfe940ff0b8c175d9b16010e7
NE,2024,offense_int_rate,0.017214397496087636,639,2025-02-15T00:00:00Z,daec211cfe940ff0b8c175d9b16010e7
NE,2024,offense_late_down_epa,-0.16047211499086456,238,2025-02-15T00:00:00Z,daec211cfe940ff0b8c175d9b16010e7
NE,2024,offense_pace_plays_per_game,60.05882352941177,1021,2025-02-15T00:00:00Z,daec211cfe940ff0b8c175d9b16010e7
NE,2024,offense_pass_epa,-0.02654976981623916,639,2025-02-15T00:00:00Z,daec211cfe940ff0b8c175d9b16010e7
NE,2024,offense_red_zone_epa,-0.1298337593013024,153,2025-02-15T00:00:00Z,daec211cfe940ff0b8c175d9b16010e7
NE,2024,offense_rush_epa,-0.061562124069188914,438,2025-02-15T00:00:00Z,daec211cfe940ff0b8c175d9b16010e7
NE,2024,offense_sack_rate,0.081377151799687,639,2025-02-15T00:00:00Z,daec211cfe940ff0b8c175d9b16010e7
NE,2024,offense_success_rate,0.4240940254652302,1021,2025-02-15T00:00:00Z,daec211cfe940ff0b8c175d9b16010e7
NE,2024,special_teams_epa_per_play,0.11573580895051333,189,2025-02-15T00:00:00Z,daec211cfe940ff0b8c175d9b16010e7
NE,2025,defense_allowed_epa_per_play,-0.09092343052870346,1226,2026-02-15T00:00:00Z,daec211cfe940ff0b8c175d9b16010e7
NE,2025,defense_allowed_success_rate,0.42414355628058725,1226,2026-02-15T00:00:00Z,daec211cfe940ff0b8c175d9b16010e7
NE,2025,offense_early_down_epa,0.07014724516891108,984,2026-02-15T00:00:00Z,daec211cfe940ff0b8c175d9b16010e7
NE,2025,offense_epa_per_play,0.08956608586818923,1267,2026-02-15T00:00:00Z,daec211cfe940ff0b8c175d9b16010e7
NE,2025,offense_explosive_rate,0.21468034727703236,1267,2026-02-15T00:00:00Z,daec211cfe940ff0b8c175d9b16010e7
NE,2025,offense_fumble_lost_rate,0.009471191791633781,1267,2026-02-15T00:00:00Z,daec211cfe940ff0b8c175d9b16010e7
NE,2025,offense_int_rate,0.015604681404421327,769,2026-02-15T00:00:00Z,daec211cfe940ff0b8c175d9b16010e7
NE,2025,offense_late_down_epa,0.15462979124566884,280,2026-02-15T00:00:00Z,daec211cfe940ff0b8c175d9b16010e7
NE,2025,offense_pace_plays_per_game,60.333333333333336,1267,2026-02-15T00:00:00Z,daec211cfe940ff0b8c175d9b16010e7
NE,2025,offense_pass_epa,0.20647538295614798,769,2026-02-15T00:00:00Z,daec211cfe940ff0b8c175d9b16010e7
NE,2025,offense_red_zone_epa,0.0013812892217191079,193,2026-02-15T00:00:00Z,daec211cfe940ff0b8c175d9b16010e7
NE,2025,offense_rush_epa,-0.0027830266247625374,574,2026-02-15T00:00:00Z,daec211cfe940ff0b8c175d9b16010e7
NE,2025,offense_sack_rate,0.08972691807542263,769,2026-02-15T00:00:00Z,daec211cfe940ff0b8c175d9b16010e7
NE,2025,offense_success_rate,0.4617205998421468,1267,2026-02-15T00:00:00Z,daec211cfe940ff0b8c175d9b16010e7
NE,2025,special_teams_epa_per_play,0.07409029736945517,231,2026-02-15T00:00:00Z,daec211cfe940ff0b8c175d9b16010e7
NO,2020,defense_allowed_epa_per_play,-0.08066040911134395,1101,2021-02-15T00:00:00Z,daec211cfe940ff0b8c175d9b16010e7
NO,2020,defense_allowed_success_rate,0.41326067211625794,1101,2021-02-15T00:00:00Z,daec211cfe940ff0b8c175d9b16010e7
NO,2020,offense_early_down_epa,0.04898991586243365,911,2021-02-15T00:00:00Z,daec211cfe940ff0b8c175d9b16010e7
NO,2020,offense_epa_per_play,0.0651002663841358,1160,2021-02-15T00:00:00Z,daec211cfe940ff0b8c175d9b16010e7
NO,2020,offense_explosive_rate,0.19482758620689655,1160,2021-02-15T00:00:00Z,daec211cfe940ff0b8c175d9b16010e7
NO,2020,offense_fumble_lost_rate,0.008620689655172414,1160,2021-02-15T00:00:00Z,daec211cfe940ff0b8c175d9b16010e7
NO,2020,offense_int_rate,0.017054263565891473,645,2021-02-15T00:00:00Z,daec211cfe940ff0b8c175d9b16010e7
NO,2020,offense_late_down_epa,0.1283608695762922,248,2021-02-15T00:00:00Z,daec211cfe940ff0b8c175d9b16010e7
NO,2020,offense_pace_plays_per_game,64.44444444444444,1160,2021-02-15T00:00:00Z,daec211cfe940ff0b8c175d9b16010e7
NO,2020,offense_pass_epa,0.09314560209159853,645,2021-02-15T00:00:00Z,daec211cfe940ff0b8c175d9b16010e7
NO,2020,offense_red_zone_epa,0.2862286186049779,222,2021-02-15T00:00:00Z,daec211cfe940ff0b8c175d9b16010e7
NO,2020,offense_rush_epa,0.04017501524845099,535,2021-02-15T00:00:00Z,daec211cfe940ff0b8c175d9b16010e7
NO,2020,offense_sack_rate,0.046511627906976744,645,2021-02-15T00:00:00Z,daec211cfe940ff0b8c175d9b16010e7
NO,2020,offense_success_rate,0.4732758620689655,1160,2021-02-15T00:00:00Z,daec211cfe940ff0b8c175d9b16010e7
NO,2020,special_teams_epa_per_play,-0.016947961192120085,218,2021-02-15T00:00:00Z,daec211cfe940ff0b8c175d9b16010e7
NO,2021,defense_allowed_epa_per_play,-0.10918277288094465,1057,2022-02-15T00:00:00Z,daec211cfe940ff0b8c175d9b16010e7
NO,2021,defense_allowed_success_rate,0.39072847682119205,1057,2022-02-15T00:00:00Z,daec211cfe940ff0b8c175d9b16010e7
NO,2021,offense_early_down_epa,-0.06618517625380642,795,2022-02-15T00:00:00Z,daec211cfe940ff0b8c175d9b16010e7
NO,2021,offense_epa_per_play,-0.07396922818579658,1040,2022-02-15T00:00:00Z,daec211cfe940ff0b8c175d9b16010e7
NO,2021,offense_explosive_rate,0.17115384615384616,1040,2022-02-15T00:00:00Z,daec211cfe940ff0b8c175d9b16010e7
NO,2021,offense_fumble_lost_rate,0.0038461538461538464,1040,2022-02-15T00:00:00Z,daec211cfe940ff0b8c175d9b16010e7
NO,2021,offense_int_rate,0.022375215146299483,581,2022-02-15T00:00:00Z,daec211cfe940ff0b8c175d9b16010e7
NO,2021,offense_late_down_epa,-0.0815657591310515,240,2022-02-15T00:00:00Z,daec211cfe940ff0b8c175d9b16010e7
NO,2021,offense_pace_plays_per_game,61.1764705882353,1040,2022-02-15T00:00:00Z,daec211cfe940ff0b8c175d9b16010e7
NO,2021,offense_pass_epa,-0.024038225945846505,581,2022-02-15T00:00:00Z,daec211cfe940ff0b8c175d9b16010e7
NO,2021,offense_red_zone_epa,0.19089434355514293,156,2022-02-15T00:00:00Z,daec211cfe940ff0b8c175d9b16010e7
NO,2021,offense_rush_epa,-0.07849852736716371,497,2022-02-15T00:00:00Z,daec211cfe940ff0b8c175d9b16010e7
NO,2021,offense_sack_rate,0.06368330464716007,581,2022-02-15T00:00:00Z,daec211cfe940ff0b8c175d9b16010e7
NO,2021,offense_success_rate,0.40576923076923077,1040,2022-02-15T00:00:00Z,daec211cfe940ff0b8c175d9b16010e7
NO,2021,special_teams_epa_per_play,-0.12556131103432022,199,2022-02-15T00:00:00Z,daec211cfe940ff0b8c175d9b16010e7
NO,2022,defense_allowed_epa_per_play,-0.055954852110060356,1070,2023-02-15T00:00:00Z,daec211cfe940ff0b8c175d9b16010e7
NO,2022,defense_allowed_success_rate,0.4130841121495327,1070,2023-02-15T00:00:00Z,daec211cfe940ff0b8c175d9b16010e7
NO,2022,offense_early_down_epa,-0.016591992092983267,773,2023-02-15T00:00:00Z,daec211cfe940ff0b8c175d9b16010e7
NO,2022,offense_epa_per_play,-0.03797736635590889,1005,2023-02-15T00:00:00Z,daec211cfe940ff0b8c175d9b16010e7
NO,2022,offense_explosive_rate,0.16318407960199005,1005,2023-02-15T00:00:00Z,daec211cfe940ff0b8c175d9b16010e7
NO,2022,offense_fumble_lost_rate,0.009950248756218905,1005,2023-02-15T00:00:00Z,daec211cfe940ff0b8c175d9b16010e7
NO,2022,offense_int_rate,0.024822695035460994,564,2023-02-15T00:00:00Z,daec211cfe940ff0b8c175d9b16010e7
NO,2022,offense_late_down_epa,-0.12084931271847531,228,2023-02-15T00:00:00Z,daec211cfe940ff0b8c175d9b16010e7
NO,2022,offense_pace_plays_per_game,59.11764705882353,1005,2023-02-15T00:00:00Z,daec211cfe940ff0b8c175d9b16010e7
NO,2022,offense_pass_epa,0.011596166468026418,564,2023-02-15T00:00:00Z,daec211cfe940ff0b8c175d9b16010e7
NO,2022,offense_red_zone_epa,-0.0697831715503431,135,2023-02-15T00:00:00Z,daec211cfe940ff0b8c175d9b16010e7
NO,2022,offense_rush_epa,-0.1005089821526858,455,2023-02-15T00:00:00Z,daec211cfe940ff0b8c175d9b16010e7
NO,2022,offense_sack_rate,0.0673758865248227,564,2023-02-15T00:00:00Z,daec211cfe940ff0b8c175d9b16010e7
NO,2022,offense_success_rate,0.45671641791044776,1005,2023-02-15T00:00:00Z,daec211cfe940ff0b8c175d9b16010e7
NO,2022,special_teams_epa_per_play,-0.04825178748544493,192,2023-02-15T00:00:00Z,daec211cfe940ff0b8c175d9b16010e7
NO,2023,defense_allowed_epa_per_play,-0.0998792946288212,1042,2024-02-15T00:00:00Z,daec211cfe940ff0b8c175d9b16010e7
NO,2023,defense_allowed_success_rate,0.3896353166986564,1042,2024-02-15T00:00:00Z,daec211cfe940ff0b8c175d9b16010e7
NO,2023,offense_early_down_epa,0.026717782306618906,846,2024-02-15T00:00:00Z,daec211cfe940ff0b8c175d9b16010e7
NO,2023,offense_epa_per_play,-0.01363339668159803,1102,2024-02-15T00:00:00Z,daec211cfe940ff0b8c175d9b16010e7
NO,2023,offense_explosive_rate,0.1823956442831216,1102,2024-02-15T00:00:00Z,daec211cfe940ff0b8c175d9b16010e7
NO,2023,offense_fumble_lost_rate,0.004537205081669692,1102,2024-02-15T00:00:00Z,daec211cfe940ff0b8c175d9b16010e7
NO,2023,offense_int_rate,0.016793893129770993,655,2024-02-15T00:00:00Z,daec211cfe940ff0b8c175d9b16010e7
NO,2023,offense_late_down_epa,-0.16602875783539933,252,2024-02-15T00:00:00Z,daec211cfe940ff0b8c175d9b16010e7
NO,2023,offense_pace_plays_per_game,64.82352941176471,1102,2024-02-15T00:00:00Z,daec211cfe940ff0b8c175d9b16010e7
NO,2023,offense_pass_epa,0.03707493254096357,655,2024-02-15T00:00:00Z,daec211cfe940ff0b8c175d9b16010e7
NO,2023,offense_red_zone_epa,0.007566017954024663,176,2024-02-15T00:00:00Z,daec211cfe940ff0b8c175d9b16010e7
NO,2023,offense_rush_epa,-0.0756393197528149,459,2024-02-15T00:00:00Z,daec211cfe940ff0b8c175d9b16010e7
NO,2023,offense_sack_rate,0.05343511450381679,655,2024-02-15T00:00:00Z,daec211cfe940ff0b8c175d9b16010e7
NO,2023,offense_success_rate,0.42105263157894735,1102,2024-02-15T00:00:00Z,daec211cfe940ff0b8c175d9b16010e7
NO,2023,special_teams_epa_per_play,-0.10089699121100307,194,2024-02-15T00:00:00Z,daec211cfe940ff0b8c175d9b16010e7
NO,2024,defense_allowed_epa_per_play,0.04385071931194375,1104,2025-02-15T00:00:00Z,daec211cfe940ff0b8c175d9b16010e7
NO,2024,defense_allowed_success_rate,0.4492753623188406,1104,2025-02-15T00:00:00Z,daec211cfe940ff0b8c175d9b16010e7
NO,2024,offense_early_down_epa,-0.0423660959937398,780,2025-02-15T00:00:00Z,daec211cfe940ff0b8c175d9b16010e7
NO,2024,offense_epa_per_play,-0.0568752017925946,1026,2025-02-15T00:00:00Z,daec211cfe940ff0b8c175d9b16010e7
NO,2024,offense_explosive_rate,0.17446393762183235,1026,2025-02-15T00:00:00Z,daec211cfe940ff0b8c175d9b16010e7
NO,2024,offense_fumble_lost_rate,0.004873294346978557,1026,2025-02-15T00:00:00Z,daec211cfe940ff0b8c175d9b16010e7
NO,2024,offense_int_rate,0.019417475728155338,618,2025-02-15T00:00:00Z,daec211cfe940ff0b8c175d9b16010e7
NO,2024,offense_late_down_epa,-0.09719174447969021,242,2025-02-15T00:00:00Z,daec211cfe940ff0b8c175d9b16010e7
NO,2024,offense_pace_plays_per_game,60.35294117647059,1026,2025-02-15T00:00:00Z,daec211cfe940ff0b8c175d9b16010e7
NO,2024,offense_pass_epa,-0.0833105002729913,618,2025-02-15T00:00:00Z,daec211cfe940ff0b8c175d9b16010e7
NO,2024,offense_red_zone_epa,-0.04910100369599514,120,2025-02-15T00:00:00Z,daec211cfe940ff0b8c175d9b16010e7
NO,2024,offense_rush_epa,0.002637563280815965,435,2025-02-15T00:00:00Z,daec211cfe940ff0b8c175d9b16010e7
NO,2024,offense_sack_rate,0.059870550161812294,618,2025-02-15T00:00:00Z,daec211cfe940ff0b8c175d9b16010e7
NO,2024,offense_success_rate,0.4064327485380117,1026,2025-02-15T00:00:00Z,daec211cfe940ff0b8c175d9b16010e7
NO,2024,special_teams_epa_per_play,-0.029058054015298068,200,2025-02-15T00:00:00Z,daec211cfe940ff0b8c175d9b16010e7
NO,2025,defense_allowed_epa_per_play,-0.059059830230999956,1029,2026-02-15T00:00:00Z,daec211cfe940ff0b8c175d9b16010e7
NO,2025,defense_allowed_success_rate,0.41788143828960156,1029,2026-02-15T00:00:00Z,daec211cfe940ff0b8c175d9b16010e7
NO,2025,offense_early_down_epa,-0.04560279063964067,805,2026-02-15T00:00:00Z,daec211cfe940ff0b8c175d9b16010e7
NO,2025,offense_epa_per_play,-0.08805277791536166,1064,2026-02-15T00:00:00Z,daec211cfe940ff0b8c175d9b16010e7
NO,2025,offense_explosive_rate,0.16353383458646617,1064,2026-02-15T00:00:00Z,daec211cfe940ff0b8c175d9b16010e7
NO,2025,offense_fumble_lost_rate,0.010338345864661654,1064,2026-02-15T00:00:00Z,daec211cfe940ff0b8c175d9b16010e7
NO,2025,offense_int_rate,0.01788375558867362,671,2026-02-15T00:00:00Z,daec211cfe940ff0b8c175d9b16010e7
NO,2025,offense_late_down_epa,-0.21147230170716433,256,2026-02-15T00:00:00Z,daec211cfe940ff0b8c175d9b16010e7
NO,2025,offense_pace_plays_per_game,62.588235294117645,1064,2026-02-15T00:00:00Z,daec211cfe940ff0b8c175d9b16010e7
NO,2025,offense_pass_epa,-0.051333226074496224,671,2026-02-15T00:00:00Z,daec211cfe940ff0b8c175d9b16010e7
NO,2025,offense_red_zone_epa,-0.14343485774965792,126,2026-02-15T00:00:00Z,daec211cfe940ff0b8c175d9b16010e7
NO,2025,offense_rush_epa,-0.10075543142218808,429,2026-02-15T00:00:00Z,daec211cfe940ff0b8c175d9b16010e7
NO,2025,offense_sack_rate,0.07302533532041729,671,2026-02-15T00:00:00Z,daec211cfe940ff0b8c175d9b16010e7
NO,2025,offense_success_rate,0.4201127819548872,1064,2026-02-15T00:00:00Z,daec211cfe940ff0b8c175d9b16010e7
NO,2025,special_teams_epa_per_play,-0.04607309191672897,176,2026-02-15T00:00:00Z,daec211cfe940ff0b8c175d9b16010e7
NYG,2020,defense_allowed_epa_per_play,0.030719340959316475,1038,2021-02-15T00:00:00Z,daec211cfe940ff0b8c175d9b16010e7
NYG,2020,defense_allowed_success_rate,0.4624277456647399,1038,2021-02-15T00:00:00Z,daec211cfe940ff0b8c175d9b16010e7
NYG,2020,offense_early_down_epa,-0.07518544465796662,728,2021-02-15T00:00:00Z,daec211cfe940ff0b8c175d9b16010e7
NYG,2020,offense_epa_per_play,-0.05581224757461699,950,2021-02-15T00:00:00Z,daec211cfe940ff0b8c175d9b16010e7
NYG,2020,offense_explosive_rate,0.1736842105263158,950,2021-02-15T00:00:00Z,daec211cfe940ff0b8c175d9b16010e7
NYG,2020,offense_fumble_lost_rate,0.010526315789473684,950,2021-02-15T00:00:00Z,daec211cfe940ff0b8c175d9b16010e7
NYG,2020,offense_int_rate,0.018487394957983194,595,2021-02-15T00:00:00Z,daec211cfe940ff0b8c175d9b16010e7
NYG,2020,offense_late_down_epa,0.006887011537218145,218,2021-02-15T00:00:00Z,daec211cfe940ff0b8c175d9b16010e7
NYG,2020,offense_pace_plays_per_game,59.375,950,2021-02-15T00:00:00Z,daec211cfe940ff0b8c175d9b16010e7
NYG,2020,offense_pass_epa,-0.059258310704363056,595,2021-02-15T00:00:00Z,daec211cfe940ff0b8c175d9b16010e7
NYG,2020,offense_red_zone_epa,-0.20241960444126408,129,2021-02-15T00:00:00Z,daec211cfe940ff0b8c175d9b16010e7
NYG,2020,offense_rush_epa,-0.021926696002436387,381,2021-02-15T00:00:00Z,daec211cfe940ff0b8c175d9b16010e7
NYG,2020,offense_sack_rate,0.08403361344537816,595,2021-02-15T00:00:00Z,daec211cfe940ff0b8c175d9b16010e7
NYG,2020,offense_success_rate,0.41578947368421054,950,2021-02-15T00:00:00Z,daec211cfe940ff0b8c175d9b16010e7
NYG,2020,special_teams_epa_per_play,-0.07496470536305234,172,2021-02-15T00:00:00Z,daec211cfe940ff0b8c175d9b16010e7
NYG,2021,defense_allowed_epa_per_play,0.030977604252685403,1126,2022-02-15T00:00:00Z,daec211cfe940ff0b8c175d9b16010e7
NYG,2021,defense_allowed_success_rate,0.4644760213143872,1126,2022-02-15T00:00:00Z,daec211cfe940ff0b8c175d9b16010e7
NYG,2021,offense_early_down_epa,-0.16527279820543397,777,2022-02-15T00:00:00Z,daec211cfe940ff0b8c175d9b16010e7
NYG,2021,offense_epa_per_play,-0.16133939708160303,1042,2022-02-15T00:00:00Z,daec211cfe940ff0b8c175d9b16010e7
NYG,2021,offense_explosive_rate,0.14779270633397312,1042,2022-02-15T00:00:00Z,daec211cfe940ff0b8c175d9b16010e7
NYG,2021,offense_fumble_lost_rate,0.009596928982725527,1042,2022-02-15T00:00:00Z,daec211cfe940ff0b8c175d9b16010e7
NYG,2021,offense_int_rate,0.030211480362537766,662,2022-02-15T00:00:00Z,daec211cfe940ff0b8c175d9b16010e7
NYG,2021,offense_late_down_epa,-0.16524495212849288,260,2022-02-15T00:00:00Z,daec211cfe940ff0b8c175d9b16010e7
NYG,2021,offense_pace_plays_per_game,61.294117647058826,1042,2022-02-15T00:00:00Z,daec211cfe940ff0b8c175d9b16010e7
NYG,2021,offense_pass_epa,-0.18534030371175436,662,2022-02-15T00:00:00Z,daec211cfe940ff0b8c175d9b16010e7
NYG,2021,offense_red_zone_epa,-0.16933042766066925,116,2022-02-15T00:00:00Z,daec211cfe940ff0b8c175d9b16010e7
NYG,2021,offense_rush_epa,-0.08461155022130304,413,2022-02-15T00:00:00Z,daec211cfe940ff0b8c175d9b16010e7
NYG,2021,offense_sack_rate,0.05740181268882175,662,2022-02-15T00:00:00Z,daec211cfe940ff0b8c175d9b16010e7
NYG,2021,offense_success_rate,0.3925143953934741,1042,2022-02-15T00:00:00Z,daec211cfe940ff0b8c175d9b16010e7
NYG,2021,special_teams_epa_per_play,-0.13767683252487622,184,2022-02-15T00:00:00Z,daec211cfe940ff0b8c175d9b16010e7
NYG,2022,defense_allowed_epa_per_play,0.06873210867989435,1188,2023-02-15T00:00:00Z,daec211cfe940ff0b8c175d9b16010e7
NYG,2022,defense_allowed_success_rate,0.44865319865319864,1188,2023-02-15T00:00:00Z,daec211cfe940ff0b8c175d9b16010e7
NYG,2022,offense_early_down_epa,0.0648800594315755,928,2023-02-15T00:00:00Z,daec211cfe940ff0b8c175d9b16010e7
NYG,2022,offense_epa_per_play,0.037331335483749416,1193,2023-02-15T00:00:00Z,daec211cfe940ff0b8c175d9b16010e7
NYG,2022,offense_explosive_rate,0.18943839061190276,1193,2023-02-15T00:00:00Z,daec211cfe940ff0b8c175d9b16010e7
NYG,2022,offense_fumble_lost_rate,0.00586756077116513,1193,2023-02-15T00:00:00Z,daec211cfe940ff0b8c175d9b16010e7
NYG,2022,offense_int_rate,0.009873060648801129,709,2023-02-15T00:00:00Z,daec211cfe940ff0b8c175d9b16010e7
NYG,2022,offense_late_down_epa,-0.06173904216366416,259,2023-02-15T00:00:00Z,daec211cfe940ff0b8c175d9b16010e7
NYG,2022,offense_pace_plays_per_game,62.78947368421053,1193,2023-02-15T00:00:00Z,daec211cfe940ff0b8c175d9b16010e7
NYG,2022,offense_pass_epa,0.054374089573669813,709,2023-02-15T00:00:00Z,daec211cfe940ff0b8c175d9b16010e7
NYG,2022,offense_red_zone_epa,0.29348961702630644,148,2023-02-15T00:00:00Z,daec211cfe940ff0b8c175d9b16010e7
NYG,2022,offense_rush_epa,0.09200833906006964,554,2023-02-15T00:00:00Z,daec211cfe940ff0b8c175d9b16010e7
NYG,2022,offense_sack_rate,0.08039492242595205,709,2023-02-15T00:00:00Z,daec211cfe940ff0b8c175d9b16010e7
NYG,2022,offense_success_rate,0.4501257334450964,1193,2023-02-15T00:00:00Z,daec211cfe940ff0b8c175d9b16010e7
NYG,2022,special_teams_epa_per_play,-0.026651286052791115,223,2023-02-15T00:00:00Z,daec211cfe940ff0b8c175d9b16010e7
NYG,2023,defense_allowed_epa_per_play,-0.018855965730175443,1082,2024-02-15T00:00:00Z,daec211cfe940ff0b8c175d9b16010e7
NYG,2023,defense_allowed_success_rate,0.4491682070240296,1082,2024-02-15T00:00:00Z,daec211cfe940ff0b8c175d9b16010e7
NYG,2023,offense_early_down_epa,-0.1585753101167566,762,2024-02-15T00:00:00Z,daec211cfe940ff0b8c175d9b16010e7
NYG,2023,offense_epa_per_play,-0.173706200638954,1049,2024-02-15T00:00:00Z,daec211cfe940ff0b8c175d9b16010e7
NYG,2023,offense_explosive_rate,0.1544327931363203,1049,2024-02-15T00:00:00Z,daec211cfe940ff0b8c175d9b16010e7
NYG,2023,offense_fumble_lost_rate,0.004766444232602479,1049,2024-02-15T00:00:00Z,daec211cfe940ff0b8c175d9b16010e7
NYG,2023,offense_int_rate,0.017964071856287425,668,2024-02-15T00:00:00Z,daec211cfe940ff0b8c175d9b16010e7
NYG,2023,offense_late_down_epa,-0.2105845164710043,283,2024-02-15T00:00:00Z,daec211cfe940ff0b8c175d9b16010e7
NYG,2023,offense_pace_plays_per_game,61.705882352941174,1049,2024-02-15T00:00:00Z,daec211cfe940ff0b8c175d9b16010e7
NYG,2023,offense_pass_epa,-0.15641898407377589,668,2024-02-15T00:00:00Z,daec211cfe940ff0b8c175d9b16010e7
NYG,2023,offense_red_zone_epa,-0.25088471670681567,120,2024-02-15T00:00:00Z,daec211cfe940ff0b8c175d9b16010e7
NYG,2023,offense_rush_epa,-0.14730456197792782,449,2024-02-15T00:00:00Z,daec211cfe940ff0b8c175d9b16010e7
NYG,2023,offense_sack_rate,0.12724550898203593,668,2024-02-15T00:00:00Z,daec211cfe940ff0b8c175d9b16010e7
NYG,2023,offense_success_rate,0.3784556720686368,1049,2024-02-15T00:00:00Z,daec211cfe940ff0b8c175d9b16010e7
NYG,2023,special_teams_epa_per_play,-0.016688018969012623,207,2024-02-15T00:00:00Z,daec211cfe940ff0b8c175d9b16010e7
NYG,2024,defense_allowed_epa_per_play,0.06306099212534375,1033,2025-02-15T00:00:00Z,daec211cfe940ff0b8c175d9b16010e7
NYG,2024,defense_allowed_success_rate,0.45885769603097776,1033,2025-02-15T00:00:00Z,daec211cfe940ff0b8c175d9b16010e7
NYG,2024,offense_early_down_epa,-0.09766693565294211,777,2025-02-15T00:00:00Z,daec211cfe940ff0b8c175d9b16010e7
NYG,2024,offense_epa_per_play,-0.10710323382217249,1051,2025-02-15T00:00:00Z,daec211cfe940ff0b8c175d9b16010e7
NYG,2024,offense_explosive_rate,0.16460513796384396,1051,2025-02-15T00:00:00Z,daec211cfe940ff0b8c175d9b16010e7
NYG,2024,offense_fumble_lost_rate,0.008563273073263558,1051,2025-02-15T00:00:00Z,daec211cfe940ff0b8c175d9b16010e7
NYG,2024,offense_int_rate,0.01943198804185351,669,2025-02-15T00:00:00Z,daec211cfe940ff0b8c175d9b16010e7
NYG,2024,offense_late_down_epa,-0.12003479305156284,267,2025-02-15T00:00:00Z,daec211cfe940ff0b8c175d9b16010e7
NYG,2024,offense_pace_plays_per_game,61.8235294117647,1051,2025-02-15T00:00:00Z,daec211cfe940ff0b8c175d9b16010e7
NYG,2024,offense_pass_epa,-0.10651444888696178,669,2025-02-15T00:00:00Z,daec211cfe940ff0b8c175d9b16010e7
NYG,2024,offense_red_zone_epa,-0.35215030963977934,123,2025-02-15T00:00:00Z,daec211cfe940ff0b8c175d9b16010e7
NYG,2024,offense_rush_epa,-0.044834726443818654,411,2025-02-15T00:00:00Z,daec211cfe940ff0b8c175d9b16010e7
NYG,2024,offense_sack_rate,0.07174887892376682,669,2025-02-15T00:00:00Z,daec211cfe940ff0b8c175d9b16010e7
NYG,2024,offense_success_rate,0.40532825880114176,1051,2025-02-15T00:00:00Z,daec211cfe940ff0b8c175d9b16010e7
NYG,2024,special_teams_epa_per_play,0.08237200598907994,193,2025-02-15T00:00:00Z,daec211cfe940ff0b8c175d9b16010e7
NYG,2025,defense_allowed_epa_per_play,0.08739449008714936,1032,2026-02-15T00:00:00Z,daec211cfe940ff0b8c175d9b16010e7
NYG,2025,defense_allowed_success_rate,0.4699612403100775,1032,2026-02-15T00:00:00Z,daec211cfe940ff0b8c175d9b16010e7
NYG,2025,offense_early_down_epa,-0.009798301152060459,813,2026-02-15T00:00:00Z,daec211cfe940ff0b8c175d9b16010e7
NYG,2025,offense_epa_per_play,0.012329891523921182,1079,2026-02-15T00:00:00Z,daec211cfe940ff0b8c175d9b16010e7
NYG,2025,offense_explosive_rate,0.18164967562557924,1079,2026-02-15T00:00:00Z,daec211cfe940ff0b8c175d9b16010e7
NYG,2025,offense_fumble_lost_rate,0.005560704355885079,1079,2026-02-15T00:00:00Z,daec211cfe940ff0b8c175d9b16010e7
NYG,2025,offense_int_rate,0.01594896331738437,627,2026-02-15T00:00:00Z,daec211cfe940ff0b8c175d9b16010e7
NYG,2025,offense_late_down_epa,0.07274035034708438,262,2026-02-15T00:00:00Z,daec211cfe940ff0b8c175d9b16010e7
NYG,2025,offense_pace_plays_per_game,63.470588235294116,1079,2026-02-15T00:00:00Z,daec211cfe940ff0b8c175d9b16010e7
NYG,2025,offense_pass_epa,0.04057279364013252,627,2026-02-15T00:00:00Z,daec211cfe940ff0b8c175d9b16010e7
NYG,2025,offense_red_zone_epa,-0.30320186482912515,185,2026-02-15T00:00:00Z,daec211cfe940ff0b8c175d9b16010e7
NYG,2025,offense_rush_epa,0.03560296260145767,503,2026-02-15T00:00:00Z,daec211cfe940ff0b8c175d9b16010e7
NYG,2025,offense_sack_rate,0.07655502392344497,627,2026-02-15T00:00:00Z,daec211cfe940ff0b8c175d9b16010e7
NYG,2025,offense_success_rate,0.42075996292863765,1079,2026-02-15T00:00:00Z,daec211cfe940ff0b8c175d9b16010e7
NYG,2025,special_teams_epa_per_play,0.024257514658996903,191,2026-02-15T00:00:00Z,daec211cfe940ff0b8c175d9b16010e7
NYJ,2020,defense_allowed_epa_per_play,0.08432194969410478,1057,2021-02-15T00:00:00Z,daec211cfe940ff0b8c175d9b16010e7
NYJ,2020,defense_allowed_success_rate,0.4607379375591296,1057,2021-02-15T00:00:00Z,daec211cfe940ff0b8c175d9b16010e7
NYJ,2020,offense_early_down_epa,-0.07448901990265512,716,2021-02-15T00:00:00Z,daec211cfe940ff0b8c175d9b16010e7
NYJ,2020,offense_epa_per_play,-0.14300307729343442,940,2021-02-15T00:00:00Z,daec211cfe940ff0b8c175d9b16010e7
NYJ,2020,offense_explosive_rate,0.1478723404255319,940,2021-02-15T00:00:00Z,daec211cfe940ff0b8c175d9b16010e7
NYJ,2020,offense_fumble_lost_rate,0.005319148936170213,940,2021-02-15T00:00:00Z,daec211cfe940ff0b8c175d9b16010e7
NYJ,2020,offense_int_rate,0.024475524475524476,572,2021-02-15T00:00:00Z,daec211cfe940ff0b8c175d9b16010e7
NYJ,2020,offense_late_down_epa,-0.3657421369618346,222,2021-02-15T00:00:00Z,daec211cfe940ff0b8c175d9b16010e7
NYJ,2020,offense_pace_plays_per_game,58.75,940,2021-02-15T00:00:00Z,daec211cfe940ff0b8c175d9b16010e7
NYJ,2020,offense_pass_epa,-0.13947065274346426,572,2021-02-15T00:00:00Z,daec211cfe940ff0b8c175d9b16010e7
NYJ,2020,offense_red_zone_epa,-0.2884460924244337,107,2021-02-15T00:00:00Z,daec211cfe940ff0b8c175d9b16010e7
NYJ,2020,offense_rush_epa,-0.10150708530167579,399,2021-02-15T00:00:00Z,daec211cfe940ff0b8c175d9b16010e7
NYJ,2020,offense_sack_rate,0.07517482517482517,572,2021-02-15T00:00:00Z,daec211cfe940ff0b8c175d9b16010e7
NYJ,2020,offense_success_rate,0.4021276595744681,940,2021-02-15T00:00:00Z,daec211cfe940ff0b8c175d9b16010e7
NYJ,2020,special_teams_epa_per_play,-0.21287320960009737,201,2021-02-15T00:00:00Z,daec211cfe940ff0b8c175d9b16010e7
NYJ,2021,defense_allowed_epa_per_play,0.1279167303276741,1126,2022-02-15T00:00:00Z,daec211cfe940ff0b8c175d9b16010e7
NYJ,2021,defense_allowed_success_rate,0.4733570159857904,1126,2022-02-15T00:00:00Z,daec211cfe940ff0b8c175d9b16010e7
NYJ,2021,offense_early_down_epa,-0.08269863000900064,787,2022-02-15T00:00:00Z,daec211cfe940ff0b8c175d9b16010e7
NYJ,2021,offense_epa_per_play,-0.0921943344539865,1036,2022-02-15T00:00:00Z,daec211cfe940ff0b8c175d9b16010e7
NYJ,2021,offense_explosive_rate,0.1718146718146718,1036,2022-02-15T00:00:00Z,daec211cfe940ff0b8c175d9b16010e7
NYJ,2021,offense_fumble_lost_rate,0.006756756756756757,1036,2022-02-15T00:00:00Z,daec211cfe940ff0b8c175d9b16010e7
NYJ,2021,offense_int_rate,0.029411764705882353,680,2022-02-15T00:00:00Z,daec211cfe940ff0b8c175d9b16010e7
NYJ,2021,offense_late_down_epa,-0.12461045282186047,240,2022-02-15T00:00:00Z,daec211cfe940ff0b8c175d9b16010e7
NYJ,2021,offense_pace_plays_per_game,60.94117647058823,1036,2022-02-15T00:00:00Z,daec211cfe940ff0b8c175d9b16010e7
NYJ,2021,offense_pass_epa,-0.10809734271136373,680,2022-02-15T00:00:00Z,daec211cfe940ff0b8c175d9b16010e7
NYJ,2021,offense_red_zone_epa,-0.07482779902739635,162,2022-02-15T00:00:00Z,daec211cfe940ff0b8c175d9b16010e7
NYJ,2021,offense_rush_epa,-0.02900493371536964,376,2022-02-15T00:00:00Z,daec211cfe940ff0b8c175d9b16010e7
NYJ,2021,offense_sack_rate,0.07794117647058824,680,2022-02-15T00:00:00Z,daec211cfe940ff0b8c175d9b16010e7
NYJ,2021,offense_success_rate,0.416023166023166,1036,2022-02-15T00:00:00Z,daec211cfe940ff0b8c175d9b16010e7
NYJ,2021,special_teams_epa_per_play,-0.024537829116356324,207,2022-02-15T00:00:00Z,daec211cfe940ff0b8c175d9b16010e7
NYJ,2022,defense_allowed_epa_per_play,-0.05133938040286128,1078,2023-02-15T00:00:00Z,daec211cfe940ff0b8c175d9b16010e7
NYJ,2022,defense_allowed_success_rate,0.41280148423005564,1078,2023-02-15T00:00:00Z,daec211cfe940ff0b8c175d9b16010e7
NYJ,2022,offense_early_down_epa,-0.03822785419054465,796,2023-02-15T00:00:00Z,daec211cfe940ff0b8c175d9b16010e7
NYJ,2022,offense_epa_per_play,-0.08749542268809048,1063,2023-02-15T00:00:00Z,daec211cfe940ff0b8c175d9b16010e7
NYJ,2022,offense_explosive_rate,0.1665098777046096,1063,2023-02-15T00:00:00Z,daec211cfe940ff0b8c175d9b16010e7
NYJ,2022,offense_fumble_lost_rate,0.008466603951081843,1063,2023-02-15T00:00:00Z,daec211cfe940ff0b8c175d9b16010e7
NYJ,2022,offense_int_rate,0.020348837209302327,688,2023-02-15T00:00:00Z,daec211cfe940ff0b8c175d9b16010e7
NYJ,2022,offense_late_down_epa,-0.23437551453845182,267,2023-02-15T00:00:00Z,daec211cfe940ff0b8c175d9b16010e7
NYJ,2022,offense_pace_plays_per_game,62.529411764705884,1063,2023-02-15T00:00:00Z,daec211cfe940ff0b8c175d9b16010e7
NYJ,2022,offense_pass_epa,-0.09761492505103027,688,2023-02-15T00:00:00Z,daec211cfe940ff0b8c175d9b16010e7
NYJ,2022,offense_red_zone_epa,-0.1894779096001212,138,2023-02-15T00:00:00Z,daec211cfe940ff0b8c175d9b16010e7
NYJ,2022,offense_rush_epa,-0.04222620790792155,394,2023-02-15T00:00:00Z,daec211cfe940ff0b8c175d9b16010e7
NYJ,2022,offense_sack_rate,0.061046511627906974,688,2023-02-15T00:00:00Z,daec211cfe940ff0b8c175d9b16010e7
NYJ,2022,offense_success_rate,0.3894637817497648,1063,2023-02-15T00:00:00Z,daec211cfe940ff0b8c175d9b16010e7
NYJ,2022,special_teams_epa_per_play,-0.09280956712020291,193,2023-02-15T00:00:00Z,daec211cfe940ff0b8c175d9b16010e7
NYJ,2023,defense_allowed_epa_per_play,-0.11889244730314175,1073,2024-02-15T00:00:00Z,daec211cfe940ff0b8c175d9b16010e7
NYJ,2023,defense_allowed_success_rate,0.37371854613233924,1073,2024-02-15T00:00:00Z,daec211cfe940ff0b8c175d9b16010e7
NYJ,2023,offense_early_down_epa,-0.2214475553191928,780,2024-02-15T00:00:00Z,daec211cfe940ff0b8c175d9b16010e7
NYJ,2023,offense_epa_per_play,-0.25156504378123534,1049,2024-02-15T00:00:00Z,daec211cfe940ff0b8c175d9b16010e7
NYJ,2023,offense_explosive_rate,0.14680648236415633,1049,2024-02-15T00:00:00Z,daec211cfe940ff0b8c175d9b16010e7
NYJ,2023,offense_fumble_lost_rate,0.01334604385128694,1049,2024-02-15T00:00:00Z,daec211cfe940ff0b8c175d9b16010e7
NYJ,2023,offense_int_rate,0.02158273381294964,695,2024-02-15T00:00:00Z,daec211cfe940ff0b8c175d9b16010e7
NYJ,2023,offense_late_down_epa,-0.3523571236888511,265,2024-02-15T00:00:00Z,daec211cfe940ff0b8c175d9b16010e7
NYJ,2023,offense_pace_plays_per_game,61.705882352941174,1049,2024-02-15T00:00:00Z,daec211cfe940ff0b8c175d9b16010e7
NYJ,2023,offense_pass_epa,-0.2903628727095697,695,2024-02-15T00:00:00Z,daec211cfe940ff0b8c175d9b16010e7
NYJ,2023,offense_red_zone_epa,-0.3244826120299277,112,2024-02-15T00:00:00Z,daec211cfe940ff0b8c175d9b16010e7
NYJ,2023,offense_rush_epa,-0.1738703573549649,385,2024-02-15T00:00:00Z,daec211cfe940ff0b8c175d9b16010e7
NYJ,2023,offense_sack_rate,0.0920863309352518,695,2024-02-15T00:00:00Z,daec211cfe940ff0b8c175d9b16010e7
NYJ,2023,offense_success_rate,0.34985700667302194,1049,2024-02-15T00:00:00Z,daec211cfe940ff0b8c175d9b16010e7
NYJ,2023,special_teams_epa_per_play,-0.03955982039528362,202,2024-02-15T00:00:00Z,daec211cfe940ff0b8c175d9b16010e7
NYJ,2024,defense_allowed_epa_per_play,0.023540099499741597,1056,2025-02-15T00:00:00Z,daec211cfe940ff0b8c175d9b16010e7
NYJ,2024,defense_allowed_success_rate,0.4318181818181818,1056,2025-02-15T00:00:00Z,daec211cfe940ff0b8c175d9b16010e7
NYJ,2024,offense_early_down_epa,0.01274311882406733,771,2025-02-15T00:00:00Z,daec211cfe940ff0b8c175d9b16010e7
NYJ,2024,offense_epa_per_play,-0.013079371897453018,1014,2025-02-15T00:00:00Z,daec211cfe940ff0b8c175d9b16010e7
NYJ,2024,offense_explosive_rate,0.17357001972386588,1014,2025-02-15T00:00:00Z,daec211cfe940ff0b8c175d9b16010e7
NYJ,2024,offense_fumble_lost_rate,0.006903353057199211,1014,2025-02-15T00:00:00Z,daec211cfe940ff0b8c175d9b16010e7
NYJ,2024,offense_int_rate,0.01639344262295082,671,2025-02-15T00:00:00Z,daec211cfe940ff0b8c175d9b16010e7
NYJ,2024,offense_late_down_epa,-0.10497618682638152,234,2025-02-15T00:00:00Z,daec211cfe940ff0b8c175d9b16010e7
NYJ,2024,offense_pace_plays_per_game,59.64705882352941,1014,2025-02-15T00:00:00Z,daec211cfe940ff0b8c175d9b16010e7
NYJ,2024,offense_pass_epa,0.02302137830813983,671,2025-02-15T00:00:00Z,daec211cfe940ff0b8c175d9b16010e7
NYJ,2024,offense_red_zone_epa,-0.0817110078198756,150,2025-02-15T00:00:00Z,daec211cfe940ff0b8c175d9b16010e7
NYJ,2024,offense_rush_epa,-0.06108080818167525,361,2025-02-15T00:00:00Z,daec211cfe940ff0b8c175d9b16010e7
NYJ,2024,offense_sack_rate,0.05961251862891207,671,2025-02-15T00:00:00Z,daec211cfe940ff0b8c175d9b16010e7
NYJ,2024,offense_success_rate,0.4260355029585799,1014,2025-02-15T00:00:00Z,daec211cfe940ff0b8c175d9b16010e7
NYJ,2024,special_teams_epa_per_play,0.12607001842334953,187,2025-02-15T00:00:00Z,daec211cfe940ff0b8c175d9b16010e7
NYJ,2025,defense_allowed_epa_per_play,0.14722040771254932,1053,2026-02-15T00:00:00Z,daec211cfe940ff0b8c175d9b16010e7
NYJ,2025,defense_allowed_success_rate,0.45584045584045585,1053,2026-02-15T00:00:00Z,daec211cfe940ff0b8c175d9b16010e7
NYJ,2025,offense_early_down_epa,-0.08238575021469037,731,2026-02-15T00:00:00Z,daec211cfe940ff0b8c175d9b16010e7
NYJ,2025,offense_epa_per_play,-0.1265057961941957,1009,2026-02-15T00:00:00Z,daec211cfe940ff0b8c175d9b16010e7
NYJ,2025,offense_explosive_rate,0.15460852329038652,1009,2026-02-15T00:00:00Z,daec211cfe940ff0b8c175d9b16010e7
NYJ,2025,offense_fumble_lost_rate,0.007928642220019821,1009,2026-02-15T00:00:00Z,daec211cfe940ff0b8c175d9b16010e7
NYJ,2025,offense_int_rate,0.021207177814029365,613,2026-02-15T00:00:00Z,daec211cfe940ff0b8c175d9b16010e7
NYJ,2025,offense_late_down_epa,-0.26609024056668446,270,2026-02-15T00:00:00Z,daec211cfe940ff0b8c175d9b16010e7
NYJ,2025,offense_pace_plays_per_game,59.35294117647059,1009,2026-02-15T00:00:00Z,daec211cfe940ff0b8c175d9b16010e7
NYJ,2025,offense_pass_epa,-0.14154163869729533,613,2026-02-15T00:00:00Z,daec211cfe940ff0b8c175d9b16010e7
NYJ,2025,offense_red_zone_epa,-0.15349818309323324,129,2026-02-15T00:00:00Z,daec211cfe940ff0b8c175d9b16010e7
NYJ,2025,offense_rush_epa,-0.060967263808689456,453,2026-02-15T00:00:00Z,daec211cfe940ff0b8c175d9b16010e7
NYJ,2025,offense_sack_rate,0.09787928221859707,613,2026-02-15T00:00:00Z,daec211cfe940ff0b8c175d9b16010e7
NYJ,2025,offense_success_rate,0.40733399405351833,1009,2026-02-15T00:00:00Z,daec211cfe940ff0b8c175d9b16010e7
NYJ,2025,special_teams_epa_per_play,0.26980365770252346,202,2026-02-15T00:00:00Z,daec211cfe940ff0b8c175d9b16010e7
PHI,2020,defense_allowed_epa_per_play,0.01851339236917499,1037,2021-02-15T00:00:00Z,daec211cfe940ff0b8c175d9b16010e7
PHI,2020,defense_allowed_success_rate,0.42719382835101255,1037,2021-02-15T00:00:00Z,daec211cfe940ff0b8c175d9b16010e7
PHI,2020,offense_early_down_epa,-0.07443647841143462,805,2021-02-15T00:00:00Z,daec211cfe940ff0b8c175d9b16010e7
PHI,2020,offense_epa_per_play,-0.08890427080980395,1075,2021-02-15T00:00:00Z,daec211cfe940ff0b8c175d9b16010e7
PHI,2020,offense_explosive_rate,0.16186046511627908,1075,2021-02-15T00:00:00Z,daec211cfe940ff0b8c175d9b16010e7
PHI,2020,offense_fumble_lost_rate,0.008372093023255815,1075,2021-02-15T00:00:00Z,daec211cfe940ff0b8c175d9b16010e7
PHI,2020,offense_int_rate,0.02789400278940028,717,2021-02-15T00:00:00Z,daec211cfe940ff0b8c175d9b16010e7
PHI,2020,offense_late_down_epa,-0.1358217559028913,254,2021-02-15T00:00:00Z,daec211cfe940ff0b8c175d9b16010e7
PHI,2020,offense_pace_plays_per_game,67.1875,1075,2021-02-15T00:00:00Z,daec211cfe940ff0b8c175d9b16010e7
PHI,2020,offense_pass_epa,-0.09866386005392229,717,2021-02-15T00:00:00Z,daec211cfe940ff0b8c175d9b16010e7
PHI,2020,offense_red_zone_epa,-0.05197698527081979,152,2021-02-15T00:00:00Z,daec211cfe940ff0b8c175d9b16010e7
PHI,2020,offense_rush_epa,-0.009243459902672295,407,2021-02-15T00:00:00Z,daec211cfe940ff0b8c175d9b16010e7
PHI,2020,offense_sack_rate,0.09065550906555091,717,2021-02-15T00:00:00Z,daec211cfe940ff0b8c175d9b16010e7
PHI,2020,offense_success_rate,0.4055813953488372,1075,2021-02-15T00:00:00Z,daec211cfe940ff0b8c175d9b16010e7
PHI,2020,special_teams_epa_per_play,-0.05672856356563093,193,2021-02-15T00:00:00Z,daec211cfe940ff0b8c175d9b16010e7
PHI,2021,defense_allowed_epa_per_play,0.013631959494159013,1132,2022-02-15T00:00:00Z,daec211cfe940ff0b8c175d9b16010e7
PHI,2021,defense_allowed_success_rate,0.4628975265017668,1132,2022-02-15T00:00:00Z,daec211cfe940ff0b8c175d9b16010e7
PHI,2021,offense_early_down_epa,0.06319695067397904,861,2022-02-15T00:00:00Z,daec211cfe940ff0b8c175d9b16010e7
PHI,2021,offense_epa_per_play,0.06049579138950578,1130,2022-02-15T00:00:00Z,daec211cfe940ff0b8c175d9b16010e7
PHI,2021,offense_explosive_rate,0.2,1130,2022-02-15T00:00:00Z,daec211cfe940ff0b8c175d9b16010e7
PHI,2021,offense_fumble_lost_rate,0.005309734513274336,1130,2022-02-15T00:00:00Z,daec211cfe940ff0b8c175d9b16010e7
PHI,2021,offense_int_rate,0.01910828025477707,628,2022-02-15T00:00:00Z,daec211cfe940ff0b8c175d9b16010e7
PHI,2021,offense_late_down_epa,0.0327353806864335,262,2022-02-15T00:00:00Z,daec211cfe940ff0b8c175d9b16010e7
PHI,2021,offense_pace_plays_per_game,62.77777777777778,1130,2022-02-15T00:00:00Z,daec211cfe940ff0b8c175d9b16010e7
PHI,2021,offense_pass_epa,0.07984884421223838,628,2022-02-15T00:00:00Z,daec211cfe940ff0b8c175d9b16010e7
PHI,2021,offense_red_zone_epa,0.13619374151276178,188,2022-02-15T00:00:00Z,daec211cfe940ff0b8c175d9b16010e7
PHI,2021,offense_rush_epa,0.08667289251310303,557,2022-02-15T00:00:00Z,daec211cfe940ff0b8c175d9b16010e7
PHI,2021,offense_sack_rate,0.052547770700636945,628,2022-02-15T00:00:00Z,daec211cfe940ff0b8c175d9b16010e7
PHI,2021,offense_success_rate,0.4646017699115044,1130,2022-02-15T00:00:00Z,daec211cfe940ff0b8c175d9b16010e7
PHI,2021,special_teams_epa_per_play,-0.08026251171316598,197,2022-02-15T00:00:00Z,daec211cfe940ff0b8c175d9b16010e7
PHI,2022,defense_allowed_epa_per_play,-0.06751371643011922,1210,2023-02-15T00:00:00Z,daec211cfe940ff0b8c175d9b16010e7
PHI,2022,defense_allowed_success_rate,0.43553719008264463,1210,2023-02-15T00:00:00Z,daec211cfe940ff0b8c175d9b16010e7
PHI,2022,offense_early_down_epa,0.06689723581254327,1005,2023-02-15T00:00:00Z,daec211cfe940ff0b8c175d9b16010e7
PHI,2022,offense_epa_per_play,0.12071105046853435,1314,2023-02-15T00:00:00Z,daec211cfe940ff0b8c175d9b16010e7
PHI,2022,offense_explosive_rate,0.20928462709284626,1314,2023-02-15T00:00:00Z,daec211cfe940ff0b8c175d9b16010e7
PHI,2022,offense_fumble_lost_rate,0.00837138508371385,1314,2023-02-15T00:00:00Z,daec211cfe940ff0b8c175d9b16010e7
PHI,2022,offense_int_rate,0.0125,720,2023-02-15T00:00:00Z,daec211cfe940ff0b8c175d9b16010e7
PHI,2022,offense_late_down_epa,0.296439468171211,304,2023-02-15T00:00:00Z,daec211cfe940ff0b8c175d9b16010e7
PHI,2022,offense_pace_plays_per_game,65.7,1314,2023-02-15T00:00:00Z,daec211cfe940ff0b8c175d9b16010e7
PHI,2022,offense_pass_epa,0.12980460233540442,720,2023-02-15T00:00:00Z,daec211cfe940ff0b8c175d9b16010e7
PHI,2022,offense_red_zone_epa,0.20023170822184816,232,2023-02-15T00:00:00Z,daec211cfe940ff0b8c175d9b16010e7
PHI,2022,offense_rush_epa,0.1494630273308942,643,2023-02-15T00:00:00Z,daec211cfe940ff0b8c175d9b16010e7
PHI,2022,offense_sack_rate,0.06666666666666667,720,2023-02-15T00:00:00Z,daec211cfe940ff0b8c175d9b16010e7
PHI,2022,offense_success_rate,0.4840182648401826,1314,2023-02-15T00:00:00Z,daec211cfe940ff0b8c175d9b16010e7
PHI,2022,special_teams_epa_per_play,-0.0390726096301167,219,2023-02-15T00:00:00Z,daec211cfe940ff0b8c175d9b16010e7
PHI,2023,defense_allowed_epa_per_play,0.056312113365427324,1170,2024-02-15T00:00:00Z,daec211cfe940ff0b8c175d9b16010e7
PHI,2023,defense_allowed_success_rate,0.44700854700854703,1170,2024-02-15T00:00:00Z,daec211cfe940ff0b8c175d9b16010e7
PHI,2023,offense_early_down_epa,-0.01407893267691039,895,2024-02-15T00:00:00Z,daec211cfe940ff0b8c175d9b16010e7
PHI,2023,offense_epa_per_play,0.043762498480583695,1158,2024-02-15T00:00:00Z,daec211cfe940ff0b8c175d9b16010e7
PHI,2023,offense_explosive_rate,0.18652849740932642,1158,2024-02-15T00:00:00Z,daec211cfe940ff0b8c175d9b16010e7
PHI,2023,offense_fumble_lost_rate,0.009499136442141624,1158,2024-02-15T00:00:00Z,daec211cfe940ff0b8c175d9b16010e7
PHI,2023,offense_int_rate,0.023121387283236993,692,2024-02-15T00:00:00Z,daec211cfe940ff0b8c175d9b16010e7
PHI,2023,offense_late_down_epa,0.24661006917827202,260,2024-02-15T00:00:00Z,daec211cfe940ff0b8c175d9b16010e7
PHI,2023,offense_pace_plays_per_game,64.33333333333333,1158,2024-02-15T00:00:00Z,daec211cfe940ff0b8c175d9b16010e7
PHI,2023,offense_pass_epa,0.08212932627770465,692,2024-02-15T00:00:00Z,daec211cfe940ff0b8c175d9b16010e7
PHI,2023,offense_red_zone_epa,-0.013363630386612339,174,2024-02-15T00:00:00Z,daec211cfe940ff0b8c175d9b16010e7
PHI,2023,offense_rush_epa,0.02388248476249988,517,2024-02-15T00:00:00Z,daec211cfe940ff0b8c175d9b16010e7
PHI,2023,offense_sack_rate,0.06069364161849711,692,2024-02-15T00:00:00Z,daec211cfe940ff0b8c175d9b16010e7
PHI,2023,offense_success_rate,0.45164075993091535,1158,2024-02-15T00:00:00Z,daec211cfe940ff0b8c175d9b16010e7
PHI,2023,special_teams_epa_per_play,0.013547532112351691,199,2024-02-15T00:00:00Z,daec211cfe940ff0b8c175d9b16010e7
PHI,2024,defense_allowed_epa_per_play,-0.10414444052351061,1257,2025-02-15T00:00:00Z,daec211cfe940ff0b8c175d9b16010e7
PHI,2024,defense_allowed_success_rate,0.4001591089896579,1257,2025-02-15T00:00:00Z,daec211cfe940ff0b8c175d9b16010e7
PHI,2024,offense_early_down_epa,0.10126199226369287,1025,2025-02-15T00:00:00Z,daec211cfe940ff0b8c175d9b16010e7
PHI,2024,offense_epa_per_play,0.1187845952234814,1341,2025-02-15T00:00:00Z,daec211cfe940ff0b8c175d9b16010e7
PHI,2024,offense_explosive_rate,0.19985085756897839,1341,2025-02-15T00:00:00Z,daec211cfe940ff0b8c175d9b16010e7
PHI,2024,offense_fumble_lost_rate,0.0044742729306487695,1341,2025-02-15T00:00:00Z,daec211cfe940ff0b8c175d9b16010e7
PHI,2024,offense_int_rate,0.010769230769230769,650,2025-02-15T00:00:00Z,daec211cfe940ff0b8c175d9b16010e7
PHI,2024,offense_late_down_epa,0.18163624635729253,309,2025-02-15T00:00:00Z,daec211cfe940ff0b8c175d9b16010e7
PHI,2024,offense_pace_plays_per_game,63.857142857142854,1341,2025-02-15T00:00:00Z,daec211cfe940ff0b8c175d9b16010e7
PHI,2024,offense_pass_epa,0.18234555431962518,650,2025-02-15T00:00:00Z,daec211cfe940ff0b8c175d9b16010e7
PHI,2024,offense_red_zone_epa,0.08406881367062662,247,2025-02-15T00:00:00Z,daec211cfe940ff0b8c175d9b16010e7
PHI,2024,offense_rush_epa,0.10734878291046411,743,2025-02-15T00:00:00Z,daec211cfe940ff0b8c175d9b16010e7
PHI,2024,offense_sack_rate,0.08923076923076922,650,2025-02-15T00:00:00Z,daec211cfe940ff0b8c175d9b16010e7
PHI,2024,offense_success_rate,0.4489187173750932,1341,2025-02-15T00:00:00Z,daec211cfe940ff0b8c175d9b16010e7
PHI,2024,special_teams_epa_per_play,0.08852776066892594,228,2025-02-15T00:00:00Z,daec211cfe940ff0b8c175d9b16010e7
PHI,2025,defense_allowed_epa_per_play,-0.06999975693823655,1121,2026-02-15T00:00:00Z,daec211cfe940ff0b8c175d9b16010e7
PHI,2025,defense_allowed_success_rate,0.42194469223907227,1121,2026-02-15T00:00:00Z,daec211cfe940ff0b8c175d9b16010e7
PHI,2025,offense_early_down_epa,0.0019970118589892182,816,2026-02-15T00:00:00Z,daec211cfe940ff0b8c175d9b16010e7
PHI,2025,offense_epa_per_play,0.021315274568044135,1067,2026-02-15T00:00:00Z,daec211cfe940ff0b8c175d9b16010e7
PHI,2025,offense_explosive_rate,0.18181818181818182,1067,2026-02-15T00:00:00Z,daec211cfe940ff0b8c175d9b16010e7
PHI,2025,offense_fumble_lost_rate,0.005623242736644799,1067,2026-02-15T00:00:00Z,daec211cfe940ff0b8c175d9b16010e7
PHI,2025,offense_int_rate,0.011437908496732025,612,2026-02-15T00:00:00Z,daec211cfe940ff0b8c175d9b16010e7
PHI,2025,offense_late_down_epa,0.08852756567406407,248,2026-02-15T00:00:00Z,daec211cfe940ff0b8c175d9b16010e7
PHI,2025,offense_pace_plays_per_game,59.27777777777778,1067,2026-02-15T00:00:00Z,daec211cfe940ff0b8c175d9b16010e7
PHI,2025,offense_pass_epa,0.06464452395534702,612,2026-02-15T00:00:00Z,daec211cfe940ff0b8c175d9b16010e7
PHI,2025,offense_red_zone_epa,0.11710529239032855,165,2026-02-15T00:00:00Z,daec211cfe940ff0b8c175d9b16010e7
PHI,2025,offense_rush_epa,0.005559149464645019,499,2026-02-15T00:00:00Z,daec211cfe940ff0b8c175d9b16010e7
PHI,2025,offense_sack_rate,0.058823529411764705,612,2026-02-15T00:00:00Z,daec211cfe940ff0b8c175d9b16010e7
PHI,2025,offense_success_rate,0.4311152764761012,1067,2026-02-15T00:00:00Z,daec211cfe940ff0b8c175d9b16010e7
PHI,2025,special_teams_epa_per_play,0.05239291137396999,201,2026-02-15T00:00:00Z,daec211cfe940ff0b8c175d9b16010e7
PIT,2020,defense_allowed_epa_per_play,-0.097171723580737,1053,2021-02-15T00:00:00Z,daec211cfe940ff0b8c175d9b16010e7
PIT,2020,defense_allowed_success_rate,0.38936372269705605,1053,2021-02-15T00:00:00Z,daec211cfe940ff0b8c175d9b16010e7
PIT,2020,offense_early_down_epa,5.836027563097358e-05,843,2021-02-15T00:00:00Z,daec211cfe940ff0b8c175d9b16010e7
PIT,2020,offense_epa_per_play,0.00961908430264113,1114,2021-02-15T00:00:00Z,daec211cfe940ff0b8c175d9b16010e7
PIT,2020,offense_explosive_rate,0.17773788150807898,1114,2021-02-15T00:00:00Z,daec211cfe940ff0b8c175d9b16010e7
PIT,2020,offense_fumble_lost_rate,0.005385996409335727,1114,2021-02-15T00:00:00Z,daec211cfe940ff0b8c175d9b16010e7
PIT,2020,offense_int_rate,0.02,750,2021-02-15T00:00:00Z,daec211cfe940ff0b8c175d9b16010e7
PIT,2020,offense_late_down_epa,0.04654928593454488,263,2021-02-15T00:00:00Z,daec211cfe940ff0b8c175d9b16010e7
PIT,2020,offense_pace_plays_per_game,65.52941176470588,1114,2021-02-15T00:00:00Z,daec211cfe940ff0b8c175d9b16010e7
PIT,2020,offense_pass_epa,0.07836526739238779,750,2021-02-15T00:00:00Z,daec211cfe940ff0b8c175d9b16010e7
PIT,2020,offense_red_zone_epa,0.15638956913542254,169,2021-02-15T00:00:00Z,daec211cfe940ff0b8c175d9b16010e7
PIT,2020,offense_rush_epa,-0.13095352033914717,368,2021-02-15T00:00:00Z,daec211cfe940ff0b8c175d9b16010e7
PIT,2020,offense_sack_rate,0.018666666666666668,750,2021-02-15T00:00:00Z,daec211cfe940ff0b8c175d9b16010e7
PIT,2020,offense_success_rate,0.4398563734290844,1114,2021-02-15T00:00:00Z,daec211cfe940ff0b8c175d9b16010e7
PIT,2020,special_teams_epa_per_play,-0.06693463306657087,208,2021-02-15T00:00:00Z,daec211cfe940ff0b8c175d9b16010e7
PIT,2021,defense_allowed_epa_per_play,0.02694194993000414,1173,2022-02-15T00:00:00Z,daec211cfe940ff0b8c175d9b16010e7
PIT,2021,defense_allowed_success_rate,0.4441602728047741,1173,2022-02-15T00:00:00Z,daec211cfe940ff0b8c175d9b16010e7
PIT,2021,offense_early_down_epa,-0.08456051199268855,883,2022-02-15T00:00:00Z,daec211cfe940ff0b8c175d9b16010e7
PIT,2021,offense_epa_per_play,-0.07660307034464343,1166,2022-02-15T00:00:00Z,daec211cfe940ff0b8c175d9b16010e7
PIT,2021,offense_explosive_rate,0.16552315608919382,1166,2022-02-15T00:00:00Z,daec211cfe940ff0b8c175d9b16010e7
PIT,2021,offense_fumble_lost_rate,0.007718696397941681,1166,2022-02-15T00:00:00Z,daec211cfe940ff0b8c175d9b16010e7
PIT,2021,offense_int_rate,0.01455026455026455,756,2022-02-15T00:00:00Z,daec211cfe940ff0b8c175d9b16010e7
PIT,2021,offense_late_down_epa,-0.05006204292197925,278,2022-02-15T00:00:00Z,daec211cfe940ff0b8c175d9b16010e7
PIT,2021,offense_pace_plays_per_game,64.77777777777777,1166,2022-02-15T00:00:00Z,daec211cfe940ff0b8c175d9b16010e7
PIT,2021,offense_pass_epa,-0.08812618862510078,756,2022-02-15T00:00:00Z,daec211cfe940ff0b8c175d9b16010e7
PIT,2021,offense_red_zone_epa,-0.02302921136574045,153,2022-02-15T00:00:00Z,daec211cfe940ff0b8c175d9b16010e7
PIT,2021,offense_rush_epa,-0.031950168326457654,416,2022-02-15T00:00:00Z,daec211cfe940ff0b8c175d9b16010e7
PIT,2021,offense_sack_rate,0.05291005291005291,756,2022-02-15T00:00:00Z,daec211cfe940ff0b8c175d9b16010e7
PIT,2021,offense_success_rate,0.39193825042881647,1166,2022-02-15T00:00:00Z,daec211cfe940ff0b8c175d9b16010e7
PIT,2021,special_teams_epa_per_play,-0.13648764629630575,215,2022-02-15T00:00:00Z,daec211cfe940ff0b8c175d9b16010e7
PIT,2022,defense_allowed_epa_per_play,0.023753848879329457,1008,2023-02-15T00:00:00Z,daec211cfe940ff0b8c175d9b16010e7
PIT,2022,defense_allowed_success_rate,0.4305555555555556,1008,2023-02-15T00:00:00Z,daec211cfe940ff0b8c175d9b16010e7
PIT,2022,offense_early_down_epa,-0.024759124236345843,847,2023-02-15T00:00:00Z,daec211cfe940ff0b8c175d9b16010e7
PIT,2022,offense_epa_per_play,0.011765690478715677,1101,2023-02-15T00:00:00Z,daec211cfe940ff0b8c175d9b16010e7
PIT,2022,offense_explosive_rate,0.16439600363306087,1101,2023-02-15T00:00:00Z,daec211cfe940ff0b8c175d9b16010e7
PIT,2022,offense_fumble_lost_rate,0.0027247956403269754,1101,2023-02-15T00:00:00Z,daec211cfe940ff0b8c175d9b16010e7
PIT,2022,offense_int_rate,0.021806853582554516,642,2023-02-15T00:00:00Z,daec211cfe940ff0b8c175d9b16010e7
PIT,2022,offense_late_down_epa,0.12257371890538205,251,2023-02-15T00:00:00Z,daec211cfe940ff0b8c175d9b16010e7
PIT,2022,offense_pace_plays_per_game,64.76470588235294,1101,2023-02-15T00:00:00Z,daec211cfe940ff0b8c175d9b16010e7
PIT,2022,offense_pass_epa,0.005371980519106361,642,2023-02-15T00:00:00Z,daec211cfe940ff0b8c175d9b16010e7
PIT,2022,offense_red_zone_epa,0.022705876325600383,155,2023-02-15T00:00:00Z,daec211cfe940ff0b8c175d9b16010e7
PIT,2022,offense_rush_epa,0.034953534011539396,491,2023-02-15T00:00:00Z,daec211cfe940ff0b8c175d9b16010e7
PIT,2022,offense_sack_rate,0.059190031152647975,642,2023-02-15T00:00:00Z,daec211cfe940ff0b8c175d9b16010e7
PIT,2022,offense_success_rate,0.45049954586739327,1101,2023-02-15T00:00:00Z,daec211cfe940ff0b8c175d9b16010e7
PIT,2022,special_teams_epa_per_play,-0.0839232214352049,178,2023-02-15T00:00:00Z,daec211cfe940ff0b8c175d9b16010e7
PIT,2023,defense_allowed_epa_per_play,-0.04587231850340564,1130,2024-02-15T00:00:00Z,daec211cfe940ff0b8c175d9b16010e7
PIT,2023,defense_allowed_success_rate,0.4150442477876106,1130,2024-02-15T00:00:00Z,daec211cfe940ff0b8c175d9b16010e7
PIT,2023,offense_early_down_epa,-0.045231308908407465,807,2024-02-15T00:00:00Z,daec211cfe940ff0b8c175d9b16010e7
PIT,2023,offense_epa_per_play,-0.07765418895826566,1070,2024-02-15T00:00:00Z,daec211cfe940ff0b8c175d9b16010e7
PIT,2023,offense_explosive_rate,0.15794392523364487,1070,2024-02-15T00:00:00Z,daec211cfe940ff0b8c175d9b16010e7
PIT,2023,offense_fumble_lost_rate,0.0065420560747663555,1070,2024-02-15T00:00:00Z,daec211cfe940ff0b8c175d9b16010e7
PIT,2023,offense_int_rate,0.016474464579901153,607,2024-02-15T00:00:00Z,daec211cfe940ff0b8c175d9b16010e7
PIT,2023,offense_late_down_epa,-0.1759512149856132,260,2024-02-15T00:00:00Z,daec211cfe940ff0b8c175d9b16010e7
PIT,2023,offense_pace_plays_per_game,59.44444444444444,1070,2024-02-15T00:00:00Z,daec211cfe940ff0b8c175d9b16010e7
PIT,2023,offense_pass_epa,-0.08933368159739358,607,2024-02-15T00:00:00Z,daec211cfe940ff0b8c175d9b16010e7
PIT,2023,offense_red_zone_epa,-0.12853209360354284,134,2024-02-15T00:00:00Z,daec211cfe940ff0b8c175d9b16010e7
PIT,2023,offense_rush_epa,-0.048022568078928324,489,2024-02-15T00:00:00Z,daec211cfe940ff0b8c175d9b16010e7
PIT,2023,offense_sack_rate,0.060955518945634266,607,2024-02-15T00:00:00Z,daec211cfe940ff0b8c175d9b16010e7
PIT,2023,offense_success_rate,0.41869158878504675,1070,2024-02-15T00:00:00Z,daec211cfe940ff0b8c175d9b16010e7
PIT,2023,special_teams_epa_per_play,-0.11397566408581737,209,2024-02-15T00:00:00Z,daec211cfe940ff0b8c175d9b16010e7
PIT,2024,defense_allowed_epa_per_play,0.0020154983423636926,1101,2025-02-15T00:00:00Z,daec211cfe940ff0b8c175d9b16010e7
PIT,2024,defense_allowed_success_rate,0.44959128065395093,1101,2025-02-15T00:00:00Z,daec211cfe940ff0b8c175d9b16010e7
PIT,2024,offense_early_down_epa,-0.028314305622075115,851,2025-02-15T00:00:00Z,daec211cfe940ff0b8c175d9b16010e7
PIT,2024,offense_epa_per_play,-0.02807314730151444,1110,2025-02-15T00:00:00Z,daec211cfe940ff0b8c175d9b16010e7
PIT,2024,offense_explosive_rate,0.16486486486486487,1110,2025-02-15T00:00:00Z,daec211cfe940ff0b8c175d9b16010e7
PIT,2024,offense_fumble_lost_rate,0.009009009009009009,1110,2025-02-15T00:00:00Z,daec211cfe940ff0b8c175d9b16010e7
PIT,2024,offense_int_rate,0.00964630225080386,622,2025-02-15T00:00:00Z,daec211cfe940ff0b8c175d9b16010e7
PIT,2024,offense_late_down_epa,-0.020123421868852534,257,2025-02-15T00:00:00Z,daec211cfe940ff0b8c175d9b16010e7
PIT,2024,offense_pace_plays_per_game,61.666666666666664,1110,2025-02-15T00:00:00Z,daec211cfe940ff0b8c175d9b16010e7
PIT,2024,offense_pass_epa,0.03202204438667764,622,2025-02-15T00:00:00Z,daec211cfe940ff0b8c175d9b16010e7
PIT,2024,offense_red_zone_epa,-0.05758609174886611,169,2025-02-15T00:00:00Z,daec211cfe940ff0b8c175d9b16010e7
PIT,2024,offense_rush_epa,-0.06494758799032856,529,2025-02-15T00:00:00Z,daec211cfe940ff0b8c175d9b16010e7
PIT,2024,offense_sack_rate,0.08520900321543408,622,2025-02-15T00:00:00Z,daec211cfe940ff0b8c175d9b16010e7
PIT,2024,offense_success_rate,0.4036036036036036,1110,2025-02-15T00:00:00Z,daec211cfe940ff0b8c175d9b16010e7
PIT,2024,special_teams_epa_per_play,0.21709756858679877,197,2025-02-15T00:00:00Z,daec211cfe940ff0b8c175d9b16010e7
PIT,2025,defense_allowed_epa_per_play,0.021710777987054238,1170,2026-02-15T00:00:00Z,daec211cfe940ff0b8c175d9b16010e7
PIT,2025,defense_allowed_success_rate,0.43675213675213675,1170,2026-02-15T00:00:00Z,daec211cfe940ff0b8c175d9b16010e7
PIT,2025,offense_early_down_epa,-0.00593413063155642,782,2026-02-15T00:00:00Z,daec211cfe940ff0b8c175d9b16010e7
PIT,2025,offense_epa_per_play,-0.0062283983292786465,1032,2026-02-15T00:00:00Z,daec211cfe940ff0b8c175d9b16010e7
PIT,2025,offense_explosive_rate,0.17054263565891473,1032,2026-02-15T00:00:00Z,daec211cfe940ff0b8c175d9b16010e7
PIT,2025,offense_fumble_lost_rate,0.005813953488372093,1032,2026-02-15T00:00:00Z,daec211cfe940ff0b8c175d9b16010e7
PIT,2025,offense_int_rate,0.015822784810126583,632,2026-02-15T00:00:00Z,daec211cfe940ff0b8c175d9b16010e7
PIT,2025,offense_late_down_epa,-0.007633939201364688,248,2026-02-15T00:00:00Z,daec211cfe940ff0b8c175d9b16010e7
PIT,2025,offense_pace_plays_per_game,57.333333333333336,1032,2026-02-15T00:00:00Z,daec211cfe940ff0b8c175d9b16010e7
PIT,2025,offense_pass_epa,-0.008924181982072078,632,2026-02-15T00:00:00Z,daec211cfe940ff0b8c175d9b16010e7
PIT,2025,offense_red_zone_epa,0.008916324015260123,170,2026-02-15T00:00:00Z,daec211cfe940ff0b8c175d9b16010e7
PIT,2025,offense_rush_epa,0.005635250195287105,413,2026-02-15T00:00:00Z,daec211cfe940ff0b8c175d9b16010e7
PIT,2025,offense_sack_rate,0.055379746835443035,632,2026-02-15T00:00:00Z,daec211cfe940ff0b8c175d9b16010e7
PIT,2025,offense_success_rate,0.4312015503875969,1032,2026-02-15T00:00:00Z,daec211cfe940ff0b8c175d9b16010e7
PIT,2025,special_teams_epa_per_play,0.07776605996869042,206,2026-02-15T00:00:00Z,daec211cfe940ff0b8c175d9b16010e7
SEA,2020,defense_allowed_epa_per_play,0.03431315436477906,1176,2021-02-15T00:00:00Z,daec211cfe940ff0b8c175d9b16010e7
SEA,2020,defense_allowed_success_rate,0.4549319727891156,1176,2021-02-15T00:00:00Z,daec211cfe940ff0b8c175d9b16010e7
SEA,2020,offense_early_down_epa,0.10512146406927564,845,2021-02-15T00:00:00Z,daec211cfe940ff0b8c175d9b16010e7
SEA,2020,offense_epa_per_play,0.06777940421967285,1063,2021-02-15T00:00:00Z,daec211cfe940ff0b8c175d9b16010e7
SEA,2020,offense_explosive_rate,0.19661335841956726,1063,2021-02-15T00:00:00Z,daec211cfe940ff0b8c175d9b16010e7
SEA,2020,offense_fumble_lost_rate,0.004703668861712135,1063,2021-02-15T00:00:00Z,daec211cfe940ff0b8c175d9b16010e7
SEA,2020,offense_int_rate,0.019971469329529243,701,2021-02-15T00:00:00Z,daec211cfe940ff0b8c175d9b16010e7
SEA,2020,offense_late_down_epa,-0.07816727061585951,216,2021-02-15T00:00:00Z,daec211cfe940ff0b8c175d9b16010e7
SEA,2020,offense_pace_plays_per_game,62.529411764705884,1063,2021-02-15T00:00:00Z,daec211cfe940ff0b8c175d9b16010e7
SEA,2020,offense_pass_epa,0.1066934881868908,701,2021-02-15T00:00:00Z,daec211cfe940ff0b8c175d9b16010e7
SEA,2020,offense_red_zone_epa,0.2539594679222809,153,2021-02-15T00:00:00Z,daec211cfe940ff0b8c175d9b16010e7
SEA,2020,offense_rush_epa,0.038089152650909806,419,2021-02-15T00:00:00Z,daec211cfe940ff0b8c175d9b16010e7
SEA,2020,offense_sack_rate,0.07560627674750357,701,2021-02-15T00:00:00Z,daec211cfe940ff0b8c175d9b16010e7
SEA,2020,offense_success_rate,0.47412982126058323,1063,2021-02-15T00:00:00Z,daec211cfe940ff0b8c175d9b16010e7
SEA,2020,special_teams_epa_per_play,0.0634479817316432,218,2021-02-15T00:00:00Z,daec211cfe940ff0b8c175d9b16010e7
SEA,2021,defense_allowed_epa_per_play,0.027786507053275525,1190,2022-02-15T00:00:00Z,daec211cfe940ff0b8c175d9b16010e7
SEA,2021,defense_allowed_success_rate,0.46638655462184875,1190,2022-02-15T00:00:00Z,daec211cfe940ff0b8c175d9b16010e7
SEA,2021,offense_early_down_epa,0.09078108900085995,741,2022-02-15T00:00:00Z,daec211cfe940ff0b8c175d9b16010e7
SEA,2021,offense_epa_per_play,0.031195467211197266,947,2022-02-15T00:00:00Z,daec211cfe940ff0b8c175d9b16010e7
SEA,2021,offense_explosive_rate,0.1700105596620908,947,2022-02-15T00:00:00Z,daec211cfe940ff0b8c175d9b16010e7
SEA,2021,offense_fumble_lost_rate,0.006335797254487857,947,2022-02-15T00:00:00Z,daec211cfe940ff0b8c175d9b16010e7
SEA,2021,offense_int_rate,0.012302284710017574,569,2022-02-15T00:00:00Z,daec211cfe940ff0b8c175d9b16010e7
SEA,2021,offense_late_down_epa,-0.18545431127761472,204,2022-02-15T00:00:00Z,daec211cfe940ff0b8c175d9b16010e7
SEA,2021,offense_pace_plays_per_game,55.705882352941174,947,2022-02-15T00:00:00Z,daec211cfe940ff0b8c175d9b16010e7
SEA,2021,offense_pass_epa,0.025600227113365084,569,2022-02-15T00:00:00Z,daec211cfe940ff0b8c175d9b16010e7
SEA,2021,offense_red_zone_epa,0.1665291971225312,125,2022-02-15T00:00:00Z,daec211cfe940ff0b8c175d9b16010e7
SEA,2021,offense_rush_epa,0.06180758321863126,405,2022-02-15T00:00:00Z,daec211cfe940ff0b8c175d9b16010e7
SEA,2021,offense_sack_rate,0.08084358523725835,569,2022-02-15T00:00:00Z,daec211cfe940ff0b8c175d9b16010e7
SEA,2021,offense_success_rate,0.43189017951425557,947,2022-02-15T00:00:00Z,daec211cfe940ff0b8c175d9b16010e7
SEA,2021,special_teams_epa_per_play,0.01787936360735708,214,2022-02-15T00:00:00Z,daec211cfe940ff0b8c175d9b16010e7
SEA,2022,defense_allowed_epa_per_play,0.04049269449026895,1166,2023-02-15T00:00:00Z,daec211cfe940ff0b8c175d9b16010e7
SEA,2022,defense_allowed_success_rate,0.4228130360205832,1166,2023-02-15T00:00:00Z,daec211cfe940ff0b8c175d9b16010e7
SEA,2022,offense_early_down_epa,0.010592016138317369,859,2023-02-15T00:00:00Z,daec211cfe940ff0b8c175d9b16010e7
SEA,2022,offense_epa_per_play,0.001155814629766843,1097,2023-02-15T00:00:00Z,daec211cfe940ff0b8c175d9b16010e7
SEA,2022,offense_explosive_rate,0.19325432999088424,1097,2023-02-15T00:00:00Z,daec211cfe940ff0b8c175d9b16010e7
SEA,2022,offense_fumble_lost_rate,0.009115770282588878,1097,2023-02-15T00:00:00Z,daec211cfe940ff0b8c175d9b16010e7
SEA,2022,offense_int_rate,0.01870503597122302,695,2023-02-15T00:00:00Z,daec211cfe940ff0b8c175d9b16010e7
SEA,2022,offense_late_down_epa,-0.021232396655150587,235,2023-02-15T00:00:00Z,daec211cfe940ff0b8c175d9b16010e7
SEA,2022,offense_pace_plays_per_game,60.94444444444444,1097,2023-02-15T00:00:00Z,daec211cfe940ff0b8c175d9b16010e7
SEA,2022,offense_pass_epa,0.03797245413604628,695,2023-02-15T00:00:00Z,daec211cfe940ff0b8c175d9b16010e7
SEA,2022,offense_red_zone_epa,-0.09892094742422634,167,2023-02-15T00:00:00Z,daec211cfe940ff0b8c175d9b16010e7
SEA,2022,offense_rush_epa,0.0022162887587906833,438,2023-02-15T00:00:00Z,daec211cfe940ff0b8c175d9b16010e7
SEA,2022,offense_sack_rate,0.07050359712230216,695,2023-02-15T00:00:00Z,daec211cfe940ff0b8c175d9b16010e7
SEA,2022,offense_success_rate,0.4439380127620784,1097,2023-02-15T00:00:00Z,daec211cfe940ff0b8c175d9b16010e7
SEA,2022,special_teams_epa_per_play,0.12527217935773108,210,2023-02-15T00:00:00Z,daec211cfe940ff0b8c175d9b16010e7
SEA,2023,defense_allowed_epa_per_play,0.0515030189506364,1135,2024-02-15T00:00:00Z,daec211cfe940ff0b8c175d9b16010e7
SEA,2023,defense_allowed_success_rate,0.44933920704845814,1135,2024-02-15T00:00:00Z,daec211cfe940ff0b8c175d9b16010e7
SEA,2023,offense_early_down_epa,0.06734457270531938,759,2024-02-15T00:00:00Z,daec211cfe940ff0b8c175d9b16010e7
SEA,2023,offense_epa_per_play,0.016406908833893143,984,2024-02-15T00:00:00Z,daec211cfe940ff0b8c175d9b16010e7
SEA,2023,offense_explosive_rate,0.18191056910569106,984,2024-02-15T00:00:00Z,daec211cfe940ff0b8c175d9b16010e7
SEA,2023,offense_fumble_lost_rate,0.003048780487804878,984,2024-02-15T00:00:00Z,daec211cfe940ff0b8c175d9b16010e7
SEA,2023,offense_int_rate,0.01889763779527559,635,2024-02-15T00:00:00Z,daec211cfe940ff0b8c175d9b16010e7
SEA,2023,offense_late_down_epa,-0.16274383959813765,222,2024-02-15T00:00:00Z,daec211cfe940ff0b8c175d9b16010e7
SEA,2023,offense_pace_plays_per_game,57.88235294117647,984,2024-02-15T00:00:00Z,daec211cfe940ff0b8c175d9b16010e7
SEA,2023,offense_pass_epa,0.06332074178164203,635,2024-02-15T00:00:00Z,daec211cfe940ff0b8c175d9b16010e7
SEA,2023,offense_red_zone_epa,-0.12897194268048412,151,2024-02-15T00:00:00Z,daec211cfe940ff0b8c175d9b16010e7
SEA,2023,offense_rush_epa,-0.04145529321907171,372,2024-02-15T00:00:00Z,daec211cfe940ff0b8c175d9b16010e7
SEA,2023,offense_sack_rate,0.05984251968503937,635,2024-02-15T00:00:00Z,daec211cfe940ff0b8c175d9b16010e7
SEA,2023,offense_success_rate,0.43902439024390244,984,2024-02-15T00:00:00Z,daec211cfe940ff0b8c175d9b16010e7
SEA,2023,special_teams_epa_per_play,0.0471061677828221,190,2024-02-15T00:00:00Z,daec211cfe940ff0b8c175d9b16010e7
SEA,2024,defense_allowed_epa_per_play,-0.011866435561123427,1056,2025-02-15T00:00:00Z,daec211cfe940ff0b8c175d9b16010e7
SEA,2024,defense_allowed_success_rate,0.4412878787878788,1056,2025-02-15T00:00:00Z,daec211cfe940ff0b8c175d9b16010e7
SEA,2024,offense_early_down_epa,-0.0009580727417014675,788,2025-02-15T00:00:00Z,daec211cfe940ff0b8c175d9b16010e7
SEA,2024,offense_epa_per_play,-0.02984243653746635,1018,2025-02-15T00:00:00Z,daec211cfe940ff0b8c175d9b16010e7
SEA,2024,offense_explosive_rate,0.1787819253438114,1018,2025-02-15T00:00:00Z,daec211cfe940ff0b8c175d9b16010e7
SEA,2024,offense_fumble_lost_rate,0.0029469548133595285,1018,2025-02-15T00:00:00Z,daec211cfe940ff0b8c175d9b16010e7
SEA,2024,offense_int_rate,0.0237741456166419,673,2025-02-15T00:00:00Z,daec211cfe940ff0b8c175d9b16010e7
SEA,2024,offense_late_down_epa,-0.1179895994479295,227,2025-02-15T00:00:00Z,daec211cfe940ff0b8c175d9b16010e7
SEA,2024,offense_pace_plays_per_game,59.88235294117647,1018,2025-02-15T00:00:00Z,daec211cfe940ff0b8c175d9b16010e7
SEA,2024,offense_pass_epa,0.010431148600857981,673,2025-02-15T00:00:00Z,daec211cfe940ff0b8c175d9b16010e7
SEA,2024,offense_red_zone_epa,-0.20086036229737997,125,2025-02-15T00:00:00Z,daec211cfe940ff0b8c175d9b16010e7
SEA,2024,offense_rush_epa,-0.05540201291119301,370,2025-02-15T00:00:00Z,daec211cfe940ff0b8c175d9b16010e7
SEA,2024,offense_sack_rate,0.08023774145616643,673,2025-02-15T00:00:00Z,daec211cfe940ff0b8c175d9b16010e7
SEA,2024,offense_success_rate,0.43909626719056977,1018,2025-02-15T00:00:00Z,daec211cfe940ff0b8c175d9b16010e7
SEA,2024,special_teams_epa_per_play,0.03200848466763617,201,2025-02-15T00:00:00Z,daec211cfe940ff0b8c175d9b16010e7
SEA,2025,defense_allowed_epa_per_play,-0.12392895045021768,1246,2026-02-15T00:00:00Z,daec211cfe940ff0b8c175d9b16010e7
SEA,2025,defense_allowed_success_rate,0.398876404494382,1246,2026-02-15T00:00:00Z,daec211cfe940ff0b8c175d9b16010e7
SEA,2025,offense_early_down_epa,0.052810092405706596,929,2026-02-15T00:00:00Z,daec211cfe940ff0b8c175d9b16010e7
SEA,2025,offense_epa_per_play,0.04479649338768356,1185,2026-02-15T00:00:00Z,daec211cfe940ff0b8c175d9b16010e7
SEA,2025,offense_explosive_rate,0.19831223628691982,1185,2026-02-15T00:00:00Z,daec211cfe940ff0b8c175d9b16010e7
SEA,2025,offense_fumble_lost_rate,0.009282700421940928,1185,2026-02-15T00:00:00Z,daec211cfe940ff0b8c175d9b16010e7
SEA,2025,offense_int_rate,0.024232633279483037,619,2026-02-15T00:00:00Z,daec211cfe940ff0b8c175d9b16010e7
SEA,2025,offense_late_down_epa,0.0034160822905279797,253,2026-02-15T00:00:00Z,daec211cfe940ff0b8c175d9b16010e7
SEA,2025,offense_pace_plays_per_game,59.25,1185,2026-02-15T00:00:00Z,daec211cfe940ff0b8c175d9b16010e7
SEA,2025,offense_pass_epa,0.14280917034243565,619,2026-02-15T00:00:00Z,daec211cfe940ff0b8c175d9b16010e7
SEA,2025,offense_red_zone_epa,0.053307181337526176,206,2026-02-15T00:00:00Z,daec211cfe940ff0b8c175d9b16010e7
SEA,2025,offense_rush_epa,-0.047095433220618675,582,2026-02-15T00:00:00Z,daec211cfe940ff0b8c175d9b16010e7
SEA,2025,offense_sack_rate,0.05331179321486268,619,2026-02-15T00:00:00Z,daec211cfe940ff0b8c175d9b16010e7
SEA,2025,offense_success_rate,0.459915611814346,1185,2026-02-15T00:00:00Z,daec211cfe940ff0b8c175d9b16010e7
SEA,2025,special_teams_epa_per_play,0.22905185225058147,208,2026-02-15T00:00:00Z,daec211cfe940ff0b8c175d9b16010e7
SF,2020,defense_allowed_epa_per_play,-0.03440169927674584,977,2021-02-15T00:00:00Z,daec211cfe940ff0b8c175d9b16010e7
SF,2020,defense_allowed_success_rate,0.42681678607983625,977,2021-02-15T00:00:00Z,daec211cfe940ff0b8c175d9b16010e7
SF,2020,offense_early_down_epa,0.03022222469469741,825,2021-02-15T00:00:00Z,daec211cfe940ff0b8c175d9b16010e7
SF,2020,offense_epa_per_play,0.008029722807136765,1040,2021-02-15T00:00:00Z,daec211cfe940ff0b8c175d9b16010e7
SF,2020,offense_explosive_rate,0.20096153846153847,1040,2021-02-15T00:00:00Z,daec211cfe940ff0b8c175d9b16010e7
SF,2020,offense_fumble_lost_rate,0.009615384615384616,1040,2021-02-15T00:00:00Z,daec211cfe940ff0b8c175d9b16010e7
SF,2020,offense_int_rate,0.027463651050080775,619,2021-02-15T00:00:00Z,daec211cfe940ff0b8c175d9b16010e7
SF,2020,offense_late_down_epa,-0.07011575191328495,211,2021-02-15T00:00:00Z,daec211cfe940ff0b8c175d9b16010e7
SF,2020,offense_pace_plays_per_game,65.0,1040,2021-02-15T00:00:00Z,daec211cfe940ff0b8c175d9b16010e7
SF,2020,offense_pass_epa,0.06082144118088063,619,2021-02-15T00:00:00Z,daec211cfe940ff0b8c175d9b16010e7
SF,2020,offense_red_zone_epa,0.15026875756231536,162,2021-02-15T00:00:00Z,daec211cfe940ff0b8c175d9b16010e7
SF,2020,offense_rush_epa,-0.06536252989256473,428,2021-02-15T00:00:00Z,daec211cfe940ff0b8c175d9b16010e7
SF,2020,offense_sack_rate,0.0630048465266559,619,2021-02-15T00:00:00Z,daec211cfe940ff0b8c175d9b16010e7
SF,2020,offense_success_rate,0.4596153846153846,1040,2021-02-15T00:00:00Z,daec211cfe940ff0b8c175d9b16010e7
SF,2020,special_teams_epa_per_play,-0.08807692526666484,195,2021-02-15T00:00:00Z,daec211cfe940ff0b8c175d9b16010e7
SF,2021,defense_allowed_epa_per_play,-0.0370306578162158,1221,2022-02-15T00:00:00Z,daec211cfe940ff0b8c175d9b16010e7
SF,2021,defense_allowed_success_rate,0.40540540540540543,1221,2022-02-15T00:00:00Z,daec211cfe940ff0b8c175d9b16010e7
SF,2021,offense_early_down_epa,0.07146559296724589,943,2022-02-15T00:00:00Z,daec211cfe940ff0b8c175d9b16010e7
SF,2021,offense_epa_per_play,0.05875330004454035,1196,2022-02-15T00:00:00Z,daec211cfe940ff0b8c175d9b16010e7
SF,2021,offense_explosive_rate,0.19230769230769232,1196,2022-02-15T00:00:00Z,daec211cfe940ff0b8c175d9b16010e7
SF,2021,offense_fumble_lost_rate,0.005852842809364548,1196,2022-02-15T00:00:00Z,daec211cfe940ff0b8c175d9b16010e7
SF,2021,offense_int_rate,0.026438569206842923,643,2022-02-15T00:00:00Z,daec211cfe940ff0b8c175d9b16010e7
SF,2021,offense_late_down_epa,0.006871570740629555,250,2022-02-15T00:00:00Z,daec211cfe940ff0b8c175d9b16010e7
SF,2021,offense_pace_plays_per_game,59.8,1196,2022-02-15T00:00:00Z,daec211cfe940ff0b8c175d9b16010e7
SF,2021,offense_pass_epa,0.14159253295034963,643,2022-02-15T00:00:00Z,daec211cfe940ff0b8c175d9b16010e7
SF,2021,offense_red_zone_epa,0.19274607864083823,140,2022-02-15T00:00:00Z,daec211cfe940ff0b8c175d9b16010e7
SF,2021,offense_rush_epa,-0.03320779262735584,573,2022-02-15T00:00:00Z,daec211cfe940ff0b8c175d9b16010e7
SF,2021,offense_sack_rate,0.05754276827371695,643,2022-02-15T00:00:00Z,daec211cfe940ff0b8c175d9b16010e7
SF,2021,offense_success_rate,0.44816053511705684,1196,2022-02-15T00:00:00Z,daec211cfe940ff0b8c175d9b16010e7
SF,2021,special_teams_epa_per_play,-0.10725497687764894,217,2022-02-15T00:00:00Z,daec211cfe940ff0b8c175d9b16010e7
SF,2022,defense_allowed_epa_per_play,-0.10238440312434359,1209,2023-02-15T00:00:00Z,daec211cfe940ff0b8c175d9b16010e7
SF,2022,defense_allowed_success_rate,0.40694789081885857,1209,2023-02-15T00:00:00Z,daec211cfe940ff0b8c175d9b16010e7
SF,2022,offense_early_down_epa,0.0763943662294086,939,2023-02-15T00:00:00Z,daec211cfe940ff0b8c175d9b16010e7
SF,2022,offense_epa_per_play,0.07701538156474826,1202,2023-02-15T00:00:00Z,daec211cfe940ff0b8c175d9b16010e7
SF,2022,offense_explosive_rate,0.194675540765391,1202,2023-02-15T00:00:00Z,daec211cfe940ff0b8c175d9b16010e7
SF,2022,offense_fumble_lost_rate,0.009151414309484194,1202,2023-02-15T00:00:00Z,daec211cfe940ff0b8c175d9b16010e7
SF,2022,offense_int_rate,0.013996889580093312,643,2023-02-15T00:00:00Z,daec211cfe940ff0b8c175d9b16010e7
SF,2022,offense_late_down_epa,0.07551594943287304,262,2023-02-15T00:00:00Z,daec211cfe940ff0b8c175d9b16010e7
SF,2022,offense_pace_plays_per_game,60.1,1202,2023-02-15T00:00:00Z,daec211cfe940ff0b8c175d9b16010e7
SF,2022,offense_pass_epa,0.17278895318321774,643,2023-02-15T00:00:00Z,daec211cfe940ff0b8c175d9b16010e7
SF,2022,offense_red_zone_epa,-0.06763292962001212,202,2023-02-15T00:00:00Z,daec211cfe940ff0b8c175d9b16010e7
SF,2022,offense_rush_epa,-0.030718850997218217,575,2023-02-15T00:00:00Z,daec211cfe940ff0b8c175d9b16010e7
SF,2022,offense_sack_rate,0.05754276827371695,643,2023-02-15T00:00:00Z,daec211cfe940ff0b8c175d9b16010e7
SF,2022,offense_success_rate,0.4584026622296173,1202,2023-02-15T00:00:00Z,daec211cfe940ff0b8c175d9b16010e7
SF,2022,special_teams_epa_per_play,0.016912982355918274,207,2023-02-15T00:00:00Z,daec211cfe940ff0b8c175d9b16010e7
SF,2023,defense_allowed_epa_per_play,-0.06299772349532168,1247,2024-02-15T00:00:00Z,daec211cfe940ff0b8c175d9b16010e7
SF,2023,defense_allowed_success_rate,0.42502004811547717,1247,2024-02-15T00:00:00Z,daec211cfe940ff0b8c175d9b16010e7
SF,2023,offense_early_down_epa,0.1548223126954552,959,2024-02-15T00:00:00Z,daec211cfe940ff0b8c175d9b16010e7
SF,2023,offense_epa_per_play,0.16556560667238332,1192,2024-02-15T00:00:00Z,daec211cfe940ff0b8c175d9b16010e7
SF,2023,offense_explosive_rate,0.22231543624161074,1192,2024-02-15T00:00:00Z,daec211cfe940ff0b8c175d9b16010e7
SF,2023,offense_fumble_lost_rate,0.00587248322147651,1192,2024-02-15T00:00:00Z,daec211cfe940ff0b8c175d9b16010e7
SF,2023,offense_int_rate,0.019696969696969695,660,2024-02-15T00:00:00Z,daec211cfe940ff0b8c175d9b16010e7
SF,2023,offense_late_down_epa,0.20978371364179982,233,2024-02-15T00:00:00Z,daec211cfe940ff0b8c175d9b16010e7
SF,2023,offense_pace_plays_per_game,59.6,1192,2024-02-15T00:00:00Z,daec211cfe940ff0b8c175d9b16010e7
SF,2023,offense_pass_epa,0.2718863749672527,660,2024-02-15T00:00:00Z,daec211cfe940ff0b8c175d9b16010e7
SF,2023,offense_red_zone_epa,0.14177313213647166,212,2024-02-15T00:00:00Z,daec211cfe940ff0b8c175d9b16010e7
SF,2023,offense_rush_epa,0.06406123179269331,559,2024-02-15T00:00:00Z,daec211cfe940ff0b8c175d9b16010e7
SF,2023,offense_sack_rate,0.05757575757575758,660,2024-02-15T00:00:00Z,daec211cfe940ff0b8c175d9b16010e7
SF,2023,offense_success_rate,0.50251677852349,1192,2024-02-15T00:00:00Z,daec211cfe940ff0b8c175d9b16010e7
SF,2023,special_teams_epa_per_play,0.043255988297112725,226,2024-02-15T00:00:00Z,daec211cfe940ff0b8c175d9b16010e7
SF,2024,defense_allowed_epa_per_play,0.04116116068402366,1018,2025-02-15T00:00:00Z,daec211cfe940ff0b8c175d9b16010e7
SF,2024,defense_allowed_success_rate,0.4538310412573674,1018,2025-02-15T00:00:00Z,daec211cfe940ff0b8c175d9b16010e7
SF,2024,offense_early_down_epa,0.08367470108842098,800,2025-02-15T00:00:00Z,daec211cfe940ff0b8c175d9b16010e7
SF,2024,offense_epa_per_play,0.0687446995083063,1014,2025-02-15T00:00:00Z,daec211cfe940ff0b8c175d9b16010e7
SF,2024,offense_explosive_rate,0.21597633136094674,1014,2025-02-15T00:00:00Z,daec211cfe940ff0b8c175d9b16010e7
SF,2024,offense_fumble_lost_rate,0.007889546351084813,1014,2025-02-15T00:00:00Z,daec211cfe940ff0b8c175d9b16010e7
SF,2024,offense_int_rate,0.026143790849673203,612,2025-02-15T00:00:00Z,daec211cfe940ff0b8c175d9b16010e7
SF,2024,offense_late_down_epa,0.021987568069272618,212,2025-02-15T00:00:00Z,daec211cfe940ff0b8c175d9b16010e7
SF,2024,offense_pace_plays_per_game,59.64705882352941,1014,2025-02-15T00:00:00Z,daec211cfe940ff0b8c175d9b16010e7
SF,2024,offense_pass_epa,0.13564771056530917,612,2025-02-15T00:00:00Z,daec211cfe940ff0b8c175d9b16010e7
SF,2024,offense_red_zone_epa,0.06929714691873368,195,2025-02-15T00:00:00Z,daec211cfe940ff0b8c175d9b16010e7
SF,2024,offense_rush_epa,0.012197970915499892,450,2025-02-15T00:00:00Z,daec211cfe940ff0b8c175d9b16010e7
SF,2024,offense_sack_rate,0.058823529411764705,612,2025-02-15T00:00:00Z,daec211cfe940ff0b8c175d9b16010e7
SF,2024,offense_success_rate,0.46055226824457596,1014,2025-02-15T00:00:00Z,daec211cfe940ff0b8c175d9b16010e7
SF,2024,special_teams_epa_per_play,-0.026845565717415386,180,2025-02-15T00:00:00Z,daec211cfe940ff0b8c175d9b16010e7
SF,2025,defense_allowed_epa_per_play,0.0698630923595544,1143,2026-02-15T00:00:00Z,daec211cfe940ff0b8c175d9b16010e7
SF,2025,defense_allowed_success_rate,0.48381452318460194,1143,2026-02-15T00:00:00Z,daec211cfe940ff0b8c175d9b16010e7
SF,2025,offense_early_down_epa,0.016962984236818295,919,2026-02-15T00:00:00Z,daec211cfe940ff0b8c175d9b16010e7
SF,2025,offense_epa_per_play,0.061053138203066674,1180,2026-02-15T00:00:00Z,daec211cfe940ff0b8c175d9b16010e7
SF,2025,offense_explosive_rate,0.1923728813559322,1180,2026-02-15T00:00:00Z,daec211cfe940ff0b8c175d9b16010e7
SF,2025,offense_fumble_lost_rate,0.006779661016949152,1180,2026-02-15T00:00:00Z,daec211cfe940ff0b8c175d9b16010e7
SF,2025,offense_int_rate,0.02702702702702703,703,2026-02-15T00:00:00Z,daec211cfe940ff0b8c175d9b16010e7
SF,2025,offense_late_down_epa,0.22339343971086978,256,2026-02-15T00:00:00Z,daec211cfe940ff0b8c175d9b16010e7
SF,2025,offense_pace_plays_per_game,62.10526315789474,1180,2026-02-15T00:00:00Z,daec211cfe940ff0b8c175d9b16010e7
SF,2025,offense_pass_epa,0.1318001518816787,703,2026-02-15T00:00:00Z,daec211cfe940ff0b8c175d9b16010e7
SF,2025,offense_red_zone_epa,0.19358691312559934,211,2026-02-15T00:00:00Z,daec211cfe940ff0b8c175d9b16010e7
SF,2025,offense_rush_epa,-0.023244468210211408,511,2026-02-15T00:00:00Z,daec211cfe940ff0b8c175d9b16010e7
SF,2025,offense_sack_rate,0.04267425320056899,703,2026-02-15T00:00:00Z,daec211cfe940ff0b8c175d9b16010e7
SF,2025,offense_success_rate,0.47627118644067795,1180,2026-02-15T00:00:00Z,daec211cfe940ff0b8c175d9b16010e7
SF,2025,special_teams_epa_per_play,0.1451686608628917,191,2026-02-15T00:00:00Z,daec211cfe940ff0b8c175d9b16010e7
TB,2020,defense_allowed_epa_per_play,-0.05995192149344549,1283,2021-02-15T00:00:00Z,daec211cfe940ff0b8c175d9b16010e7
TB,2020,defense_allowed_success_rate,0.4193296960249415,1283,2021-02-15T00:00:00Z,daec211cfe940ff0b8c175d9b16010e7
TB,2020,offense_early_down_epa,0.09177613383855113,986,2021-02-15T00:00:00Z,daec211cfe940ff0b8c175d9b16010e7
TB,2020,offense_epa_per_play,0.1242594480859745,1247,2021-02-15T00:00:00Z,daec211cfe940ff0b8c175d9b16010e7
TB,2020,offense_explosive_rate,0.214915797914996,1247,2021-02-15T00:00:00Z,daec211cfe940ff0b8c175d9b16010e7
TB,2020,offense_fumble_lost_rate,0.00400962309542903,1247,2021-02-15T00:00:00Z,daec211cfe940ff0b8c175d9b16010e7
TB,2020,offense_int_rate,0.018844221105527637,796,2021-02-15T00:00:00Z,daec211cfe940ff0b8c175d9b16010e7
TB,2020,offense_late_down_epa,0.2608576116217008,258,2021-02-15T00:00:00Z,daec211cfe940ff0b8c175d9b16010e7
TB,2020,offense_pace_plays_per_game,62.35,1247,2021-02-15T00:00:00Z,daec211cfe940ff0b8c175d9b16010e7
TB,2020,offense_pass_epa,0.2021950211210963,796,2021-02-15T00:00:00Z,daec211cfe940ff0b8c175d9b16010e7
TB,2020,offense_red_zone_epa,0.16987459603343444,203,2021-02-15T00:00:00Z,daec211cfe940ff0b8c175d9b16010e7
TB,2020,offense_rush_epa,-0.013296933791096317,457,2021-02-15T00:00:00Z,daec211cfe940ff0b8c175d9b16010e7
TB,2020,offense_sack_rate,0.035175879396984924,796,2021-02-15T00:00:00Z,daec211cfe940ff0b8c175d9b16010e7
TB,2020,offense_success_rate,0.46351242983159585,1247,2021-02-15T00:00:00Z,daec211cfe940ff0b8c175d9b16010e7
TB,2020,special_teams_epa_per_play,-0.0918689304728271,237,2021-02-15T00:00:00Z,daec211cfe940ff0b8c175d9b16010e7
TB,2021,defense_allowed_epa_per_play,-0.083720326304585,1223,2022-02-15T00:00:00Z,daec211cfe940ff0b8c175d9b16010e7
TB,2021,defense_allowed_success_rate,0.42273098937040066,1223,2022-02-15T00:00:00Z,daec211cfe940ff0b8c175d9b16010e7
TB,2021,offense_early_down_epa,0.11347070585974232,993,2022-02-15T00:00:00Z,daec211cfe940ff0b8c175d9b16010e7
TB,2021,offense_epa_per_play,0.11613017270334938,1263,2022-02-15T00:00:00Z,daec211cfe940ff0b8c175d9b16010e7
TB,2021,offense_explosive_rate,0.20110847189231987,1263,2022-02-15T00:00:00Z,daec211cfe940ff0b8c175d9b16010e7
TB,2021,offense_fumble_lost_rate,0.006334125098970704,1263,2022-02-15T00:00:00Z,daec211cfe940ff0b8c175d9b16010e7
TB,2021,offense_int_rate,0.015098722415795587,861,2022-02-15T00:00:00Z,daec211cfe940ff0b8c175d9b16010e7
TB,2021,offense_late_down_epa,0.13047564496481703,267,2022-02-15T00:00:00Z,daec211cfe940ff0b8c175d9b16010e7
TB,2021,offense_pace_plays_per_game,66.47368421052632,1263,2022-02-15T00:00:00Z,daec211cfe940ff0b8c175d9b16010e7
TB,2021,offense_pass_epa,0.1567194141627018,861,2022-02-15T00:00:00Z,daec211cfe940ff0b8c175d9b16010e7
TB,2021,offense_red_zone_epa,0.18743997900145465,233,2022-02-15T00:00:00Z,daec211cfe940ff0b8c175d9b16010e7
TB,2021,offense_rush_epa,0.038991569809929315,412,2022-02-15T00:00:00Z,daec211cfe940ff0b8c175d9b16010e7
TB,2021,offense_sack_rate,0.03484320557491289,861,2022-02-15T00:00:00Z,daec211cfe940ff0b8c175d9b16010e7
TB,2021,offense_success_rate,0.48614410134600156,1263,2022-02-15T00:00:00Z,daec211cfe940ff0b8c175d9b16010e7
TB,2021,special_teams_epa_per_play,-0.07934713118723062,230,2022-02-15T00:00:00Z,daec211cfe940ff0b8c175d9b16010e7
TB,2022,defense_allowed_epa_per_play,-0.001310842802559789,1129,2023-02-15T00:00:00Z,daec211cfe940ff0b8c175d9b16010e7
TB,2022,defense_allowed_success_rate,0.4295837023914969,1129,2023-02-15T00:00:00Z,daec211cfe940ff0b8c175d9b16010e7
TB,2022,offense_early_down_epa,0.011781802139206411,927,2023-02-15T00:00:00Z,daec211cfe940ff0b8c175d9b16010e7
TB,2022,offense_epa_per_play,-0.03871935888310603,1228,2023-02-15T00:00:00Z,daec211cfe940ff0b8c175d9b16010e7
TB,2022,offense_explosive_rate,0.16368078175895764,1228,2023-02-15T00:00:00Z,daec211cfe940ff0b8c175d9b16010e7
TB,2022,offense_fumble_lost_rate,0.008143322475570033,1228,2023-02-15T00:00:00Z,daec211cfe940ff0b8c175d9b16010e7
TB,2022,offense_int_rate,0.012941176470588235,850,2023-02-15T00:00:00Z,daec211cfe940ff0b8c175d9b16010e7
TB,2022,offense_late_down_epa,-0.19159624414896764,292,2023-02-15T00:00:00Z,daec211cfe940ff0b8c175d9b16010e7
TB,2022,offense_pace_plays_per_game,68.22222222222223,1228,2023-02-15T00:00:00Z,daec211cfe940ff0b8c175d9b16010e7
TB,2022,offense_pass_epa,0.027598686261208573,850,2023-02-15T00:00:00Z,daec211cfe940ff0b8c175d9b16010e7
TB,2022,offense_red_zone_epa,-0.05111946371752326,178,2023-02-15T00:00:00Z,daec211cfe940ff0b8c175d9b16010e7
TB,2022,offense_rush_epa,-0.19981493747487894,382,2023-02-15T00:00:00Z,daec211cfe940ff0b8c175d9b16010e7
TB,2022,offense_sack_rate,0.02823529411764706,850,2023-02-15T00:00:00Z,daec211cfe940ff0b8c175d9b16010e7
TB,2022,offense_success_rate,0.4364820846905538,1228,2023-02-15T00:00:00Z,daec211cfe940ff0b8c175d9b16010e7
TB,2022,special_teams_epa_per_play,-0.0911687130650124,196,2023-02-15T00:00:00Z,daec211cfe940ff0b8c175d9b16010e7
TB,2023,defense_allowed_epa_per_play,-0.018251239194438787,1197,2024-02-15T00:00:00Z,daec211cfe940ff0b8c175d9b16010e7
TB,2023,defense_allowed_success_rate,0.4344193817878028,1197,2024-02-15T00:00:00Z,daec211cfe940ff0b8c175d9b16010e7
TB,2023,offense_early_down_epa,-0.059640468784527445,875,2024-02-15T00:00:00Z,daec211cfe940ff0b8c175d9b16010e7
TB,2023,offense_epa_per_play,-0.000888769087461076,1158,2024-02-15T00:00:00Z,daec211cfe940ff0b8c175d9b16010e7
TB,2023,offense_explosive_rate,0.18652849740932642,1158,2024-02-15T00:00:00Z,daec211cfe940ff0b8c175d9b16010e7
TB,2023,offense_fumble_lost_rate,0.0069084628670120895,1158,2024-02-15T00:00:00Z,daec211cfe940ff0b8c175d9b16010e7
TB,2023,offense_int_rate,0.016415868673050615,731,2024-02-15T00:00:00Z,daec211cfe940ff0b8c175d9b16010e7
TB,2023,offense_late_down_epa,0.18976421355979065,279,2024-02-15T00:00:00Z,daec211cfe940ff0b8c175d9b16010e7
TB,2023,offense_pace_plays_per_game,60.94736842105263,1158,2024-02-15T00:00:00Z,daec211cfe940ff0b8c175d9b16010e7
TB,2023,offense_pass_epa,0.08386058834340294,731,2024-02-15T00:00:00Z,daec211cfe940ff0b8c175d9b16010e7
TB,2023,offense_red_zone_epa,-0.06150101258192343,143,2024-02-15T00:00:00Z,daec211cfe940ff0b8c175d9b16010e7
TB,2023,offense_rush_epa,-0.11166443814010588,461,2024-02-15T00:00:00Z,daec211cfe940ff0b8c175d9b16010e7
TB,2023,offense_sack_rate,0.06566347469220246,731,2024-02-15T00:00:00Z,daec211cfe940ff0b8c175d9b16010e7
TB,2023,offense_success_rate,0.40500863557858374,1158,2024-02-15T00:00:00Z,daec211cfe940ff0b8c175d9b16010e7
TB,2023,special_teams_epa_per_play,-0.04863842475151528,211,2024-02-15T00:00:00Z,daec211cfe940ff0b8c175d9b16010e7
TB,2024,defense_allowed_epa_per_play,0.021136638118306614,1120,2025-02-15T00:00:00Z,daec211cfe940ff0b8c175d9b16010e7
TB,2024,defense_allowed_success_rate,0.44642857142857145,1120,2025-02-15T00:00:00Z,daec211cfe940ff0b8c175d9b16010e7
TB,2024,offense_early_down_epa,0.10505168017426546,885,2025-02-15T00:00:00Z,daec211cfe940ff0b8c175d9b16010e7
TB,2024,offense_epa_per_play,0.1291931813953792,1128,2025-02-15T00:00:00Z,daec211cfe940ff0b8c175d9b16010e7
TB,2024,offense_explosive_rate,0.2198581560283688,1128,2025-02-15T00:00:00Z,daec211cfe940ff0b8c175d9b16010e7
TB,2024,offense_fumble_lost_rate,0.0070921985815602835,1128,2025-02-15T00:00:00Z,daec211cfe940ff0b8c175d9b16010e7
TB,2024,offense_int_rate,0.02359882005899705,678,2025-02-15T00:00:00Z,daec211cfe940ff0b8c175d9b16010e7
TB,2024,offense_late_down_epa,0.2233340485823451,240,2025-02-15T00:00:00Z,daec211cfe940ff0b8c175d9b16010e7
TB,2024,offense_pace_plays_per_game,62.666666666666664,1128,2025-02-15T00:00:00Z,daec211cfe940ff0b8c175d9b16010e7
TB,2024,offense_pass_epa,0.20571179173353168,678,2025-02-15T00:00:00Z,daec211cfe940ff0b8c175d9b16010e7
TB,2024,offense_red_zone_epa,0.2109171536417735,175,2025-02-15T00:00:00Z,daec211cfe940ff0b8c175d9b16010e7
TB,2024,offense_rush_epa,0.049601982657673134,496,2025-02-15T00:00:00Z,daec211cfe940ff0b8c175d9b16010e7
TB,2024,offense_sack_rate,0.06047197640117994,678,2025-02-15T00:00:00Z,daec211cfe940ff0b8c175d9b16010e7
TB,2024,offense_success_rate,0.49556737588652483,1128,2025-02-15T00:00:00Z,daec211cfe940ff0b8c175d9b16010e7
TB,2024,special_teams_epa_per_play,0.05012646064939984,203,2025-02-15T00:00:00Z,daec211cfe940ff0b8c175d9b16010e7
TB,2025,defense_allowed_epa_per_play,0.013278527120396247,990,2026-02-15T00:00:00Z,daec211cfe940ff0b8c175d9b16010e7
TB,2025,defense_allowed_success_rate,0.4484848484848485,990,2026-02-15T00:00:00Z,daec211cfe940ff0b8c175d9b16010e7
TB,2025,offense_early_down_epa,0.006012261021665377,801,2026-02-15T00:00:00Z,daec211cfe940ff0b8c175d9b16010e7
TB,2025,offense_epa_per_play,-0.00888118128646998,1065,2026-02-15T00:00:00Z,daec211cfe940ff0b8c175d9b16010e7
TB,2025,offense_explosive_rate,0.18591549295774648,1065,2026-02-15T00:00:00Z,daec211cfe940ff0b8c175d9b16010e7
TB,2025,offense_fumble_lost_rate,0.004694835680751174,1065,2026-02-15T00:00:00Z,daec211cfe940ff0b8c175d9b16010e7
TB,2025,offense_int_rate,0.017080745341614908,644,2026-02-15T00:00:00Z,daec211cfe940ff0b8c175d9b16010e7
TB,2025,offense_late_down_epa,-0.04179015292361135,256,2026-02-15T00:00:00Z,daec211cfe940ff0b8c175d9b16010e7
TB,2025,offense_pace_plays_per_game,62.64705882352941,1065,2026-02-15T00:00:00Z,daec211cfe940ff0b8c175d9b16010e7
TB,2025,offense_pass_epa,0.03833383060003235,644,2026-02-15T00:00:00Z,daec211cfe940ff0b8c175d9b16010e7
TB,2025,offense_red_zone_epa,-0.0025347225647159013,149,2026-02-15T00:00:00Z,daec211cfe940ff0b8c175d9b16010e7
TB,2025,offense_rush_epa,0.013814921773029086,464,2026-02-15T00:00:00Z,daec211cfe940ff0b8c175d9b16010e7
TB,2025,offense_sack_rate,0.059006211180124224,644,2026-02-15T00:00:00Z,daec211cfe940ff0b8c175d9b16010e7
TB,2025,offense_success_rate,0.42347417840375584,1065,2026-02-15T00:00:00Z,daec211cfe940ff0b8c175d9b16010e7
TB,2025,special_teams_epa_per_play,0.0023640318044069824,185,2026-02-15T00:00:00Z,daec211cfe940ff0b8c175d9b16010e7
TEN,2020,defense_allowed_epa_per_play,0.12095319797952532,1137,2021-02-15T00:00:00Z,daec211cfe940ff0b8c175d9b16010e7
TEN,2020,defense_allowed_success_rate,0.4731750219876869,1137,2021-02-15T00:00:00Z,daec211cfe940ff0b8c175d9b16010e7
TEN,2020,offense_early_down_epa,0.16577781461593202,857,2021-02-15T00:00:00Z,daec211cfe940ff0b8c175d9b16010e7
TEN,2020,offense_epa_per_play,0.15797804051721168,1073,2021-02-15T00:00:00Z,daec211cfe940ff0b8c175d9b16010e7
TEN,2020,offense_explosive_rate,0.20782851817334577,1073,2021-02-15T00:00:00Z,daec211cfe940ff0b8c175d9b16010e7
TEN,2020,offense_fumble_lost_rate,0.004659832246039142,1073,2021-02-15T00:00:00Z,daec211cfe940ff0b8c175d9b16010e7
TEN,2020,offense_int_rate,0.0142602495543672,561,2021-02-15T00:00:00Z,daec211cfe940ff0b8c175d9b16010e7
TEN,2020,offense_late_down_epa,0.12472655669432728,209,2021-02-15T00:00:00Z,daec211cfe940ff0b8c175d9b16010e7
TEN,2020,offense_pace_plays_per_game,63.11764705882353,1073,2021-02-15T00:00:00Z,daec211cfe940ff0b8c175d9b16010e7
TEN,2020,offense_pass_epa,0.23537786185224263,561,2021-02-15T00:00:00Z,daec211cfe940ff0b8c175d9b16010e7
TEN,2020,offense_red_zone_epa,0.2667243344497684,180,2021-02-15T00:00:00Z,daec211cfe940ff0b8c175d9b16010e7
TEN,2020,offense_rush_epa,0.09747832510913984,533,2021-02-15T00:00:00Z,daec211cfe940ff0b8c175d9b16010e7
TEN,2020,offense_sack_rate,0.04634581105169341,561,2021-02-15T00:00:00Z,daec211cfe940ff0b8c175d9b16010e7
TEN,2020,offense_success_rate,0.49487418452935694,1073,2021-02-15T00:00:00Z,daec211cfe940ff0b8c175d9b16010e7
TEN,2020,special_teams_epa_per_play,-0.026811907340881135,205,2021-02-15T00:00:00Z,daec211cfe940ff0b8c175d9b16010e7
TEN,2021,defense_allowed_epa_per_play,-0.035898332140047944,1101,2022-02-15T00:00:00Z,daec211cfe940ff0b8c175d9b16010e7
TEN,2021,defense_allowed_success_rate,0.4196185286103542,1101,2022-02-15T00:00:00Z,daec211cfe940ff0b8c175d9b16010e7
TEN,2021,offense_early_down_epa,0.014676095021707207,901,2022-02-15T00:00:00Z,daec211cfe940ff0b8c175d9b16010e7
TEN,2021,offense_epa_per_play,0.013260714052445907,1172,2022-02-15T00:00:00Z,daec211cfe940ff0b8c175d9b16010e7
TEN,2021,offense_explosive_rate,0.17918088737201365,1172,2022-02-15T00:00:00Z,daec211cfe940ff0b8c175d9b16010e7
TEN,2021,offense_fumble_lost_rate,0.00938566552901024,1172,2022-02-15T00:00:00Z,daec211cfe940ff0b8c175d9b16010e7
TEN,2021,offense_int_rate,0.027070063694267517,628,2022-02-15T00:00:00Z,daec211cfe940ff0b8c175d9b16010e7
TEN,2021,offense_late_down_epa,0.004326101697419463,268,2022-02-15T00:00:00Z,daec211cfe940ff0b8c175d9b16010e7
TEN,2021,offense_pace_plays_per_game,65.11111111111111,1172,2022-02-15T00:00:00Z,daec211cfe940ff0b8c175d9b16010e7
TEN,2021,offense_pass_epa,0.05219970627255838,628,2022-02-15T00:00:00Z,daec211cfe940ff0b8c175d9b16010e7
TEN,2021,offense_red_zone_epa,0.03560897060168862,183,2022-02-15T00:00:00Z,daec211cfe940ff0b8c175d9b16010e7
TEN,2021,offense_rush_epa,0.00903395616028104,565,2022-02-15T00:00:00Z,daec211cfe940ff0b8c175d9b16010e7
TEN,2021,offense_sack_rate,0.07643312101910828,628,2022-02-15T00:00:00Z,daec211cfe940ff0b8c175d9b16010e7
TEN,2021,offense_success_rate,0.4453924914675768,1172,2022-02-15T00:00:00Z,daec211cfe940ff0b8c175d9b16010e7
TEN,2021,special_teams_epa_per_play,-0.09242478406644417,200,2022-02-15T00:00:00Z,daec211cfe940ff0b8c175d9b16010e7
TEN,2022,defense_allowed_epa_per_play,0.004283508900209323,1092,2023-02-15T00:00:00Z,daec211cfe940ff0b8c175d9b16010e7
TEN,2022,defense_allowed_success_rate,0.42216117216117216,1092,2023-02-15T00:00:00Z,daec211cfe940ff0b8c175d9b16010e7
TEN,2022,offense_early_down_epa,-0.016427553986924835,744,2023-02-15T00:00:00Z,daec211cfe940ff0b8c175d9b16010e7
TEN,2022,offense_epa_per_play,-0.05953720995730606,979,2023-02-15T00:00:00Z,daec211cfe940ff0b8c175d9b16010e7
TEN,2022,offense_explosive_rate,0.17262512768130744,979,2023-02-15T00:00:00Z,daec211cfe940ff0b8c175d9b16010e7
TEN,2022,offense_fumble_lost_rate,0.009193054136874362,979,2023-02-15T00:00:00Z,daec211cfe940ff0b8c175d9b16010e7
TEN,2022,offense_int_rate,0.020793950850661626,529,2023-02-15T00:00:00Z,daec211cfe940ff0b8c175d9b16010e7
TEN,2022,offense_late_down_epa,-0.20135824094842117,234,2023-02-15T00:00:00Z,daec211cfe940ff0b8c175d9b16010e7
TEN,2022,offense_pace_plays_per_game,57.588235294117645,979,2023-02-15T00:00:00Z,daec211cfe940ff0b8c175d9b16010e7
TEN,2022,offense_pass_epa,-0.0342103796460649,529,2023-02-15T00:00:00Z,daec211cfe940ff0b8c175d9b16010e7
TEN,2022,offense_red_zone_epa,0.2383744453316651,116,2023-02-15T00:00:00Z,daec211cfe940ff0b8c175d9b16010e7
TEN,2022,offense_rush_epa,-0.05662257890621191,474,2023-02-15T00:00:00Z,daec211cfe940ff0b8c175d9b16010e7
TEN,2022,offense_sack_rate,0.09262759924385633,529,2023-02-15T00:00:00Z,daec211cfe940ff0b8c175d9b16010e7
TEN,2022,offense_success_rate,0.41062308478038817,979,2023-02-15T00:00:00Z,daec211cfe940ff0b8c175d9b16010e7
TEN,2022,special_teams_epa_per_play,0.02714998131382608,206,2023-02-15T00:00:00Z,daec211cfe940ff0b8c175d9b16010e7
TEN,2023,defense_allowed_epa_per_play,0.007438047648317243,1089,2024-02-15T00:00:00Z,daec211cfe940ff0b8c175d9b16010e7
TEN,2023,defense_allowed_success_rate,0.4361799816345271,1089,2024-02-15T00:00:00Z,daec211cfe940ff0b8c175d9b16010e7
TEN,2023,offense_early_down_epa,-0.009165358141949798,754,2024-02-15T00:00:00Z,daec211cfe940ff0b8c175d9b16010e7
TEN,2023,offense_epa_per_play,-0.04719798865765333,984,2024-02-15T00:00:00Z,daec211cfe940ff0b8c175d9b16010e7
TEN,2023,offense_explosive_rate,0.17682926829268292,984,2024-02-15T00:00:00Z,daec211cfe940ff0b8c175d9b16010e7
TEN,2023,offense_fumble_lost_rate,0.006097560975609756,984,2024-02-15T00:00:00Z,daec211cfe940ff0b8c175d9b16010e7
TEN,2023,offense_int_rate,0.019097222222222224,576,2024-02-15T00:00:00Z,daec211cfe940ff0b8c175d9b16010e7
TEN,2023,offense_late_down_epa,-0.17722768908340927,229,2024-02-15T00:00:00Z,daec211cfe940ff0b8c175d9b16010e7
TEN,2023,offense_pace_plays_per_game,57.88235294117647,984,2024-02-15T00:00:00Z,daec211cfe940ff0b8c175d9b16010e7
TEN,2023,offense_pass_epa,-0.03721663521273431,576,2024-02-15T00:00:00Z,daec211cfe940ff0b8c175d9b16010e7
TEN,2023,offense_red_zone_epa,-0.0756015111771122,117,2024-02-15T00:00:00Z,daec211cfe940ff0b8c175d9b16010e7
TEN,2023,offense_rush_epa,-0.03434242389322874,429,2024-02-15T00:00:00Z,daec211cfe940ff0b8c175d9b16010e7
TEN,2023,offense_sack_rate,0.1111111111111111,576,2024-02-15T00:00:00Z,daec211cfe940ff0b8c175d9b16010e7
TEN,2023,offense_success_rate,0.39735772357723576,984,2024-02-15T00:00:00Z,daec211cfe940ff0b8c175d9b16010e7
TEN,2023,special_teams_epa_per_play,-0.02386787698841578,202,2024-02-15T00:00:00Z,daec211cfe940ff0b8c175d9b16010e7
TEN,2024,defense_allowed_epa_per_play,0.02987989319704842,998,2025-02-15T00:00:00Z,daec211cfe940ff0b8c175d9b16010e7
TEN,2024,defense_allowed_success_rate,0.4318637274549098,998,2025-02-15T00:00:00Z,daec211cfe940ff0b8c175d9b16010e7
TEN,2024,offense_early_down_epa,-0.09174797841293336,788,2025-02-15T00:00:00Z,daec211cfe940ff0b8c175d9b16010e7
TEN,2024,offense_epa_per_play,-0.11610107242169315,1030,2025-02-15T00:00:00Z,daec211cfe940ff0b8c175d9b16010e7
TEN,2024,offense_explosive_rate,0.16893203883495145,1030,2025-02-15T00:00:00Z,daec211cfe940ff0b8c175d9b16010e7
TEN,2024,offense_fumble_lost_rate,0.010679611650485437,1030,2025-02-15T00:00:00Z,daec211cfe940ff0b8c175d9b16010e7
TEN,2024,offense_int_rate,0.03414634146341464,615,2025-02-15T00:00:00Z,daec211cfe940ff0b8c175d9b16010e7
TEN,2024,offense_late_down_epa,-0.20797772102921203,238,2025-02-15T00:00:00Z,daec211cfe940ff0b8c175d9b16010e7
TEN,2024,offense_pace_plays_per_game,60.588235294117645,1030,2025-02-15T00:00:00Z,daec211cfe940ff0b8c175d9b16010e7
TEN,2024,offense_pass_epa,-0.09095980931805038,615,2025-02-15T00:00:00Z,daec211cfe940ff0b8c175d9b16010e7
TEN,2024,offense_red_zone_epa,-0.09409208632898261,126,2025-02-15T00:00:00Z,daec211cfe940ff0b8c175d9b16010e7
TEN,2024,offense_rush_epa,-0.10654738477100482,448,2025-02-15T00:00:00Z,daec211cfe940ff0b8c175d9b16010e7
TEN,2024,offense_sack_rate,0.08455284552845528,615,2025-02-15T00:00:00Z,daec211cfe940ff0b8c175d9b16010e7
TEN,2024,offense_success_rate,0.3990291262135922,1030,2025-02-15T00:00:00Z,daec211cfe940ff0b8c175d9b16010e7
TEN,2024,special_teams_epa_per_play,-0.013771314468280357,201,2025-02-15T00:00:00Z,daec211cfe940ff0b8c175d9b16010e7
TEN,2025,defense_allowed_epa_per_play,0.1004208020416277,991,2026-02-15T00:00:00Z,daec211cfe940ff0b8c175d9b16010e7
TEN,2025,defense_allowed_success_rate,0.4510595358224016,991,2026-02-15T00:00:00Z,daec211cfe940ff0b8c175d9b16010e7
TEN,2025,offense_early_down_epa,-0.09304056274135243,728,2026-02-15T00:00:00Z,daec211cfe940ff0b8c175d9b16010e7
TEN,2025,offense_epa_per_play,-0.15966876663473115,995,2026-02-15T00:00:00Z,daec211cfe940ff0b8c175d9b16010e7
TEN,2025,offense_explosive_rate,0.14773869346733667,995,2026-02-15T00:00:00Z,daec211cfe940ff0b8c175d9b16010e7
TEN,2025,offense_fumble_lost_rate,0.011055276381909548,995,2026-02-15T00:00:00Z,daec211cfe940ff0b8c175d9b16010e7
TEN,2025,offense_int_rate,0.01238390092879257,646,2026-02-15T00:00:00Z,daec211cfe940ff0b8c175d9b16010e7
TEN,2025,offense_late_down_epa,-0.3413366783739809,267,2026-02-15T00:00:00Z,daec211cfe940ff0b8c175d9b16010e7
TEN,2025,offense_pace_plays_per_game,58.529411764705884,995,2026-02-15T00:00:00Z,daec211cfe940ff0b8c175d9b16010e7
TEN,2025,offense_pass_epa,-0.1963281550311148,646,2026-02-15T00:00:00Z,daec211cfe940ff0b8c175d9b16010e7
TEN,2025,offense_red_zone_epa,0.07892819912719654,101,2026-02-15T00:00:00Z,daec211cfe940ff0b8c175d9b16010e7
TEN,2025,offense_rush_epa,-0.057315641041331154,372,2026-02-15T00:00:00Z,daec211cfe940ff0b8c175d9b16010e7
TEN,2025,offense_sack_rate,0.08668730650154799,646,2026-02-15T00:00:00Z,daec211cfe940ff0b8c175d9b16010e7
TEN,2025,offense_success_rate,0.37386934673366834,995,2026-02-15T00:00:00Z,daec211cfe940ff0b8c175d9b16010e7
TEN,2025,special_teams_epa_per_play,0.06629803024098385,206,2026-02-15T00:00:00Z,daec211cfe940ff0b8c175d9b16010e7
WAS,2020,defense_allowed_epa_per_play,-0.06882198660046998,1059,2021-02-15T00:00:00Z,daec211cfe940ff0b8c175d9b16010e7
WAS,2020,defense_allowed_success_rate,0.4202077431539188,1059,2021-02-15T00:00:00Z,daec211cfe940ff0b8c175d9b16010e7
WAS,2020,offense_early_down_epa,-0.06101557887266139,850,2021-02-15T00:00:00Z,daec211cfe940ff0b8c175d9b16010e7
WAS,2020,offense_epa_per_play,-0.061574860984337454,1111,2021-02-15T00:00:00Z,daec211cfe940ff0b8c175d9b16010e7
WAS,2020,offense_explosive_rate,0.16831683168316833,1111,2021-02-15T00:00:00Z,daec211cfe940ff0b8c175d9b16010e7
WAS,2020,offense_fumble_lost_rate,0.0072007200720072,1111,2021-02-15T00:00:00Z,daec211cfe940ff0b8c175d9b16010e7
WAS,2020,offense_int_rate,0.023480662983425413,724,2021-02-15T00:00:00Z,daec211cfe940ff0b8c175d9b16010e7
WAS,2020,offense_late_down_epa,-0.04260560200720288,255,2021-02-15T00:00:00Z,daec211cfe940ff0b8c175d9b16010e7
WAS,2020,offense_pace_plays_per_game,65.3529411764706,1111,2021-02-15T00:00:00Z,daec211cfe940ff0b8c175d9b16010e7
WAS,2020,offense_pass_epa,-0.08358812155796212,724,2021-02-15T00:00:00Z,daec211cfe940ff0b8c175d9b16010e7
WAS,2020,offense_red_zone_epa,-0.02127891106125246,160,2021-02-15T00:00:00Z,daec211cfe940ff0b8c175d9b16010e7
WAS,2020,offense_rush_epa,0.019307513678332822,410,2021-02-15T00:00:00Z,daec211cfe940ff0b8c175d9b16010e7
WAS,2020,offense_sack_rate,0.0718232044198895,724,2021-02-15T00:00:00Z,daec211cfe940ff0b8c175d9b16010e7
WAS,2020,offense_success_rate,0.41044104410441046,1111,2021-02-15T00:00:00Z,daec211cfe940ff0b8c175d9b16010e7
WAS,2020,special_teams_epa_per_play,0.016095244609218684,197,2021-02-15T00:00:00Z,daec211cfe940ff0b8c175d9b16010e7
WAS,2021,defense_allowed_epa_per_play,0.06707649554614971,1055,2022-02-15T00:00:00Z,daec211cfe940ff0b8c175d9b16010e7
WAS,2021,defense_allowed_success_rate,0.44644549763033176,1055,2022-02-15T00:00:00Z,daec211cfe940ff0b8c175d9b16010e7
WAS,2021,offense_early_down_epa,0.012096476937429816,802,2022-02-15T00:00:00Z,daec211cfe940ff0b8c175d9b16010e7
WAS,2021,offense_epa_per_play,-0.05701428564385481,1066,2022-02-15T00:00:00Z,daec211cfe940ff0b8c175d9b16010e7
WAS,2021,offense_explosive_rate,0.16416510318949343,1066,2022-02-15T00:00:00Z,daec211cfe940ff0b8c175d9b16010e7
WAS,2021,offense_fumble_lost_rate,0.008442776735459663,1066,2022-02-15T00:00:00Z,daec211cfe940ff0b8c175d9b16010e7
WAS,2021,offense_int_rate,0.023622047244094488,635,2022-02-15T00:00:00Z,daec211cfe940ff0b8c175d9b16010e7
WAS,2021,offense_late_down_epa,-0.261338292969406,256,2022-02-15T00:00:00Z,daec211cfe940ff0b8c175d9b16010e7
WAS,2021,offense_pace_plays_per_game,62.705882352941174,1066,2022-02-15T00:00:00Z,daec211cfe940ff0b8c175d9b16010e7
WAS,2021,offense_pass_epa,-0.05931757891142673,635,2022-02-15T00:00:00Z,daec211cfe940ff0b8c175d9b16010e7
WAS,2021,offense_red_zone_epa,-0.1452244058149462,152,2022-02-15T00:00:00Z,daec211cfe940ff0b8c175d9b16010e7
WAS,2021,offense_rush_epa,-0.025467996105931087,472,2022-02-15T00:00:00Z,daec211cfe940ff0b8c175d9b16010e7
WAS,2021,offense_sack_rate,0.06771653543307087,635,2022-02-15T00:00:00Z,daec211cfe940ff0b8c175d9b16010e7
WAS,2021,offense_success_rate,0.43902439024390244,1066,2022-02-15T00:00:00Z,daec211cfe940ff0b8c175d9b16010e7
WAS,2021,special_teams_epa_per_play,-0.03694067751818988,185,2022-02-15T00:00:00Z,daec211cfe940ff0b8c175d9b16010e7
WAS,2022,defense_allowed_epa_per_play,-0.0747143754010386,983,2023-02-15T00:00:00Z,daec211cfe940ff0b8c175d9b16010e7
WAS,2022,defense_allowed_success_rate,0.392675483214649,983,2023-02-15T00:00:00Z,daec211cfe940ff0b8c175d9b16010e7
WAS,2022,offense_early_down_epa,-0.01656072160665879,874,2023-02-15T00:00:00Z,daec211cfe940ff0b8c175d9b16010e7
WAS,2022,offense_epa_per_play,-0.07769465407996884,1135,2023-02-15T00:00:00Z,daec211cfe940ff0b8c175d9b16010e7
WAS,2022,offense_explosive_rate,0.17004405286343613,1135,2023-02-15T00:00:00Z,daec211cfe940ff0b8c175d9b16010e7
WAS,2022,offense_fumble_lost_rate,0.006167400881057269,1135,2023-02-15T00:00:00Z,daec211cfe940ff0b8c175d9b16010e7
WAS,2022,offense_int_rate,0.025196850393700787,635,2023-02-15T00:00:00Z,daec211cfe940ff0b8c175d9b16010e7
WAS,2022,offense_late_down_epa,-0.27984394368718446,254,2023-02-15T00:00:00Z,daec211cfe940ff0b8c175d9b16010e7
WAS,2022,offense_pace_plays_per_game,66.76470588235294,1135,2023-02-15T00:00:00Z,daec211cfe940ff0b8c175d9b16010e7
WAS,2022,offense_pass_epa,-0.07934523332858719,635,2023-02-15T00:00:00Z,daec211cfe940ff0b8c175d9b16010e7
WAS,2022,offense_red_zone_epa,-0.11766694644734388,166,2023-02-15T00:00:00Z,daec211cfe940ff0b8c175d9b16010e7
WAS,2022,offense_rush_epa,-0.053580269977953,528,2023-02-15T00:00:00Z,daec211cfe940ff0b8c175d9b16010e7
WAS,2022,offense_sack_rate,0.07559055118110236,635,2023-02-15T00:00:00Z,daec211cfe940ff0b8c175d9b16010e7
WAS,2022,offense_success_rate,0.4035242290748899,1135,2023-02-15T00:00:00Z,daec211cfe940ff0b8c175d9b16010e7
WAS,2022,special_teams_epa_per_play,0.028946058057381985,192,2023-02-15T00:00:00Z,daec211cfe940ff0b8c175d9b16010e7
WAS,2023,defense_allowed_epa_per_play,0.08474207230028563,1109,2024-02-15T00:00:00Z,daec211cfe940ff0b8c175d9b16010e7
WAS,2023,defense_allowed_success_rate,0.45356176735798015,1109,2024-02-15T00:00:00Z,daec211cfe940ff0b8c175d9b16010e7
WAS,2023,offense_early_down_epa,-0.09195740388188962,810,2024-02-15T00:00:00Z,daec211cfe940ff0b8c175d9b16010e7
WAS,2023,offense_epa_per_play,-0.10565660415868723,1060,2024-02-15T00:00:00Z,daec211cfe940ff0b8c175d9b16010e7
WAS,2023,offense_explosive_rate,0.1650943396226415,1060,2024-02-15T00:00:00Z,daec211cfe940ff0b8c175d9b16010e7
WAS,2023,offense_fumble_lost_rate,0.008490566037735849,1060,2024-02-15T00:00:00Z,daec211cfe940ff0b8c175d9b16010e7
WAS,2023,offense_int_rate,0.028493894165535955,737,2024-02-15T00:00:00Z,daec211cfe940ff0b8c175d9b16010e7
WAS,2023,offense_late_down_epa,-0.1614735905035685,246,2024-02-15T00:00:00Z,daec211cfe940ff0b8c175d9b16010e7
WAS,2023,offense_pace_plays_per_game,62.35294117647059,1060,2024-02-15T00:00:00Z,daec211cfe940ff0b8c175d9b16010e7
WAS,2023,offense_pass_epa,-0.10391837828458143,737,2024-02-15T00:00:00Z,daec211cfe940ff0b8c175d9b16010e7
WAS,2023,offense_red_zone_epa,0.10236188579373097,137,2024-02-15T00:00:00Z,daec211cfe940ff0b8c175d9b16010e7
WAS,2023,offense_rush_epa,-0.024078010206113432,357,2024-02-15T00:00:00Z,daec211cfe940ff0b8c175d9b16010e7
WAS,2023,offense_sack_rate,0.08819538670284939,737,2024-02-15T00:00:00Z,daec211cfe940ff0b8c175d9b16010e7
WAS,2023,offense_success_rate,0.41037735849056606,1060,2024-02-15T00:00:00Z,daec211cfe940ff0b8c175d9b16010e7
WAS,2023,special_teams_epa_per_play,-0.07751621805266012,218,2024-02-15T00:00:00Z,daec211cfe940ff0b8c175d9b16010e7
WAS,2024,defense_allowed_epa_per_play,0.03908355523528746,1201,2025-02-15T00:00:00Z,daec211cfe940ff0b8c175d9b16010e7
WAS,2024,defense_allowed_success_rate,0.45129059117402165,1201,2025-02-15T00:00:00Z,daec211cfe940ff0b8c175d9b16010e7
WAS,2024,offense_early_down_epa,0.0648626391492117,1000,2025-02-15T00:00:00Z,daec211cfe940ff0b8c175d9b16010e7
WAS,2024,offense_epa_per_play,0.1322125188505648,1308,2025-02-15T00:00:00Z,daec211cfe940ff0b8c175d9b16010e7
WAS,2024,offense_explosive_rate,0.19648318042813456,1308,2025-02-15T00:00:00Z,daec211cfe940ff0b8c175d9b16010e7
WAS,2024,offense_fumble_lost_rate,0.005351681957186544,1308,2025-02-15T00:00:00Z,daec211cfe940ff0b8c175d9b16010e7
WAS,2024,offense_int_rate,0.012706480304955527,787,2025-02-15T00:00:00Z,daec211cfe940ff0b8c175d9b16010e7
WAS,2024,offense_late_down_epa,0.3521577850244234,300,2025-02-15T00:00:00Z,daec211cfe940ff0b8c175d9b16010e7
WAS,2024,offense_pace_plays_per_game,65.4,1308,2025-02-15T00:00:00Z,daec211cfe940ff0b8c175d9b16010e7
WAS,2024,offense_pass_epa,0.19892128589389496,787,2025-02-15T00:00:00Z,daec211cfe940ff0b8c175d9b16010e7
WAS,2024,offense_red_zone_epa,0.20791220236406743,255,2025-02-15T00:00:00Z,daec211cfe940ff0b8c175d9b16010e7
WAS,2024,offense_rush_epa,0.12306581413769148,611,2025-02-15T00:00:00Z,daec211cfe940ff0b8c175d9b16010e7
WAS,2024,offense_sack_rate,0.06861499364675985,787,2025-02-15T00:00:00Z,daec211cfe940ff0b8c175d9b16010e7
WAS,2024,offense_success_rate,0.47782874617737003,1308,2025-02-15T00:00:00Z,daec211cfe940ff0b8c175d9b16010e7
WAS,2024,special_teams_epa_per_play,0.17155036968069773,217,2025-02-15T00:00:00Z,daec211cfe940ff0b8c175d9b16010e7
WAS,2025,defense_allowed_epa_per_play,0.1424866477870339,1072,2026-02-15T00:00:00Z,daec211cfe940ff0b8c175d9b16010e7
WAS,2025,defense_allowed_success_rate,0.47574626865671643,1072,2026-02-15T00:00:00Z,daec211cfe940ff0b8c175d9b16010e7
WAS,2025,offense_early_down_epa,0.03300727872811793,759,2026-02-15T00:00:00Z,daec211cfe940ff0b8c175d9b16010e7
WAS,2025,offense_epa_per_play,0.005409072947578017,978,2026-02-15T00:00:00Z,daec211cfe940ff0b8c175d9b16010e7
WAS,2025,offense_explosive_rate,0.1901840490797546,978,2026-02-15T00:00:00Z,daec211cfe940ff0b8c175d9b16010e7
WAS,2025,offense_fumble_lost_rate,0.009202453987730062,978,2026-02-15T00:00:00Z,daec211cfe940ff0b8c175d9b16010e7
WAS,2025,offense_int_rate,0.021164021164021163,567,2026-02-15T00:00:00Z,daec211cfe940ff0b8c175d9b16010e7
WAS,2025,offense_late_down_epa,-0.08488474747375685,213,2026-02-15T00:00:00Z,daec211cfe940ff0b8c175d9b16010e7
WAS,2025,offense_pace_plays_per_game,57.529411764705884,978,2026-02-15T00:00:00Z,daec211cfe940ff0b8c175d9b16010e7
WAS,2025,offense_pass_epa,0.036111347601762364,567,2026-02-15T00:00:00Z,daec211cfe940ff0b8c175d9b16010e7
WAS,2025,offense_red_zone_epa,0.06029097865790635,157,2026-02-15T00:00:00Z,daec211cfe940ff0b8c175d9b16010e7
WAS,2025,offense_rush_epa,0.019198304374926253,475,2026-02-15T00:00:00Z,daec211cfe940ff0b8c175d9b16010e7
WAS,2025,offense_sack_rate,0.06525573192239859,567,2026-02-15T00:00:00Z,daec211cfe940ff0b8c175d9b16010e7
WAS,2025,offense_success_rate,0.4560327198364008,978,2026-02-15T00:00:00Z,daec211cfe940ff0b8c175d9b16010e7
WAS,2025,special_teams_epa_per_play,0.15215537519410643,188,2026-02-15T00:00:00Z,daec211cfe940ff0b8c175d9b16010e7
