model,game_index,season,week,home_team_id,away_team_id,home_score,away_score,home_margin,total_points,home_win,home_cover,over,home_spread,total_line,legacy_home_win_probability,legacy_expected_margin,legacy_expected_total,predicted_margin,predicted_total,raw_home_win_probability_no_tie,raw_home_cover_probability_no_push,raw_over_probability_no_push,tie_probability,ats_push_probability,total_push_probability,home_win_probability_no_tie,home_cover_probability_no_push,over_probability_no_push,home_win_probability,away_win_probability,home_cover_probability,away_cover_probability,over_probability,under_probability,predicted_home_points,predicted_away_points
joint_score,7461,2018,1,PHI,ATL,18.0,12.0,6.0,30.0,1.0,1.0,0.0,-1.0,44.5,0.6429697559963901,4.0877686135124165,44.96850196934804,2.051246628223525,43.953572115264414,0.5739124245504215,0.5380462678466637,0.48100170354410166,0.03443981401540103,0.03485353276844888,0.0,0.5571480147806682,0.5016902365868043,0.43807025542108435,0.5379599407725721,0.4276002452120269,0.48420455948631524,0.4809419077452358,0.43807025542108435,0.5619297445789156,23.00240937174397,20.951162743520445
joint_score,7462,2018,1,ARI,WAS,6.0,24.0,-18.0,30.0,0.0,0.0,0.0,-2.0,43.5,0.5940743379261549,2.6463085596650946,41.46429312310602,2.3468783843109695,43.22959650307098,0.5844098037941263,0.5125716392871891,0.49059588062162957,0.03426789212408948,0.034985891894001586,0.0,0.566335491395506,0.49885291968591494,0.44257954100599606,0.5469283678703215,0.4188037400055889,0.48140010536677647,0.48361400273922195,0.44257954100599606,0.5574204589940039,22.788237443690974,20.441359059380005
joint_score,7463,2018,1,BAL,BUF,47.0,3.0,44.0,50.0,1.0,1.0,1.0,-7.5,39.0,0.6254415398134776,3.562673781419926,40.40090664802013,7.473128143597045,38.99928644706629,0.7509312118668918,0.4990591276288649,0.4999743120797897,0.028231978925711387,0.0,0.034770307216208884,0.7166216065787318,0.4973518300192286,0.4469934183088981,0.6963899604840915,0.27537806059019704,0.4973518300192286,0.5026481699807714,0.43145131983067436,0.5337783729531167,23.236207295331667,15.763079151734622
joint_score,7464,2018,1,CAR,DAL,16.0,8.0,8.0,24.0,1.0,1.0,0.0,-2.5,42.5,0.5817631669501168,2.293183104218906,41.82701158976755,3.1141219517266845,43.24335782974164,0.6113468708112939,0.521492049622337,0.5258368784836109,0.03371969887198989,0.0,0.0,0.5900146188797526,0.499844874044281,0.45921615573045826,0.5701195036010555,0.39616079752695466,0.499844874044281,0.500155125955719,0.45921615573045826,0.5407838442695417,23.178739890734164,20.064617939007476
joint_score,7465,2018,1,CLE,PIT,21.0,21.0,0.0,42.0,0.5,1.0,1.0,3.5,41.0,0.20355290000036402,-9.47967425838926,37.458117243756085,-4.639605432059152,39.73376718106102,0.3368180422630769,0.4601650425388948,0.45451778527719,0.03221900729593008,0.0,0.03455921087056313,0.35080179171926024,0.49302294356959897,0.4256337794416889,0.3394993062324321,0.6282816864716378,0.49302294356959897,0.506977056430401,0.4109242119043288,0.554516577225108,17.547080874500935,22.186686306560084
joint_score,7466,2018,1,DEN,SEA,27.0,24.0,3.0,51.0,1.0,,1.0,-3.0,42.5,0.4420813083343216,-1.6171001397956297,43.48225224949864,0.8563100113191975,43.905015477430226,0.5310075648098309,0.42279887642818725,0.5487463561443343,0.034903451837181465,0.03438844800510177,0.0,0.5197740909047114,0.488814408794282,0.4701379842838171,0.501632180956604,0.46346436720621453,0.47200483991331527,0.4936067120815829,0.4701379842838171,0.5298620157161829,22.38066274437471,21.524352733055515
joint_score,7467,2018,1,GB,CHI,24.0,23.0,1.0,47.0,1.0,0.0,1.0,-6.5,45.0,0.6171863203728966,3.3188614868957393,43.40398198356469,6.572702123819577,46.280623680964766,0.7244467151803857,0.5025455263623457,0.5459967672292536,0.029640255497581258,0.0,0.03455440035357288,0.6919163254940917,0.4977390532241118,0.46882114284844273,0.6714077488234992,0.29895199567891956,0.4977390532241118,0.5022609467758882,0.45262130938423806,0.512824290262189,26.42666290239217,19.853960778572596
joint_score,7468,2018,1,IND,CIN,23.0,34.0,-11.0,57.0,0.0,0.0,1.0,1.0,47.5,0.4810771418702479,-0.5262092690904683,44.585019556179645,-1.9171053583183395,47.112229008752664,0.4308690784027174,0.4667960764441185,0.4865153819082345,0.03451044843087614,0.03488897088694953,0.0,0.4330010536370277,0.4937632760834851,0.4406610869504522,0.418057993104972,0.5474315584641518,0.47653638351916355,0.48857464559388686,0.4406610869504522,0.5593389130495479,22.597561825217163,24.5146671835355
joint_score,7469,2018,1,LAC,KC,28.0,38.0,-10.0,66.0,0.0,0.0,1.0,-3.5,48.0,0.5427103845575324,1.190028681429021,42.730741575845855,3.639264610668922,49.912490250727274,0.6294792583686397,0.5048759967135722,0.5684985512926232,0.03326254767588327,0.0,0.03429061719389831,0.6060527996812183,0.49799790569650276,0.47965603344048074,0.5858939395377193,0.38084351278639755,0.49799790569650276,0.5020020943034973,0.4632083320130295,0.5025010507930722,26.7758774306981,23.136612820029175
joint_score,7470,2018,1,MIA,TEN,27.0,20.0,7.0,47.0,1.0,1.0,1.0,1.0,43.5,0.5107985654626442,0.30019115227874865,41.53228669494448,1.7452386338423553,43.45084949247181,0.5629894615782051,0.5984557996818359,0.49829048571554624,0.03459415618534284,0.03400138705923572,0.0,0.5476084396155927,0.5085355599787726,0.4462003943757655,0.528664387727119,0.4367414560875381,0.4912446455705492,0.4747539673702151,0.4462003943757655,0.5537996056242345,22.598044063157083,20.852805429314728
joint_score,7471,2018,1,MIN,SF,24.0,16.0,8.0,40.0,1.0,1.0,0.0,-6.0,46.5,0.745219384982912,7.457884188963517,44.77604252570459,5.313739346209083,45.523029384398384,0.6851754304341066,0.47514078079399424,0.46606071564592977,0.03139757941402166,0.03493870886322792,0.0,0.6559633227695186,0.49469314506050316,0.4310542490539039,0.6353676622501772,0.3332347583358012,0.47740920528859965,0.4876520858481724,0.4310542490539039,0.5689457509460961,25.418384365303734,20.10464501909465
joint_score,7472,2018,1,NE,HOU,27.0,20.0,7.0,47.0,1.0,1.0,0.0,-6.0,49.5,0.8522721721681998,12.177855940860018,44.86745259629049,8.962808204444956,49.07324563020034,0.7915174338217559,0.6060734108122834,0.48516034364346206,0.025692971493678607,0.03383924982612674,0.0,0.7553769981335255,0.5094183132341704,0.4400242278462137,0.7359691184535003,0.238337910052821,0.49217997966663524,0.473980770507238,0.4400242278462137,0.5599757721537864,29.018026917322647,20.055218712877693
joint_score,7473,2018,1,NO,TB,40.0,48.0,-8.0,88.0,0.0,0.0,1.0,-10.0,50.0,0.7265692349026626,6.790874030704817,42.61931158416198,7.250825970459103,49.70266538302541,0.7445242831109663,0.4014060598629788,0.48929727357340186,0.028589898953023607,0.03399855745156499,0.03475863398890794,0.710606867596684,0.4863636440566037,0.44196888592506106,0.6902906890567703,0.28111941199020624,0.46982798176179275,0.49617346078664226,0.4266066511847065,0.5386347148263857,28.476745676742258,21.225919706283154
joint_score,7474,2018,1,NYG,JAX,15.0,20.0,-5.0,35.0,0.0,0.0,0.0,2.5,43.0,0.40241068755049314,-2.747733043451053,40.90176137807218,-2.2953924126662337,44.544964324204386,0.41741413898263724,0.507163608477976,0.5554333188695662,0.03429943087808396,0.0,0.03445651287388374,0.4213209763575283,0.49825202160205573,0.4733483490006517,0.4068699066514664,0.5588306624704497,0.49825202160205573,0.5017479783979443,0.45703841551947916,0.5085050716066372,21.124785955769077,23.42017836843531
joint_score,7475,2018,1,DET,NYJ,17.0,48.0,-31.0,65.0,0.0,0.0,1.0,-7.0,44.0,0.697796867287166,5.814880853587101,41.57574471686527,6.665477029799554,46.47998879327491,0.7272399751995182,0.4878760032131686,0.588516559074309,0.029500473052270937,0.03498702559430661,0.03396749827873263,0.6945029646844131,0.49610952410563314,0.4894254442587463,0.6740147986900182,0.2964847282577108,0.4787521274881701,0.48626084691752336,0.4728008863233194,0.4932316153979481,26.572732911537233,19.90725588173768
joint_score,7476,2018,1,LV,LAR,13.0,33.0,-20.0,46.0,0.0,0.0,0.0,6.5,47.5,0.4832863324198118,-0.46472697541571506,44.00776243667345,-7.56593580139257,48.74235133427243,0.24642018242899397,0.46273240445874725,0.5431262784392221,0.028080721075626647,0.0,0.0,0.2695277749730979,0.49330974965690183,0.46744829400220916,0.26195924070194404,0.7099600382224293,0.49330974965690183,0.5066902503430981,0.46744829400220916,0.5325517059977909,20.58820776643993,28.1541435678325
joint_score,7477,2018,2,CIN,BAL,34.0,23.0,11.0,57.0,1.0,1.0,1.0,-1.0,43.0,0.4861068453913,-0.3862575320804808,40.32454520271216,1.2554519358475802,43.550543078773195,0.5454064311504111,0.5092588671127242,0.5198111478864198,0.03479040084395829,0.03499330812979956,0.034730302855355555,0.5322899209732104,0.4984848000227066,0.4563599905826597,0.5137713412573535,0.4514382578986882,0.48104116781749057,0.4839655240527099,0.44051046989865666,0.5247592272459878,22.40299750731039,21.147545571462807
joint_score,7478,2018,2,ATL,CAR,31.0,24.0,7.0,55.0,1.0,1.0,1.0,-5.5,44.0,0.6046906444344707,2.9535385077416594,44.164793273761774,6.915717210015546,43.038593781763296,0.7347015053389775,0.5494417286793382,0.46543412750123325,0.029117097317463037,0.0,0.03464845682502593,0.7014337508171732,0.5029657077493875,0.43076006302349973,0.6810100360328765,0.28987286664966055,0.5029657077493875,0.49703429225061246,0.41583489157788456,0.5495166515970895,24.97715549588942,18.061438285873876
joint_score,7479,2018,2,BUF,LAC,20.0,31.0,-11.0,51.0,0.0,0.0,1.0,7.5,41.5,0.5153384979397359,0.4264650135654665,43.010302502582405,-5.026199070863939,42.75912835993424,0.32412892745589234,0.5859403069385818,0.5437063465129196,0.03175893773511784,0.0,0.0,0.3395695084702243,0.5070968145369982,0.4677255666914503,0.3287851415939739,0.6394559206709082,0.5070968145369982,0.4929031854630018,0.4677255666914503,0.5322744333085496,18.86646464453515,23.892663715399088
joint_score,7480,2018,2,DAL,NYG,20.0,13.0,7.0,33.0,1.0,1.0,0.0,-3.0,42.0,0.7449095130693688,7.446548124533638,40.993734680139134,-0.03979993342063012,45.164241714503866,0.49855731907873624,0.39124076158926296,0.6123359162073034,0.03500188487181999,0.03377911077475759,0.033472879620945584,0.4916331498267379,0.48518477778259883,0.5012511075135566,0.47442506291733216,0.49057305221084785,0.4687956674276543,0.49742522179758814,0.48447278953188966,0.48205433084716476,22.562220890541617,22.60202082396225
joint_score,7481,2018,2,DEN,LV,20.0,19.0,1.0,39.0,1.0,0.0,0.0,-5.5,44.0,0.6209834192564191,3.4307487195659725,45.07315504259756,5.352147806014561,47.8405162607941,0.6864093304528256,0.4948233472484264,0.6354570400788595,0.03134811240072827,0.0,0.03287601608811974,0.657082187112704,0.4968813623968602,0.5129864336449325,0.6364839008545787,0.3321679867446931,0.4968813623968602,0.5031186376031398,0.4961214833994345,0.47100250051244574,26.59633203340433,21.244184227389766
joint_score,7482,2018,2,GB,MIN,29.0,29.0,0.0,58.0,0.5,1.0,1.0,2.0,45.0,0.3864139274234686,-3.2131635530517726,46.526082307320635,-1.246818118449433,43.80999683915255,0.45490445009732927,0.5272796531444124,0.4572447081597012,0.03479329387108521,0.03492575728911784,0.034583796378742204,0.4538334014029452,0.5004892358333471,0.42691461035057277,0.43804304249941833,0.5271636636294964,0.4830092702568156,0.48206497245406654,0.4121502823950985,0.5532659212261594,21.281589360351557,22.52840747880099
joint_score,7483,2018,2,JAX,NE,31.0,20.0,11.0,51.0,1.0,1.0,1.0,2.0,44.5,0.4314679410224169,-1.9169028305460234,42.918949313422516,1.772271702625904,40.881744000468835,0.5639565369133502,0.6340269310282273,0.3762086947699353,0.03458149740156424,0.03313658180592005,0.0,0.5484522579407184,0.5127125174742474,0.3884865932180989,0.5294859576078594,0.4359325449905764,0.4957229771960428,0.47114044099803715,0.3884865932180989,0.611513406781901,21.32700785154737,19.554736148921464
joint_score,7484,2018,2,LAR,ARI,34.0,0.0,34.0,34.0,1.0,1.0,0.0,-13.5,43.5,0.7241468018552627,6.706377497733538,43.40240576412505,7.402111776702351,45.55906593728831,0.7488940467240328,0.2962614336168813,0.5712342225302499,0.02834700199454071,0.0,0.0,0.7147063612652806,0.4734580883995716,0.4809831991366165,0.6944465786169829,0.2772064193884765,0.4734580883995716,0.5265419116004284,0.4809831991366165,0.5190168008633835,26.48058885699533,19.07847708029298
joint_score,7485,2018,2,NO,CLE,21.0,18.0,3.0,39.0,1.0,0.0,0.0,-10.0,51.0,0.850387036537494,12.07435849240982,42.77335445519046,10.629828063142739,53.04917022656891,0.831859656168957,0.5228174022099812,0.5733385547383605,0.022657862966746767,0.03494869786429411,0.0342201677093959,0.7952578971372041,0.4999923689780022,0.4820056987458963,0.7772390526806461,0.20010308435260712,0.48251828674013736,0.4825330153955686,0.4655113828979272,0.500268449392677,31.839499144855825,21.209671081713086
joint_score,7486,2018,2,NYJ,MIA,12.0,20.0,-8.0,32.0,0.0,0.0,0.0,-3.0,43.0,0.5986698778950933,2.77897039875661,38.93475514281802,-1.4436146240953467,47.89445628521492,0.44782578769041226,0.3433260660581511,0.6704716939026315,0.03472246169193638,0.03244052804327968,0.03174634271839544,0.4477012986244033,0.47946065506286994,0.5313631931456975,0.43215600743348725,0.5331215308745763,0.46390669823665365,0.5036527737200667,0.5144943551081532,0.45375930217345134,23.225420830559788,24.669035454655134
joint_score,7487,2018,2,PIT,KC,37.0,42.0,-5.0,79.0,0.0,0.0,1.0,-4.5,52.0,0.5753664493044216,2.110883657076847,40.2322845916167,5.46112769689346,46.143847509267076,0.689898684442038,0.5336124170662472,0.2988591475498822,0.031206249615405468,0.0,0.030523888708637537,0.6602497412969998,0.5011952332748124,0.3500045637895054,0.6396458230615787,0.3291479273230158,0.5011952332748124,0.4988047667251876,0.3393210634368793,0.6301550478544832,25.802487603080266,20.34135990618681
joint_score,7488,2018,2,SF,DET,30.0,27.0,3.0,57.0,1.0,0.0,1.0,-6.0,48.5,0.5623046468633489,1.7407957861840897,45.56150832461641,8.18907258908406,44.27566260707321,0.7709557843684849,0.5788136078836544,0.35632703051803577,0.027039437972713742,0.0343624320069032,0.0,0.7355937572962647,0.5062833057087015,0.37883611443049287,0.715703715522737,0.25725684650454933,0.4888861800400561,0.4767513879530408,0.37883611443049287,0.6211638855695072,26.232367598078632,18.043295008994576
joint_score,7489,2018,2,TB,PHI,27.0,21.0,6.0,48.0,1.0,1.0,1.0,3.0,46.5,0.3581806316097656,-4.052971533638693,39.422464786113565,-3.929102959068723,46.84688673031133,0.3606356998834462,0.46636275920361564,0.5120633393185706,0.03298289468149618,0.034885996600897085,0.0,0.3717719804429126,0.4937149396627118,0.452695697481623,0.35950986436643273,0.6075072409520711,0.47649120195582634,0.4886228014432765,0.452695697481623,0.547304302518377,21.458891885621306,25.387994844690027
joint_score,7490,2018,2,TEN,HOU,20.0,17.0,3.0,37.0,1.0,1.0,0.0,3.5,41.0,0.6904591923558732,5.574721672258547,43.67613646919636,-2.466407540470419,38.09557640574182,0.41136304988436795,0.5361399439333716,0.39666270602226267,0.03419209370871101,0.0,0.03367393868127089,0.41606228610930174,0.501477333683136,0.3982951446140961,0.40183624543399193,0.563971660857297,0.501477333683136,0.49852266631686404,0.3848829783373131,0.581443082981416,17.814584432635698,20.28099197310612
joint_score,7491,2018,2,WAS,IND,9.0,21.0,-12.0,30.0,0.0,0.0,0.0,-6.0,48.0,0.7378571644082547,7.190948890499222,43.74825393183853,7.216234002098495,49.61729064096806,0.7435194220890499,0.5439940675134872,0.5580098529748321,0.02864502089364429,0.03480338328698407,0.03442659416719612,0.7096658190863323,0.5023553249316206,0.474588439426901,0.6893374268710991,0.2820175522352566,0.484871660011768,0.4803249567012479,0.4582499758263081,0.5073234300064957,28.416762321533277,21.20052831943478
joint_score,7492,2018,2,CHI,SEA,24.0,17.0,7.0,41.0,1.0,1.0,0.0,-4.5,42.5,0.449016857049813,-1.4220106621723698,39.579694741389176,-0.03540687487062535,43.848096626196025,0.4987165594902429,0.34529598651953747,0.5467808512809567,0.035001929381434815,0.0,0.0,0.49177109160984006,0.47970253945500785,0.4691964747989139,0.47455815458948136,0.4904399160290838,0.47970253945500785,0.5202974605449922,0.4691964747989139,0.5308035252010861,21.9063448756627,21.941751750533324
joint_score,7493,2018,3,CLE,NYJ,21.0,17.0,4.0,38.0,1.0,1.0,0.0,-3.0,41.0,0.35540457934449105,-4.137027144469093,37.02944219704054,-1.295387372111074,45.17804583021873,0.45315597457707046,0.34828018660442733,0.6468155473692151,0.03477676274591357,0.03260267129542116,0.03253979564282439,0.4523189221844984,0.48006774735163094,0.5188604217420228,0.43658873434220075,0.5286345029118857,0.4644162563851924,0.5029810723193864,0.5019768096513878,0.46548339470578787,21.941329229053828,23.2367166011649
joint_score,7494,2018,3,ARI,CHI,14.0,16.0,-2.0,30.0,0.0,1.0,0.0,5.5,39.0,0.5314150113826501,0.8743271449272834,39.92326254222067,-4.843471386915984,39.050921437623174,0.33010154028208205,0.5229745408805351,0.5018331661367349,0.03198015505447949,0.0,0.03476996485126094,0.344862094091837,0.5000098588502552,0.4478691878028993,0.3338333508503675,0.6341864940951529,0.5000098588502552,0.4999901411497448,0.43229679188502973,0.5329332432637094,17.103725025353594,21.94719641226958
joint_score,7495,2018,3,ATL,NO,37.0,43.0,-6.0,80.0,0.0,0.0,1.0,-1.5,54.0,0.6456924314794347,4.170324259832969,47.81338132227337,5.581110066107934,52.6815721283654,0.693720056716902,0.6398958037422229,0.4526519068081723,0.031047523912380637,0.0,0.03454150764859443,0.6637247544502554,0.5134167744389398,0.4247572199731488,0.6431177442652221,0.32583473182239725,0.5134167744389398,0.48658322556106015,0.4100854652106506,0.555373027140755,29.131341097236668,23.550231031128735
joint_score,7496,2018,3,BAL,DEN,27.0,14.0,13.0,41.0,1.0,1.0,0.0,-5.5,46.0,0.6694314572411647,4.903113490100459,42.09718944895276,7.752842557276269,47.14490252149964,0.7588665488723547,0.5783685746900658,0.5411409431081468,0.02777296645145888,0.0,0.03459763135563221,0.7241075171692977,0.5062326322108205,0.4664998746233292,0.7039969033877056,0.2682301301608355,0.5062326322108205,0.4937673677891795,0.4503600839336626,0.5150422847107051,27.448872539387953,19.696029982111686
joint_score,7497,2018,3,CAR,CIN,31.0,21.0,10.0,52.0,1.0,1.0,1.0,-2.5,44.0,0.6163719095506438,3.294919007293365,42.4879648622862,0.6318918223469208,44.50225216813329,0.5228920833943298,0.43488317484824135,0.5180746993019132,0.034948347605722074,0.0,0.034737009830400456,0.5127291044261708,0.49018381263569444,0.45553799018631597,0.4948100694571144,0.4702415829371635,0.49018381263569444,0.5098161873643056,0.43971396254309303,0.5255490276265066,22.567071995240106,21.935180172893183
joint_score,7498,2018,3,DET,NE,26.0,10.0,16.0,36.0,1.0,1.0,0.0,7.0,55.0,0.34735107064500653,-4.382575808985166,45.06336271100997,-4.970933924805073,51.31534208113259,0.32593049774594,0.5731225458221395,0.3698302880846914,0.03182654487912295,0.03445181288236743,0.03302279387946305,0.34116705415322884,0.5056363541284468,0.38540445656794475,0.3303088855929429,0.6378645695279341,0.48821626506949106,0.4773319220481415,0.372677324638475,0.5942998814820619,23.17220407816376,28.143138002968833
joint_score,7499,2018,3,HOU,NYG,22.0,27.0,-5.0,49.0,0.0,0.0,1.0,-6.5,44.0,0.572947526766502,2.042137722709549,41.5741723810232,7.654852548821353,44.85979885712704,0.7561027822736516,0.5403661105730663,0.5309207451045206,0.02793482744742004,0.0,0.034672817393904154,0.7214956063497258,0.5019494897214513,0.4616307210621277,0.7013407510822744,0.2707244214703055,0.5019494897214513,0.49805051027854874,0.44562468336732425,0.5197024992387715,26.257325702974196,18.602473154152843
joint_score,7500,2018,3,JAX,TEN,6.0,9.0,-3.0,15.0,0.0,0.0,0.0,-10.0,39.0,0.701897086359283,5.950515500738211,42.45615384169606,11.451334463780325,43.567072203934,0.8497156021010633,0.5524515568262762,0.6597412147632514,0.021129884824189205,0.03471947507846096,0.03212203878629466,0.8134517941044334,0.503303500592874,0.5256439224702772,0.7962636513849766,0.1826064637908342,0.48582906724713754,0.4794514576744015,0.508759168004907,0.45911879320879845,27.509203333857165,16.057868870076838
joint_score,7501,2018,3,KC,SF,38.0,27.0,11.0,65.0,1.0,1.0,1.0,-5.5,53.0,0.760993245714136,8.047530047258206,43.123188119341584,5.181671099514715,54.59708354281941,0.6809164460155425,0.48885569415446034,0.5572902505151003,0.03156553366198711,0.0,0.03443508821873903,0.6521062879118227,0.4962183897363811,0.4742419129309299,0.6315222049295486,0.3369122614084643,0.4962183897363811,0.5037816102636189,0.4579113508221298,0.5076535609591313,29.889377321167064,24.707706221652348
joint_score,7502,2018,3,LAR,LAC,35.0,23.0,12.0,58.0,1.0,1.0,1.0,-7.5,49.0,0.6241912151898042,3.5256115889814645,44.466833963248604,10.616212331343412,50.290043437392065,0.8315524143890386,0.6077638823611637,0.5463335322620717,0.022683104616948835,0.0,0.03455122248608661,0.7949480411461325,0.5096149976876077,0.46898233057983546,0.7769161515637761,0.20040074381927495,0.5096149976876077,0.49038500231239235,0.45277841773392813,0.5126703597799852,30.45312788436774,19.836915553024326
joint_score,7503,2018,3,MIA,LV,28.0,20.0,8.0,48.0,1.0,1.0,1.0,-3.0,46.0,0.6699747558230723,4.920180448752135,41.40947721526354,1.1113132045005387,45.98070840312209,0.5402127601141193,0.43188343562429626,0.4993055024794416,0.03483611160188438,0.03452481741803837,0.03477025813481438,0.5277728153316321,0.4898447483510929,0.446678400653541,0.5093872626362986,0.45577662576181693,0.4729329478510864,0.4925422347308753,0.4311472773595713,0.5340824645056144,23.546010803811313,22.434697599310773
joint_score,7504,2018,3,MIN,BUF,6.0,27.0,-21.0,33.0,0.0,0.0,0.0,-16.5,41.0,0.7783656595973006,8.72874584993614,43.92362445782983,14.718419479758515,44.39486885070304,0.9077658824536688,0.4378741817072535,0.6202718955335814,0.015204796651219654,0.0,0.03328111507857201,0.8757596395924152,0.4905213626136792,0.5052479727816751,0.8624438923570671,0.12235131099171323,0.4905213626136792,0.5094786373863208,0.48843275685631293,0.47828612806511506,29.55664416523078,14.838224685472262
joint_score,7505,2018,3,PHI,IND,20.0,16.0,4.0,36.0,1.0,0.0,0.0,-6.5,45.5,0.8211766726323141,10.592198915549007,44.31588182804599,9.939406803796244,44.86061192073347,0.8158162620455585,0.6186209657225935,0.4777727509874917,0.023930816633492058,0.0,0.0,0.7792110008376787,0.5108855496718535,0.436553586936108,0.7605638452578324,0.21550533810867556,0.5108855496718535,0.4891144503281465,0.436553586936108,0.563446413063892,27.400009362264857,17.46060255846861
joint_score,7506,2018,3,SEA,DAL,24.0,13.0,11.0,37.0,1.0,1.0,0.0,-1.0,40.0,0.5308019467399647,0.857220887437943,41.20777171610584,2.722150653075638,42.69869658630423,0.5976451090565807,0.5621632090086139,0.5961713194148406,0.034017910712378197,0.03460481714221392,0.033821690586223974,0.5779500463912012,0.504396491711419,0.4931998681303261,0.5582893933168505,0.40769269597077135,0.4869419433485711,0.4784532395092149,0.47651901479325576,0.48965929462052027,22.710423619689934,19.988272966614296
joint_score,7507,2018,3,WAS,GB,31.0,17.0,14.0,48.0,1.0,1.0,1.0,2.5,45.5,0.5643104299073797,1.7974546187686156,44.249141751973816,1.6401585813822062,43.639640432382414,0.5592267112922067,0.6418330238769374,0.4355768219023855,0.03464155505526556,0.0,0.0,0.5443266212266172,0.5136503184897239,0.4167261234989726,0.5254703006093487,0.43988814433538576,0.5136503184897239,0.48634968151027613,0.4167261234989726,0.5832738765010275,22.639899506882312,20.999740925500102
joint_score,7508,2018,3,TB,PIT,27.0,30.0,-3.0,57.0,0.0,0.0,1.0,1.0,55.0,0.5166905533602965,0.46408380153342477,37.68772374703809,1.2456493168392526,47.51127019026063,0.5450534622088358,0.5808219173501898,0.2500890409473663,0.03479368399830535,0.034329264226617584,0.02809978753578002,0.5319828306644706,0.5065121620302522,0.3238952722749696,0.513473188161807,0.4517331278398876,0.48912397218592035,0.4765467635874621,0.31479388394019936,0.6571063285240206,24.378459753549944,23.132810436710688
joint_score,7509,2018,4,LAR,MIN,38.0,31.0,7.0,69.0,1.0,0.0,1.0,-7.5,48.5,0.6303090926018153,3.7074368475406665,45.248218124320005,12.904487810897017,51.994159565054176,0.8780437772065823,0.6823666598319622,0.6196776329345985,0.01843894141068808,0.0,0.0,0.8431681956833729,0.5186803300920221,0.5049476025096082,0.8276210667238116,0.15393999186550036,0.5186803300920221,0.4813196699079779,0.5049476025096082,0.49505239749039176,32.44932368797559,19.54483587707858
joint_score,7510,2018,4,ARI,SEA,17.0,20.0,-3.0,37.0,0.0,1.0,0.0,3.5,40.0,0.41870309619292395,-2.2798693978645135,40.88982873723333,-3.0863850482269086,38.6774174718568,0.3896182420529589,0.5144788578023954,0.45250343116655395,0.03374202691162431,0.0,0.034540068172842386,0.3971274801469883,0.49906490653801044,0.42468746225271087,0.38372759402452306,0.5825303790638526,0.49906490653801044,0.5009350934619896,0.4100187283543508,0.5554412034728069,17.795516211814945,20.881901260041854
joint_score,7511,2018,4,ATL,CIN,36.0,37.0,-1.0,73.0,0.0,0.0,1.0,-3.5,52.5,0.6717222259875987,4.975171817677165,45.01651301963218,5.1033146283194375,58.3972568125065,0.6783778588033069,0.5559526756308626,0.6964248627849711,0.031663596263448945,0.0,0.0,0.6498108274920626,0.5036969720008151,0.5455709267213037,0.6292354798027363,0.33910092393381475,0.5036969720008151,0.4963030279991849,0.5455709267213037,0.4544290732786963,31.75028572041297,26.64697109209353
joint_score,7512,2018,4,CHI,TB,48.0,10.0,38.0,58.0,1.0,1.0,1.0,-3.0,46.0,0.518463109989905,0.5134127532249476,37.89394396547286,2.0041043607813567,45.37819494951458,0.572233264341959,0.46395117578944917,0.4776271268816958,0.03446516515494219,0.03486873659481704,0.034719284393386785,0.555680226393867,0.49344582484661276,0.43648519410043585,0.5365286156178668,0.42900621922719107,0.476239992356224,0.488891271048959,0.42133074051296016,0.5439499750936531,23.691149655147967,21.687045294366612
joint_score,7513,2018,4,DAL,DET,26.0,24.0,2.0,50.0,1.0,0.0,1.0,-2.5,43.5,0.6032559138808685,2.911858019858619,44.16520603902039,2.1892196381333426,45.84562317682838,0.5788188304665441,0.48911989294384833,0.5810187737070295,0.03436234685618772,0.0,0.0,0.5614396555848551,0.4962477465441431,0.48575001328980266,0.5421472714008297,0.42349038174298254,0.4962477465441431,0.503752253455857,0.48575001328980266,0.5142499867101973,24.017421407480864,21.82820176934752
joint_score,7514,2018,4,GB,BUF,22.0,0.0,22.0,22.0,1.0,1.0,0.0,-8.5,43.5,0.5091327176676028,0.25387072396825716,45.10812651325959,7.30268268474211,42.01647736747418,0.7460267019327194,0.45815495679508345,0.44854462781188253,0.02850697257266893,0.0,0.0,0.7120150292679737,0.49279823121554833,0.42282712451495047,0.6917176363573034,0.2797753910700276,0.49279823121554833,0.5072017687844517,0.42282712451495047,0.5771728754850496,24.659580026108145,17.356897341366036
joint_score,7515,2018,4,IND,HOU,34.0,37.0,-3.0,71.0,0.0,0.0,1.0,-1.0,48.0,0.6539044740199144,4.421093178684851,45.01156309633497,2.6157271580258064,46.27925135143663,0.5939026983249698,0.5583510559245427,0.43830901217831714,0.03409237133034698,0.03465216271958832,0.034381467662078724,0.5746622064835362,0.5039668683105536,0.4180126498357255,0.5550706091505829,0.41083701951907015,0.48650332638457494,0.4788445108958367,0.40364076143305866,0.5619777709048626,24.447489254731217,21.83176209670541
joint_score,7516,2018,4,JAX,NYJ,31.0,12.0,19.0,43.0,1.0,1.0,1.0,-7.5,40.5,0.7351707204795305,7.094755250190047,39.83922140311758,8.666883846202708,44.03470100088721,0.7837882617348662,0.5407851856392071,0.6210230557341209,0.026214100666825835,0.0,0.0,0.747901919227588,0.5019963437066621,0.5056279026203712,0.7282963430280437,0.24548955630513042,0.5019963437066621,0.49800365629333787,0.5056279026203712,0.49437209737962884,26.35079242354496,17.68390857734225
joint_score,7517,2018,4,LAC,SF,29.0,27.0,2.0,56.0,1.0,0.0,1.0,-10.5,46.0,0.6663043261540115,4.805152907358843,44.08177446440391,10.423132599569794,42.72436965039306,0.82715587533372,0.49730863656485513,0.3838248737372787,0.02304054942796907,0.0,0.03338180725952755,0.790525291633615,0.49715740824473814,0.392151437322416,0.772311154577671,0.20464829599435994,0.49715740824473814,0.5028425917552619,0.3790607136251724,0.5875574791153001,26.573751124981428,16.15061852541163
joint_score,7518,2018,4,NE,MIA,38.0,7.0,31.0,45.0,1.0,1.0,0.0,-6.5,50.5,0.6776987665643163,5.164395642623403,42.479451619154204,6.619642094858984,51.92145659267105,0.7258617860814731,0.5041889914699885,0.5493138756245686,0.029569694084018605,0.0,0.0,0.6932261915698406,0.4979215958627504,0.4704100096755692,0.6727277051540911,0.2977026007618903,0.4979215958627504,0.5020784041372496,0.4704100096755692,0.5295899903244308,29.270549343765015,22.650907248906034
joint_score,7519,2018,4,NYG,NO,18.0,33.0,-15.0,51.0,0.0,0.0,0.0,3.5,51.5,0.3403616063210041,-4.597845773092086,44.16050885237044,-3.025953323101266,47.544943330458445,0.39172340522450433,0.5165931667451387,0.36511596633236976,0.033790032332928654,0.0,0.0,0.398963504129384,0.4992999668775317,0.38311827147884575,0.3854825144251936,0.5807274532418778,0.4992999668775317,0.5007000331224682,0.38311827147884575,0.6168817285211543,22.259495003678587,25.285448326779857
joint_score,7520,2018,4,LV,CLE,45.0,42.0,3.0,87.0,1.0,1.0,1.0,-2.5,44.5,0.7031111351756714,5.99088106803647,39.49326449784649,-0.8466330564209097,44.9352315079214,0.4693421270843783,0.3844864625095638,0.5151342943239606,0.03490566574216203,0.0,0.0,0.46633561067069795,0.48439557016937207,0.45414707565109047,0.4500578557209596,0.5150364785368784,0.48439557016937207,0.5156044298306279,0.45414707565109047,0.5458529243489095,22.044299225750244,22.890932282171157
joint_score,7521,2018,4,PIT,BAL,14.0,26.0,-12.0,40.0,0.0,0.0,0.0,-3.0,51.0,0.6248780845969543,3.5459657008348042,38.35630310549554,3.334630289335624,54.077653482490334,0.6189938413322117,0.5121278850786393,0.6093436299383924,0.0335356494596899,0.034987015923833964,0.03354166262389524,0.5967677539504459,0.4988036026362472,0.49975191170567,0.5767547597451173,0.38970959079519285,0.4813519530479471,0.48366103102821895,0.48298940168759175,0.483468935688513,28.706141885912977,25.371511596577356
joint_score,7522,2018,4,TEN,PHI,26.0,23.0,3.0,49.0,1.0,1.0,1.0,3.0,41.5,0.3893154632173031,-3.1282443122001222,42.59620457526032,-2.1337698062487482,38.16876902384752,0.42315152826466407,0.5313660204714671,0.3857438365530834,0.034394064839455396,0.03490115631706597,0.0,0.42630355718043206,0.5009446715848729,0.3930723578173799,0.4116412449934778,0.5539646901670667,0.4834611232956879,0.48163772038724606,0.3930723578173799,0.6069276421826201,18.017499608799383,20.151269415048134
joint_score,7523,2018,4,DEN,KC,23.0,27.0,-4.0,50.0,0.0,0.0,0.0,3.5,53.5,0.33355302172784423,-4.809611580798819,44.190779905757466,-2.701372007553099,47.552070989858876,0.4030848644165271,0.5279397481583054,0.3020326579415666,0.034032669086017986,0.0,0.0,0.40886128318563064,0.5005627759358903,0.35164279970704976,0.3949466424328894,0.5710206884810927,0.5005627759358903,0.49943722406410973,0.35164279970704976,0.6483572002929503,22.42534949115289,25.126721498705987
joint_score,7524,2018,5,NE,IND,38.0,24.0,14.0,62.0,1.0,1.0,1.0,-10.5,49.5,0.8181005130441413,10.447603053901794,45.65037145994813,13.076455915476332,46.8959040534679,0.8811252444870827,0.5894473970522806,0.4101982311131986,0.01812456640650323,0.0,0.0,0.8464731233053286,0.5074986214703436,0.4047337951736452,0.831131164970661,0.15074426862283574,0.5074986214703436,0.49250137852965636,0.4047337951736452,0.5952662048263548,29.986179984472116,16.909724068995786
joint_score,7525,2018,5,BUF,TEN,13.0,12.0,1.0,25.0,1.0,1.0,0.0,6.0,38.5,0.5042312678263351,0.1176102487667049,42.684828343515036,-7.76601549344317,38.33381091968781,0.24076325053948977,0.4362672365256021,0.49421992670236603,0.027751122471658562,0.0345844438891626,0.0,0.2643222628377499,0.49034007474379665,0.44428433000351736,0.2569870233497536,0.7152618541785878,0.473381935942212,0.49203362016862534,0.44428433000351736,0.5557156699964827,15.283897713122318,23.04991320656549
joint_score,7526,2018,5,CAR,NYG,33.0,31.0,2.0,64.0,1.0,0.0,1.0,-7.0,43.5,0.792548607025578,9.313752826636165,40.82929438949884,8.95298209325924,46.21274536273771,0.7912634960526782,0.5704108140840876,0.5934805776612091,0.0257103862387556,0.0344920107525683,0.0,0.7551306381614579,0.5053288660321567,0.49187047092786773,0.7357159377936088,0.23857367596763562,0.48789905735139233,0.4776089318960393,0.49187047092786773,0.5081295290721323,27.582863727998472,18.629881634739235
joint_score,7527,2018,5,CIN,MIA,27.0,17.0,10.0,44.0,1.0,1.0,0.0,-6.5,47.5,0.6153289632393875,3.2642859140496694,41.245999647849295,3.2586300075313206,52.009233303388974,0.6163634763384499,0.3880212166205889,0.6528891053267325,0.03360039039892254,0.0,0.0,0.594443154378578,0.48480920756171897,0.5220341311199258,0.5744696323214907,0.39192997727958667,0.48480920756171897,0.515190792438281,0.5220341311199258,0.4779658688800742,27.63393165546015,24.375301647928826
joint_score,7528,2018,5,CLE,BAL,12.0,9.0,3.0,21.0,1.0,1.0,0.0,3.0,44.5,0.22026262056450768,-8.784120835613049,37.39705824999149,-3.2702597052643037,47.839126378600085,0.38323365848383995,0.49020453294885796,0.6145194087710824,0.03359057231802609,0.03499225966534758,0.0,0.39155484748006114,0.49636826116230137,0.5023477441877353,0.3784022960593085,0.5880071316226654,0.47899921407807305,0.48600852625657937,0.5023477441877353,0.4976522558122647,22.28443333666789,25.554693041932193
joint_score,7529,2018,5,DET,GB,31.0,23.0,8.0,54.0,1.0,1.0,1.0,1.0,50.0,0.5865215586046721,2.4292977511784737,46.426008273537036,1.0713715959312458,50.59935145696006,0.5387722720489933,0.5746288365300047,0.5215658091708805,0.0348478027481221,0.03442881793903352,0.03472290030196956,0.5265205265460229,0.5058073675043475,0.45719108438259776,0.5081724430941097,0.45697975415776826,0.4883930177363185,0.477178164324648,0.4413160839406315,0.5239610157573991,25.835361526445652,24.763989930514406
joint_score,7530,2018,5,HOU,DAL,19.0,16.0,3.0,35.0,1.0,0.0,0.0,-3.5,45.5,0.37742027007700957,-3.4779160905340634,42.721601076272066,1.2681156154244755,47.063864425480304,0.5458623652249643,0.42235116669082173,0.5542252125448631,0.034786121811802906,0.0,0.0,0.5326866156518809,0.48876348617604143,0.47276749544975344,0.5141565141522976,0.4510573640358996,0.48876348617604143,0.5112365138239585,0.47276749544975344,0.5272325045502466,24.16599002045239,22.897874405027913
joint_score,7531,2018,5,KC,JAX,30.0,14.0,16.0,44.0,1.0,1.0,0.0,-3.0,48.0,0.6678656261876437,4.854004272644215,42.0666801456109,4.891864787166758,50.19924489871388,0.6714846687080783,0.5682300210936855,0.5786397576227732,0.03192221726218669,0.03452322092418497,0.034137400630813775,0.6435907717251755,0.5050819274139488,0.4845880296941813,0.6230459272822261,0.34503185545558723,0.4876448724490238,0.47783190662679115,0.46804545398361436,0.49781714538557187,27.54555484294032,22.65369005577356
joint_score,7532,2018,5,LAC,LV,26.0,10.0,16.0,36.0,1.0,1.0,0.0,-5.0,52.0,0.7207903505356811,6.590056649086109,43.73877299517136,2.374438660763268,51.03306322198277,0.585385386593023,0.40575110275309373,0.4652358036806028,0.03425073425468228,0.034085608501695286,0.034647053380163384,0.5671903909327985,0.48686452732276236,0.4306669486193654,0.5477637035811499,0.4179855621641678,0.47026945365107575,0.495644937847229,0.41574560786147813,0.5496073387583584,26.70375094137302,24.329312280609752
joint_score,7533,2018,5,NYJ,DEN,34.0,16.0,18.0,50.0,1.0,1.0,1.0,-1.0,43.0,0.5466568898272652,1.3006049015809094,41.91135068157786,-0.06482531178233841,43.92003291648128,0.49765019977302677,0.4614638693295871,0.5330819635521781,0.035001532140223945,0.03484967843871778,0.034658702140365705,0.490847378255787,0.493168066576559,0.4626586317313812,0.47366696796982244,0.49133149988995367,0.4759813180401217,0.4891690035211605,0.4466234840215341,0.5187178138381001,21.927603802349473,21.99242911413181
joint_score,7534,2018,5,PHI,MIN,21.0,23.0,-2.0,44.0,0.0,0.0,0.0,-3.5,48.0,0.6823592764102312,5.3132307729994865,43.90135777012594,7.007117632348061,50.11124804316387,0.7374000600892281,0.6208841143932498,0.5755330945686955,0.028974832076819335,0.0,0.03418661640175752,0.703948157162789,0.5111520823017752,0.48307356697576964,0.6835513775182108,0.2874737904049699,0.5111520823017752,0.4888479176982248,0.4665589162477403,0.4992544673505022,28.559182837755966,21.552065205407903
joint_score,7535,2018,5,PIT,ATL,41.0,17.0,24.0,58.0,1.0,1.0,1.0,-3.5,57.0,0.5620660805956837,1.7340606942505656,43.176532091561256,3.91224215291931,55.92930354559394,0.6387918024618408,0.5144308230944123,0.46151672807432914,0.03299968295975858,0.0,0.03461924258238791,0.6143255239568459,0.4990595669385617,0.42892074416729065,0.5940529764321825,0.372947340608059,0.4990595669385617,0.5009404330614383,0.41407183287634486,0.5513089245412672,29.920772849256625,26.008530696337314
joint_score,7536,2018,5,SF,ARI,18.0,28.0,-10.0,46.0,0.0,0.0,1.0,-3.0,40.5,0.6446451867954387,4.138536674156422,43.65584903927931,4.906881666674377,41.808941865754036,0.6719762381099108,0.5687660563664242,0.5454281021135713,0.03190414309587375,0.03451564175477895,0.0,0.6440337234420769,0.505142596604939,0.4685490199114248,0.6234863793708125,0.3446094775333138,0.4877072757054441,0.47777708253977696,0.4685490199114248,0.5314509800885752,23.357911766214208,18.451030099539828
joint_score,7537,2018,5,SEA,LAR,31.0,33.0,-2.0,64.0,0.0,1.0,1.0,7.5,50.5,0.4771596794474808,-0.635285345487755,43.309766054666326,-8.217413895983192,51.46124227465758,0.22827103562157902,0.47489753618202235,0.5333941810638665,0.026991089523209277,0.0,0.0,0.2527629604384118,0.49466606364132243,0.4628072018280072,0.2459406127450672,0.7270682977317234,0.49466606364132243,0.5053339363586775,0.4628072018280072,0.5371927981719928,21.621914189337193,29.839328085320385
joint_score,7538,2018,5,NO,WAS,43.0,19.0,24.0,62.0,1.0,1.0,1.0,-5.5,51.5,0.7184583030626579,6.509741508519328,45.24084487311438,5.748884737166354,53.14523679344655,0.699027355582553,0.5087135911233135,0.5570278870555311,0.030821198505822767,0.0,0.0,0.6685618109414082,0.4984242178978593,0.4741156061395197,0.6479559346529707,0.32122286684120654,0.4984242178978593,0.5015757821021407,0.4741156061395197,0.5258843938604802,29.447060765306453,23.698176028140097
joint_score,7539,2018,6,NYG,PHI,13.0,34.0,-21.0,47.0,0.0,0.0,1.0,1.5,45.0,0.28104724094162226,-6.526736456777862,41.00925277346359,-2.9135731159636817,44.68786017412539,0.39564687837378665,0.45063276680842884,0.48876449381486164,0.0338769536357556,0.0,0.03475744276836301,0.40238359177984034,0.49195592111118214,0.44171838382123274,0.3887520614973259,0.5773709848669185,0.49195592111118214,0.5080440788888179,0.42636538237583244,0.5388771748558046,20.887143529080856,23.800716645044535
joint_score,7540,2018,6,ATL,TB,34.0,29.0,5.0,63.0,1.0,1.0,1.0,-3.0,57.0,0.6569604735523296,4.515121225427283,41.939569525509555,0.6616199919141634,52.27250215477888,0.5239677622066831,0.4158911316536513,0.3349832613600947,0.03494317545638276,0.03427314416560934,0.03194063602898467,0.5136625600883539,0.4880270850301939,0.3683135852269998,0.4957135591258118,0.4693432654178055,0.47130086238823193,0.49442599344615873,0.35654941505673377,0.6115099489142815,26.46706107334652,25.805441081432356
joint_score,7541,2018,6,CIN,PIT,21.0,28.0,-7.0,49.0,0.0,0.0,0.0,-1.5,49.5,0.5102870851850584,0.2859683115168173,40.66122336440276,0.3242387631525705,49.49732069499847,0.511751383044822,0.45890562544268865,0.49990681023698935,0.03498793791985916,0.0,0.0,0.5030666123656307,0.4928821673647512,0.44696162218523056,0.4854653489626281,0.4795467131175127,0.4928821673647512,0.5071178326352488,0.44696162218523056,0.5530383778147694,24.91077972907552,24.58654096592295
joint_score,7542,2018,6,CLE,LAC,14.0,38.0,-24.0,52.0,0.0,0.0,1.0,-1.0,47.0,0.2898865407043177,-6.22559507984909,39.88047454756207,-0.04206410526706428,42.30177482893989,0.4984752470433918,0.46228503348468586,0.3359434212329749,0.0350018599010572,0.03485611144322587,0.03197412602508254,0.49156205544018844,0.493259788776879,0.3687910994721863,0.47435646924299524,0.4906416708559475,0.47606667060881,0.48907721794796405,0.35699932638073384,0.6110265475941835,21.129855361836412,21.17191946710348
joint_score,7543,2018,6,DAL,JAX,40.0,7.0,33.0,47.0,1.0,1.0,1.0,3.0,39.0,0.5097815839771729,0.27191232059493814,41.91068531864394,-0.9152903010907006,41.5044279730402,0.46686163440218575,0.5751035086158495,0.5893737156381644,0.03488941750728636,0.034421472937987696,0.033951786297453324,0.4641879439703896,0.5058612905128587,0.48984695542835804,0.4479926969913578,0.5171178855013558,0.4884487997910948,0.4771297272709175,0.4732157762791963,0.4928324374233504,20.29456883597475,21.20985913706545
joint_score,7544,2018,6,DEN,LAR,20.0,23.0,-3.0,43.0,0.0,1.0,0.0,7.0,50.0,0.29748277895330044,-5.971122318326707,46.521712307101126,-5.454029003056976,46.42295606174462,0.31032807345501545,0.5558492943517099,0.37349591107721203,0.03121555753763816,0.034681590373837945,0.033120953410073706,0.3272983652936467,0.5036853448603444,0.38717723709669577,0.31708156433984797,0.6517028781225138,0.48621673605259264,0.47910167357356936,0.37435355786537505,0.5925254887245514,20.484463529343824,25.938492532400797
joint_score,7545,2018,6,HOU,BUF,20.0,13.0,7.0,33.0,1.0,0.0,0.0,-10.5,40.5,0.46737795087819217,-0.9080147348691844,42.80807250135144,5.599463817879347,42.493024048871206,0.6943027203137939,0.33356233613635233,0.5689727583060644,0.031023011705600345,0.0,0.0,0.6642551730767488,0.47825189748801455,0.479885919493547,0.6436479770668833,0.3253290112275165,0.47825189748801455,0.5217481025119854,0.479885919493547,0.520114080506453,24.046243933375276,18.44678011549593
joint_score,7546,2018,6,MIA,CHI,31.0,28.0,3.0,59.0,1.0,1.0,1.0,7.5,40.5,0.5265987929115974,0.7400079727723914,39.339257384969656,-7.872040312335853,40.56479540788122,0.2377952071391058,0.48697594319029625,0.5022536578106036,0.02757459030902043,0.0,0.0,0.2615840089140326,0.4960094984770106,0.44806734326246683,0.254370937036837,0.7180544726541425,0.4960094984770106,0.5039905015229894,0.44806734326246683,0.5519326567375331,16.346377547772683,24.218417860108538
joint_score,7547,2018,6,MIN,ARI,27.0,17.0,10.0,44.0,1.0,,1.0,-10.0,43.5,0.7345690239068688,7.073296103370913,43.9152031227344,8.148813674684453,46.505131470493296,0.7698548941425348,0.43322266635291806,0.603338854697785,0.027107977867354804,0.034543458888739775,0.0,0.734543529826229,0.48999619039153824,0.4967557190982614,0.7146315400770908,0.2582604820555543,0.47307002713310903,0.49238651397815125,0.4967557190982614,0.5032442809017386,27.326972572588875,19.17815889790442
joint_score,7548,2018,6,NE,KC,43.0,40.0,3.0,83.0,1.0,0.0,1.0,-3.5,59.5,0.5189075065649191,0.5257819631640177,43.44439241112758,9.065176744309483,60.01865564353475,0.7941518477160718,0.6873773568133241,0.518033382063202,0.02551111680083773,0.0,0.0,0.7579359571909727,0.5193240734742978,0.45551843695109817,0.738600164459519,0.23588871873964318,0.5193240734742978,0.48067592652570224,0.45551843695109817,0.5444815630489018,34.54191619392212,25.476739449612634
joint_score,7549,2018,6,NYJ,IND,42.0,34.0,8.0,76.0,1.0,1.0,1.0,-2.5,47.5,0.6545775504909012,4.4417687520810345,41.86433048783216,0.15771007283729443,48.15270524991209,0.5057165368076824,0.41856261226250885,0.522689703608872,0.034998747614058745,0.0,0.0,0.4978359262926457,0.48833199424637364,0.45772367272812103,0.4804122923551183,0.48458896003082297,0.48833199424637364,0.5116680057536264,0.45772367272812103,0.5422763272718789,24.155207661374693,23.997497588537396
joint_score,7550,2018,6,LV,SEA,3.0,27.0,-24.0,30.0,0.0,0.0,0.0,3.0,48.0,0.3323357645240206,-4.847696519909678,41.611799742867206,-4.464982779912998,46.667375510579475,0.3426141466387506,0.4470581758812552,0.45214458830007065,0.03241676822122164,0.034714156547364095,0.034536570453102766,0.3559177894354736,0.4915548033564406,0.42451886450546,0.34438008494953426,0.623203146829244,0.47449089296111635,0.4907949504915196,0.409857438832796,0.5556059907141012,21.101196365333237,25.566179145246238
joint_score,7551,2018,6,TEN,BAL,0.0,21.0,-21.0,21.0,0.0,0.0,0.0,2.5,43.5,0.5115734592305597,0.3217399955557812,40.407725330496525,-0.9179660944987721,40.76624634822899,0.4667649878835838,0.5552148105850669,0.4058090335048957,0.03488875878343933,0.0,0.0,0.46410426357333046,0.503613997188516,0.40264980631472563,0.4479122418711548,0.5171989993454059,0.503613997188516,0.49638600281148404,0.40264980631472563,0.5973501936852743,19.924140126865108,20.84210622136388
joint_score,7552,2018,6,WAS,CAR,23.0,17.0,6.0,40.0,1.0,1.0,0.0,1.0,44.5,0.4345148273798034,-1.8306659365724318,41.67373040790995,-2.461026643794092,46.78391152610169,0.4115531211441003,0.44720027746177377,0.578915630357242,0.03419558319358729,0.03471570323002937,0.0,0.416227528723986,0.49157076032825797,0.48472267354043574,0.4019943856380437,0.5638100311683689,0.4745055356961423,0.49077876107382834,0.48472267354043574,0.5152773264595643,22.1614424411538,24.62246908494789
joint_score,7553,2018,6,GB,SF,33.0,30.0,3.0,63.0,1.0,0.0,1.0,-9.0,46.5,0.6400973906151002,4.000976981918647,45.91420154604903,8.368184873921857,47.527653819589894,0.7758167789852907,0.47711069199611156,0.5356953938232435,0.02673255471655489,0.034948360642951815,0.0,0.740241600767549,0.4949124172249602,0.4639028381204989,0.7204530516715603,0.25281439361188485,0.47761603958110727,0.487435599775941,0.4639028381204989,0.5360971618795012,27.947919346755874,19.57973447283402
joint_score,7554,2018,7,ARI,DEN,10.0,45.0,-35.0,55.0,0.0,0.0,1.0,1.0,42.5,0.6018015629290202,2.869660163454619,43.72347231061073,3.824314120961749,43.51161987943377,0.6358010950699152,0.669269662549103,0.535139911453643,0.03308619797010831,0.03200296025460875,0.0,0.611665942391683,0.517022365962499,0.4636382691924098,0.591428241930139,0.37548556009975276,0.5004761197338573,0.4675209200115339,0.4636382691924098,0.5363617308075902,23.667967000197763,19.84365287923601
joint_score,7555,2018,7,BAL,NO,23.0,24.0,-1.0,47.0,0.0,0.0,0.0,-2.5,49.0,0.5516913178549276,1.4419039950627301,43.351987057892636,3.8760154095287853,48.96901257034977,0.6375606641219235,0.5480620295142141,0.49888445339888193,0.033035538244991336,0.0,0.03477018047572056,0.6132303665951386,0.5028110004852396,0.4464801027059304,0.5929719713664948,0.3739924903885138,0.5028110004852396,0.49718899951476037,0.430955908956027,0.5342739105682525,26.422513989939276,22.546498580410493
joint_score,7556,2018,7,CHI,NE,31.0,38.0,-7.0,69.0,0.0,0.0,1.0,1.0,48.5,0.3900305491272281,-3.1073513649404867,41.49441752518576,1.650169967322303,45.83000759695428,0.5595854468723817,0.5951148765725601,0.40796604867203745,0.03463716326797989,0.034068580228864054,0.0,0.5446394139439721,0.508150148231773,0.4036743926296935,0.5257746496410178,0.4395881870910023,0.49083819413842966,0.4750932256327063,0.4036743926296935,0.5963256073703065,23.740088782138294,22.089918814815988
joint_score,7557,2018,7,IND,BUF,37.0,5.0,32.0,42.0,1.0,1.0,0.0,-7.0,43.5,0.4652332743368489,-0.9678977278099774,44.11023043936984,5.752033724061684,42.480655459085895,0.6991265601106251,0.45486310629214166,0.4645924655307804,0.030816902541959235,0.03479291028255582,0.0,0.6686523475470059,0.4924299011507613,0.43036489502308245,0.6480465533181975,0.3211365441398432,0.47529683177957505,0.4899102579378691,0.43036489502308245,0.5696351049769175,24.11634459157379,18.364310867512106
joint_score,7558,2018,7,JAX,HOU,7.0,20.0,-13.0,27.0,0.0,0.0,0.0,-3.5,42.5,0.7062080076292644,6.094282931957605,42.67270982735411,3.1333578242954054,40.38435385550891,0.612015772394345,0.4871648506673018,0.42683016386357575,0.03370410557385267,0.0,0.0,0.5906047429102701,0.4960304929063193,0.41260245242097215,0.5706989383028042,0.39559695612334306,0.4960304929063193,0.5039695070936807,0.41260245242097215,0.5873975475790278,21.75885583990216,18.625498015606752
joint_score,7559,2018,7,KC,CIN,45.0,10.0,35.0,55.0,1.0,1.0,0.0,-6.5,56.0,0.744305525439529,7.42447839704706,43.00949071598836,7.946565533817387,55.749742186170586,0.7642786605258957,0.5505133443496564,0.4909915041531006,0.027449756095958566,0.0,0.03476203740650097,0.7292371388029982,0.5030859275817061,0.4427656007842229,0.7092197572067412,0.2633304866973002,0.5030859275817061,0.4969140724182939,0.42737416640744985,0.5378637961860492,31.848153859993985,23.9015883261766
joint_score,7560,2018,7,LAC,TEN,20.0,19.0,1.0,39.0,1.0,0.0,0.0,-6.5,46.0,0.613405573957453,3.207874080329302,43.542187038621954,8.473625220238993,47.200757720781084,0.7786500605629989,0.5687591861121937,0.5431401380093077,0.026550462780666473,0.0,0.034580419253835315,0.7429587331035219,0.5051418189062533,0.4674549179916094,0.7232328349126856,0.2502167023066478,0.5051418189062533,0.4948581810937467,0.4512901309451923,0.5141294498009723,27.83719147051004,19.363566250271045
joint_score,7561,2018,7,MIA,DET,21.0,32.0,-11.0,53.0,0.0,0.0,1.0,3.0,47.0,0.5466300751400631,1.2998530484869844,42.86888807460367,-5.395748946703848,44.77254173053472,0.3121925487599106,0.4138606408131153,0.4203652489606698,0.031291621420068694,0.034237336017995945,0.03412121126989576,0.32895973983511734,0.48779496452178245,0.40954865629341924,0.31866605619375254,0.6500423223861787,0.4710941644135638,0.4946684995684402,0.3955743600667296,0.5703044286633747,19.688396391915436,25.084145338619283
joint_score,7562,2018,7,NYJ,MIN,17.0,37.0,-20.0,54.0,0.0,0.0,1.0,3.5,45.0,0.42173659689069926,-2.193350695279869,41.576898159736956,-2.5241147610017114,41.07349165570841,0.4093259964967461,0.5341272644494507,0.36163702454270524,0.03415421465163415,0.0,0.032792723092057274,0.4142910673984547,0.501252680002356,0.3814264690525396,0.4001412813542733,0.5657045039940926,0.501252680002356,0.498747319997644,0.3689184564729185,0.5982888204350243,19.27468844735335,21.79880320835506
joint_score,7563,2018,7,PHI,CAR,17.0,21.0,-4.0,38.0,0.0,0.0,0.0,-5.0,45.0,0.673435611202198,5.029236065249288,42.21182341154198,9.439297753810095,45.425370587246604,0.8036063845026594,0.656530039788867,0.5153094682231238,0.024840332116134456,0.032445316354010156,0.034746420311532245,0.7671684845755969,0.51544089171165,0.4542299043786206,0.7481117646297075,0.227047903254158,0.4987172489182724,0.46883743472771744,0.438447041203014,0.5268065384854538,27.43233417052835,17.993036416718255
joint_score,7564,2018,7,SF,LAR,10.0,39.0,-29.0,49.0,0.0,0.0,0.0,8.0,52.0,0.282214500149744,-6.486645708948954,45.586267345365215,-7.5066777538664216,47.90383928532035,0.2481095368767401,0.5178759636410543,0.3559281502294772,0.028177421607657682,0.03496932724368229,0.032623639633777346,0.2710789805055925,0.49944261487578456,0.37864112045357384,0.26344067378291236,0.70838190460943,0.48197744263675285,0.48305323011956486,0.3662884689893668,0.6010878913768559,20.198580765726966,27.705258519593386
joint_score,7565,2018,7,TB,CLE,26.0,23.0,3.0,49.0,1.0,0.0,0.0,-3.5,52.5,0.7642269537311919,8.171651137777417,36.869017267893824,0.3315675194449531,53.106826101967904,0.5120169170476191,0.3904759448888688,0.5210963707996686,0.03498729069057044,0.0,0.0,0.5032968132141797,0.4850956592648023,0.4569686879126241,0.48568782130661753,0.4793248880028121,0.4850956592648023,0.5149043407351976,0.4569686879126241,0.5430313120873759,26.71919681070643,26.387629291261476
joint_score,7566,2018,7,WAS,DAL,20.0,17.0,3.0,37.0,1.0,1.0,0.0,1.0,40.5,0.5132236705623447,0.3676356296602535,41.604924009764076,1.1730289807558012,40.49110431863737,0.5424374520366476,0.5782437185392538,0.49969059649350744,0.03481721397869547,0.03437168917586764,0.0,0.5297073147972954,0.5062184181074036,0.44685977959045503,0.5112643818719177,0.4539184041493868,0.48881883598511655,0.4768094748390158,0.44685977959045503,0.553140220409545,20.832066649696586,19.659037668940783
joint_score,7567,2018,7,ATL,NYG,23.0,20.0,3.0,43.0,1.0,0.0,0.0,-4.0,53.0,0.7935026744197057,9.354143416171365,43.430837521020365,6.741122638035753,56.47228295469436,0.7295067753333347,0.598311306209645,0.6229242718163114,0.029385546070862467,0.03400434243572531,0.033213984078750036,0.6966052296493929,0.5085188697343273,0.5065908071672294,0.6761351045803269,0.2944793493488106,0.4912270199528532,0.4747686376114215,0.4897649081635359,0.4770211077577141,31.606702796365056,24.8655801583293
joint_score,7568,2018,8,HOU,MIA,42.0,23.0,19.0,65.0,1.0,1.0,1.0,-7.5,45.0,0.586227980898267,2.4208868005394653,41.59743733436447,9.61154471666963,44.52324296363701,0.8078672693542381,0.5735112038891519,0.4828422017473115,0.024528571339358263,0.0,0.03474030307456838,0.7713552003088655,0.5056804648166121,0.438934932364991,0.7524349592501045,0.22303646941053723,0.5056804648166121,0.4943195351833879,0.423686199784616,0.5415734971408157,27.067393840153322,17.455849123483688
joint_score,7569,2018,8,ARI,SF,18.0,15.0,3.0,33.0,1.0,1.0,0.0,-2.5,40.0,0.5608251183891587,1.6990394207889858,42.90723747083985,3.8183544715395357,41.980539086996195,0.6355980774564965,0.5460571927515184,0.5709096184418545,0.03309199878030883,0.0,0.034256132046274645,0.6114855003731021,0.502586341804555,0.4808255996147011,0.5912502229405788,0.3756577782791123,0.502586341804555,0.49741365819544503,0.46435437438307076,0.5013894935706547,22.899446779267866,19.08109230772833
joint_score,7570,2018,8,CAR,BAL,36.0,21.0,15.0,57.0,1.0,1.0,1.0,2.5,44.0,0.5594603309482953,1.6605484272182094,39.75837544327929,2.0235645286216806,43.3354400860544,0.5729265815125524,0.6543208756707397,0.4760906260721507,0.034454769468309165,0.0,0.034712032656951,0.556286210112433,0.5151695307262002,0.43576360810498743,0.5371194969846097,0.42842573354708113,0.5151695307262002,0.4848304692737998,0.4206373675097363,0.5446505998333128,22.67950230733804,20.655937778716357
joint_score,7571,2018,8,CHI,NYJ,24.0,10.0,14.0,34.0,1.0,1.0,0.0,-8.5,42.5,0.6377698709317069,3.9308708503358956,38.59589523294133,4.329350412538854,37.37535389146524,0.6528573385184429,0.3571680736976506,0.3275146735361345,0.03256593470590369,0.0,0.0,0.6268715092457687,0.4811471145006967,0.3645845567523539,0.6064568526066797,0.36097721268741656,0.4811471145006967,0.5188528854993033,0.3645845567523539,0.6354154432476461,20.852352152002048,16.52300173946319
joint_score,7572,2018,8,CIN,TB,37.0,34.0,3.0,71.0,1.0,0.0,1.0,-3.5,55.0,0.6079291535744114,3.0478147271731633,39.92526745041576,1.654574091127406,51.250418701759514,0.5597432428086252,0.43566688112065416,0.3676246797976196,0.03463522298318095,0.0,0.032962312688297635,0.5447770071557856,0.4902723076280435,0.3843357515340053,0.5259085340368349,0.43945624297998404,0.4902723076280435,0.5097276923719565,0.3716671563146495,0.5953705309970527,26.45249639644346,24.797922305316053
joint_score,7573,2018,8,DET,SEA,14.0,28.0,-14.0,42.0,0.0,0.0,0.0,-3.0,48.0,0.5576233511556054,1.6087801233801746,42.96361954554163,4.320796316307765,50.629020711538935,0.652570969093997,0.5477583670146057,0.5937366349604458,0.03257521071107017,0.034767866097506706,0.03386940965800611,0.6266154309826055,0.5027769615897311,0.4919968541794593,0.606203301283539,0.3612214880053907,0.485296479512268,0.4799356543902253,0.4753332111748049,0.490797379167189,27.47490851392335,23.154112197615586
joint_score,7574,2018,8,JAX,PHI,18.0,24.0,-6.0,42.0,0.0,0.0,0.0,3.5,44.0,0.33574874051905257,-4.7410879096464305,41.75155620610567,-2.5474002934845594,42.75976606986265,0.4085047333077364,0.5333148747802697,0.45544758779314914,0.034138694088294286,0.0,0.03456776549948759,0.41357684108646847,0.5011620371098605,0.4260705348779338,0.3994578678266144,0.5664034380850913,0.5011620371098605,0.4988379628901395,0.4113422285420321,0.5540900059584802,20.106182888189046,22.653583181673604
joint_score,7575,2018,8,KC,DEN,30.0,23.0,7.0,53.0,1.0,0.0,,-8.5,53.0,0.8183865075139328,10.460965608952419,44.219393254036646,13.768804245144896,53.56013278844859,0.892965040385111,0.6781094759493786,0.520155930362114,0.016873280727695172,0.0,0.034728897909915624,0.8593226012894838,0.5181376019787024,0.4565232585509943,0.844823009802273,0.13830370947003176,0.5181376019787024,0.4818623980212976,0.4406687089112748,0.5246023931788096,33.664468516796745,19.895664271651846
joint_score,7576,2018,8,LAR,GB,29.0,27.0,2.0,56.0,1.0,0.0,0.0,-7.5,57.0,0.7859305658809761,9.037272293745227,46.3863190580397,7.452270751602546,56.632807885005626,0.7503338373832474,0.49832884484294077,0.4867835733410752,0.028265826338192246,0.0,0.03475250601686175,0.7160597115729909,0.4972707201923457,0.4407871470455446,0.6958196921178926,0.27591448154391507,0.4972707201923457,0.5027292798076544,0.425468689065689,0.5397788049174492,32.04253931830409,24.59026856670154
joint_score,7577,2018,8,MIN,NO,20.0,30.0,-10.0,50.0,0.0,0.0,0.0,-2.5,53.5,0.5423450790906712,1.179801080577099,47.21608941314604,5.585676229464883,53.413067862505336,0.6938650626796391,0.6067335837579981,0.4969764144797817,0.03104143132184256,0.0,0.0,0.6638567442243808,0.5094950885176882,0.4455816905196875,0.6432496806909976,0.32570888798715975,0.5094950885176882,0.4905049114823118,0.4455816905196875,0.5544183094803126,29.49937204598511,23.913695816520228
joint_score,7578,2018,8,NYG,WAS,13.0,20.0,-7.0,33.0,0.0,0.0,0.0,1.0,44.0,0.37655685253722904,-3.503460808484297,40.828571640648704,-1.142842535071603,45.97548282308329,0.45865052317599936,0.4948223358261361,0.5707305604952613,0.03482658348840406,0.034999349554840964,0.03425873466243756,0.4570777880445998,0.4968812500517645,0.48073867895739913,0.4411593302985695,0.5240140862130265,0.47949072949395644,0.48550992095120254,0.46426918011302687,0.5014720852245357,22.416320144005844,23.559162679077446
joint_score,7579,2018,8,LV,IND,28.0,42.0,-14.0,70.0,0.0,0.0,1.0,3.5,51.0,0.5411493379282954,1.1463323002072048,44.35155892654626,-1.7496097072984946,49.32481006236954,0.4368541420580624,0.5610467836059303,0.43992937592064246,0.03459212221604557,0.0,0.03440167691002627,0.43819179479301834,0.5042705897032503,0.41877533313697535,0.4230338106734699,0.5423740671104846,0.5042705897032503,0.49572941029674966,0.40436875942850853,0.5612295636614653,23.78760017753552,25.537209884834017
joint_score,7580,2018,8,PIT,CLE,33.0,18.0,15.0,51.0,1.0,1.0,1.0,-8.5,47.5,0.8791847381906872,13.791333458938206,38.648197604445876,13.977453389650872,48.598118915692766,0.896357749658823,0.6846461302594167,0.5381357587046891,0.016501463899429525,0.0,0.0,0.8630516466744393,0.5189725054777159,0.46506589944291915,0.8488100310834978,0.1346885050170726,0.5189725054777159,0.4810274945222841,0.46506589944291915,0.5349341005570809,31.28778615267182,17.310332763020945
joint_score,7581,2018,8,BUF,NE,6.0,25.0,-19.0,31.0,0.0,0.0,0.0,13.5,44.5,0.27226251868799783,-6.8317901682314,43.17488540981064,-8.338011704944881,43.483325066423056,0.22499787137478225,0.6747414762973,0.46468495300405593,0.0267844703720741,0.0,0.0,0.24971892048628133,0.5177108710315783,0.43040831899896287,0.2430303314591702,0.7301851981687557,0.5177108710315783,0.4822891289684217,0.43040831899896287,0.5695916810010371,17.572656680739087,25.91066838568397
joint_score,7582,2018,9,SF,LV,34.0,3.0,31.0,37.0,1.0,1.0,0.0,1.5,44.0,0.6112223360572785,3.143966568208989,44.21275596138048,0.6048007211554438,43.30728470732899,0.5219116735659232,0.5732790815862994,0.4750789924595949,0.03495285453795405,0.0,0.034706994813170744,0.5118784047877992,0.5056541189060226,0.4352885483307423,0.4939867933641313,0.47106035209791464,0.5056541189060226,0.49434588109397737,0.4201809909415946,0.5451120142452347,21.956042714242216,21.351241993086774
joint_score,7583,2018,9,BAL,PIT,16.0,23.0,-7.0,39.0,0.0,0.0,0.0,-1.5,46.5,0.5135193211439667,0.3758590738407656,38.27195406741595,1.391857274526988,46.2993358513419,0.5503140939354128,0.49621361964266125,0.49302099209632605,0.03474208031507159,0.0,0.0,0.536561303524703,0.49703578502060736,0.44372023189031623,0.5179200476236883,0.4473378720612402,0.49703578502060736,0.5029642149793927,0.44372023189031623,0.5562797681096838,23.845596562934446,22.453739288407455
joint_score,7584,2018,9,BUF,CHI,9.0,41.0,-32.0,50.0,0.0,0.0,1.0,10.5,38.0,0.441704632941293,-1.6277131108657614,40.477368833281204,-5.686085906949712,36.26763585344278,0.30295419591555367,0.6636681765119742,0.4378960591680548,0.030906503495130022,0.0,0.034376230369822625,0.3207162159326373,0.51632342033649,0.4178182426117554,0.3108039990839704,0.6582894974208996,0.51632342033649,0.48367657966350996,0.4034552264510192,0.5621685431791581,15.290774973246535,20.97686088019625
joint_score,7585,2018,9,CAR,TB,42.0,28.0,14.0,70.0,1.0,1.0,1.0,-6.0,55.5,0.7476630453429506,7.5476009264867665,39.7293575409341,4.587037041247822,48.73558304943173,0.6614412154551167,0.4489272441262225,0.27767985801739936,0.03227921110314569,0.03473416535384777,0.0,0.6345605611063331,0.49176461085655343,0.33889697528856033,0.6140774467966512,0.35364334210020315,0.4746835775478913,0.4905822570982609,0.33889697528856033,0.6611030247114397,26.661310045339775,22.074273004091957
joint_score,7586,2018,9,CLE,KC,21.0,37.0,-16.0,58.0,0.0,0.0,1.0,7.5,51.5,0.14775864121753113,-12.176155483854473,39.26935060320673,-10.045865797902813,49.702728493980466,0.1816483055452244,0.41159694495811416,0.4377433900960142,0.023735647579738783,0.0,0.0,0.20871074015484728,0.487535795547223,0.41774636631939505,0.2037568555804254,0.7725074968398359,0.487535795547223,0.512464204452777,0.41774636631939505,0.582253633680605,19.828431348038826,29.87429714594164
joint_score,7587,2018,9,DEN,HOU,17.0,19.0,-2.0,36.0,0.0,0.0,0.0,-1.0,46.5,0.5216272171331205,0.6015005001719419,45.50841220686962,1.530932742788026,46.03134799552833,0.5553096518810899,0.5192377602239117,0.48370419909177004,0.03468776750733149,0.03496414270384196,0.0,0.5409124304808712,0.49959407651620136,0.4393399550155924,0.5221493858505252,0.44316284664214334,0.48212619793089473,0.4829096593652633,0.4393399550155924,0.5606600449844076,23.781140369158177,22.250207626370152
joint_score,7588,2018,9,MIA,NYJ,13.0,6.0,7.0,19.0,1.0,1.0,0.0,-3.0,43.0,0.600157476200444,2.8220198472320135,39.194391800901414,-1.1378275151761217,40.371680660656104,0.458831304962757,0.35357561459770054,0.4062878922865402,0.034828116669762155,0.03276983458873017,0.033869884000640615,0.45723434790374845,0.48071230201065124,0.4028773397176247,0.4413097366895341,0.5238621466407039,0.4649594393889945,0.5022707260222754,0.38923193095490205,0.5768981850444573,19.61692657273999,20.754754087916112
joint_score,7589,2018,9,MIN,DET,24.0,9.0,15.0,33.0,1.0,1.0,0.0,-4.5,47.5,0.6671574340722659,4.831831492883039,45.98466079586915,3.265218935910097,51.1596861509853,0.6165917398318504,0.45685067618916797,0.6251615738738412,0.03359483180353473,0.0,0.0,0.5946448122198346,0.4926523430632011,0.5077263244378281,0.5746678197704648,0.39173734842600055,0.4926523430632011,0.507347656936799,0.5077263244378281,0.49227367556217194,27.2124525434477,23.9472336075376
joint_score,7590,2018,9,NE,GB,31.0,17.0,14.0,48.0,1.0,1.0,0.0,-5.0,56.0,0.8013286437037027,9.690806565494103,45.88779914453188,8.754965105025976,56.54246343896362,0.7861064264357706,0.6334362789669002,0.5195206456373436,0.02605972856652017,0.03315320068955474,0.034731467779063885,0.75013884268816,0.5126419052898304,0.4562224406411272,0.730590428060503,0.24334984337297685,0.495646185321881,0.4712006139885643,0.440377165643914,0.5248913665770221,32.6487142719948,23.893749166968824
joint_score,7591,2018,9,NO,LAR,45.0,35.0,10.0,80.0,1.0,1.0,1.0,1.5,57.0,0.5745496214834431,2.0876580558570184,47.63595112154435,8.659697017806858,53.0454496277224,0.7835984598320446,0.8137150720469679,0.36069116449465455,0.02622666753864189,0.0,0.032765208942843516,0.7477189567098681,0.5383191024407205,0.3809657833555796,0.7281087802198982,0.2456645522414599,0.5383191024407205,0.46168089755927955,0.36848335986386,0.5987514311932964,30.852573322764627,22.19287630495777
joint_score,7592,2018,9,SEA,LAC,17.0,25.0,-8.0,42.0,0.0,0.0,0.0,-1.0,48.0,0.5930843829749595,2.6177940867624874,42.210920938139054,2.538136491900202,49.462463973364166,0.5911685888304297,0.5555681691603732,0.5524913993679608,0.034144884938621334,0.034684815882768893,0.034488998700825946,0.5722620838551475,0.5036537298503542,0.47193454914387634,0.5527222608471779,0.4131328542142008,0.4861845929618248,0.47913059115540635,0.45565799909157834,0.5098530022075958,26.000300232632185,23.46216374073198
joint_score,7593,2018,9,WAS,ATL,14.0,38.0,-24.0,52.0,0.0,0.0,1.0,-1.5,46.5,0.5336867462906744,0.937738532308067,44.32452957441242,3.1377695678780704,48.78127372181776,0.6121691366055505,0.5571469171829432,0.5788256828921702,0.03370051673836594,0.0,0.0,0.5907400608651175,0.503831326072552,0.4846787704416684,0.5708318155559093,0.3954676677057247,0.503831326072552,0.496168673927448,0.4846787704416684,0.5153212295583316,25.959521644847918,22.821752076969844
joint_score,7594,2018,9,DAL,TEN,14.0,28.0,-14.0,42.0,0.0,0.0,1.0,-4.5,40.5,0.6439167138376182,4.116449740389653,42.50273183575964,2.979716716273156,41.69777077576002,0.6066637091259721,0.4469273387676403,0.5415844559350859,0.033826165506965766,0.0,0.0,0.5858860695067272,0.49154011045859014,0.466711670259503,0.5660677903513669,0.4001060441416672,0.49154011045859014,0.5084598895414099,0.466711670259503,0.533288329740497,22.33874374601659,19.35902702974343
joint_score,7595,2018,10,PIT,CAR,52.0,21.0,31.0,73.0,1.0,1.0,1.0,-3.5,51.0,0.6062854829680132,2.999931858186346,40.55571130957863,7.257013232625882,52.171564281942736,0.7447037937717454,0.6292002011379071,0.5420953703103022,0.02858002304936541,0.0,0.03458951656700815,0.7107750434943481,0.5121368572063638,0.466955706811178,0.690461076368366,0.28095890058226874,0.5121368572063638,0.4878631427936362,0.45080393465437374,0.514606548778618,29.714288757284308,22.457275524658428
joint_score,7596,2018,10,CHI,DET,34.0,22.0,12.0,56.0,1.0,1.0,1.0,-7.5,44.5,0.636196711645543,3.883596796025704,42.2173432768402,9.911054130192005,45.5932472640455,0.8151372334205546,0.5837932355846809,0.5379670875688543,0.023982712242455073,0.0,0.0,0.7785375729529366,0.5068513152524305,0.4649854721760243,0.7598661303708669,0.216151157386678,0.5068513152524305,0.49314868474756945,0.4649854721760243,0.5350145278239757,27.752150697118754,17.841096566926748
joint_score,7597,2018,10,CIN,NO,14.0,51.0,-37.0,65.0,0.0,0.0,1.0,6.0,53.5,0.35098191908432363,-4.271552826652051,45.88979941719168,-6.545827531638498,55.26720259836836,0.27636511567904826,0.4802229941215725,0.5612233231562058,0.029680503253398327,0.034961984458391826,0.0,0.29681445161072295,0.49525869485429713,0.47613764258396984,0.28800484931403525,0.6823146474325664,0.4779434680619178,0.48709454747969033,0.47613764258396984,0.5238623574160302,24.36068753336493,30.906515065003425
joint_score,7598,2018,10,CLE,ATL,28.0,16.0,12.0,44.0,1.0,1.0,0.0,5.5,49.5,0.20580718617364904,-9.383446689847688,41.409499531160336,-6.856818269314592,47.40573408079798,0.2670450898818349,0.45260531019343864,0.427561378692568,0.029208148503013343,0.0,0.0,0.28836726293427084,0.49217702435905386,0.4129475166150783,0.2799445890950792,0.6908472624019075,0.49217702435905386,0.5078229756409461,0.4129475166150783,0.5870524833849218,20.27445790574169,27.131276175056286
joint_score,7599,2018,10,GB,MIA,31.0,12.0,19.0,43.0,1.0,1.0,0.0,-11.0,48.5,0.5960504160203351,2.703293283815201,43.85597941296423,13.380421063962935,52.72244011411075,0.886434375421839,0.5855970810481561,0.6436113048002134,0.017572153219827802,0.034246984546403736,0.0,0.8522045299453487,0.5070575449887399,0.5171954695765187,0.8372294613705177,0.14519838540965452,0.4896923530813731,0.47606066237222316,0.5171954695765187,0.48280453042348126,33.05143058903684,19.67100952507391
joint_score,7600,2018,10,IND,JAX,29.0,26.0,3.0,55.0,1.0,,1.0,-3.0,48.0,0.5449750969495776,1.2534638641791116,43.91909200632209,3.184989559185662,46.73679756019105,0.613809497025479,0.5067052507054796,0.4546261480798572,0.033661812584804884,0.03499748830451155,0.034560217008563265,0.5921877695693345,0.4982011032148483,0.4256846822695625,0.5722536558550779,0.39408453156011714,0.4807653159317919,0.4842371957636965,0.41097292727310514,0.5544668557183315,24.960893559688355,21.775904000502695
joint_score,7601,2018,10,KC,ARI,26.0,14.0,12.0,40.0,1.0,0.0,0.0,-16.5,49.5,0.8737820929205109,13.444514650009488,42.51453139170537,15.95917192014342,52.873103166319275,0.9247186181861898,0.48107091481458114,0.6156516457890634,0.013132743928682009,0.0,0.0,0.8951899195487785,0.4953530053697464,0.502917299420525,0.8834336195678069,0.10343363650351108,0.4953530053697464,0.5046469946302536,0.502917299420525,0.497082700579475,34.41613754323135,18.456965623087928
joint_score,7602,2018,10,LAR,SEA,36.0,31.0,5.0,67.0,1.0,0.0,1.0,-10.0,51.0,0.6818945655284689,5.298338250815895,42.95331422882331,3.230292542982024,50.65526094035269,0.6153812936980726,0.2696391751886408,0.48759145321671804,0.03362417903691739,0.029341897855314825,0.034754616003215,0.5935756048208716,0.4698242950220925,0.44116690582772616,0.5736171124124281,0.39275870855065453,0.45603875854760895,0.5146193435970762,0.425834319422357,0.539411064574428,26.94277674166736,23.71248419868533
joint_score,7603,2018,10,NYJ,BUF,10.0,41.0,-31.0,51.0,0.0,0.0,1.0,-7.0,38.0,0.618688072234353,3.36306164305096,39.975893006015895,6.568616801094236,39.1994197519801,0.7243233829959006,0.48436718012779423,0.5430922617792778,0.02964638083658494,0.03497703700728605,0.03458084103688552,0.691802213842244,0.4957195274347454,0.4674320363950335,0.6712927819470843,0.29906083721633075,0.47838072717842595,0.48664223581428795,0.45126784344890913,0.5141513155142053,22.88401827653717,16.315401475442933
joint_score,7604,2018,10,LV,LAC,6.0,20.0,-14.0,26.0,0.0,0.0,0.0,10.5,50.0,0.23026680490175436,-8.385742099499758,43.23239202402114,-10.102167789552414,50.80584424557153,0.18031648445314805,0.5139266017083065,0.5289840344492625,0.023632241095502216,0.0,0.03468465436679524,0.20742790456931443,0.4990035188282331,0.4607103362683516,0.20252591831859756,0.7738418405859003,0.4990035188282331,0.5009964811717669,0.44473075749167384,0.520584588141531,20.351838228009555,30.454006017561973
joint_score,7605,2018,10,PHI,DAL,20.0,27.0,-7.0,47.0,0.0,0.0,1.0,-7.5,45.5,0.7327018338501258,7.006900788994417,42.030364778318486,10.253399057512032,46.85374536534221,0.8232297845373675,0.5954755501947323,0.5469759638985452,0.023353887147981978,0.0,0.0,0.7865931166623071,0.5081917067078997,0.4692898955730719,0.7682231097843962,0.20842300306762185,0.5081917067078997,0.4918082932921003,0.4692898955730719,0.5307101044269281,28.553572211427124,18.30017315391509
joint_score,7606,2018,10,TB,WAS,3.0,16.0,-13.0,19.0,0.0,0.0,0.0,-3.5,51.0,0.5254971356200093,0.709304235016798,39.29741603814708,-0.009922513964719187,47.18222365789756,0.49964032472983866,0.37902222470582253,0.365312762843776,0.03500208500828894,0.0,0.032897768657681126,0.4925713224415532,0.4837533539621533,0.38321385165779925,0.47533029914080865,0.4896676158509024,0.4837533539621533,0.5162466460378468,0.37060697101954204,0.5964952603227769,23.58615057196642,23.59607308593114
joint_score,7607,2018,10,TEN,NE,34.0,10.0,24.0,44.0,1.0,1.0,0.0,6.5,47.0,0.36335780447111443,-3.896974828549146,43.62898368814666,-6.2493861743602395,44.959147672161,0.2853992552775794,0.5087741177309234,0.42695567459752504,0.03011698851661726,0.0,0.034224589685616036,0.3049668194175873,0.4984309425032589,0.41266168619957067,0.2957821372192385,0.6741008742641442,0.4984309425032589,0.5015690574967411,0.3985385093104159,0.5672369010039681,19.35488074890038,25.60426692326062
joint_score,7608,2018,10,SF,NYG,23.0,27.0,-4.0,50.0,0.0,0.0,1.0,-3.0,45.0,0.6558958056245491,4.482318196288033,42.30601469215674,2.512131248526122,45.68194554579612,0.5902511936927345,0.4823215141427907,0.5245340656040298,0.03416214922891592,0.034970047452070496,0.0347089464416902,0.5714571029944105,0.49549208269832395,0.4585981219213369,0.5519349001639915,0.41390295060709253,0.47816470105423836,0.48686525149369114,0.4426806642693095,0.5226103892890003,24.09703839716112,21.584907148634997
joint_score,7609,2018,11,SEA,GB,27.0,24.0,3.0,51.0,1.0,,1.0,-3.0,49.0,0.6565129763742895,4.501327677237941,43.733340407226706,3.2110501197716115,49.155640654204326,0.6147139109832394,0.5076497463870596,0.5056028765557359,0.0336402236568098,0.03499609806802284,0.03476710837711783,0.5929862550902733,0.49830602755300535,0.4496463133663785,0.5730380648436224,0.3933217114995678,0.4808672609448735,0.4841366409871037,0.43401341125819815,0.531219480364684,26.18334538698797,22.972295267216357
joint_score,7610,2018,11,ARI,LV,21.0,23.0,-2.0,44.0,0.0,0.0,1.0,-4.5,41.0,0.6683825005973065,4.870202090568437,41.88867822287452,4.387011702476178,40.592886903438036,0.6547853389723608,0.49604396800628164,0.48534732321632545,0.03250299841320792,0.0,0.03474842619777768,0.6285962984158637,0.4970169415601558,0.4401121012131046,0.6081650339259045,0.35933196766088754,0.4970169415601558,0.5029830584398443,0.4248188983453522,0.5404326754568701,22.489949302957108,18.102937600480928
joint_score,7611,2018,11,ATL,DAL,19.0,22.0,-3.0,41.0,0.0,0.0,0.0,-3.5,50.0,0.6066866697559443,3.011612588764474,44.358741405176545,2.8998552317721957,52.69985826044774,0.6038734390678286,0.4789966438481818,0.5962118795311978,0.03388735351844191,0.0,0.03382088498733116,0.5834287384244807,0.49512227130529657,0.49321992984187224,0.5636578825126718,0.40245476396888635,0.49512227130529657,0.5048777286947035,0.4765387953212307,0.4896403196914381,27.799856746109967,24.900001514337774
joint_score,7612,2018,11,BAL,CIN,24.0,21.0,3.0,45.0,1.0,0.0,1.0,-6.5,44.0,0.6596037367869936,4.59677317575135,41.155690591177404,6.928277921172208,44.153354437707,0.7350732098460587,0.5149919069405774,0.5055205809731829,0.02909761608582201,0.0,0.03476720166064684,0.7017798402117337,0.49912193962284207,0.44960750102659175,0.6813597198444831,0.28954266406969487,0.49912193962284207,0.5008780603771579,0.43397590637026073,0.5312568919690924,25.540816179439606,18.612538258267396
joint_score,7613,2018,11,CHI,MIN,25.0,20.0,5.0,45.0,1.0,1.0,1.0,-2.5,44.0,0.520389533187265,0.567038407105847,41.94890986582119,2.595398991119803,47.61465868576561,0.5931868330480499,0.5033401975708608,0.6277867108283068,0.03410627449078596,0.0,0.03308694107127813,0.5740336361510274,0.4978273177122302,0.5090620489976012,0.5544554873895166,0.4114382381196975,0.4978273177122302,0.5021726822877698,0.49221874298079343,0.4746943159479284,25.105028838442706,22.509629847322906
joint_score,7614,2018,11,DET,CAR,20.0,19.0,1.0,39.0,1.0,1.0,0.0,4.0,48.0,0.4141978339572662,-2.408690396096363,43.74689512363359,-2.2546512404564054,50.121045048798756,0.4188587393548031,0.5629934019844574,0.5758792139925142,0.03432391186484407,0.034594105002122955,0.034181232986330135,0.4225758313176795,0.504490160197705,0.48324213509083097,0.4080713757273183,0.5576047124078377,0.48703777462328773,0.47836812037458926,0.46672432308247963,0.4990944439311903,23.933196904171176,26.18784814462758
joint_score,7615,2018,11,IND,TEN,38.0,10.0,28.0,48.0,1.0,1.0,0.0,-1.0,50.0,0.4320318277985836,-1.9009321106921289,44.638255515019985,3.8265240094736597,49.07925918583138,0.6358763657419129,0.6013064810627868,0.4668926426947496,0.033084044940046964,0.033942168045972276,0.03465853060684532,0.6117328460898993,0.5088652427722925,0.4314448402669497,0.5914942491185583,0.3754217059413948,0.49159325318936087,0.47446457876466686,0.4164915960653921,0.5488498733277625,26.45289159765252,22.626367588178862
joint_score,7616,2018,11,JAX,PIT,16.0,20.0,-4.0,36.0,0.0,,0.0,4.0,47.0,0.3007530711761202,-5.862727947034473,39.9994464320458,-3.948607704941661,40.82652277361294,0.3599738305180771,0.5018628818150743,0.28903980572727284,0.03296339449974006,0.03500174245598614,0.03008453081846585,0.37119102424932765,0.4976632328571709,0.34489393476694175,0.35895530808223447,0.6080812974180254,0.48024415255089076,0.4847541049931232,0.33451796255734373,0.6353975066241904,18.438957534335643,22.3875652392773
joint_score,7617,2018,11,LAC,DEN,22.0,23.0,-1.0,45.0,0.0,0.0,0.0,-7.5,46.5,0.7877846747613294,9.11409255155956,44.96475483919562,10.896768502868905,48.3512296982695,0.8378087881439653,0.6171937448874423,0.5641097584713748,0.02216223832714609,0.0,0.0,0.801278346600473,0.5107177741026045,0.47753168476917984,0.7835202249167318,0.19431753675612215,0.5107177741026045,0.48928222589739545,0.47753168476917984,0.5224683152308202,29.6239991005692,18.7272305977003
joint_score,7618,2018,11,NO,PHI,48.0,7.0,41.0,55.0,1.0,1.0,0.0,-7.0,56.5,0.7263691618849905,6.7838777151731575,45.51117126744628,7.040442164178362,57.264354927686114,0.7383803501982954,0.5014659606031431,0.5265656095238516,0.028922672666572724,0.035001877929210334,0.0,0.704862602791186,0.49761914780001487,0.45956198130339765,0.6844760924557479,0.28660123487767925,0.4802015431334811,0.48479657893730854,0.45956198130339765,0.5404380186966024,32.152398545932236,25.111956381753878
joint_score,7619,2018,11,NYG,TB,38.0,35.0,3.0,73.0,1.0,,1.0,-3.0,53.5,0.5064666469599574,0.1797494845167239,38.81575794110282,2.179521268240154,48.22408674554804,0.578474353281954,0.4702873759058786,0.32276730725025005,0.03436795102543416,0.03491152413620613,0.0,0.5611381991396303,0.49415253623615896,0.36220009541975423,0.5418530289930991,0.42377901998146666,0.4769009180403828,0.48818755782341106,0.36220009541975423,0.6377999045802458,25.201804006894097,23.022282738653946
joint_score,7620,2018,11,WAS,HOU,21.0,23.0,-2.0,44.0,0.0,1.0,1.0,3.0,40.5,0.6039497552311112,2.932008376982385,42.61489542956024,1.2632707070272817,43.040150014150754,0.5456879399385784,0.6506428334405991,0.587632872674563,0.03478776390666505,0.032637182255741415,0.0,0.5325348503839438,0.5147195254681523,0.4889911790371017,0.514009153736716,0.451203082356619,0.4979205305048594,0.4694422872393992,0.4889911790371017,0.5110088209628982,22.151710360589018,20.888439653561736
joint_score,7621,2018,11,LAR,KC,54.0,51.0,3.0,105.0,1.0,,1.0,-3.0,63.5,0.5242447232593237,0.6744072629206767,43.943225585209305,8.224929803486283,57.36655072269334,0.7719337534396472,0.682314215058743,0.2964156390897976,0.026978254392942824,0.03151088779364186,0.0,0.7365274544338415,0.5186736209852064,0.3487387867863903,0.7166572294007386,0.25636451620631845,0.5023297547128196,0.4661593574935385,0.3487387867863903,0.6512612132136097,32.79574026308981,24.57081045960353
joint_score,7622,2018,12,DAL,WAS,31.0,23.0,8.0,54.0,1.0,1.0,1.0,-7.0,40.0,0.6311323126727705,3.7319968458958375,41.81861096841456,5.828310466170411,43.642607117657114,0.7015249048696758,0.457610817204426,0.628738777308939,0.030712309563401874,0.03481763485147982,0.03306146181759523,0.6708425226429041,0.49273737514496824,0.5095473930256995,0.6502393994192018,0.3190482910173963,0.4755814251394941,0.48960094000902615,0.4927010113469251,0.4742375268354796,24.735458791913764,18.90714832574335
joint_score,7623,2018,12,DET,CHI,16.0,23.0,-7.0,39.0,0.0,0.0,0.0,3.0,43.0,0.45469859995040557,-1.2626079319465862,42.071142699593764,-2.4638672480997723,47.95366527693205,0.41145277883126785,0.5194260236926213,0.6723973420722917,0.034193741981056736,0.03496339599480647,0.0316761130154497,0.4161402944489347,0.4996150179988937,0.5323985569003139,0.40191090059262685,0.5638953574263164,0.482146780279646,0.48288982372554756,0.5155342400426772,0.45278964694187307,22.744899014416138,25.208766262515912
joint_score,7624,2018,12,NO,ATL,31.0,17.0,14.0,48.0,1.0,1.0,0.0,-11.5,61.5,0.7989351069693811,9.586804132469352,48.44836316364638,19.88881197618322,59.75124875550499,0.9629444320260895,0.7692099600250312,0.43941094554400134,0.007636302831817654,0.0,0.0,0.9423593005122703,0.5308447769115129,0.4185313389083788,0.9351631595171789,0.05720053765100355,0.5308447769115129,0.4691552230884871,0.4185313389083788,0.5814686610916212,39.820030365844104,19.931218389660884
joint_score,7625,2018,12,BAL,LV,34.0,17.0,17.0,51.0,1.0,1.0,1.0,-13.0,42.0,0.8250810055819969,10.778553875648976,40.99339581463757,11.35532141721229,42.66386473731316,0.8476978163108951,0.4406113183547346,0.5238843939227399,0.021308722257930846,0.03463957546474783,0.0347121544099806,0.8113767089374978,0.49082982272263986,0.4582900351382428,0.7940873080001947,0.18460396974187449,0.47382768603809017,0.491532738497162,0.44238180067396865,0.5229060449160506,27.009593077262725,15.654271660050437
joint_score,7626,2018,12,BUF,JAX,24.0,21.0,3.0,45.0,1.0,1.0,1.0,3.0,36.5,0.5371354094233828,1.0340771988599773,41.82488002547731,-2.7718070308789104,35.31390664883145,0.40061184244835824,0.5082710195434027,0.4588195131981359,0.03398220991017398,0.034995083831476204,0.0,0.40670838102221096,0.4983750483366203,0.4276541879197615,0.3928875314460872,0.5731302586437389,0.48093437174056425,0.48407054442795955,0.4276541879197615,0.5723458120802385,16.27104980897627,19.04285683985518
joint_score,7627,2018,12,CAR,SEA,27.0,30.0,-3.0,57.0,0.0,0.0,1.0,-3.0,46.5,0.6114196496259056,3.1497369009620435,41.32766317400549,2.8216447614979847,46.80966074378784,0.6011355211661059,0.4935351990125518,0.510769101120343,0.03394576853216069,0.034997813011979406,0.0,0.5810192723860251,0.4967382757219125,0.4520843961883998,0.5612961266528848,0.4047581048149546,0.4793535224323039,0.4856486645557166,0.4520843961883998,0.5479156038116002,24.81565275264291,21.994007991144926
joint_score,7628,2018,12,CIN,CLE,20.0,35.0,-15.0,55.0,0.0,0.0,1.0,1.0,46.5,0.7405246135403444,7.287093291361753,39.829429163299324,0.7458838130290784,44.39603890331298,0.5270157425200049,0.5630125466342881,0.4272297675870319,0.03492722798052983,0.034593856279954316,0.0,0.5163080829021001,0.5044923207020963,0.41279103554210617,0.49827487278238813,0.46679789923708204,0.48703998586538727,0.47836615785465836,0.41279103554210617,0.5872089644578938,22.57096135817103,21.825077545141948
joint_score,7629,2018,12,DEN,PIT,24.0,17.0,7.0,41.0,1.0,1.0,0.0,3.0,47.5,0.2809398458641772,-6.5304301391117585,42.198605326016505,-1.930533089983327,47.300723621748666,0.4303899592912296,0.5387035665603106,0.49306925324744094,0.03450358656362462,0.03484834966844863,0.0,0.4325854057571646,0.5017636736646338,0.44374293663023434,0.4176596577634616,0.5478367556729139,0.4842780377138433,0.48087361261770806,0.44374293663023434,0.5562570633697657,22.68509526588267,24.615628355865997
joint_score,7630,2018,12,IND,MIA,27.0,24.0,3.0,51.0,1.0,0.0,0.0,-9.0,52.5,0.6721939434173007,4.990041947192549,43.02898167172894,7.156323944928554,55.334826855096765,0.7417741068712408,0.4334909716094065,0.5976043518563857,0.028740112195943635,0.034547148501826275,0.0,0.7080327932061813,0.4900265176024512,0.49390907933729894,0.6876838512910283,0.2835760365130281,0.4730974987290065,0.4923553527691672,0.49390907933729894,0.5060909206627011,31.245575400012658,24.089251455084106
joint_score,7631,2018,12,LAC,ARI,45.0,10.0,35.0,55.0,1.0,1.0,1.0,-14.0,43.0,0.8328825989377552,11.160993849363958,43.076878016324606,12.45490846014739,43.07988461355929,0.8697193628472003,0.4441822617247555,0.5028758220083321,0.019266088801785763,0.03468195325272594,0.034769464537990236,0.8343154570974897,0.4912316503963059,0.44836056937835017,0.818241461412347,0.1624924497858673,0.4741947772610018,0.4911232694862723,0.4327713124611165,0.5324592230008933,27.76739653685334,15.312488076705948
joint_score,7632,2018,12,MIN,GB,24.0,17.0,7.0,41.0,1.0,1.0,0.0,-3.5,48.0,0.7023196474749516,5.964554347244693,46.19553122292825,3.378876159090749,51.9992595797451,0.6205225893889126,0.4957591305585201,0.6408150638970812,0.03349733006771549,0.0,0.032720984868561676,0.5981196287609142,0.49698530402905217,0.5157476617763148,0.5780842181363304,0.38841845179595413,0.49698530402905217,0.5030146959709478,0.49887189033933593,0.4684071247921024,27.689067869417926,24.310191710327175
joint_score,7633,2018,12,NYJ,NE,13.0,27.0,-14.0,40.0,0.0,0.0,0.0,13.0,46.5,0.22613707458928808,-8.548676338118575,41.19421932948431,-9.657208015514248,41.128670182031506,0.19101292903208836,0.6192759826665549,0.31978748091920967,0.024445644336479777,0.03352861568641313,0.0,0.21768900083904305,0.5109626291907923,0.3606975315596298,0.21236745294856815,0.763186902714952,0.49383075956653494,0.4726406247470519,0.3606975315596298,0.6393024684403702,15.735731083258628,25.392939098772878
joint_score,7634,2018,12,PHI,NYG,25.0,22.0,3.0,47.0,1.0,0.0,0.0,-4.5,49.0,0.7871191756920601,9.08646319273983,41.32493550677361,1.3375259259994645,47.753596892546696,0.5483602400764266,0.3906766708838918,0.45522693549804893,0.03476191533962547,0.0,0.03456575147296892,0.5348604010079371,0.48511905436312425,0.4259668908957447,0.516267629029581,0.44897045563079346,0.48511905436312425,0.5148809456368757,0.4112430252093291,0.554191223317702,24.54556140927308,23.208035483273616
joint_score,7635,2018,12,TB,SF,27.0,9.0,18.0,36.0,1.0,1.0,0.0,-1.5,54.5,0.6121582623672323,3.1713467468959697,40.682639166631105,-3.2010153373031267,49.210184431936774,0.3856342634134699,0.3399547840840555,0.32233242794906397,0.03364855579652848,0.0,0.0,0.393650936580527,0.47904517630095916,0.36198109703574244,0.38040515107664147,0.5859462931268301,0.47904517630095916,0.5209548236990409,0.36198109703574244,0.6380189029642576,23.004584547316824,26.20559988461995
joint_score,7636,2018,12,HOU,TEN,34.0,17.0,17.0,51.0,1.0,1.0,1.0,-3.5,42.5,0.5676931645125507,1.893144999915421,43.188337295086924,4.129289433597629,43.6200756332786,0.6461365817289232,0.5220223237001238,0.5388958803182438,0.03277873859811464,0.0,0.0,0.6208688568389434,0.4999038826641349,0.46542842178586985,0.6005175588769095,0.3667037025249759,0.4999038826641349,0.5000961173358651,0.46542842178586985,0.5345715782141301,23.874682533438115,19.745393099840488
joint_score,7637,2018,13,DAL,NO,13.0,10.0,3.0,23.0,1.0,1.0,0.0,7.5,51.5,0.3475704852991287,-4.37585134726226,45.41726983638844,-6.556632297849029,52.46048239499517,0.27603857911862695,0.5329927484050029,0.5333678440213426,0.029664335147438936,0.0,0.0,0.2965191425418498,0.5011261011184989,0.4627946684942286,0.2877230993198571,0.6826125655327039,0.5011261011184989,0.49887389888150113,0.4627946684942286,0.5372053315057714,22.95192504857307,29.508557346422098
joint_score,7638,2018,13,ATL,BAL,16.0,26.0,-10.0,42.0,0.0,0.0,0.0,-2.5,46.5,0.5174027519334438,0.48390229125164297,42.35319366005797,2.360802408271117,47.888820795614166,0.5849027560064424,0.49512634966767183,0.5481872456968108,0.03425924757476745,0.0,0.0,0.5667674403381626,0.49691501860578086,0.46987006631364564,0.5473504142823002,0.4183903381429323,0.49691501860578086,0.5030849813942191,0.46987006631364564,0.5301299336863543,25.124811601942643,22.764009193671523
joint_score,7639,2018,13,CIN,DEN,10.0,24.0,-14.0,34.0,0.0,0.0,0.0,4.0,45.0,0.5047958085303965,0.1333028516002196,44.621697414786574,-5.825022305204291,40.35065359794275,0.29857829894158144,0.4341575155740721,0.3375491297519871,0.030716839433084786,0.034556249426896835,0.03202966035105104,0.31680114857264813,0.49010184000987106,0.3695887327102334,0.30707001855972527,0.6622131420071901,0.47316575858190885,0.49227799199119426,0.3577509311319492,0.6102194085169997,17.26281564636923,23.087837951573523
joint_score,7640,2018,13,DET,LAR,16.0,30.0,-14.0,46.0,0.0,0.0,0.0,10.5,54.0,0.3070334705928446,-5.656424588240088,45.77526310054771,-7.015551328815977,45.54300299563315,0.2623516679620139,0.6201268900440398,0.22334763932936022,0.02896164620863617,0.0,0.026499353367071543,0.2840984177882465,0.5110628358169601,0.30863796409670247,0.27587045992383,0.6951678938675339,0.5110628358169601,0.4889371641830399,0.3004592576236104,0.673041389009318,19.263725833408586,26.279277162224567
joint_score,7641,2018,13,GB,ARI,17.0,20.0,-3.0,37.0,0.0,0.0,0.0,-13.5,41.0,0.7131754039764525,6.329279459479048,45.33942527527191,14.830821207272175,36.17318294475984,0.9094107432744009,0.5464907550277596,0.3317338371591193,0.015011659876958738,0.0,0.03182572522555982,0.8776147744742566,0.5026349117273895,0.3666944076460433,0.8644403199768552,0.12054802014618603,0.5026349117273895,0.4973650882726105,0.3550240921865509,0.6131501825878893,25.502002076016005,10.671180868743832
joint_score,7642,2018,13,HOU,CLE,29.0,13.0,16.0,42.0,1.0,1.0,0.0,-5.0,47.5,0.7608517120253309,8.04212393609645,40.176353051947835,2.192834990981354,46.808057716471616,0.5789472285600294,0.3993719405350544,0.47594792368070404,0.034360251605299985,0.03395641901892543,0.0,0.561552023991014,0.4861285570591692,0.4356965940445587,0.5422569551572173,0.4233827932374827,0.46962137207860244,0.4964222089024722,0.4356965940445587,0.5643034059554413,24.500446353726485,22.30761136274513
joint_score,7643,2018,13,JAX,IND,6.0,0.0,6.0,6.0,1.0,1.0,0.0,4.0,45.5,0.4774636261067259,-0.6268197633736782,43.80045056170868,-3.410982224769002,39.473775189407746,0.37836932117822675,0.5213404352044462,0.2996562547685889,0.033469236053574325,0.03495538944914117,0.0,0.3873045432082943,0.49982800346917244,0.3504166472891993,0.3743417560270341,0.5921890079193916,0.4823563209503208,0.48268828960053795,0.3504166472891993,0.6495833527108007,18.031396482319373,21.442378707088373
joint_score,7644,2018,13,MIA,BUF,21.0,17.0,4.0,38.0,1.0,1.0,0.0,-3.5,40.0,0.5608548661213297,1.699878680544407,40.952146123321484,3.1599667577767643,41.257951634371665,0.6129404970296515,0.48809607002023886,0.5451860810292753,0.03368238914368071,0.0,0.03456195472764856,0.5914207449385375,0.4961339793022376,0.46843322863147036,0.5715002812598721,0.39481732959644716,0.4961339793022376,0.5038660206977623,0.45224326059058323,0.5131947846817683,22.208959196074215,19.04899243829745
joint_score,7645,2018,13,NE,MIN,24.0,10.0,14.0,34.0,1.0,1.0,0.0,-6.0,49.5,0.6529633094662886,4.392214168037044,45.216048302104326,7.517643657664462,50.709622560468624,0.7522035613340075,0.5548326895896111,0.5419944129725177,0.028159559164912806,0.03469317679846057,0.0,0.7178191459496204,0.5035710374092304,0.46690748028119283,0.6976056752395449,0.27423476559554233,0.4861005583778077,0.4792062648237317,0.46690748028119283,0.5330925197188072,29.113633109066544,21.59598945140208
joint_score,7646,2018,13,NYG,CHI,30.0,27.0,3.0,57.0,1.0,1.0,1.0,4.0,44.0,0.3014699892088503,-5.839055743201261,39.61797821226801,-6.041213542186032,47.06757637649649,0.291828656678316,0.4264448291622584,0.6089949506719632,0.03041503664281975,0.03444525718783742,0.03354955261475234,0.3107485283826982,0.48922858006232034,0.4995774864551862,0.3012971005052361,0.6682878628519442,0.4723769757984332,0.49317776701372934,0.4828168852882122,0.48363356209703545,20.51318141715523,26.55439495934126
joint_score,7647,2018,13,LV,KC,33.0,40.0,-7.0,73.0,0.0,1.0,1.0,14.0,53.5,0.16279760313871405,-11.378919304392811,42.59368750204615,-10.53185233497986,47.68600618424211,0.1703593998825133,0.623601095768875,0.30611729830858403,0.02283939764867826,0.0334186160448503,0.0,0.19778744038388305,0.5114728753326203,0.3537421822924893,0.1932700943830413,0.7838905079682804,0.49438015969452387,0.47220122426062583,0.3537421822924893,0.6462578177075107,18.577076924631125,29.108929259610985
joint_score,7648,2018,13,PIT,LAC,30.0,33.0,-3.0,63.0,0.0,0.0,1.0,-3.0,52.5,0.6156499241026057,3.273709745642927,41.38913157252986,4.102246787859403,47.30448287289936,0.6452244543695277,0.5398858282747867,0.3252869251010636,0.03280683471835172,0.034838802587617734,0.0,0.6200553294508121,0.5018958003663629,0.3634670346498967,0.5997132767412863,0.3674798885403621,0.48441035165784485,0.4807508457545374,0.3634670346498967,0.6365329653501033,25.70336483037938,21.60111804251998
joint_score,7649,2018,13,SEA,SF,43.0,16.0,27.0,59.0,1.0,1.0,1.0,-10.0,45.5,0.8178593450369301,10.436347623300925,42.47692616834182,10.08727256685961,44.6754227839454,0.8193317805162674,0.5031634572501785,0.4713448007142907,0.023659610513473428,0.035001072192388905,0.0,0.7827047648288837,0.49780768692714633,0.43353515797266456,0.7641862749459926,0.21215411454053404,0.4803838841390832,0.48461504366852787,0.43353515797266456,0.5664648420273355,27.381347675402505,17.294075108542895
joint_score,7650,2018,13,TB,CAR,24.0,17.0,7.0,41.0,1.0,1.0,0.0,3.5,52.0,0.3990623789540638,-2.8446176989930154,39.57979535371812,-4.16151379522846,48.761631676897494,0.35277764383541,0.4768512030012502,0.3851078896366549,0.032745049616886845,0.0,0.03341259593913948,0.36486831257229624,0.4948835378939496,0.3927672693000471,0.3529206815734866,0.6143342688096265,0.4948835378939496,0.5051164621060504,0.3796438952328054,0.5869435088280551,22.300058940834518,26.461572736062976
joint_score,7651,2018,13,TEN,NYJ,26.0,22.0,4.0,48.0,1.0,0.0,1.0,-10.5,40.5,0.7646152657022884,8.186634735593525,40.64583983699217,8.834891251415979,37.534788608463025,0.7881970764116747,0.4419058491036694,0.39800338124220375,0.025919096431697597,0.0,0.0,0.7521598957850217,0.4909755687550158,0.3989345378225635,0.7326645909141142,0.24141631265418828,0.4909755687550158,0.5090244312449842,0.3989345378225635,0.6010654621774365,23.1848399299395,14.349948678523523
joint_score,7652,2018,13,PHI,WAS,28.0,13.0,15.0,41.0,1.0,1.0,0.0,-5.5,45.0,0.6810066436083144,5.269915368534367,42.165298703297,5.239733381883442,44.11522218247476,0.6827919338014294,0.4908879907699174,0.4681828833850884,0.031492104959652156,0.0,0.034667079077494556,0.6538038464626718,0.49644419521213856,0.4320506088405947,0.633214187106845,0.3352937079335028,0.49644419521213856,0.5035558047878614,0.41707267621843813,0.5482602447040673,24.6774777821791,19.43774440029566
joint_score,7653,2018,14,TEN,JAX,30.0,9.0,21.0,39.0,1.0,1.0,1.0,-5.5,37.5,0.6445466074969616,4.135546613177776,42.230008738057606,3.784032060782687,40.23901483355715,0.6344281103312551,0.440144593919813,0.5943688232821427,0.0331252499413251,0.0,0.0,0.6104458736132977,0.4907772542717158,0.49230899819383117,0.5902247014742067,0.37665004858446827,0.4907772542717158,0.5092227457282842,0.49230899819383117,0.5076910018061689,22.011523447169917,18.227491386387232
joint_score,7654,2018,14,ARI,DET,3.0,17.0,-14.0,20.0,0.0,0.0,0.0,2.5,40.5,0.49261628730775414,-0.2052440839338942,43.27315616130478,-1.3083297524813469,40.16722810696534,0.4526902102844168,0.5416484040947614,0.4884273778963488,0.0347722524303703,0.0,0.0,0.4519154710022909,0.5020928746894203,0.4415598879866705,0.4362013521674096,0.5290263954022202,0.5020928746894203,0.4979071253105797,0.4415598879866705,0.5584401120133295,19.429449177241995,20.737778929723344
joint_score,7655,2018,14,BUF,NYJ,23.0,27.0,-4.0,50.0,0.0,0.0,1.0,-4.5,37.0,0.6813364676184355,5.28046829777617,40.193193677808814,5.372314159934506,38.73471789987254,0.6870563321053921,0.5305128154571369,0.5621876127419478,0.031322028560252124,0.0,0.0343751648943339,0.6576691268492352,0.5008495431966518,0.4766030913924284,0.6370695956748673,0.3316083757648805,0.5008495431966518,0.49915045680334824,0.4602197815366644,0.5054050535690017,22.053516029903523,16.68120186996902
joint_score,7656,2018,14,CHI,LAR,15.0,6.0,9.0,21.0,1.0,1.0,0.0,3.0,51.0,0.42300825340958853,-2.1571321581821756,42.45598884666148,-1.573558653944612,49.049881446334496,0.44316101086657844,0.5515571474050659,0.4301678926652379,0.034670104369031285,0.03472904938337401,0.034271692987645874,0.4436590187478647,0.5032030774656402,0.4141770335138271,0.4282773142636142,0.5370525813673546,0.48572731293847016,0.4795436376781558,0.39998248537870734,0.5657458216336468,23.738161396194943,25.311720050139552
joint_score,7657,2018,14,CLE,CAR,26.0,20.0,6.0,46.0,1.0,1.0,0.0,1.0,47.5,0.36117624093721906,-3.962590182063459,39.175930811547985,-0.5051100099288047,50.559096286438404,0.4816972023996859,0.5179327327513042,0.6051513704177637,0.034967743206223645,0.034969118722913195,0.0,0.4770324900300219,0.49944892823821424,0.49765841061079497,0.46035174041762666,0.5046805163761497,0.4819836393706204,0.4830472419064665,0.49765841061079497,0.502341589389205,25.0269931382548,25.532103148183605
joint_score,7658,2018,14,DAL,PHI,29.0,23.0,6.0,52.0,1.0,1.0,1.0,-3.5,45.5,0.5714616378203127,1.9999580174788933,41.94428349327705,3.3911986393793216,46.6742147798584,0.6209480013718248,0.4961905596762488,0.5407695155596539,0.033486576067246365,0.0,0.0,0.5984959319304343,0.4970332237210095,0.46632253592363226,0.5784543523799083,0.38805907155284536,0.4970332237210095,0.5029667762789904,0.46632253592363226,0.5336774640763677,25.03270670961886,21.641508070239542
joint_score,7659,2018,14,GB,ATL,34.0,20.0,14.0,54.0,1.0,1.0,1.0,-4.0,50.5,0.509123801343819,0.2536228134855992,47.841341630604326,3.7075608571442733,49.05000327366006,0.6318167671066753,0.4894008350532839,0.4497012072911413,0.03319837195487385,0.03499057882644219,0.0,0.6081269071482851,0.4962789630964746,0.4233707115224698,0.5879380838890093,0.37886354415611684,0.4789138749183424,0.48609554625521545,0.4233707115224698,0.5766292884775301,26.378782065402167,22.671221208257894
joint_score,7660,2018,14,HOU,IND,21.0,24.0,-3.0,45.0,0.0,0.0,0.0,-4.0,49.0,0.666682037681782,4.816960575552193,44.81289791910669,4.035658883294191,48.59802229832938,0.6429748451049812,0.5012925753643904,0.4855320703943066,0.032875330415514326,0.03500192696872323,0.034748974571393476,0.6180500384220674,0.497599890409696,0.44019892723146475,0.5977314391956207,0.36939323038886507,0.48018293538593115,0.4848151376453457,0.4249024659027439,0.5403485595258626,26.316840590811786,22.281181707517597
joint_score,7661,2018,14,KC,BAL,27.0,24.0,3.0,51.0,1.0,0.0,1.0,-6.5,48.5,0.6949551132223887,5.721488079818882,40.26435331725706,3.8197453049162386,52.579001516440115,0.6356454602093456,0.40701369478183913,0.6389385465702957,0.03309064573439213,0.0,0.0,0.6115276130511382,0.48700975756556025,0.5147786904549784,0.5912917694508646,0.3756175848147433,0.48700975756556025,0.5129902424344397,0.5147786904549784,0.48522130954502163,28.199373410678177,24.379628105761938
joint_score,7662,2018,14,LAC,CIN,26.0,21.0,5.0,47.0,1.0,0.0,0.0,-17.0,48.5,0.8325356423058469,11.143687158658276,43.88328311104148,15.425643886950215,45.89708939290839,0.9177494311554383,0.44313240779184865,0.4102384102911068,0.01400700349047096,0.034669769386302396,0.0,0.8871159920468603,0.49111358148277207,0.4047528563091767,0.8746901552498074,0.11130284125972172,0.4740867868702833,0.4912434437434143,0.4047528563091767,0.5952471436908233,30.661366639929305,15.235722752979088
joint_score,7663,2018,14,MIA,NE,34.0,33.0,1.0,67.0,1.0,1.0,1.0,9.5,49.5,0.27473415652910405,-6.745353088022939,42.012595602893825,-4.737943216990748,46.271945899268474,0.33357137293347583,0.6620059190048672,0.38918871398458976,0.03210485375547367,0.0,0.0,0.34793217395397524,0.5161171071502139,0.39472322091998335,0.33676186239235884,0.6311332838521675,0.5161171071502139,0.48388289284978614,0.39472322091998335,0.6052767790800166,20.76700134113886,25.504944558129612
joint_score,7664,2018,14,LV,PIT,24.0,21.0,3.0,45.0,1.0,1.0,0.0,10.5,51.0,0.201283285899532,-9.577360945368982,40.75300001609485,-10.990987486764583,43.985506594731675,0.1601252294718314,0.4828142107374046,0.2637968713315287,0.02198702431068722,0.0,0.02884351578423472,0.1877821644825002,0.4955468681017348,0.3314316041249866,0.18365339346691,0.7943595822224028,0.4955468681017348,0.5044531318982652,0.32187195142001335,0.6492845327957519,16.497259553983547,27.488247040748128
joint_score,7665,2018,14,SF,DEN,20.0,14.0,6.0,34.0,1.0,1.0,0.0,3.0,45.5,0.36053152266906296,-3.9820143677086617,45.317045971667596,-4.994019534859421,43.85277242674991,0.3251774253335378,0.42812612354615,0.4429035805062134,0.03179837714875555,0.03447051420543279,0.0,0.34049938277250785,0.48941926736513736,0.4201747023803669,0.32967205498018914,0.6385295678710553,0.4725487335570149,0.4929807522375523,0.4201747023803669,0.5798252976196331,19.429376445945245,24.423395980804663
joint_score,7666,2018,14,TB,NO,14.0,28.0,-14.0,42.0,0.0,0.0,0.0,10.0,54.0,0.25150431784559524,-7.578301662645272,42.74630347857099,-7.042661898908711,55.70598252373814,0.26155442163144765,0.6058823884225057,0.5611659240016437,0.02891919290287215,0.033843467895765755,0.03438807580753139,0.2833722598934372,0.5093961064796246,0.4761099452035053,0.27517736284625605,0.6959034442508718,0.49215637570375337,0.4740001564004809,0.45973744031512753,0.505874483877341,24.331660312414716,31.374322211323427
joint_score,7667,2018,14,WAS,NYG,16.0,40.0,-24.0,56.0,0.0,0.0,1.0,3.0,40.5,0.6708344946211541,4.947217099693344,40.76710246310657,-3.03099414574858,42.5640803851113,0.3915476801129087,0.4988765131368906,0.5714058371302408,0.03378606173149035,0.035001968855534304,0.0,0.3988102709530212,0.4973315477403934,0.4810665338132003,0.38533604251945003,0.5808778957490596,0.4799239643955095,0.48507406674895615,0.4810665338132003,0.5189334661867997,19.766543119681362,22.79753726542994
joint_score,7668,2018,14,SEA,MIN,21.0,7.0,14.0,28.0,1.0,1.0,0.0,-3.0,45.5,0.6011654697913131,2.851220412285356,42.986461893957724,6.716874993402549,45.599046641642445,0.7287812235933367,0.6321351656957083,0.5034449300955994,0.0294224773650707,0.03318953702675831,0.0,0.6959320327489688,0.5124865246738545,0.4486288252421486,0.6754559882677846,0.2951215343671447,0.4954773341874769,0.4713331287857648,0.4486288252421486,0.5513711747578514,26.157960817522497,19.44108582411995
joint_score,7669,2018,15,KC,LAC,28.0,29.0,-1.0,57.0,0.0,0.0,1.0,-3.5,54.0,0.6480212577312086,4.241165082285379,43.36968655102743,6.946270051097214,59.04556469536958,0.7356051702948371,0.6188505473466808,0.6753768329468611,0.02906967210971012,0.0,0.031565750795288006,0.7022752804037368,0.5109125600940997,0.5340061628753734,0.6818603682716454,0.28906995961864446,0.5109125600940997,0.4890874399059003,0.5171498574149014,0.4512843917898106,32.9959173732334,26.04964732213618
joint_score,7670,2018,15,DEN,CLE,16.0,17.0,-1.0,33.0,0.0,0.0,0.0,-1.0,47.0,0.6813227480444247,5.280029215462482,42.098691921915,2.4682225772086324,46.67600423256965,0.5887010584417893,0.5530581900957806,0.48833786117155314,0.034190915027895896,0.03471288685951768,0.034756447146969516,0.5700973080923415,0.5033716340883585,0.4415178026635508,0.5506051594737241,0.4152039254983801,0.4858981515059588,0.47938896163452355,0.426172212490829,0.5390713403622015,24.572113404889144,22.10389082768051
joint_score,7671,2018,15,NYJ,HOU,22.0,29.0,-7.0,51.0,0.0,,1.0,7.0,44.0,0.3436791709198817,-4.495407604680231,40.87618465380109,-8.631583832627399,47.40460233898288,0.21714494926344893,0.4410805855233718,0.6206057099662009,0.026275783729175495,0.03464529581068687,0.03327275031220561,0.2423882865283346,0.4908826658541168,0.5054167776865979,0.23601934433303065,0.7377048719377938,0.4738758906872623,0.4914788135020508,0.4886001714390321,0.4781270782487622,19.386509253177742,28.01809308580514
joint_score,7672,2018,15,ATL,ARI,40.0,14.0,26.0,54.0,1.0,1.0,1.0,-10.0,43.5,0.7203695540164713,6.5755343038269345,44.40203737956576,9.510542465579276,42.03560649739083,0.805375831164658,0.48226398188345876,0.44920449318190964,0.024711588498340098,0.03496983845651441,0.0,0.7689051277320338,0.4954856851579534,0.4231372670418887,0.7499042606212561,0.22538415088040376,0.4781586307904644,0.48687153075302114,0.4231372670418887,0.5768627329581113,25.773074481485054,16.262532015905776
joint_score,7673,2018,15,BAL,TB,20.0,12.0,8.0,32.0,1.0,0.0,0.0,-8.5,45.0,0.7454264436882004,7.465464088711178,38.37194003486279,10.805708229876558,41.905543641948675,0.8357953033321694,0.5801829091039814,0.39007517330618846,0.022331454794342287,0.0,0.03352845322080411,0.799236270246504,0.5064393116007545,0.39514755748711505,0.7813881616074955,0.19628038359816224,0.5064393116007545,0.4935606883992455,0.38189887109059334,0.5845726756886026,26.355625935912617,15.549917706036059
joint_score,7674,2018,15,BUF,DET,14.0,13.0,1.0,27.0,1.0,0.0,0.0,-2.5,40.0,0.46836630560893483,-0.8804296641157725,43.970780410206594,-1.7217770745301917,39.17334430546991,0.43785016260622844,0.3554953065701052,0.4702688483318112,0.03460498850304883,0.0,0.034680178968199527,0.4390553805996496,0.4809448931968577,0.43302998039157464,0.423861874201797,0.5415331372951542,0.4809448931968577,0.5190551068031424,0.4180124231729989,0.5473073978588016,18.725783615469858,20.447560690000053
joint_score,7675,2018,15,CHI,GB,24.0,17.0,7.0,41.0,1.0,1.0,0.0,-5.5,46.5,0.7313462905478483,6.958883543376996,42.81799218474059,7.557014449286086,47.813420824216266,0.7533258889369855,0.5716335982554631,0.5455828716509091,0.02809530674013616,0.0,0.0,0.7188763457021928,0.5054674597515084,0.4686230741819586,0.6986792942614616,0.27322539899840226,0.5054674597515084,0.4945325402484916,0.4686230741819586,0.5313769258180414,27.685217636751176,20.12820318746509
joint_score,7676,2018,15,CIN,LV,30.0,16.0,14.0,46.0,1.0,1.0,,-3.0,46.0,0.6457224015152261,4.171234579068796,42.99118389876956,5.309360682819,45.28842028414258,0.6850346270778854,0.5830808842640435,0.4744012788341113,0.03140320109066874,0.034290940635252454,0.03470350289608326,0.6558356872136797,0.5067699439948512,0.4349703091915448,0.6352403472456716,0.3333564516636597,0.48939232592959353,0.47631673343515396,0.41987531580680576,0.5454211812971109,25.29889048348079,19.989529800661792
joint_score,7677,2018,15,IND,DAL,23.0,0.0,23.0,23.0,1.0,1.0,0.0,-3.0,46.5,0.45118718298744603,-1.3610798615433033,43.8592036344752,3.2305440720128673,47.71624132583749,0.6153900151202278,0.5083562241663715,0.5422233387796824,0.03362396872436757,0.03499493856026403,0.0,0.5935833072537369,0.49838451442628406,0.4670168396084407,0.5736246806953306,0.39275135058030186,0.48094357896454926,0.4840614824751867,0.4670168396084407,0.5329831603915594,25.473392698925178,22.24284862691231
joint_score,7678,2018,15,JAX,WAS,13.0,16.0,-3.0,29.0,0.0,0.0,0.0,-7.5,36.5,0.5895661410649676,2.5166296482145025,41.4016465420581,9.033017394922508,34.15535978245809,0.7933264260893487,0.5535145405951689,0.4190147077385805,0.025568330035995235,0.0,0.0,0.7571335544955798,0.5034229003056796,0.4089099882821746,0.7377749138929107,0.2366567560710941,0.5034229003056796,0.4965770996943204,0.4089099882821746,0.5910900117178254,21.5941885886903,12.561171193767791
joint_score,7679,2018,15,LAR,PHI,23.0,30.0,-7.0,53.0,0.0,0.0,1.0,-13.5,52.5,0.6834159121199774,5.347136059943232,44.000771357575346,13.789792358554031,56.62343773195666,0.8933099518133044,0.5101455023839425,0.6403883889213635,0.01683575883521049,0.0,0.0,0.8597007085693008,0.49858331377676673,0.5155271568955324,0.8452269947693685,0.13793724639542101,0.49858331377676673,0.5014166862232332,0.5155271568955324,0.4844728431044676,35.20661504525535,21.416822686701316
joint_score,7680,2018,15,MIN,MIA,41.0,17.0,24.0,58.0,1.0,1.0,1.0,-7.5,45.0,0.7107903422486177,6.248459627924194,42.65971025046882,9.097323112508942,45.25663440505028,0.794974931509716,0.5557449517148221,0.5092379912803887,0.025453852083028194,0.0,0.03476161065639627,0.7587366575438554,0.5036736101447796,0.4513614886051207,0.739423886892763,0.23512226102420888,0.5036736101447796,0.4963263898552204,0.4356714362729381,0.5295669530706657,27.17697875877961,18.079655646270666
joint_score,7681,2018,15,NYG,TEN,0.0,17.0,-17.0,17.0,0.0,0.0,0.0,2.5,42.0,0.47061449182081166,-0.8177080312750149,41.59378113567389,-0.8145266156970253,44.356124749783866,0.47050251690596656,0.5587995186810552,0.5841656477752971,0.034912831828276425,0.0,0.03404486716019822,0.4673402789626344,0.5040173684183009,0.4872901162373385,0.45102410639663215,0.5140630617750914,0.5040173684183009,0.4959826315816991,0.4707003889615607,0.4952547438782411,21.77079906704342,22.585325682740446
joint_score,7682,2018,15,PIT,NE,17.0,10.0,7.0,27.0,1.0,1.0,0.0,2.5,56.0,0.503157864925599,0.08777353901650713,41.450025955081045,0.6419295104683029,50.820884115598,0.5232553049856948,0.6086310035232483,0.32031383635397503,0.0349466277336099,0.0,0.031402462597631464,0.5130442911202536,0.5097160014804687,0.36096328151784,0.49511512326762036,0.46993824899876974,0.5097160014804687,0.4902839985195313,0.34962814557085775,0.6189693918315108,25.73140681303315,25.08947730256485
joint_score,7683,2018,15,SF,SEA,26.0,23.0,3.0,49.0,1.0,1.0,1.0,3.5,44.0,0.2760723876462012,-6.698754730750515,42.61114035845496,-4.0493513964963075,42.381767091919656,0.35656214450998486,0.4807728264098732,0.4419565964037037,0.03286132553740717,0.0,0.03442619553073145,0.36819489667392197,0.4953198516705733,0.419729218011936,0.3560955243131082,0.6110431501494846,0.4953198516705733,0.5046801483294268,0.4052795378826961,0.5602942665865724,19.166207847711675,23.21555924420798
joint_score,7684,2018,15,CAR,NO,9.0,12.0,-3.0,21.0,0.0,1.0,0.0,6.0,50.5,0.2923427264436009,-6.142890910490605,45.469562677661656,-6.283344446324098,49.87388556904572,0.28435707051831,0.48973038684913645,0.4782337240048615,0.030067695525879512,0.03499128407300295,0.0,0.30402807588715103,0.496315579947204,0.4367700886682897,0.29488665227005717,0.6750456522040633,0.4789488604994142,0.4860598554275829,0.4367700886682897,0.5632299113317103,21.79527056136081,28.07861500768491
joint_score,7685,2018,16,LAC,BAL,10.0,22.0,-12.0,32.0,0.0,0.0,0.0,-4.0,42.5,0.6493169860313373,4.280672538017207,40.856418683435706,6.639402049740502,45.823277938267665,0.7264563721959711,0.5947360116705722,0.6139909432551806,0.02953989080608571,0.03407604973482009,0.0,0.693776896996003,0.5081065062926204,0.5020821189521596,0.673282803214956,0.2971773059789582,0.49079224371360747,0.4751317065515725,0.5020821189521596,0.4979178810478404,26.231339994004085,19.59193794426358
joint_score,7686,2018,16,TEN,WAS,25.0,16.0,9.0,41.0,1.0,0.0,1.0,-11.5,37.5,0.7192309759095428,6.536307054505187,42.262692517459435,10.101867553091633,40.142502449783976,0.8196764301187995,0.45116929642258785,0.5911031128661816,0.023632792854642815,0.0,0.0,0.7830479421676692,0.49201607756684096,0.4906982544483862,0.7645423323551663,0.21182487479019088,0.49201607756684096,0.507983922433159,0.4906982544483862,0.5093017455516138,25.122185001437806,15.020317448346171
joint_score,7687,2018,16,ARI,LAR,9.0,31.0,-22.0,40.0,0.0,0.0,0.0,14.5,43.0,0.22079951279609003,-8.762417674399657,43.41649426061787,-7.96548073907115,40.76237220693464,0.23519660467160824,0.7168485105084231,0.4200067314331424,0.027417975499144043,0.0,0.03411532711207821,0.2591824975902462,0.5232320234174499,0.40937913967172046,0.2520762382215099,0.7205057862793461,0.5232320234174499,0.4767679765825501,0.3954130364089586,0.5704716364789633,16.398445733931744,24.3639264730029
joint_score,7688,2018,16,CAR,ATL,10.0,24.0,-14.0,34.0,0.0,0.0,0.0,3.0,46.0,0.6007468064813766,2.8390891548946184,44.72357397895955,-0.6060337027847998,44.82193619262385,0.4780437025874105,0.586076300336022,0.45767200000077707,0.03495265369308287,0.03423846119470886,0.034587510342421135,0.4738693035104085,0.5071123765821778,0.4271152868105505,0.4573063138490268,0.5077410324578904,0.4897496291552123,0.47601190965007883,0.41234243241058444,0.5530700572469944,22.107951244919526,22.713984947704326
joint_score,7689,2018,16,CLE,CIN,26.0,18.0,8.0,44.0,1.0,0.0,,-10.0,44.0,0.5790842374161619,2.2167448642955696,39.5773009312404,8.151939500804856,42.5374182079114,0.7699404792006628,0.433334332993369,0.4475043971108417,0.02710266211155632,0.034544996305430176,0.03448895355743664,0.7346251450374656,0.4900088128775311,0.4223381572355252,0.7147148479528621,0.25818248993558157,0.47308146024704856,0.4923735434475213,0.4077721561450958,0.5577388902974676,25.34467885435813,17.19273935355327
joint_score,7690,2018,16,DAL,TB,27.0,20.0,7.0,47.0,1.0,0.0,0.0,-7.5,48.0,0.7346032403342355,7.074515577580123,39.86354465323551,6.195046984169619,47.28339893169079,0.7129291854112014,0.45440893798247456,0.47422089709569765,0.03019547648873555,0.0,0.03470255766462149,0.681294398742345,0.4923790502942771,0.43488560757343336,0.6607223897432133,0.30908213376805116,0.4923790502942771,0.5076209497057229,0.41979396469910235,0.5455034776362763,26.739222957930206,20.544175973760584
joint_score,7691,2018,16,DET,MIN,9.0,27.0,-18.0,36.0,0.0,0.0,0.0,6.5,42.5,0.43774888630179176,-1.7392843920805898,45.27974031941626,-6.192914660590588,44.02904587501141,0.2871365053224098,0.5107507795529818,0.5530251351029504,0.03019854660565635,0.0,0.0,0.30653066932413475,0.49865057002393665,0.47219087998601916,0.2972738886204868,0.6725275647738568,0.49865057002393665,0.5013494299760634,0.47219087998601916,0.5278091200139808,18.918065607210412,25.110980267801
joint_score,7692,2018,16,IND,NYG,28.0,27.0,1.0,55.0,1.0,0.0,1.0,-10.0,48.5,0.7299195359249222,6.908509060626347,43.04276496171421,8.703606887547647,51.76219635539725,0.7847565630206891,0.4531197780739906,0.6119522095210332,0.026149818477634534,0.03477641383943064,0.0,0.7488357692557313,0.4922346640775555,0.5010586286355801,0.7292538498201341,0.2445963317022314,0.4751165076934813,0.4901070784670881,0.5010586286355801,0.49894137136441985,30.23290162147245,21.5292947339248
joint_score,7693,2018,16,MIA,JAX,7.0,17.0,-10.0,24.0,0.0,0.0,0.0,-3.0,39.5,0.5902730519517146,2.536934845309615,40.687235834324966,-0.21069203239349238,43.03691468972769,0.4923632312496632,0.38529851184819425,0.6210964779813373,0.034996118410027754,0.03364052139918927,0.0,0.48626825331703527,0.4844907189844592,0.5056650542836619,0.4692507519449149,0.4957531296450573,0.4681921985847539,0.49816728001605687,0.5056650542836619,0.49433494571633807,21.413111328667096,21.62380336106059
joint_score,7694,2018,16,NE,BUF,24.0,12.0,12.0,36.0,1.0,0.0,0.0,-13.5,45.0,0.8322379605623224,11.128861186120657,43.701614247097666,12.914780988769028,44.752255998342626,0.878229810018859,0.47951853776460496,0.491081977858814,0.018420089936167672,0.0,0.03476220269281077,0.8433672802679187,0.4951803318921925,0.44280815162233134,0.8278323791161625,0.15374753094766977,0.4951803318921925,0.5048196681078074,0.42741516490160697,0.5378226324055823,28.83351849355583,15.9187375047868
joint_score,7695,2018,16,NO,PIT,31.0,28.0,3.0,59.0,1.0,0.0,1.0,-6.5,53.0,0.7219331050884942,6.629562721301954,43.45382712453943,4.542076621975823,51.72039987879822,0.6599495762666795,0.43178246609132953,0.4540398280428703,0.03233024549614488,0.0,0.03455474427840688,0.6332225597113385,0.48983332611652997,0.4254092562820447,0.6127503189021736,0.3549194356016815,0.48983332611652997,0.51016667388347,0.4107093482175514,0.5547359075040418,28.13123825038702,23.589161628411198
joint_score,7696,2018,16,NYJ,GB,38.0,44.0,-6.0,82.0,0.0,0.0,1.0,3.0,47.5,0.42012166502606035,-2.2393888835177402,42.498182430987804,-4.685345815981812,48.65427299682807,0.3353063242028732,0.43915450769669434,0.5400794779842147,0.03216615789349009,0.034621524957829,0.0,0.3494659934094585,0.4906656992390703,0.4659931562133985,0.3382250150870445,0.6296088270194654,0.47367810448691416,0.4917003705552568,0.4659931562133985,0.5340068437866015,21.98446359042313,26.66980940640494
joint_score,7697,2018,16,PHI,HOU,32.0,30.0,2.0,62.0,1.0,1.0,1.0,-1.0,46.5,0.648982309205412,4.2704616569559315,43.48339478712131,4.585207134556856,46.41641607707267,0.6613805558616364,0.6276255800792051,0.4970928665835815,0.0322812964556477,0.03331258358535816,0.0,0.6345061338655842,0.5119497240588796,0.4456365135245068,0.6140234532553424,0.35369525028900994,0.49489535608466717,0.47179206032997467,0.4456365135245068,0.5543634864754932,25.50081160581476,20.915604471257907
joint_score,7698,2018,16,SF,CHI,9.0,14.0,-5.0,23.0,0.0,0.0,0.0,4.0,44.0,0.30427331004761965,-5.74679688608122,41.91016465852909,-4.518313168641966,41.01646834478877,0.3408398622001862,0.48121914285370343,0.3939165862601787,0.03235704849469878,0.0349659246472801,0.03361441881609872,0.3543526268790665,0.49536949090065974,0.3969842317259265,0.34288682174691665,0.6247561297583847,0.47804843860926577,0.48698563674345413,0.383639837497304,0.5827457436865973,18.2490775880734,22.76739075671537
joint_score,7699,2018,16,SEA,KC,38.0,31.0,7.0,69.0,1.0,1.0,1.0,1.0,54.5,0.4472106880413327,-1.4727594098977896,41.734698815968486,2.869069068363573,50.662269205091576,0.602796328621665,0.6373244298736457,0.36896790941266044,0.03391052610378226,0.03304237967052742,0.0,0.5824806369136638,0.5131076160071464,0.3849867838757027,0.5627284120706554,0.4033610618255625,0.49615331934719903,0.4708043009822735,0.3849867838757027,0.6150132161242974,26.765669136727574,23.896600068364002
joint_score,7700,2018,16,LV,DEN,27.0,14.0,13.0,41.0,1.0,1.0,0.0,2.5,42.5,0.37566941223334455,-3.5297404389614075,44.42887103710077,-6.706325600648473,43.32049181894603,0.27153475225457974,0.35600054956816696,0.5285134686822133,0.02943851791035179,0.0,0.0,0.2924412884617302,0.48100601622971473,0.46048681273768255,0.2838322503536232,0.686729231736025,0.48100601622971473,0.5189939837702853,0.46048681273768255,0.5395131872623175,18.307083109148778,25.013408709797254
joint_score,7701,2018,17,BAL,CLE,26.0,24.0,2.0,50.0,1.0,0.0,1.0,-7.0,41.0,0.8037264948378241,9.795945706598014,38.378001799558106,8.800790993721149,41.45126648800576,0.7873066085677232,0.5649763522415245,0.516240968365985,0.025979159913422867,0.034567936893145745,0.034743424537304,0.7512986423136458,0.5047140521912119,0.4546704250744808,0.7317805347422421,0.24224030534433497,0.4872671286859822,0.47816493442087205,0.43887361747156167,0.5263829579911343,25.126028740863454,16.325237747142303
joint_score,7702,2018,17,BUF,MIA,42.0,17.0,25.0,59.0,1.0,1.0,1.0,-5.5,39.5,0.5741180667719793,2.075391951478659,40.98117988024188,7.959039996724441,41.39238168219304,0.7646247942649873,0.5854354455122335,0.5655221453637642,0.027428801334109187,0.0,0.0,0.7295658881759141,0.50703905502649,0.47821470370789215,0.709554770368994,0.2630164282968968,0.50703905502649,0.49296094497350995,0.47821470370789215,0.5217852962921079,24.67571083945874,16.7166708427343
joint_score,7703,2018,17,DEN,LAC,9.0,23.0,-14.0,32.0,0.0,0.0,0.0,7.0,43.5,0.3437142322869771,-4.494327531482959,45.12489529111143,-6.635320172038616,41.853571547306196,0.27366639960683564,0.5132165651064962,0.44293108996344005,0.0295460521804215,0.03498418625938704,0.0,0.2943724329589005,0.4989245981225246,0.4201876425117026,0.28567488969421917,0.6847790581253593,0.4814701270524164,0.48354568668819664,0.4201876425117026,0.5798123574882974,17.60912568763379,24.244445859672407
joint_score,7704,2018,17,GB,DET,0.0,31.0,-31.0,31.0,0.0,0.0,0.0,-7.5,44.5,0.6316609153587635,3.7477792132166177,47.281306239557324,10.846901756075859,43.77289598329544,0.8367081979647851,0.6155225483376089,0.47472729030524036,0.022254921749669976,0.0,0.0,0.8001615563192189,0.5105216166068487,0.43512339565843977,0.7823540234962406,0.19539105475408947,0.5105216166068487,0.4894783833931513,0.43512339565843977,0.5648766043415603,27.30989886968565,16.46299711360979
joint_score,7705,2018,17,HOU,JAX,20.0,3.0,17.0,23.0,1.0,1.0,0.0,-7.0,39.5,0.6979345764799089,5.819419176198544,42.42372867990015,6.572390044142712,40.82653159731675,0.7244372947621605,0.48450384666893054,0.546035871998938,0.029640723504728128,0.03497747335046131,0.0,0.6919076090738483,0.4957347204319979,0.46883985841325265,0.6713989669424728,0.298960309552799,0.47839517245918933,0.48662735419034936,0.46883985841325265,0.5311601415867473,23.699460820729733,17.12707077658702
joint_score,7706,2018,17,KC,LV,35.0,3.0,32.0,38.0,1.0,1.0,0.0,-14.5,52.5,0.8766816109876622,13.629024870329859,43.36570973846919,15.8278099039733,52.73286868216338,0.9230465150946251,0.5463860343925498,0.5080989237025618,0.013345512356836453,0.0,0.0,0.893241014955612,0.5026231796556365,0.45082386903907135,0.8813202559528888,0.10533423169027477,0.5026231796556365,0.4973768203443635,0.45082386903907135,0.5491761309609287,34.28033929306834,18.45252938909504
joint_score,7707,2018,17,LAR,SF,48.0,32.0,16.0,80.0,1.0,1.0,1.0,-10.5,49.5,0.8417472670748019,11.61328794046657,45.08824374717942,11.896627607487899,53.0735250741201,0.8588355781086469,0.548778408898331,0.6223101127803982,0.0203010466250782,0.0,0.0,0.8228959937145147,0.5028913185113261,0.5062795525292373,0.8061903437785264,0.17350860959639552,0.5028913185113261,0.49710868148867393,0.5062795525292373,0.4937204474707627,32.485076340804,20.5884487333161
joint_score,7708,2018,17,MIN,CHI,10.0,24.0,-14.0,34.0,0.0,0.0,0.0,-6.0,40.5,0.5450288104605401,1.2549690157777422,42.1461405041683,6.413886030656743,40.42269983573907,0.7196317709788101,0.5149990582014344,0.49731141862512834,0.02987648516028013,0.03497902812155107,0.0,0.6874673821017239,0.49912273461714723,0.4457394060341511,0.666928273062185,0.30319524177753476,0.4816639064468686,0.4833570654315804,0.4457394060341511,0.5542605939658489,23.418292933197904,17.004406902541163
joint_score,7709,2018,17,NE,NYJ,38.0,3.0,35.0,41.0,1.0,1.0,0.0,-14.5,46.5,0.884236071396049,14.127919532006727,42.061639846735275,12.830997612392109,47.11493793365273,0.8767096558321097,0.44177097121588266,0.521378111139774,0.018573656880275624,0.0,0.0,0.841742103836544,0.49096038750454346,0.45710215822818084,0.8261078748182027,0.15531846830152166,0.49096038750454346,0.5090396124954566,0.45710215822818084,0.5428978417718191,29.97296777302242,17.14197016063031
joint_score,7710,2018,17,NO,CAR,14.0,33.0,-19.0,47.0,0.0,0.0,1.0,-8.0,42.0,0.8628642514105735,12.780668718577672,45.49026269260342,13.144480686880568,42.34344402187517,0.8823286007235311,0.6797126329940396,0.5123619485951647,0.018000563736496167,0.03161222557106641,0.03475473364633519,0.8477680004338193,0.518341537149616,0.4528367690428378,0.8325076985082484,0.14949173775525543,0.501955607554389,0.4664321668745446,0.437098547749487,0.5281467186041777,27.74396235437787,14.599481667497301
joint_score,7711,2018,17,NYG,DAL,35.0,36.0,-1.0,71.0,0.0,0.0,1.0,-7.5,38.5,0.36717360986283537,-3.7826099605932084,40.86833635958881,6.221560051886031,43.58449652685008,0.7137453647079145,0.45533130247378895,0.6712205337969235,0.030157240908748606,0.0,0.0,0.6820448637843235,0.4924823139989618,0.531765486691583,0.661476272516605,0.3083664865746464,0.4924823139989618,0.5075176860010382,0.531765486691583,0.46823451330841703,24.903028289368056,18.681468237482026
joint_score,7712,2018,17,PIT,CIN,16.0,13.0,3.0,29.0,1.0,0.0,0.0,-14.0,45.0,0.8201980080504743,10.545987382868708,41.6698775459403,11.233348244317,44.65279369531571,0.8451081145289746,0.40079270969177666,0.4875026770255464,0.021535894458945104,0.03398594459747073,0.034754390650885036,0.8087208505847824,0.48629279910477674,0.441125173099342,0.7913043236998402,0.1871597818412147,0.4697656789762528,0.49624837642627645,0.4257941365075082,0.5394514728416068,27.943070969816354,16.709722725499354
joint_score,7713,2018,17,SEA,ARI,27.0,24.0,3.0,51.0,1.0,0.0,1.0,-14.0,39.5,0.8708553366280777,13.261912847489848,41.647915982514164,12.20522682930879,40.82066197569783,0.8649270730932156,0.43523880093025413,0.5458330735818635,0.019728118447665755,0.034570815855457626,0.0,0.8292664802592501,0.490223973876092,0.4687428028744831,0.8129066129120167,0.1673652686403175,0.47327653114729096,0.49215265299725136,0.4687428028744831,0.5312571971255169,26.51294440250331,14.30771757319452
joint_score,7714,2018,17,TB,ATL,32.0,34.0,-2.0,66.0,0.0,1.0,1.0,2.5,51.5,0.4475720365117502,-1.4626033496008222,41.94071918781485,-2.9814453403439414,51.11939969704247,0.3932759565651573,0.48314800901415833,0.4867646480410283,0.0338248239360861,0.0,0.0,0.40031713430354743,0.49558398274795584,0.4407782513078625,0.3867764777171314,0.5793986983467825,0.49558398274795584,0.5044160172520442,0.4407782513078625,0.5592217486921375,24.068977178349265,27.050422518693203
joint_score,7715,2018,17,TEN,IND,17.0,33.0,-16.0,50.0,0.0,0.0,1.0,5.5,42.5,0.6065672979809429,3.008136589643882,44.483458604848906,-3.939326133257238,43.15770567768333,0.36028873532239236,0.5544740029814074,0.5228633415564783,0.03297268450338364,0.0,0.0,0.37146744390298064,0.5035307188146079,0.45780597407805873,0.3592191650718893,0.6078081504247271,0.5035307188146079,0.49646928118539213,0.45780597407805873,0.5421940259219413,19.609189772213046,23.548515905470286
joint_score,7716,2018,17,WAS,PHI,0.0,24.0,-24.0,24.0,0.0,0.0,0.0,6.0,42.5,0.3371926651881072,-4.696146988325654,41.837401683398205,-5.234919267295737,45.583018258488494,0.3173633856904157,0.5277099093590052,0.6059541125584417,0.0314982177271268,0.03492332888678429,0.0,0.3335613827479576,0.5005371687530011,0.4980586661617603,0.32305479368880097,0.6454469885840723,0.4830567445885802,0.4820199265246355,0.4980586661617603,0.5019413338382397,20.17404949559638,25.408968762892115
joint_score,7717,2018,Wildcard,DAL,SEA,24.0,22.0,2.0,46.0,1.0,0.0,1.0,-2.5,43.0,0.5359535328869623,1.0010506783790443,41.37148982280789,1.2708101997309331,45.89782446722984,0.5459593710846348,0.45704530392195686,0.6031079738031841,0.03478520584430794,0.0,0.033678836189305394,0.5327710208618626,0.4926741168994266,0.49664083631953576,0.5142384712333006,0.4509763229223915,0.4926741168994266,0.5073258831005734,0.47991455094821045,0.48640661286248404,23.584317333480385,22.313507133749454
joint_score,7718,2018,Wildcard,HOU,IND,7.0,21.0,-14.0,28.0,0.0,0.0,0.0,-2.0,48.5,0.5506768543874524,1.4134085171396398,44.83177438816706,3.220731572953804,50.143645693934566,0.6150497356339769,0.544156068965809,0.5569731123530463,0.033632162141954025,0.03480191511243502,0.0,0.593282799603913,0.50237345873791,0.47408923890181426,0.5733294162916017,0.39303842156644425,0.4848899002721728,0.48030818461539215,0.47408923890181426,0.5259107610981857,26.682188633444184,23.461457060490382
joint_score,7719,2018,Wildcard,BAL,LAC,17.0,23.0,-6.0,40.0,0.0,0.0,0.0,-3.0,43.0,0.6007958993321131,2.8405114562806846,41.06883567833261,4.395270566708142,43.23710561315852,0.655061150610931,0.550436800600994,0.5085351345569663,0.03249392588118599,0.0347408082298607,0.034762883715091286,0.6288431434491676,0.5030773387571216,0.45102973428742493,0.6084095609550383,0.35909651316377567,0.48560002540657177,0.47965916636356754,0.43535064008234264,0.529886476202566,23.81618808993333,19.42091752322519
joint_score,7720,2018,Wildcard,CHI,PHI,15.0,16.0,-1.0,31.0,0.0,0.0,0.0,-6.5,41.5,0.6210899805085035,3.4338949403221415,40.447179446309306,8.089923016508187,41.475289617577914,0.7682390592651323,0.5554883716479762,0.499140540953648,0.0272079394854719,0.0,0.0,0.7330036277841202,0.50364475663997,0.44660070815556546,0.7130601094367386,0.2597319510777896,0.50364475663997,0.49635524336003,0.44660070815556546,0.5533992918444346,24.78260631704305,16.692683300534863
joint_score,7721,2018,Division,KC,IND,31.0,13.0,18.0,44.0,1.0,1.0,0.0,-4.0,54.0,0.6698886323829655,4.9174740529193075,44.58278656174639,10.912534046923302,54.34913124100797,0.8381557152950144,0.7346072639876845,0.5125665854180307,0.022132928380182104,0.029122030747935457,0.03475421371674842,0.8016306678017819,0.5257041055608744,0.452933452107596,0.7838882336439675,0.19397883797585036,0.5103945344344147,0.4604834348176498,0.43719210611358394,0.5280536801696675,32.63083264396563,21.718298597042335
joint_score,7722,2018,Division,LAR,DAL,30.0,22.0,8.0,52.0,1.0,1.0,1.0,-7.5,48.0,0.6761569214945955,5.115406059838119,43.81597822338965,11.579553155749046,53.74175883918799,0.8523817622859886,0.6398446768746906,0.6975631820925845,0.02089108640441184,0.0,0.030678088267332315,0.8162015455888403,0.5134106181708661,0.5462074592377187,0.7991502085765293,0.17995870501905883,0.5134106181708661,0.4865893818291339,0.5294508585909486,0.439871053141719,32.66065599746852,21.08110284171947
joint_score,7723,2018,Division,NE,LAC,41.0,28.0,13.0,69.0,1.0,1.0,1.0,-3.5,47.5,0.5802278125036002,2.249358109296765,44.451707246356406,5.28661622630165,50.290697764696105,0.6843027954101885,0.5622999868718863,0.5961149485679824,0.031432343799149165,0.0,0.0,0.6551724297633743,0.5044119213018583,0.4931719872830791,0.634578824703328,0.33398883149752284,0.5044119213018583,0.4955880786981417,0.4931719872830791,0.5068280127169209,27.788656995498876,22.50204076919723
joint_score,7724,2018,Division,NO,PHI,20.0,14.0,6.0,34.0,1.0,0.0,0.0,-8.5,52.0,0.6541324008624657,4.428092514531407,45.47804964542169,8.657703539803572,55.037907416048604,0.7835457951985382,0.505521550181515,0.607967847300924,0.026230152549323815,0.0,0.03357264269446203,0.7476681948178961,0.49806961317408127,0.49906400603018747,0.7280567440115452,0.245713103439131,0.49806961317408127,0.5019303868259187,0.48230910847406916,0.48411824883146887,31.847805477926087,23.190101938122517
joint_score,7725,2018,Conference,KC,NE,31.0,37.0,-6.0,68.0,0.0,0.0,1.0,-3.0,56.0,0.6174805937455411,3.3275174414858593,43.536710675384946,10.917799555267093,57.15521700959498,0.8382714748915232,0.7634793833267723,0.5415102064435051,0.022123138407041498,0.027498013038403213,0.03459451396114349,0.8017482580199778,0.5299593782664234,0.46667621004787607,0.7840110703401975,0.19386579125276104,0.5153865483730292,0.45711543858856757,0.4505317733840413,0.5148737126548153,34.036508282431036,23.11870872716394
joint_score,7726,2018,Conference,NO,LAR,23.0,26.0,-3.0,49.0,0.0,0.0,0.0,-3.0,55.5,0.6504026444406742,4.313826552038296,47.938094348733976,7.061773108844079,55.35396779370102,0.7390068172515991,0.6438577055447263,0.49492094435997463,0.02888920522961591,0.03284858459973622,0.0,0.7054472868293974,0.5138949977198605,0.44461421018245617,0.6850674753815073,0.2860433193888769,0.4970142744118784,0.47013714098838544,0.44461421018245617,0.5553857898175438,31.207870451272548,24.14609734242847
joint_score,7727,2018,Superbowl,LAR,NE,3.0,13.0,-10.0,16.0,0.0,0.0,0.0,2.0,55.5,0.4679986901680058,-0.8906890238552695,45.38946581405192,2.1015906582598585,52.135206247327524,0.5757041015348004,0.6452023129380181,0.3846251650518359,0.03441211164416197,0.032807514412435124,0.0,0.558714698973672,0.5140578306584771,0.39253561773660617,0.5394881463753556,0.4260997419804824,0.497192870970324,0.4699996146172409,0.39253561773660617,0.6074643822633938,27.11839845279369,25.016807794533833
joint_score,7728,2019,1,CHI,GB,3.0,10.0,-7.0,13.0,0.0,0.0,0.0,-3.0,46.5,0.7477743360187479,7.5517005102645545,42.78491687481547,4.321157173719996,44.67017540280937,0.6523273028565246,0.5476872795819797,0.4370098469193293,0.03252713095279347,0.0347091158418934,0.0,0.6454462078769747,0.4757217199908856,0.4628404208765873,0.6244516945503764,0.3430211744968301,0.45920983970321716,0.5060810444548894,0.4628404208765873,0.5371595791234127,24.495666288264683,20.174509114544687
joint_score,7729,2019,1,ARI,DET,27.0,27.0,0.0,54.0,0.5,1.0,1.0,3.0,45.5,0.42691112160981887,-2.0461521844156234,43.14520718589101,-0.9447242782160721,41.47962681205869,0.46585896345903854,0.5739264707915209,0.3637825579963293,0.03482286055273853,0.03438067496867586,0.0,0.5175365567789991,0.47858157733043294,0.44745747943086,0.4995144534313396,0.46566268601592187,0.4621276196742391,0.503491705357085,0.44745747943086,0.55254252056914,20.26745126692131,21.21217554513738
joint_score,7730,2019,1,CAR,LAR,27.0,30.0,-3.0,57.0,0.0,0.0,1.0,2.0,49.5,0.4657647999223621,-0.9530533762406503,44.23899667033015,-2.276088987342195,45.77893279674777,0.4182411759870771,0.49001099311259944,0.3735629668764219,0.034254776573309664,0.03493206374229524,0.0,0.4841980036409023,0.46951995441612154,0.4495669341654824,0.46761190920894063,0.49813331421774965,0.45311865344017804,0.5119492828175268,0.4495669341654824,0.5504330658345176,21.751421904702788,24.02751089204498
joint_score,7731,2019,1,CLE,TEN,13.0,43.0,-30.0,56.0,0.0,0.0,1.0,-5.5,44.0,0.4848539809150287,-0.421110116874188,39.554606571245415,3.608678138426585,44.287965907778954,0.6282119973998553,0.4341930721689478,0.5102999976575586,0.03323973566089572,0.0,0.03454688193018546,0.6287301683498331,0.46350119275960827,0.47772902706449005,0.6078313437518541,0.35892892058725007,0.46350119275960827,0.5364988072403918,0.46122497877187074,0.5042281392979437,23.94832202310277,20.339643884676185
joint_score,7732,2019,1,DAL,NYG,35.0,17.0,18.0,52.0,1.0,1.0,1.0,-7.0,44.0,0.7140460351296883,6.3588814304057,41.17107954632823,5.200269133194766,46.477811794123895,0.6812207261442071,0.43517534160487925,0.5878901422393575,0.031499372736209175,0.034510835624869785,0.03377071967999962,0.6657238671777037,0.4636081269938006,0.4936481142998955,0.6447539829460827,0.3237466443177082,0.4476086231287638,0.5178805412463664,0.4769772622113133,0.489252018108687,25.83904046365933,20.638771330464564
joint_score,7733,2019,1,JAX,KC,26.0,40.0,-14.0,66.0,0.0,0.0,1.0,3.5,49.0,0.3710668832748317,-3.666436269139076,41.896402857655424,-4.407924000758006,46.81268642334065,0.34477648357564095,0.4682983565091484,0.42226951002595864,0.03243277059535565,0.0,0.033942862699180565,0.4307730334129884,0.467189087410558,0.45980652520398346,0.41680187044163947,0.5507653589630048,0.467189087410558,0.532810912589442,0.44419937545079735,0.5218577618500221,21.20238121129132,25.61030521204933
joint_score,7734,2019,1,LAC,IND,30.0,24.0,6.0,54.0,1.0,,1.0,-6.0,44.5,0.6107463026274323,3.130049600606435,45.080306804277235,5.835583720222714,44.35339164496293,0.7014296608792943,0.4940509407835836,0.4949321137289266,0.030663534659172986,0.03493865571858873,0.0,0.6801170386664637,0.4699530851301287,0.47461694257351267,0.6592622462790204,0.31007421906180654,0.4535335560848785,0.5115277881965328,0.47461694257351267,0.5253830574264873,25.094487682592824,19.25890396237011
joint_score,7735,2019,1,MIA,BAL,10.0,59.0,-49.0,69.0,0.0,0.0,1.0,7.0,40.5,0.3589285135617591,-4.030376006034267,38.973889129718906,-10.88552611571566,43.68949241852424,0.16286188992488057,0.3623494852050693,0.6088681570163479,0.022179744774399657,0.03297625439557683,0.0,0.2757437535338486,0.4554748121852206,0.4980774244152634,0.2696278274573329,0.7081924277682674,0.4404549589078232,0.5265687866966,0.4980774244152634,0.5019225755847365,16.401983151404288,27.28750926711995
joint_score,7736,2019,1,MIN,ATL,28.0,12.0,16.0,40.0,1.0,1.0,0.0,-3.5,47.0,0.6061998258537568,2.9974384546202963,46.48456731217138,3.4089026672549334,44.82164195045051,0.6213510049273872,0.4968158672459437,0.422583600874097,0.033418964401830564,0.0,0.03394784190757816,0.6240011681912373,0.47024949300528884,0.4598714194056675,0.6031476953647537,0.3634333402334158,0.47024949300528884,0.5297505069947112,0.4442597771618703,0.5217923809305516,24.115272308852724,20.70636964159779
joint_score,7737,2019,1,NE,PIT,33.0,3.0,30.0,36.0,1.0,1.0,0.0,-5.5,49.0,0.6664178526560048,4.80870116567723,41.47398665172291,5.17929293282718,46.29282306566741,0.6805434663467613,0.4887916547518135,0.40413056990294105,0.031525690039975296,0.0,0.03362037613139135,0.6652447940056515,0.46938921085478047,0.4560373367236809,0.6442724928291221,0.32420181713090257,0.46938921085478047,0.5306107891452195,0.4407051899330728,0.5256744339355358,25.736057999247297,20.556765066420116
joint_score,7738,2019,1,NYJ,BUF,16.0,17.0,-1.0,33.0,0.0,0.0,0.0,-2.5,41.0,0.48900910492408894,-0.305539463763198,40.11109113043897,-2.537622301731952,40.43773415203666,0.40900780613733156,0.3294715331000874,0.4798952960785769,0.03408975820925586,0.0,0.03451666713414203,0.4776364241417582,0.4515982636767963,0.4715719705017023,0.4613539139308321,0.504556327859912,0.4515982636767963,0.5484017363232037,0.4552948777661036,0.5101884550997544,18.950055925152355,21.487678226884306
joint_score,7739,2019,1,PHI,WAS,32.0,27.0,5.0,59.0,1.0,0.0,1.0,-10.0,44.5,0.7542858839511486,7.793693971109315,42.128925977718,10.039078695240132,44.26911840134442,0.8177707003847126,0.5014140319175895,0.49201931495351353,0.02373894557420836,0.034942074054307604,0.0,0.7687297039407351,0.4707424381676191,0.4740272594660691,0.7504808713376088,0.22578018308818293,0.45429372103266086,0.5107642049130315,0.4740272594660691,0.525972740533931,27.154098548292275,17.115019853052146
joint_score,7740,2019,1,SEA,CIN,21.0,20.0,1.0,41.0,1.0,0.0,0.0,-9.0,44.0,0.7505969341727892,7.65607997418886,42.35062498230637,9.45822057372912,43.14298676769133,0.8036623895012666,0.5165754601260409,0.46937385363180495,0.024792908701141647,0.03491414821591854,0.03446253643756769,0.757248332080837,0.47236884940089585,0.46943855167238874,0.738473943319465,0.23673314797939338,0.4558764933803301,0.5092093584037514,0.45326050848018,0.5122769550822523,26.300603670710228,16.842383096981106
joint_score,7741,2019,1,TB,SF,17.0,31.0,-14.0,48.0,0.0,0.0,0.0,-1.0,51.0,0.6087350115075693,3.071316692311657,40.74960114899521,-5.281681244903567,47.27502237199155,0.31615663004605904,0.2847483583336449,0.3692604422560317,0.03139643497725808,0.03003429755784437,0.032804663894771435,0.40901319644577766,0.44599765409606973,0.44864159353341426,0.3961716402187273,0.5724319248040145,0.4326024278428478,0.5373632745993078,0.43392405684833596,0.5332712792568927,20.99667056354399,26.278351808447557
joint_score,7742,2019,1,NO,HOU,30.0,28.0,2.0,58.0,1.0,0.0,1.0,-6.5,51.5,0.7022461254898587,5.962110884988451,46.5290201721219,5.393509681936776,54.62160712833836,0.687430369554305,0.4613848364051376,0.6066075751791511,0.031252996205211714,0.0,0.0,0.6701258614168383,0.466444927279235,0.4975963189093986,0.6491824204129636,0.3195645833818247,0.466444927279235,0.533555072720765,0.4975963189093986,0.5024036810906014,30.00755840513757,24.614048723200792
joint_score,7743,2019,1,LV,DEN,24.0,16.0,8.0,40.0,1.0,1.0,0.0,3.0,42.5,0.5174162408352447,0.48427766830425756,44.362009863190025,-1.7488975716458783,40.863628182327766,0.4369902859607281,0.5451701455538057,0.44362214938166505,0.03453472290999415,0.03473311512535682,0.0,0.49741640232775414,0.4754492265522029,0.4641945296990102,0.480238264702479,0.4852270123875269,0.4589353938301034,0.5063314910445398,0.4641945296990102,0.5358054703009898,19.557365305340944,21.30626287698682
joint_score,7744,2019,2,CAR,TB,14.0,20.0,-6.0,34.0,0.0,0.0,0.0,-6.5,48.0,0.7034125759087045,6.000918342978366,39.95761115569877,3.238480276740947,44.055338432711096,0.6154666636145905,0.38753132048581157,0.3618662871668341,0.033564499097477996,0.0,0.03259794762626611,0.619953219435145,0.458343963849487,0.44704160615939653,0.5991448001609355,0.3672907007415865,0.458343963849487,0.5416560361505129,0.43246896729505063,0.5349330850786833,23.64690935472602,20.408429077985076
joint_score,7745,2019,2,ATL,PHI,24.0,20.0,4.0,44.0,1.0,1.0,0.0,1.0,53.0,0.4473995987938503,-1.4674496893773539,44.64097872073138,3.896190285685826,50.98018427923428,0.6380124099889116,0.6713429923075367,0.4281522675549637,0.03296575928703255,0.03187251048510914,0.034032720455321575,0.6355044455815109,0.4897681462745738,0.4610200887248572,0.6145545590026318,0.3524796817103358,0.474158005897165,0.49396948361772586,0.4453303209209966,0.5206369586236819,27.438187282460053,23.541996996774227
joint_score,7746,2019,2,BAL,ARI,23.0,17.0,6.0,40.0,1.0,0.0,0.0,-13.0,45.5,0.8235487186308742,10.705031668774254,40.70264290025689,12.054861063546035,42.8598175376068,0.8615632741950381,0.46584401613270787,0.40952289579464385,0.0200110579585418,0.034822755879242995,0.0,0.8064230984748061,0.4669250541829557,0.4571625255479016,0.79028571911212,0.18970322292933833,0.4506654370072403,0.5145118071135166,0.4571625255479016,0.5428374744520984,27.457339300576418,15.402478237030383
joint_score,7747,2019,2,CIN,SF,17.0,41.0,-24.0,58.0,0.0,0.0,1.0,-1.0,46.0,0.5339775265747356,0.9458579001519593,43.72340232101534,1.4654002216388318,43.883332776677705,0.5528637288391887,0.516835015387938,0.42474860882232257,0.034655644146145415,0.03491326015032514,0.03398160577040443,0.5771659379749402,0.4723967178273978,0.46031841907219256,0.5571638806152044,0.40818047523865014,0.4559038083237301,0.5091829315259447,0.4446760600264255,0.5213423342031701,22.674366499158268,21.208966277519437
joint_score,7748,2019,2,DEN,CHI,14.0,16.0,-2.0,30.0,0.0,1.0,0.0,3.0,40.5,0.3965575995569984,-2.917272724240993,42.54088664953957,-3.5612168096555132,43.63320046260975,0.37341428844617114,0.47970181815969865,0.6069938903780989,0.03328315127885528,0.03490008941846012,0.0,0.4519606541058644,0.4684141302477424,0.4976784662180296,0.4369179792831685,0.5297988694379762,0.452066435217226,0.5130334753643139,0.4976784662180296,0.5023215337819704,20.03599182647712,23.59720863613263
joint_score,7749,2019,2,DET,LAC,13.0,10.0,3.0,23.0,1.0,1.0,0.0,1.0,46.5,0.42251963042598234,-2.171045351936937,44.59728729005835,0.6256868490345509,45.36542876848912,0.5226274943786218,0.5586050087272254,0.460842725061322,0.03488984733107081,0.034589844712363094,0.0,0.556542575913164,0.4769070351487476,0.4677055552487532,0.5371248904063128,0.42798526226261635,0.4604108948607189,0.5049992604269179,0.4677055552487532,0.5322944447512468,22.995557808761834,22.369870959727283
joint_score,7750,2019,2,GB,MIN,21.0,16.0,5.0,37.0,1.0,1.0,0.0,-3.0,43.0,0.4760603507098936,-0.6659080454846935,46.40953314008542,2.026519459228931,43.93554650902535,0.5729041819464157,0.4648224957561147,0.5334261010866268,0.03439615771812177,0.03481549342525447,0.03444433952637904,0.5908289352682283,0.4668151147336757,0.4824247071215442,0.5705066900263124,0.39509715225556585,0.450562716175856,0.5146217903988896,0.4658079067135358,0.49974775376008523,22.98103298412714,20.95451352489821
joint_score,7751,2019,2,HOU,JAX,13.0,12.0,1.0,25.0,1.0,0.0,0.0,-7.0,43.0,0.6789674413494042,5.204797901273696,42.357828973698204,6.384697980229098,44.777294462713165,0.7183983624758852,0.4777476593431808,0.5633011191038418,0.029884348536261096,0.034891572093635026,0.03415050488680221,0.6923675921350021,0.46820436970538903,0.488541649080221,0.6716766376964278,0.2984390137673111,0.4518679831852585,0.5132404447211064,0.47185770510590047,0.49399179000729726,25.580996221471132,19.196298241242033
joint_score,7752,2019,2,LAR,NO,27.0,9.0,18.0,36.0,1.0,1.0,0.0,-2.0,52.0,0.5698709506282448,1.9548439198352208,47.45710226163216,0.35214238826499383,51.301061151360365,0.5127397867680668,0.4406018314451308,0.47501429236718584,0.03492566234212646,0.03458021664084554,0.03449435225678421,0.5497844877143236,0.4641979648093512,0.47058268705779605,0.5305829003354742,0.4344914373223993,0.44814589862200427,0.5172738847371502,0.4543502420844804,0.5111554056587354,25.82660176981268,25.474459381547685
joint_score,7753,2019,2,MIA,NE,0.0,43.0,-43.0,43.0,0.0,0.0,0.0,18.0,48.5,0.22065467953512746,-8.768268637914561,42.158040025750424,-13.466321438152562,46.61238532288216,0.11250027815406204,0.6594044898727421,0.4350378787110105,0.017428598720272692,0.032293185455615436,0.0,0.22072833916669019,0.4883266466562432,0.4624358284202772,0.2168813535171617,0.7656900477625656,0.47255702369285435,0.49514979085153016,0.4624358284202772,0.5375641715797228,16.5730319423648,30.039353380517362
joint_score,7754,2019,2,NYG,BUF,14.0,28.0,-14.0,42.0,0.0,0.0,0.0,1.0,44.5,0.5401903505783706,1.119499857921237,41.15611456008687,0.6092857807882488,43.58527594617097,0.5220349936640817,0.5580181035665074,0.4684124908065911,0.03489255813230979,0.03459688495812213,0.0,0.5561378864908434,0.4768431632392389,0.4692434254251797,0.5367328129568817,0.42837462891080846,0.4603458751775839,0.505057239864294,0.4692434254251797,0.5307565745748203,22.097280863479607,21.48799508269136
joint_score,7755,2019,2,LV,KC,10.0,28.0,-18.0,38.0,0.0,0.0,0.0,7.0,53.0,0.30966601347090894,-5.570651390577523,42.85900057588883,-11.229334319740248,51.122868091307836,0.15540035874754243,0.3507476824475946,0.4331766049141676,0.021542227862519914,0.032625236602100705,0.03410379053065704,0.2681205446256937,0.45412578573181234,0.46205360590526795,0.26234463075874404,0.716113141378736,0.43930982452519707,0.5280649388727021,0.44629582651553995,0.519600382953803,19.946766885783795,31.17610120552404
joint_score,7756,2019,2,PIT,SEA,26.0,28.0,-2.0,54.0,0.0,0.0,1.0,-4.0,47.0,0.5555062892926803,1.5491737584089968,39.970698965907346,3.1598013829695204,45.444497383089825,0.6127406589546102,0.46962836385250284,0.444541866857774,0.033629373505835614,0.03484779010640959,0.03424534491784481,0.6180802161632181,0.46733210498566163,0.4643825823940187,0.5972945657172976,0.3690760607768668,0.4510466138811347,0.5141055960124558,0.448479640686096,0.5172750143960592,24.302149383029672,21.142348000060153
joint_score,7757,2019,2,TEN,IND,17.0,19.0,-2.0,36.0,0.0,0.0,0.0,-3.5,43.5,0.5866928275803884,2.4342053912020676,44.512868992791304,2.4993408762686067,43.30707028923163,0.5896437940962618,0.46506826247937605,0.49333103089863256,0.03411498103172533,0.0,0.0,0.6022580392465735,0.4668415675451975,0.4742928128149873,0.5817120176614725,0.3841730013068021,0.4668415675451975,0.5331584324548024,0.4742928128149873,0.5257071871850127,22.903205582750118,20.403864706481514
joint_score,7758,2019,2,WAS,DAL,21.0,31.0,-10.0,52.0,0.0,0.0,1.0,6.0,46.0,0.39371579717876254,-2.999894592835426,41.58731818197785,-8.033631270677233,45.50104536733524,0.23370288100149272,0.42684294491354485,0.48215743099164443,0.02727962358113234,0.03439234828336579,0.03452536890471841,0.3418002926752804,0.4626992842947183,0.4720302616698398,0.3324761093511779,0.6402442670676899,0.4467859693587903,0.518821682357844,0.4557332427514978,0.5097413883437838,18.733707048329002,26.767338319006235
joint_score,7759,2019,2,NYJ,CLE,3.0,23.0,-20.0,26.0,0.0,0.0,0.0,6.5,45.0,0.518304912224558,0.5090097181215515,37.779068847714576,-7.043989471504768,41.08244670708443,0.2618809107006616,0.48099288476308455,0.3627758994114477,0.028886525028173127,0.0,0.03262402407543119,0.3656746626425084,0.4685526832422343,0.44723912091996965,0.35511159234791684,0.61600188262391,0.4685526832422343,0.5314473167577657,0.43264838107160186,0.534727594852967,17.01922861778983,24.063218089294597
joint_score,7760,2019,3,JAX,TEN,20.0,7.0,13.0,27.0,1.0,1.0,0.0,2.0,38.0,0.423475415360788,-2.143834062506603,41.93732526041413,-2.167442621947952,37.516969508832005,0.4220909433063834,0.4939414475362137,0.4827265032084598,0.0343182685810407,0.03493852112352802,0.03452739448643133,0.48692323996986797,0.46994134689818295,0.4721455347196048,0.4702128774422315,0.4954688539767278,0.45352229122276155,0.5115391876537103,0.45584357958733396,0.5096290259262347,17.674763443442025,19.84220606538998
joint_score,7761,2019,3,ARI,CAR,20.0,38.0,-18.0,58.0,0.0,0.0,1.0,-2.5,45.5,0.4373137088209639,-1.7515718841617127,41.583143587532916,4.034349232364234,43.51334483195336,0.6426893168176405,0.5534697076334483,0.43166210558074153,0.0328275030270162,0.0,0.0,0.6387460571177034,0.47634877825563327,0.4617423429611273,0.6177776189941773,0.3493948779788065,0.47634877825563327,0.5236512217443667,0.4617423429611273,0.5382576570388726,23.7738470321588,19.739497799794563
joint_score,7762,2019,3,BUF,CIN,21.0,17.0,4.0,38.0,1.0,0.0,0.0,-6.0,43.5,0.7009954829146438,5.920599522664498,42.77668720239505,6.432705788642427,43.13277989912628,0.7198588844395403,0.5156530036786724,0.48730791464061995,0.029813896169243903,0.034917192648609374,0.0,0.6934299261363086,0.4722698143911681,0.4730733619274194,0.6727560783178342,0.29743002551292186,0.4557794782999487,0.5093033290514419,0.4730733619274194,0.5269266380725806,24.782742843884353,18.350037055241923
joint_score,7763,2019,3,CLE,LAR,13.0,20.0,-7.0,33.0,0.0,0.0,0.0,4.0,48.0,0.32433837923017683,-5.099694535957642,40.92330694662465,-3.5681774229307686,45.68975846260564,0.37317563325890707,0.5156210706451773,0.4179633842970333,0.03327681644087199,0.03491729491577533,0.033872529064790324,0.4517862050977927,0.47226638630572504,0.45891564222411696,0.43675219848023533,0.5299709850788926,0.45577612161628056,0.5093065834679441,0.4433710087945936,0.522756462140616,21.060790519837436,24.628967942768202
joint_score,7764,2019,3,DAL,MIA,31.0,6.0,25.0,37.0,1.0,1.0,0.0,-21.5,46.5,0.820915233503073,10.57983471737105,41.22597327145461,13.66634997584792,45.441266558734156,0.8908692740438904,0.24624692189103237,0.4634525052087722,0.017069522539686743,0.0,0.0,0.834001514930867,0.4407488094215211,0.46823606736776513,0.8197655072736217,0.16316497018669154,0.4407488094215211,0.5592511905784789,0.46823606736776513,0.5317639326322349,29.55380826729104,15.887458291443117
joint_score,7765,2019,3,GB,DEN,27.0,16.0,11.0,43.0,1.0,1.0,1.0,-7.0,41.5,0.696771679827145,5.781131688109472,46.691813606824525,5.085964691628483,40.4167922385507,0.6775226755390553,0.4310994365048051,0.4626101013536622,0.03164175417253945,0.03445468793706152,0.0,0.6631103738321127,0.46316405577364267,0.46806486279056375,0.6421283983940562,0.32622984743340433,0.44720588276829804,0.5183394292946404,0.46806486279056375,0.5319351372094363,22.75137846508959,17.665413773461108
joint_score,7766,2019,3,IND,ATL,27.0,24.0,3.0,51.0,1.0,1.0,1.0,-1.5,48.0,0.6394586679451081,3.9817187154847216,46.832877252892445,1.2620895338623834,49.1812788818916,0.5455650493084473,0.49168480928061997,0.542175547553533,0.03472943653048405,0.0,0.03437718437603521,0.572190927339685,0.4696994157319558,0.4842086342699591,0.5523190588453226,0.41295150462419333,0.4696994157319558,0.5303005842680442,0.4675629047731925,0.4980599108507723,25.221684207876994,23.959594674014607
joint_score,7767,2019,3,KC,BAL,33.0,28.0,5.0,61.0,1.0,,1.0,-5.0,52.0,0.6263956324085028,3.590988419789519,40.49296518528138,6.015340409213583,53.43357987181454,0.7070370033387243,0.5366858255029159,0.5511369370617216,0.030413995556277384,0.03480437741275777,0.034292200234616765,0.6841472437642905,0.47453261762760446,0.4860417105034358,0.6633395925326039,0.3062464119111187,0.45801680530902944,0.5071788172782128,0.46937427084447636,0.4963335289209069,29.72446014051406,23.709119731300476
joint_score,7768,2019,3,LAC,HOU,20.0,27.0,-7.0,47.0,0.0,0.0,0.0,-3.0,49.0,0.6706904666505914,4.9426852754602075,44.02596876281024,4.103868959188043,50.203346124178516,0.6450343977089076,0.5398739221379837,0.5429602991452789,0.03275633968244207,0.03477934013562989,0.03437039807134634,0.6403737664729733,0.47487672787459767,0.48436890069648897,0.6193974658546597,0.3478461944628982,0.4583608286333521,0.5068598312310181,0.4677209487661702,0.49790865316248345,27.15360754168328,23.049738582495237
joint_score,7769,2019,3,MIN,LV,34.0,14.0,20.0,48.0,1.0,1.0,1.0,-9.0,43.5,0.7466588965966066,7.510665382838543,44.389007327592594,9.067129996089388,43.77990449412577,0.7937918591038595,0.5024290359775367,0.5096749140378882,0.025491578806992488,0.03494167474307336,0.0,0.74936989132392,0.4708512596995524,0.477602371555112,0.7302672696836489,0.24424115150935866,0.45439892813076427,0.5106593971261624,0.477602371555112,0.522397628444888,26.423517245107583,17.35638724901819
joint_score,7770,2019,3,NE,NYJ,30.0,14.0,16.0,44.0,1.0,0.0,1.0,-21.0,43.0,0.9014969375174154,15.384232363104275,42.05078766556199,12.882211010355626,42.64902697568072,0.8772293039491694,0.23138876305381456,0.48744705555544127,0.018488458354557258,0.027137762372901775,0.03454166442632928,0.8208756554226802,0.43858203779998306,0.4731015361337199,0.805698930053128,0.1758126115923147,0.4266799026771441,0.5461823349499542,0.4567598216330081,0.5086985139406628,27.765618993018172,14.883407982662547
joint_score,7771,2019,3,PHI,DET,24.0,27.0,-3.0,51.0,0.0,0.0,1.0,-4.0,45.0,0.6655937016960852,4.782956083830859,44.363238513849936,3.500721329726797,45.25071297680516,0.62450943277207,0.4819403281301158,0.5089677794601742,0.03333773704776055,0.03490888370264411,0.03454948300813815,0.6261768538313921,0.4686543453808368,0.4774591015818926,0.6053015345329672,0.3613607284192723,0.45229414534119833,0.5127969709561576,0.4609631364647081,0.5044873805271538,24.375717153265978,20.874995823539184
joint_score,7772,2019,3,SF,PIT,24.0,20.0,4.0,44.0,1.0,0.0,0.0,-6.0,44.5,0.5101225576851663,0.2813933891146644,41.464357345556905,4.778770931899591,44.05795730398693,0.6674949793526851,0.4559038088138997,0.48472300784470945,0.03201169920341457,0.034742956330838126,0.0,0.6560518400394139,0.4658539413764154,0.47254990656468226,0.6350505058742255,0.33293779492236,0.44966879823462574,0.5155882454345362,0.47254990656468226,0.5274500934353177,24.418364117943263,19.63959318604367
joint_score,7773,2019,3,SEA,NO,27.0,33.0,-6.0,60.0,0.0,0.0,1.0,-5.0,44.0,0.5638708344862597,1.785032021821744,44.82980400823286,6.154997384886351,44.24340596927131,0.7113584892604419,0.5417139714888276,0.5087064578021224,0.03021635499080222,0.03476393624709034,0.0345499510161843,0.6872651319887741,0.475075504774153,0.4774061589557764,0.6664984847878008,0.30328516022139695,0.4585600102136301,0.5066760535392795,0.46091179954902967,0.5045382494347861,25.19920167707883,19.04420429219248
joint_score,7774,2019,3,TB,NYG,31.0,32.0,-1.0,63.0,0.0,0.0,1.0,-5.0,48.0,0.636352824100617,3.888284106508672,38.76335579112433,1.0349174084544213,46.85378797566165,0.5373910508649782,0.35965276422011627,0.4590718421013092,0.03479901935604979,0.03289734797371913,0.034387712703978,0.5666177312302021,0.4551629150492661,0.4673453676041719,0.5468999898336413,0.4183009908103089,0.440189262248158,0.5269133897781229,0.45127442936946466,0.5143378579265574,23.944352692058036,22.909435283603617
joint_score,7775,2019,3,WAS,CHI,15.0,31.0,-16.0,46.0,0.0,0.0,1.0,5.0,41.0,0.36896192984382714,-3.7291840573007993,40.05874665567822,-6.782967009173582,42.81576130996438,0.2696008567154108,0.4357737220869903,0.5646588633399059,0.029289206530039302,0.03451878699407618,0.034132800827798904,0.3720341438720225,0.4636732437975183,0.48882164102883446,0.3611375589959285,0.6095732344740322,0.4476678058600194,0.5178134071459044,0.47213678931527947,0.4937304098569217,18.0163971503954,24.79936415956898
joint_score,7776,2019,4,GB,PHI,27.0,34.0,-7.0,61.0,0.0,0.0,1.0,-3.5,46.5,0.5365233340453206,1.0169718483190717,44.75898672350217,2.9156941220945254,44.95115916285318,0.6042470339456649,0.47958540815028244,0.4466192771525962,0.03382122682779287,0.0,0.0,0.6122526673978492,0.46840163634753795,0.46480709947132337,0.5915455310578653,0.3746332421143418,0.46840163634753795,0.531598363652462,0.46480709947132337,0.5351929005286766,23.933426642473854,21.017732520379326
joint_score,7777,2019,4,ARI,SEA,10.0,27.0,-17.0,37.0,0.0,0.0,0.0,5.5,48.5,0.2949700756715442,-6.054873455930156,41.11492735986508,-4.693474090925725,45.00421137676443,0.3353118038860986,0.5281674235915573,0.3809788774132411,0.03211106113143447,0.0,0.0,0.42364744418564276,0.4736148040468782,0.45115270482654163,0.4100436752072216,0.5578452636613439,0.4736148040468782,0.5263851959531218,0.45115270482654163,0.5488472951734584,20.155368642919353,24.84884273384508
joint_score,7778,2019,4,ATL,TEN,10.0,24.0,-14.0,34.0,0.0,0.0,0.0,-3.5,46.5,0.5753257042259474,2.10972483928088,44.99212923306966,2.9573979470683,47.43478656213025,0.6057018523688489,0.4810413249259651,0.5322788158259876,0.03378946683964046,0.0,0.0,0.6132499913193478,0.46855788123293035,0.482191153569158,0.5925286010732529,0.37368193208710665,0.46855788123293035,0.5314421187670697,0.482191153569158,0.517808846430842,25.196092254599275,22.238694307530974
joint_score,7779,2019,4,BAL,CLE,25.0,40.0,-15.0,65.0,0.0,0.0,1.0,-7.0,47.5,0.7648835741526742,8.196997814925716,38.521874884472695,6.828760485001318,44.30683468311745,0.7317619501904221,0.49380407637787865,0.391009639439136,0.029219261371710326,0.034938348787384776,0.0,0.7021389119602451,0.46992661997144347,0.4532805208407537,0.6816229315724304,0.28915780705585925,0.45350815981840437,0.5115534913942109,0.4532805208407537,0.5467194791592462,25.567797584059385,18.739037099058066
joint_score,7780,2019,4,BUF,NE,10.0,16.0,-6.0,26.0,0.0,1.0,0.0,7.0,41.5,0.3176647576397671,-5.312460272018134,43.06771849654298,-8.368826829624616,39.152670014245075,0.22456427039735952,0.45060102828541726,0.4194124896694478,0.02671034290161234,0.034692047916709545,0.0,0.3338091344087412,0.46528117051981477,0.4592156965409509,0.32489297796499333,0.6483966791333943,0.44913961385739865,0.5161683382258918,0.4592156965409509,0.5407843034590492,15.39192159231023,23.760748421934846
joint_score,7781,2019,4,CHI,MIN,16.0,6.0,10.0,22.0,1.0,1.0,0.0,-1.0,38.5,0.6162786410480523,3.292178278064857,41.706700174783606,-0.5218205898010093,40.92703891104222,0.4811255673801972,0.44511398934907864,0.5832845968403624,0.03490580173614788,0.03463324718424632,0.0,0.5280851164369497,0.464687314856344,0.4926853972043532,0.5096518820627909,0.4554423162010612,0.44859368421754053,0.5167730685982131,0.4926853972043532,0.5073146027956468,20.202609160620604,20.724429750421614
joint_score,7782,2019,4,DEN,JAX,24.0,26.0,-2.0,50.0,0.0,0.0,1.0,-2.5,37.5,0.4958711713120248,-0.11476276958164817,43.75959758994286,-0.16119061140864302,39.818623983279494,0.4941676461744966,0.40781816865989107,0.5796152590431086,0.03493879647644266,0.0,0.0,0.5370571980835268,0.46060720114862863,0.4919205984525501,0.5182930659434779,0.4467681375800794,0.46060720114862863,0.5393927988513714,0.4919205984525501,0.5080794015474499,19.828716685935426,19.989907297344068
joint_score,7783,2019,4,DET,KC,30.0,34.0,-4.0,64.0,0.0,1.0,1.0,7.0,54.5,0.4015692750446276,-2.77205450619902,44.12603810677348,-9.275065843499576,54.32517413891681,0.20092316120907983,0.41827739294289906,0.49395677330147936,0.025121361422319577,0.034255388410105114,0.0,0.31248141433669613,0.4617605318032945,0.4744194910328479,0.3046314557893864,0.6702471827882941,0.445942745433916,0.519801866155979,0.4744194910328479,0.5255805089671521,22.525054147708616,31.80011999120819
joint_score,7784,2019,4,HOU,CAR,10.0,16.0,-6.0,26.0,0.0,0.0,0.0,-5.0,47.5,0.6361869560389039,3.883303910411205,42.7717815497559,3.3335772974382722,48.566308246082684,0.6187536554001796,0.4399378537098469,0.5368082365675743,0.033484131636156045,0.03457205617325798,0.0,0.6222135500670369,0.4641258733934358,0.4831136832451919,0.6013792696507922,0.36513659871305165,0.4480800876270155,0.5173478561997265,0.4831136832451919,0.5168863167548081,25.94994277176048,22.616365474322205
joint_score,7785,2019,4,IND,LV,24.0,31.0,-7.0,55.0,0.0,0.0,1.0,-6.0,46.5,0.78984352513402,9.199972596063663,44.73128795476245,5.606330190735028,48.091707865805745,0.6942063263277166,0.48575846102086495,0.5548489146072496,0.03097361617481681,0.03492151341732197,0.0,0.6749497070485087,0.46906392951621434,0.486803040663664,0.654044073885083,0.31498230994010007,0.4526835072080321,0.512394979374646,0.486803040663664,0.513196959336336,26.849019028270387,21.242688837535358
joint_score,7786,2019,4,LAR,TB,40.0,55.0,-15.0,95.0,0.0,0.0,1.0,-9.0,48.5,0.826996835564498,10.871196812717063,41.539998310657936,11.820913214218239,47.08225118316,0.85689195812817,0.6009350999262116,0.45111362453040477,0.020444428761998368,0.0338918375368768,0.0,0.80222631026241,0.48157484108602877,0.46572440642457597,0.7858252516112494,0.1937303196267523,0.4652533848100938,0.5008547776530293,0.46572440642457597,0.534275593575424,29.451582198689117,17.63066898447088
joint_score,7787,2019,4,MIA,LAC,10.0,30.0,-20.0,40.0,0.0,0.0,0.0,15.0,43.5,0.31258061541905624,-5.476155724435539,41.90508437712383,-11.20750318087397,36.41916616035323,0.15586719708113855,0.6344881610276751,0.26975440648298776,0.02158274035847374,0.03306672715101805,0.0,0.2686021195316636,0.48539390391488607,0.4256521361290727,0.26280494972607593,0.7156123099154503,0.46934351613336506,0.4975897567156169,0.4256521361290727,0.5743478638709273,12.605831489739629,23.8133346706136
joint_score,7788,2019,4,NO,DAL,12.0,10.0,2.0,22.0,1.0,1.0,0.0,2.5,47.0,0.6094230701520312,3.0913968549007222,45.301829250510615,-1.5841648320234596,46.789408092635796,0.4428810932839456,0.5319772849803434,0.49246712254682073,0.034607532572846544,0.0,0.03455188214458593,0.5015431267318081,0.47402502457743484,0.4741179175762143,0.4841859566367498,0.48120651079040366,0.47402502457743484,0.5259749754225651,0.45773625116548444,0.5077118666899297,22.602621630306167,24.18678646232963
joint_score,7789,2019,4,NYG,WAS,24.0,3.0,21.0,27.0,1.0,1.0,0.0,-3.0,48.0,0.5959745835336209,2.701104835487249,41.02251207262317,1.7231354425436247,44.077537378840546,0.5620893813303638,0.45390397316288184,0.36261110860872126,0.034546573728494456,0.03472443961745675,0.03261931340246538,0.5834544045406199,0.4656380558043417,0.44720335259330124,0.5632980539369425,0.402155372334563,0.4494690352519739,0.5158065251305693,0.43261588628042713,0.5347648003171075,22.900336410692084,21.177200968148462
joint_score,7790,2019,4,PIT,CIN,27.0,3.0,24.0,30.0,1.0,1.0,0.0,-3.5,45.0,0.7567052441601727,7.8847039332996705,41.62765230028889,5.179373479102649,42.811946629418436,0.6805460681371827,0.5584887848932436,0.4222435660360469,0.031525589145940225,0.0,0.0339424504983753,0.6652466340534706,0.4768943852334868,0.45980116440608376,0.6442743419875813,0.3242000688664785,0.4768943852334868,0.5231056147665132,0.4441943861441349,0.5218631633574897,23.995660054260544,18.816286575157893
joint_score,7791,2019,5,SEA,LAR,30.0,29.0,1.0,59.0,1.0,0.0,1.0,-1.5,48.5,0.5492343711459461,1.3729106269632394,43.87808245039376,-2.4248668891253513,46.484391897146104,0.4129825498926163,0.3654688430016445,0.43067618183768885,0.03416300343250933,0.0,0.0,0.48046551758389594,0.4558343875254935,0.46153958916091614,0.4640513724574749,0.5017856241100158,0.4558343875254935,0.5441656124745065,0.46153958916091614,0.5384604108390838,22.029762504010375,24.45462939313573
joint_score,7792,2019,5,CAR,JAX,34.0,27.0,7.0,61.0,1.0,1.0,1.0,-3.0,40.5,0.6529901898709599,4.3930384652010614,41.64337498647781,3.2715481475519677,42.321931458076534,0.6166106269240228,0.5098247521261724,0.562720693210427,0.033536795111211715,0.034932396944334865,0.0,0.6207396380764341,0.47164438048777674,0.4884220166554251,0.5999220200168569,0.36654118487193127,0.4551687117720128,0.5098988912836523,0.4884220166554251,0.5115779833445748,22.79673980281425,19.525191655262283
joint_score,7793,2019,5,CIN,ARI,23.0,26.0,-3.0,49.0,0.0,0.0,1.0,-3.0,46.5,0.6218310487465423,3.455784542656647,42.25994815484937,4.940961454954284,42.38329939697844,0.6728053281653071,0.5698596208069127,0.3606533052284532,0.03181871205940323,0.03444097241455396,0.0,0.6597848186953084,0.4781356707815302,0.4467779083132257,0.6387913155280768,0.32938997241252,0.4616682133337292,0.5038908142517168,0.4467779083132257,0.5532220916867743,23.66213042596636,18.721168971012077
joint_score,7794,2019,5,DAL,GB,24.0,34.0,-10.0,58.0,0.0,0.0,1.0,-3.0,46.5,0.6901504507401215,5.56468651591842,44.33515685243702,1.6093049474170065,49.354340194055766,0.5580187895130662,0.4498161130841363,0.5976732898099861,0.034596876771576246,0.034684018587259335,0.0,0.5806796504010971,0.4651962971489763,0.4957042088973244,0.5605899480924084,0.40481317513601534,0.449061420131937,0.5162545612808037,0.4957042088973244,0.5042957911026755,25.481822570736387,23.87251762331938
joint_score,7795,2019,5,HOU,ATL,53.0,32.0,21.0,85.0,1.0,1.0,1.0,-4.0,49.0,0.6386723431272052,3.9580304838841855,45.29145624785923,5.155654053238155,45.86003675221888,0.6797794928063047,0.5417375982639894,0.38918861540156197,0.03155524671131904,0.03476373391700194,0.03330269065081959,0.6647046201041151,0.475078057967132,0.4528956083049151,0.6437297018265762,0.3247150514621048,0.4585625707701566,0.5066736953128415,0.43781296596442176,0.5288843433847586,25.50784540272852,20.35219134949036
joint_score,7796,2019,5,KC,IND,13.0,19.0,-6.0,32.0,0.0,0.0,0.0,-10.5,55.5,0.7434794130281552,7.394347558290292,44.76178392153386,6.730273640331575,53.78361558505529,0.7288265980384339,0.37059201817664666,0.44088527087077417,0.029369313183493617,0.0,0.0,0.6999825189770309,0.45642224572645523,0.4636345136546532,0.6794245131542238,0.2912061736622827,0.45642224572645523,0.5435777542735447,0.4636345136546532,0.5363654863453469,30.25694461269343,23.526670972361856
joint_score,7797,2019,5,LAC,DEN,13.0,20.0,-7.0,33.0,0.0,0.0,0.0,-4.5,45.5,0.7927122478017486,9.320670818873886,44.88053211192788,6.20893734515431,44.36435298657752,0.7130192810423466,0.5595108225450421,0.46080571640360646,0.03013915694462599,0.0,0.0,0.688466216006731,0.4770056498851495,0.46769802963884494,0.6677164246714313,0.3021444183839427,0.4770056498851495,0.5229943501148505,0.46769802963884494,0.5323019703611551,25.286645165865917,19.077707820711606
joint_score,7798,2019,5,NO,TB,31.0,24.0,7.0,55.0,1.0,1.0,1.0,-3.0,46.5,0.7533517160317289,7.758714937987161,43.342607701896505,0.6908744592074907,47.67615611189167,0.5249819212221591,0.41707214361969197,0.5405876129556684,0.03487836352100493,0.03423487893028221,0.0,0.5581503890592217,0.4616280423496577,0.48388447708095594,0.5386830168902238,0.4264386195887713,0.445824262208994,0.5199408588607238,0.48388447708095594,0.5161155229190441,24.183515285549582,23.49264082634209
joint_score,7799,2019,5,NYG,MIN,10.0,28.0,-18.0,38.0,0.0,0.0,0.0,5.5,43.5,0.4263682714380511,-2.061572577263696,42.57629842462708,-5.197280658007295,43.405074636995344,0.3188757249455483,0.5105798465993563,0.4967186149884619,0.03150312731069549,0.0,0.0,0.41110894060556175,0.4717253854733957,0.4749786098970703,0.3981577233110996,0.570339149378205,0.4717253854733957,0.5282746145266043,0.4749786098970703,0.5250213901029297,19.103896989494025,24.30117764750132
joint_score,7800,2019,5,LV,CHI,24.0,21.0,3.0,45.0,1.0,1.0,1.0,6.5,39.5,0.2736820942957322,-6.782085860646948,40.58038264377889,-9.872120674542414,39.898558184479185,0.1862166072167063,0.383825288559836,0.5137747977301175,0.024043587937152555,0.0,0.0,0.2986749464229213,0.45792622992251814,0.4784332787384263,0.29149372908397747,0.68446268297887,0.45792622992251814,0.5420737700774818,0.4784332787384263,0.5215667212615738,15.013218754968385,24.8853394295108
joint_score,7801,2019,5,PHI,NYJ,31.0,6.0,25.0,37.0,1.0,1.0,0.0,-14.0,43.0,0.8391799647883087,11.480239260286998,40.728867461751264,11.864209089603369,43.83687822780965,0.8577645487422153,0.42321395217778185,0.5299080134327452,0.020364169422235345,0.034336202830451135,0.0344669465544315,0.8030066080913886,0.462302148820765,0.48170876993255934,0.786654045477041,0.19298178510072364,0.44642844846990176,0.519235348699647,0.4651057395044929,0.5004273139410756,27.85054365870651,15.986334569103139
joint_score,7802,2019,5,PIT,BAL,23.0,26.0,-3.0,49.0,0.0,,1.0,3.0,44.0,0.5726202612407832,2.0328445040593395,38.57253038505947,-0.9333451862094816,48.63162696745878,0.46626916878573205,0.5743308578408247,0.6609038812077785,0.034825715208677166,0.034374490023170945,0.03188530584728999,0.517820726992434,0.47862597683880037,0.5094801949552878,0.4997872498250453,0.46538703496627754,0.46217345297312457,0.5034520570037044,0.4932352631160016,0.47487943103670843,23.84914089062465,24.78248607683413
joint_score,7803,2019,5,TEN,BUF,7.0,14.0,-7.0,21.0,0.0,0.0,0.0,-3.0,39.5,0.6576635883109511,4.53681125695487,42.364933982012126,2.8422131088900766,40.77878063828265,0.6016800460452123,0.49429079408213433,0.5441151621964426,0.033876159899207225,0.03493894198047537,0.0,0.6104937015559488,0.4699787985252322,0.48460483866895493,0.5898125193045807,0.37631132079621216,0.4535582365515056,0.5115028214680191,0.48460483866895493,0.515395161331045,21.810496873586363,18.968283764696285
joint_score,7804,2019,5,WAS,NE,7.0,33.0,-26.0,40.0,0.0,0.0,0.0,16.5,41.5,0.17672320235069225,-10.69203685172638,42.81554048072845,-11.446152744250812,42.05427259526071,0.15081502368480687,0.6710427884784779,0.5191529771221254,0.02113978233111613,0.0,0.0,0.2633563985506793,0.48973157756040125,0.47952402095947,0.2577891016098113,0.7210711160590726,0.48973157756040125,0.5102684224395988,0.47952402095947,0.52047597904053,15.304059925504951,26.75021266975576
joint_score,7805,2019,5,SF,CLE,31.0,3.0,28.0,34.0,1.0,1.0,0.0,-4.5,48.0,0.6080744009250116,3.052049436157913,41.34888094754264,4.975132643991381,46.14913389471091,0.6739196091945826,0.5166027322386227,0.43410274668642596,0.03177738320202972,0.0,0.03411632155443556,0.6605695269881787,0.4723717775518153,0.4622438362233959,0.6395783559974919,0.3286442608004784,0.4723717775518153,0.5276282224481847,0.44647377687024264,0.5194099015753219,25.562133269351143,20.587000625359764
joint_score,7806,2019,6,NE,NYG,35.0,14.0,21.0,49.0,1.0,1.0,1.0,-16.5,43.0,0.8830696722406275,14.049084844439848,42.73485641544705,9.207263227998737,42.14684715347219,0.7973627495422989,0.2614259524136724,0.46951152984844075,0.02524240529433086,0.0,0.034463390047334896,0.7522063191639626,0.442875470613158,0.4694664925456844,0.733218822390669,0.24153877231500004,0.442875470613158,0.557124529386842,0.4532870856989282,0.5122495242537368,25.677055190735462,16.469791962736725
joint_score,7807,2019,6,ARI,ATL,34.0,33.0,1.0,67.0,1.0,1.0,1.0,3.0,52.0,0.4382173541247963,-1.72605994990402,44.16031791647558,1.5823040431174253,48.92866918819405,0.5570522881900316,0.6610157867863447,0.39154754597184477,0.03460831474102516,0.03223832474841004,0.03335599663162414,0.580020864961334,0.48851971685052265,0.45339410639650646,0.5599473203103904,0.4054443649485843,0.47277065957269415,0.4949910156788958,0.4382706941107464,0.5283733092576295,25.255486615655737,23.673182572538312
joint_score,7808,2019,6,BAL,CIN,23.0,17.0,6.0,40.0,1.0,0.0,0.0,-10.5,46.5,0.8207014425403312,10.569734420876884,41.39464305361978,11.058208066890625,42.463846048372766,0.8409150001880535,0.5195035252397255,0.3632692813813041,0.021859697634058983,0.0,0.0,0.7882149861572456,0.472683304724498,0.4473461723924888,0.7709848448892141,0.20715545747672676,0.472683304724498,0.527316695275502,0.4473461723924888,0.5526538276075112,26.761027057631694,15.70281899074107
joint_score,7809,2019,6,CLE,SEA,28.0,32.0,-4.0,60.0,0.0,0.0,1.0,-1.0,45.5,0.40769359659349513,-2.59540060025899,38.7748280890671,-1.60813946413021,41.2791468688811,0.44202292181332103,0.4065268736151264,0.3572803222939948,0.034597374404823245,0.03404234291074415,0.0,0.50094267471743,0.460464223046724,0.44604274492465906,0.48361137344487753,0.4817912521502992,0.4447889420676381,0.5211687150216179,0.44604274492465906,0.5539572550753409,19.835503702375444,21.443643166505655
joint_score,7810,2019,6,DEN,TEN,16.0,0.0,16.0,16.0,1.0,1.0,0.0,-1.5,41.0,0.46239348769193017,-1.0472449923498335,44.508797837331045,2.315164350949926,41.71693149273318,0.5831414644400083,0.5284686059794864,0.5256280071665687,0.03423121207108487,0.0,0.0344910555260457,0.5978157279515839,0.4736472185848202,0.4808386904583976,0.5773517709886433,0.3884170169402719,0.4736472185848202,0.5263527814151798,0.4642540564867259,0.5012548879872283,22.016047921841555,19.700883570891627
joint_score,7811,2019,6,JAX,NO,6.0,13.0,-7.0,19.0,0.0,0.0,0.0,-2.5,42.5,0.3368873007235378,-4.705643280138711,44.805639203065326,1.572666413801816,42.547109204367715,0.5567072226329712,0.46762211362693573,0.5016284873293577,0.03461235141394525,0.0,0.0,0.5797856641947056,0.46711635367392174,0.4759726608821739,0.5597179190408308,0.405669729545224,0.46711635367392174,0.5328836463260782,0.4759726608821739,0.5240273391178261,22.059887809084767,20.487221395282948
joint_score,7812,2019,6,KC,HOU,24.0,31.0,-7.0,55.0,0.0,0.0,1.0,-3.5,54.5,0.699593502996048,5.874183144388262,43.80888058280105,5.675394116491241,55.00482422273497,0.6963907739158303,0.5755796630220438,0.5174454237287434,0.03088118422589803,0.0,0.0,0.6765095901319949,0.4787631602278602,0.4791776069400868,0.655618172848542,0.31350064292556,0.4787631602278602,0.5212368397721399,0.4791776069400868,0.5208223930599132,30.340109169613104,24.664715053121864
joint_score,7813,2019,6,LAC,PIT,17.0,24.0,-7.0,41.0,0.0,0.0,0.0,-6.0,42.5,0.5949959262767046,2.6728736112593108,41.10996271389597,4.283938225218349,42.9420919609331,0.651082136044905,0.4381633810387987,0.5152786939179279,0.03256711480281815,0.034549797611337474,0.0,0.6445789950858842,0.4639331020189589,0.4787381858619897,0.623586916953437,0.34384596824374475,0.4479043072390039,0.5175458951496587,0.4787381858619897,0.5212618141380103,23.613015093075724,19.329076867857374
joint_score,7814,2019,6,LAR,SF,7.0,20.0,-13.0,27.0,0.0,0.0,0.0,-3.0,50.0,0.654435941576309,4.437417229981329,45.30475304764089,2.5592512524905513,49.85253895686072,0.5917535479918922,0.4840562032133224,0.49472515010800966,0.034075346228203296,0.034916251752036054,0.03455481247693987,0.6037003336069264,0.46888134221463024,0.4745750441268997,0.5831290357211886,0.38279561805060813,0.45250976322803166,0.5125739850199322,0.4581761924708592,0.5072689950522009,26.205895104675637,23.646643852185083
joint_score,7815,2019,6,MIA,WAS,16.0,17.0,-1.0,33.0,0.0,1.0,0.0,5.5,42.5,0.5549844656227975,1.5344904916688846,40.79393928666259,-8.928815159817889,34.42158259697072,0.20976989425189757,0.38192964953183833,0.24196465700763103,0.02573612862434904,0.0,0.0,0.3205799104643013,0.4577119962379369,0.4184214228397676,0.3123294246542097,0.6619344467214413,0.4577119962379369,0.5422880037620631,0.4184214228397676,0.5815785771602324,12.746383718576418,21.675198878394305
joint_score,7816,2019,6,MIN,PHI,38.0,20.0,18.0,58.0,1.0,1.0,1.0,-3.5,44.5,0.5491410366258745,1.370291056796059,43.61933499529318,1.5831785141909,45.163513867002,0.5570835955349345,0.4333140892947221,0.522924011391459,0.03460794727618888,0.0,0.0,0.580042204474976,0.4634054579149817,0.4802894591515805,0.5599681344445416,0.40542391827926944,0.4634054579149817,0.5365945420850182,0.4802894591515805,0.5197105408484195,23.37334619059645,21.790167676405552
joint_score,7817,2019,6,NYJ,DAL,24.0,22.0,2.0,46.0,1.0,1.0,1.0,7.0,43.5,0.284352887856318,-6.413460477587278,39.96913516712417,-6.498879173356191,41.330392031898086,0.2781341543999327,0.5181262581984973,0.4254394840005466,0.029716196395676908,0.03490863693588897,0.0,0.3789818160972268,0.4725353758050321,0.46046094821241423,0.3677199180196913,0.6025638855846318,0.45603980993169035,0.5090515531324206,0.46046094821241423,0.5395390517875858,17.415756429270946,23.91463560262714
joint_score,7818,2019,6,TB,CAR,26.0,37.0,-11.0,63.0,0.0,0.0,1.0,2.0,47.5,0.4040675613138074,-2.6998886353159106,39.81073745356622,-3.7204116774766884,47.27868597841512,0.3679687465189093,0.4380079434912976,0.4923499877216962,0.0331354891515635,0.03454781664151341,0.0,0.44797175624950575,0.4639162083255963,0.47409420384856815,0.4331279929800934,0.5337365178683431,0.4478889162233375,0.5175632671351491,0.47409420384856815,0.5259057961514318,21.779137150469214,25.499548827945905
joint_score,7819,2019,6,GB,DET,23.0,22.0,1.0,45.0,1.0,0.0,0.0,-3.5,47.0,0.6080150134584468,3.0503179180100597,47.182809811376885,5.595047806784342,43.57923784742945,0.6938487922503659,0.5728200040193546,0.37958209712105784,0.030988634509694135,0.0,0.033073305993021496,0.6746946225998389,0.4784601502907659,0.4508548814476725,0.6537867575344365,0.3152246079558694,0.4784601502907659,0.5215398497092341,0.43594361999510617,0.5309830740118723,24.587142827106895,18.99209502032255
joint_score,7820,2019,7,DEN,KC,6.0,30.0,-24.0,36.0,0.0,0.0,0.0,3.0,49.5,0.38129857023846914,-3.3634550854370446,44.519200275256296,-2.936791705241805,49.39476211787794,0.3950167980467995,0.5022871345464553,0.49636214067434387,0.033805212383830496,0.034941743251334756,0.0,0.4676205539077061,0.47083604575974697,0.474906443180002,0.45181254176781166,0.5143822458483579,0.45438421353533615,0.5106740432133291,0.474906443180002,0.5250935568199979,23.228985206318068,26.16577691155987
joint_score,7821,2019,7,ATL,LAR,10.0,37.0,-27.0,47.0,0.0,0.0,0.0,3.0,54.5,0.42392750213172914,-2.130968800167966,46.95384689311847,-0.114246698579786,55.55035296208353,0.4958661403299204,0.6032016363703098,0.536259001605691,0.03494052937456732,0.0338437685126915,0.0,0.5382233482183337,0.4818289335848003,0.483001748703626,0.519417539509833,0.44564193111559963,0.46552202669383924,0.5006342047934692,0.483001748703626,0.516998251296374,27.718053131751873,27.832299830331657
joint_score,7822,2019,7,BUF,MIA,31.0,21.0,10.0,52.0,1.0,0.0,1.0,-17.0,42.5,0.7897145979152601,9.194576653318672,40.9834654075739,13.536026074062544,40.66159357674045,0.8886823947375694,0.37675360544948655,0.436716909473329,0.01730322364950959,0.03337048094426365,0.0,0.8318591341278047,0.4571250164154164,0.4627803413919237,0.8174652894851038,0.16523148686538655,0.44187053476597954,0.5247589842897569,0.4627803413919237,0.5372196586080763,27.098809825401496,13.562783751338953
joint_score,7823,2019,7,CHI,NO,25.0,36.0,-11.0,61.0,0.0,0.0,1.0,-4.0,37.0,0.48413347232487147,-0.44115582579092916,43.369868075164746,0.6460705396031795,39.27954083793026,0.5233637981402647,0.3805440169350166,0.580962108684037,0.03488637823096857,0.033466655204812734,0.03389044091941301,0.5570454417039522,0.4575551535210925,0.49220109991151123,0.5376121437328312,0.42750147803620026,0.44224231296101696,0.5242910318341704,0.4755201876144901,0.490589371466097,19.96280568876672,19.31673514916354
joint_score,7824,2019,7,CIN,JAX,17.0,27.0,-10.0,44.0,0.0,0.0,,4.0,44.0,0.4326927673434634,-1.88221895414762,41.936176492398644,-5.3911778239696275,44.04592689182164,0.3126442422823377,0.4497987872658402,0.5016429019857688,0.03125601111652043,0.03468383991408164,0.03455735815699479,0.4062965467123458,0.46519442341694617,0.4759755795522976,0.3935973373317008,0.5751466515517787,0.4490596945062293,0.5162564655796891,0.4595271209757257,0.5059155208672796,19.327374533926005,24.718552357895632
joint_score,7825,2019,7,DAL,PHI,37.0,10.0,27.0,47.0,1.0,1.0,0.0,-3.0,50.0,0.5415998401915817,1.1589402746717952,42.085808849968465,0.38168723643440533,50.10600442713097,0.5138082347636693,0.4061692736664412,0.5037919545171402,0.03492275794591043,0.034035400724873544,0.03455617476050454,0.5505152629124959,0.46042460388168593,0.47641074540916034,0.5312897516402736,0.4337874904138161,0.44475386798498157,0.5212107312901448,0.45994781243301913,0.5054960128064763,25.243845831782686,24.862158595348284
joint_score,7826,2019,7,DET,MIN,30.0,42.0,-12.0,72.0,0.0,0.0,1.0,2.5,43.5,0.4632645451941922,-1.0228995254142774,45.164156091409154,-1.357858244103313,45.251340542077656,0.4509947985880582,0.5398552726005071,0.5603095465188848,0.034696028005153035,0.0,0.0,0.5072084616166362,0.4748747138528024,0.4879254410193932,0.48961034262793485,0.4756936293669121,0.4748747138528024,0.5251252861471976,0.4879254410193932,0.5120745589806068,21.946741148987172,23.304599393090484
joint_score,7827,2019,7,GB,LV,42.0,24.0,18.0,66.0,1.0,1.0,1.0,-5.5,47.5,0.6934641390561567,5.672683495340616,45.85694782167781,5.911693125586197,48.81368867421592,0.7038099523660135,0.5143869774634189,0.5453142904499848,0.03055855490870879,0.0,0.0,0.6818257647580126,0.47213391575816216,0.4848499298839403,0.6609901546874825,0.3084512904038087,0.47213391575816216,0.5278660842418379,0.4848499298839403,0.5151500701160596,27.362690899901057,21.45099777431486
joint_score,7828,2019,7,IND,HOU,30.0,23.0,7.0,53.0,1.0,1.0,1.0,-1.0,46.5,0.5700499545108608,1.959918657905073,45.126110142986064,2.250029997877663,46.976452826552254,0.5808361732101159,0.545131597273592,0.5164655549049971,0.034270277411711236,0.034733472483819694,0.0,0.5962417150198007,0.47544505558319716,0.47897886628415065,0.5758083460416377,0.3899213765466511,0.45893119782753006,0.5063353296886502,0.47897886628415065,0.5210211337158493,24.613241412214958,22.363211414337297
joint_score,7829,2019,7,NYG,ARI,21.0,27.0,-6.0,48.0,0.0,0.0,0.0,-3.5,50.0,0.6311695226852444,3.7331075085896646,41.289817747052446,2.3372776714075245,46.52088198315649,0.5839234521081164,0.4594290230124229,0.37759501908204274,0.03421770616313485,0.0,0.033023381525987605,0.5983497595769028,0.4662341559348454,0.45043051975882736,0.577875603320918,0.3879066905159472,0.4662341559348454,0.5337658440651546,0.4355557808538827,0.5314208376201296,24.42907982728201,22.091802155874483
joint_score,7830,2019,7,SEA,BAL,16.0,30.0,-14.0,46.0,0.0,0.0,0.0,-3.0,48.5,0.6175749591041105,3.3302937037653555,39.68114545798971,0.6831954262774388,51.78259124544233,0.5247046173310533,0.4168005210841397,0.6119623647200357,0.034879775188800255,0.0342302145164477,0.0,0.557961045818231,0.46159816946009846,0.4987375695739202,0.5384994899759833,0.4266207348352165,0.4457975650990797,0.5199722203844725,0.4987375695739202,0.5012624304260798,26.232893335859885,25.54969790958245
joint_score,7831,2019,7,TEN,LAC,23.0,20.0,3.0,43.0,1.0,1.0,1.0,-2.5,42.5,0.5382082914310139,1.0640680499739665,43.186172050211624,2.550143829482715,43.86106607747017,0.5914330037379443,0.5017526944714471,0.5469410923740177,0.03408142892683247,0.0,0.0,0.6034811674356644,0.47077874667130115,0.4851826177759419,0.5829136669190239,0.3830049041541436,0.47077874667130115,0.5292212533286988,0.4851826177759419,0.514817382224058,23.205604953476442,20.655461123993728
joint_score,7832,2019,7,WAS,SF,0.0,9.0,-9.0,9.0,0.0,1.0,0.0,10.0,39.0,0.30045881216298587,-5.8724535065388315,42.801133834293424,-8.181901053382374,43.620049074726,0.22963467662434317,0.5654801251298551,0.6605248066490765,0.027029201006670722,0.03450204004887664,0.03189812223282368,0.33825910329161696,0.47765667606316675,0.5093944298348091,0.32911622999641166,0.6438545689969177,0.46117654629602206,0.5043214136551013,0.49314570404721886,0.4749561737199575,17.71907401067181,25.900975064054187
joint_score,7833,2019,7,NYJ,NE,0.0,33.0,-33.0,33.0,0.0,0.0,0.0,10.0,43.0,0.14754625696082418,-12.187882008116622,41.22900414701151,-8.897634742716118,43.75647154022398,0.21057791091357597,0.5398197921993523,0.5270392596904283,0.025791058086094276,0.034779782713540264,0.03448351753645568,0.3213123334688828,0.4748708822490032,0.4811254795267645,0.3130253484126084,0.6611835935012974,0.4583549761473957,0.506865241139064,0.4645345806162676,0.5009819018472765,17.42941839875393,26.327053141470046
joint_score,7834,2019,8,MIN,WAS,19.0,9.0,10.0,28.0,1.0,0.0,0.0,-16.5,42.0,0.8578251443666097,12.48921561746055,43.40587857157333,17.964631720880238,40.99512127808179,0.9466044360034178,0.5510537834017578,0.464103404316618,0.010132903210596442,0.0,0.03442695839663501,0.8956389909397118,0.4760866004564537,0.4683683278295714,0.8865635677328834,0.10330352905652014,0.4760866004564537,0.5239133995435463,0.45224383089308123,0.5133292107102838,29.479876499481016,11.515244778600776
joint_score,7835,2019,8,ATL,SEA,20.0,27.0,-7.0,47.0,0.0,1.0,0.0,7.5,48.5,0.3775575506188283,-3.473856689182721,44.12910469143972,-8.439870337543558,49.48193580581317,0.22265440301560238,0.46718537440205177,0.5339030805091564,0.026588276556380297,0.0,0.0,0.3321222035089543,0.4670693738663949,0.48252182941760263,0.3232916465115438,0.650120076932076,0.4670693738663949,0.5329306261336051,0.48252182941760263,0.5174781705823974,20.521032734134806,28.960903071678366
joint_score,7836,2019,8,BUF,PHI,13.0,31.0,-18.0,44.0,0.0,0.0,1.0,-1.0,39.5,0.5681136538770338,1.9050520456562754,42.02940507017876,-0.7513286127316265,41.849591967387916,0.47283541645504956,0.4369034569342533,0.5806641011659575,0.03486670111089574,0.03453359573962378,0.0,0.5223637766360396,0.4637961315550609,0.49213901349038913,0.5041506749649122,0.46098262392419215,0.44777958344233704,0.5176868208180391,0.49213901349038913,0.5078609865096109,20.549131677328145,21.30046029005977
joint_score,7837,2019,8,CHI,LAC,16.0,17.0,-1.0,33.0,0.0,0.0,0.0,-3.5,41.0,0.6582654567446675,4.555394962348618,41.10216003983615,3.1454342176953007,42.75464666873059,0.6122422523726588,0.4876086938135433,0.5625013705873568,0.03364106093276936,0.0,0.03416075525402501,0.6177379144686292,0.46926235822447926,0.48837682132765853,0.5969565556475083,0.3694023834197224,0.46926235822447926,0.5307376417755207,0.47169350026254564,0.49414574448342935,22.950040443212945,19.80460622551764
joint_score,7838,2019,8,DET,NYG,31.0,26.0,5.0,57.0,1.0,0.0,1.0,-6.5,49.0,0.7205815226160608,6.582847997737035,42.76554506058497,4.873800127845352,49.647545438638886,0.6706106583648068,0.443350429361623,0.5231507076907242,0.031899265306473135,0.0,0.03450330901519211,0.6582407157937512,0.4644961674639807,0.48033549260165403,0.6372433205651236,0.3308574141284033,0.4644961674639807,0.5355038325360193,0.46376232866945466,0.5017343623153532,27.260672783242118,22.38687265539677
joint_score,7839,2019,8,HOU,LV,27.0,24.0,3.0,51.0,1.0,0.0,0.0,-6.0,52.0,0.7289625818585173,6.874815753754637,43.46846953588801,4.1181802886173475,52.042470027494744,0.6455164575039062,0.43224744456572345,0.5015192432849995,0.03274155848273541,0.0344708530315645,0.03455739777549327,0.6407085592034297,0.46328922595425753,0.47595054129095676,0.6197307624418815,0.3475276790753831,0.44731925113528104,0.5182098958331544,0.45950292911410384,0.5059396731104029,28.080325158056045,23.9621448694387
joint_score,7840,2019,8,IND,DEN,15.0,13.0,2.0,28.0,1.0,0.0,0.0,-6.0,42.0,0.7594498860265823,7.988696868121824,45.88758820041876,5.117422144233481,43.799873818545386,0.6785422330243434,0.46809972673949046,0.5640981852157712,0.03160282157231681,0.03483803237673744,0.03414015775428658,0.6638303355588341,0.46716772482471847,0.4887059939860644,0.642851423909877,0.32554575451780615,0.45089252050190815,0.5142694471213544,0.4720214942559147,0.4938383479897987,24.458647981389433,19.341225837155953
joint_score,7841,2019,8,JAX,NYJ,29.0,15.0,14.0,44.0,1.0,1.0,1.0,-6.5,40.0,0.7386842059465218,7.220690461360955,39.687447819036805,4.239093724765135,40.009567747659695,0.6495796261346475,0.42148731409248924,0.5003422595102822,0.032614895585182935,0.0,0.034557619761143965,0.6435332002743993,0.46211289676216943,0.47571223458416495,0.6225444321418512,0.3448406722729659,0.46211289676216943,0.5378871032378305,0.4592727520656813,0.5061696281731749,22.124330736212414,17.88523701144728
joint_score,7842,2019,8,KC,GB,24.0,31.0,-7.0,55.0,0.0,0.0,1.0,5.0,47.5,0.6684059014238141,4.870935726680882,45.10171162508691,-6.71019426878948,46.937519277303934,0.27177387135342573,0.43837306356547845,0.4805636126176954,0.02939973151440911,0.03455246194048989,0.0,0.3738113479022156,0.4639558893569094,0.47170737788495876,0.3628213946368511,0.6077788738487399,0.44792507114783864,0.5175224669116715,0.47170737788495876,0.5282926221150412,20.113662504257228,26.823856773046707
joint_score,7843,2019,8,LAR,CIN,24.0,10.0,14.0,34.0,1.0,1.0,0.0,-12.0,48.5,0.814578315014235,10.284357138700388,44.59627754280146,12.75861220741205,49.43325131249217,0.874972871710311,0.5274274980353887,0.5322259181638922,0.018714579722364344,0.03486523029043831,0.0,0.818755559044939,0.4735351803569745,0.48218038704170807,0.8034328928620635,0.17785252741557214,0.45702526724320436,0.5081095024663573,0.48218038704170807,0.5178196129582919,31.09593175995211,18.33731955254006
joint_score,7844,2019,8,NE,CLE,27.0,13.0,14.0,40.0,1.0,1.0,0.0,-10.0,43.0,0.8667238168573144,13.010050946778465,41.81300358739386,8.476444199857983,44.00206032031413,0.7783251029643631,0.44505181708484104,0.5357961955775354,0.02652525286659252,0.03463254518898218,0.03442768899397336,0.7372518657568583,0.46468057857623374,0.4829074437019975,0.7176960735912905,0.255778673542117,0.44858750744024994,0.5167799473707678,0.46628205641735043,0.4992902545886761,26.239252260086054,17.762808060228075
joint_score,7845,2019,8,NO,ARI,31.0,9.0,22.0,40.0,1.0,1.0,0.0,-12.5,48.0,0.8736558256016169,13.436562485198365,45.687254027629365,14.920231669698005,47.40061447284247,0.9103259915177412,0.5839657414502906,0.47856930109621365,0.014876824004922351,0.0,0.03451108356994215,0.8538033757599551,0.4796873101993532,0.47130327988890985,0.8411014932039657,0.14402168279111194,0.4796873101993532,0.5203126898006468,0.45503809300987585,0.510450823420182,31.160423071270237,16.240191401572233
joint_score,7846,2019,8,SF,CAR,51.0,13.0,38.0,64.0,1.0,1.0,1.0,-4.0,40.5,0.6088137338361755,3.0736134679325007,43.41563366696202,4.818701591645601,40.810557984438624,0.6688056360417249,0.5295960511206823,0.5107342104879614,0.031964676759423605,0.03485255722377367,0.0,0.6569721690098805,0.4737685810271976,0.47781701351335626,0.6359722659875423,0.3320630572530341,0.45725653444612113,0.5078909083301051,0.47781701351335626,0.5221829864866437,22.81462978804211,17.995928196396513
joint_score,7847,2019,8,TEN,TB,27.0,23.0,4.0,50.0,1.0,1.0,1.0,-2.0,45.5,0.6316055153195919,3.7461247049434316,40.388762368990186,-0.8203213448910783,43.20690499960357,0.47034550618884446,0.3990856056424893,0.4212497973840795,0.03485220231348063,0.033892271597268264,0.0,0.5206423052257896,0.4596375604830789,0.45959576229749294,0.5024967742711034,0.4626510234154159,0.44405939944688055,0.5220483289558512,0.45959576229749294,0.5404042377025071,21.193291827356248,22.013613172247325
joint_score,7848,2019,8,PIT,MIA,27.0,14.0,13.0,41.0,1.0,0.0,0.0,-14.0,44.0,0.8308710401398708,11.061050304047958,39.84601623065768,9.592919114236038,43.03934389509709,0.8069929927949241,0.3448045814381063,0.4656790172306906,0.02455006437853674,0.03243369519108508,0.03443818717260849,0.7599344629443241,0.45342713289749914,0.4686884033404303,0.7412780229555721,0.23417191266589105,0.438720815477734,0.5288454893311809,0.45254762438056156,0.5130141884468299,26.316131504666565,16.723212390430525
joint_score,7849,2019,9,ARI,SF,25.0,28.0,-3.0,53.0,0.0,1.0,1.0,10.0,43.0,0.2683476360523978,-6.969712100911047,42.89964862003845,-9.070392182783284,40.366409946773466,0.2061245816033819,0.533596094561198,0.40668624960812627,0.025485794031477216,0.034826645300846615,0.033669985600641494,0.317260744784249,0.4741994566497199,0.4565711464041957,0.30917510278840454,0.6653391031801181,0.457684680371126,0.5074886743280276,0.4411984024790981,0.5251316119202605,15.648008881995091,24.718401064778377
joint_score,7850,2019,9,BAL,NE,37.0,20.0,17.0,57.0,1.0,1.0,1.0,3.0,44.5,0.40108188795825944,-2.7861503412487036,41.15712099205304,-3.045954651773989,46.88442748322406,0.3912139521803884,0.4983371683681295,0.5818432461730072,0.03372063233860456,0.03494199568917794,0.0,0.46488177985168905,0.4704125796542812,0.49238474830825796,0.44920567227239416,0.5170736953890013,0.45397542532386626,0.5110825789869559,0.49238474830825796,0.507615251691742,21.919236415725035,24.965191067499024
joint_score,7851,2019,9,BUF,WAS,24.0,9.0,15.0,33.0,1.0,1.0,0.0,-10.5,37.0,0.7506413562425832,7.657728972984569,41.59619092206238,8.738887709240066,37.70690135228895,0.7852793627431465,0.438686434497574,0.5252699606290229,0.02606952531337786,0.0,0.03449290361088747,0.7426679414749,0.4639899409011017,0.4807659450925124,0.7233069407751859,0.25062353391143627,0.4639899409011017,0.5360100590988983,0.4641829316890392,0.5013241647000735,23.22289453076451,14.484006821524442
joint_score,7852,2019,9,CAR,TEN,30.0,20.0,10.0,50.0,1.0,1.0,1.0,-3.5,43.0,0.6182336808612366,3.349680811565422,42.494756317827544,0.21454037953971636,42.95623131855843,0.507762486180623,0.38672825665579996,0.4984343013415773,0.034936110185387115,0.0,0.03455738325523339,0.546378376413973,0.45825356599407713,0.475325949765516,0.5272900412526615,0.43777384856195134,0.45825356599407713,0.5417464340059228,0.45889992874831126,0.5065426879964553,21.58538584904907,21.37084546950936
joint_score,7853,2019,9,DEN,CLE,24.0,19.0,5.0,43.0,1.0,1.0,1.0,4.0,39.0,0.5649545454178212,1.8156619475751086,41.934713115504316,-3.459834525726383,38.050692330038814,0.37689596558400257,0.5195374347699718,0.4660834425608338,0.033374149719199164,0.034903193376598585,0.03444098780951155,0.45450189362503257,0.47268694731803307,0.4687705411858744,0.4393332793795312,0.5272925709012697,0.45618866338919767,0.5089081432342037,0.4526256206914336,0.5129333914990548,17.295428902156214,20.7552634278826
joint_score,7854,2019,9,JAX,HOU,3.0,26.0,-23.0,29.0,0.0,0.0,0.0,-1.0,46.0,0.38579334693675954,-3.2313565199034566,42.495506332934056,0.43516439976295895,45.73378898689264,0.5157418956620603,0.47957105096225977,0.4904779751274472,0.03491690686690574,0.0348995439150519,0.03454844458070805,0.5518374763211732,0.468400095424457,0.4737152094694995,0.5325690185547984,0.43251407457829577,0.45205314572437666,0.5130473103605715,0.457349085808104,0.508102469611188,23.0844766933278,22.64931229356484
joint_score,7855,2019,9,KC,MIN,26.0,23.0,3.0,49.0,1.0,1.0,1.0,5.5,45.5,0.5445392013519055,1.2412503474199184,44.189428980950595,-6.778267790079189,42.865471748909094,0.26974090615351953,0.45541335206737066,0.4097133152764066,0.029296366940137375,0.0,0.0,0.37214885091591,0.46580100904840654,0.4572021828010409,0.361246241623127,0.6094573914367356,0.46580100904840654,0.5341989909515934,0.4572021828010409,0.5427978171989591,18.04360197941495,24.821869769494143
joint_score,7856,2019,9,LAC,GB,26.0,11.0,15.0,37.0,1.0,1.0,0.0,4.0,50.0,0.46338135938244657,-1.0196351277807298,45.45458471394511,-4.71255077705187,48.33821637606417,0.33468323546728385,0.47423537526004544,0.44078056910707347,0.03208896752878776,0.03487429386387897,0.034201440711669306,0.4231718558945656,0.46782719924520316,0.46361307716795497,0.409592707951668,0.5583183245195442,0.4515120560212105,0.5136136501149104,0.4477568419960406,0.5180417172922901,21.812832799506147,26.52538357655802
joint_score,7857,2019,9,MIA,NYJ,26.0,18.0,8.0,44.0,1.0,1.0,1.0,3.0,42.5,0.5659279349032738,1.843188708104899,39.27682672301309,-3.849752953393962,38.61783959033684,0.3635643943253507,0.4692836936930611,0.36828834970118796,0.03301127449861152,0.03484563192053125,0.0,0.44473240704545525,0.4672950461339404,0.4484319617884406,0.43005122347804947,0.536937502023339,0.45101185495806945,0.5141425131213992,0.4484319617884406,0.5515680382115594,17.38404331847144,21.2337962718654
joint_score,7858,2019,9,LV,DET,31.0,24.0,7.0,55.0,1.0,1.0,1.0,-2.5,51.0,0.4858891038506244,-0.39231437488949267,44.222869143451234,0.11713282007132518,52.664716776717775,0.5042382859999601,0.41731168273334307,0.5593231590412212,0.0349404398750458,0.0,0.03420018873429265,0.5439646940662425,0.46165438235813316,0.4877224716051415,0.5249583283790733,0.44010123174588095,0.46165438235813316,0.5383456176418668,0.47104227102629,0.49475754023941737,26.39092479839455,26.273791978323224
joint_score,7859,2019,9,PHI,CHI,22.0,14.0,8.0,36.0,1.0,1.0,0.0,-5.0,41.0,0.600471068337928,2.8311016521229337,40.80230719182897,4.75488597497188,40.92188243811989,0.6667099852347385,0.4911314765975072,0.497205585147574,0.03203967192108337,0.03493422699702414,0.03455684045193208,0.6555009371172414,0.46964009067832097,0.47507719555744027,0.6344989021480423,0.3334614259308743,0.4532335771436615,0.5118321958593144,0.4586600287082105,0.5067831308398575,22.838384206545882,18.083498231574005
joint_score,7860,2019,9,PIT,IND,26.0,24.0,2.0,50.0,1.0,1.0,1.0,-1.0,40.0,0.5346970196131086,0.9659508647952861,42.54358018732742,0.6462435951965531,40.509616743280404,0.5233700489402289,0.4872018420772589,0.5182235740447062,0.03488634830407078,0.034925509709847424,0.03452397601365248,0.5570497105431539,0.469218727779329,0.4793354583057519,0.5376162803184636,0.42749737137746563,0.45283102454622975,0.5122434657439229,0.46278689244071103,0.5026891315456365,20.577930169238478,19.931686574041926
joint_score,7861,2019,9,SEA,TB,40.0,34.0,6.0,74.0,1.0,1.0,1.0,-4.0,51.0,0.744713594098238,7.439385480156325,39.8321107373593,2.7266975508552216,46.57092931181509,0.5976354705827465,0.45403197871503675,0.34575195248310436,0.03395985366369364,0.03472564957692659,0.03210561460626937,0.607724175024989,0.4656518785663097,0.4435079595636202,0.5870859509732514,0.37895419536305497,0.4494818146063784,0.5157925358166949,0.4292688639390577,0.5386255214546729,24.648813431335157,21.922115880479936
joint_score,7862,2019,9,NYG,DAL,18.0,37.0,-19.0,55.0,0.0,0.0,1.0,6.5,48.5,0.3081085936632221,-5.621345996508881,41.05757980808569,-8.23148746132317,44.688388716686475,0.22828326133719698,0.4397098747204905,0.37059532717481836,0.02694495124803109,0.0,0.0,0.3370770547581615,0.4641011155398661,0.44892911896838544,0.32799452995087297,0.6450605188010959,0.4641011155398661,0.5358988844601339,0.44892911896838544,0.5510708810316145,18.228450627681653,26.459938089004822
joint_score,7863,2019,10,LV,LAC,26.0,24.0,2.0,50.0,1.0,1.0,1.0,1.0,49.0,0.4565500859814373,-1.2107375275505456,43.3021052229691,0.23609045756468405,50.183236149352815,0.5085420922730581,0.5446305037452396,0.5422451584785172,0.03493480885227179,0.03473808990994981,0.03437658748294381,0.5469120918376279,0.4753908422957438,0.4842228487383833,0.5278058224502842,0.4372593686974439,0.45887667247370745,0.5063852376163427,0.467576919617488,0.4980464928995682,25.20966330345875,24.973572845894065
joint_score,7864,2019,10,CHI,DET,20.0,13.0,7.0,33.0,1.0,1.0,0.0,-6.0,38.0,0.6544379848168894,4.4374800110489465,42.06784372734647,4.431669503045769,40.77827341715446,0.6560145022182126,0.44344803497545365,0.5983346172463462,0.032406668512902026,0.034614159600226735,0.03357121939388752,0.6480171341331196,0.46450675039509226,0.49584377493948145,0.6270170576765868,0.34057627381051114,0.44842823960153383,0.5169576007982394,0.47919769478589475,0.4872310858202177,22.604971460100113,18.173301957054345
joint_score,7865,2019,10,CIN,BAL,13.0,49.0,-36.0,62.0,0.0,0.0,1.0,10.5,44.0,0.17737055371068453,-10.66116366989806,40.71785273677891,-8.153481405716011,42.19247834028092,0.23041128548617226,0.5814447868085906,0.43563190168481625,0.027077375840974693,0.0,0.034136624186487774,0.33893708627445046,0.4794089471827987,0.4625577438441782,0.3297595594029523,0.643163064756073,0.4794089471827987,0.5205910528172013,0.4467675839780198,0.5190957918354925,17.019498467282453,25.172979872998468
joint_score,7866,2019,10,CLE,BUF,19.0,16.0,3.0,35.0,1.0,,0.0,-3.0,42.0,0.4763901633615032,-0.6567201796721566,39.098249315960516,-0.7900801564887413,41.75343096775897,0.4714367528759541,0.3655941156562371,0.4911804205998137,0.034858713439166245,0.03306905144790939,0.03454975012277106,0.5213969534474729,0.4558488015497121,0.4738574238319421,0.5032217264591932,0.4619195601016406,0.4407743140787968,0.5261566344732937,0.45748576824472853,0.5079644816325004,20.481675405635116,21.271755562123857
joint_score,7867,2019,10,DAL,MIN,24.0,28.0,-4.0,52.0,0.0,0.0,1.0,-3.0,48.0,0.5400984130941822,1.1169278899819437,43.52543376527852,3.7856004260823517,49.17695006565877,0.6342533524587999,0.528401577992242,0.5420215868996369,0.03307335647421594,0.03485965726000595,0.0343785010295401,0.6329032492764562,0.4736400045345208,0.4841771969710182,0.6119710144994465,0.3549556290263376,0.45712907631181976,0.5080112664281743,0.4675319107064702,0.49808958826398964,26.481275245870563,22.69567481978821
joint_score,7868,2019,10,GB,CAR,24.0,16.0,8.0,40.0,1.0,1.0,0.0,-5.0,49.0,0.5859917285424037,2.4141194863266535,45.1008677289623,7.462219248913261,48.71299511585747,0.7502414834691872,0.5883352009823911,0.48973436850032764,0.028222058743110567,0.034139090969335706,0.03454695354896603,0.7158575937963181,0.48017097387909097,0.4735646581212515,0.6956546187324966,0.2761233225243928,0.46377837332099814,0.5020825357096662,0.45720444187470466,0.5082486045763294,28.087607182385362,20.625387933472105
joint_score,7869,2019,10,IND,MIA,12.0,16.0,-4.0,28.0,0.0,0.0,0.0,-11.0,44.0,0.8448726284693296,11.777644904148255,43.074278700830426,7.8438138888272055,44.43230829743917,0.7610296270148168,0.38738473923367334,0.5154606295242435,0.02759681392817459,0.033632319095723506,0.03453340926010634,0.7239916169775196,0.45832746869642393,0.4787750771321395,0.7040117550382328,0.2683914310335927,0.44291285301889055,0.5234548278853859,0.46224134144999635,0.5032252492898973,26.13806109313319,18.294247204305982
joint_score,7870,2019,10,NO,ATL,9.0,26.0,-17.0,35.0,0.0,0.0,0.0,-13.5,51.5,0.8691091289013888,13.154639258471189,48.447367602022226,18.44038499188089,49.65111582195157,0.9510248640794352,0.6674393658137409,0.4363593022640494,0.009481600316861495,0.0,0.0,0.9013718146286065,0.489293957034467,0.4627069877629926,0.8928253673454138,0.09769303233772463,0.489293957034467,0.510706042965533,0.4627069877629926,0.5372930122370074,34.04575040691623,15.60536541503534
joint_score,7871,2019,10,NYJ,NYG,34.0,27.0,7.0,61.0,1.0,1.0,1.0,3.0,43.0,0.5221673347631808,0.6165418371743908,39.29907600318062,-1.0376741871498922,41.24708844663014,0.46250965095029656,0.5706202756848487,0.43755991145579476,0.034798256697487484,0.034429957564849345,0.03416153526987842,0.5152146763088966,0.4782189891052002,0.46295321398611083,0.4972861037483867,0.4679156395541258,0.461753929603603,0.5038161128315476,0.44713802143822073,0.5187004432919009,20.104707129740124,21.142381316890013
joint_score,7872,2019,10,PIT,LAR,17.0,12.0,5.0,29.0,1.0,1.0,0.0,4.5,43.5,0.5453074801345662,1.2627783259063199,43.002264693823605,-4.452683047918555,41.425706397547394,0.3432861022200855,0.5016538862389854,0.42867911714801077,0.032383470206852616,0.0,0.0,0.4296553256147586,0.4707681532490636,0.46112858650244587,0.4157415951784975,0.5518749346146499,0.4707681532490636,0.5292318467509364,0.46112858650244587,0.5388714134975541,18.48651167481442,22.939194722732974
joint_score,7873,2019,10,TB,ARI,30.0,27.0,3.0,57.0,1.0,0.0,1.0,-5.5,51.5,0.65919339735668,4.584077579139275,39.784188590806394,1.9430243539402687,47.888138979069396,0.5699330798180562,0.3776549533244364,0.3771522540381141,0.03443991394932422,0.0,0.0,0.5888024602730606,0.45722744882698463,0.4503358532236558,0.568524154208106,0.3970359318425698,0.45722744882698463,0.5427725511730154,0.4503358532236558,0.5496641467763441,24.91558166650483,22.972557312564565
joint_score,7874,2019,10,TEN,KC,35.0,32.0,3.0,67.0,1.0,1.0,1.0,6.0,49.0,0.4077468641440006,-2.5938678271905156,42.864172495611186,-7.437481786778522,45.65991143842981,0.2504669254842145,0.4481374833619349,0.3823345147433593,0.02826198703274696,0.03466641906975154,0.033141053377992336,0.35613482432371224,0.46501470139476575,0.45144138775286585,0.34606974653676587,0.6256682664304871,0.44889430688261944,0.516439274047629,0.43648014462431317,0.5303788019976945,19.111214825825645,26.548696612604164
joint_score,7875,2019,10,SF,SEA,24.0,27.0,-3.0,51.0,0.0,0.0,1.0,-6.5,46.5,0.62551704697299,3.564913552625421,42.872913745163686,4.023342597913268,47.5065690524731,0.6423175218248113,0.41410684938272146,0.5347514590666504,0.03283867241021199,0.0,0.0,0.638488140317346,0.4613016320309757,0.48269461037739014,0.6175210374396592,0.34964029015012876,0.4613016320309757,0.5386983679690243,0.48269461037739014,0.5173053896226099,25.764955825193184,21.741613227279913
joint_score,7876,2019,11,CLE,PIT,21.0,7.0,14.0,28.0,1.0,1.0,0.0,-3.0,41.5,0.37901058958853756,-3.4309255992592536,37.87811728453879,-2.0553391074155494,42.64028203330851,0.4260712764046358,0.3234712429458795,0.5393537319770454,0.03438064060781332,0.031679472264915076,0.0,0.4897346822993126,0.45087133157023074,0.48363272137240737,0.4728972901939983,0.4927220691981884,0.4365879657267063,0.5317325620083786,0.48363272137240737,0.5163672786275926,20.29247146294648,22.34781057036203
joint_score,7877,2019,11,BAL,HOU,41.0,7.0,34.0,48.0,1.0,1.0,0.0,-4.5,51.0,0.6645467383655159,4.750296190330273,41.718077305058316,7.538478296120682,51.84799947957057,0.7524184315641977,0.6049640496567223,0.5303046753878413,0.028098494920650197,0.0,0.034464523588177975,0.7174910901890466,0.4820268602430739,0.481789456077809,0.6973306704357578,0.27457083464359194,0.4820268602430739,0.517973139756926,0.4651848120042799,0.5003506644075422,29.693238887845624,22.154760591724944
joint_score,7878,2019,11,CAR,ATL,3.0,29.0,-26.0,32.0,0.0,0.0,0.0,-4.0,49.0,0.6751350801843234,5.083005720997807,44.94667973033111,2.98235235752863,47.15579299463951,0.6065716498954227,0.4632310544330383,0.4343376085073662,0.033770261337865204,0.034803751219252055,0.03411947117746772,0.6138464240296911,0.46664378126530903,0.4622920637162521,0.5931166698688944,0.37311306879324035,0.45040282719414015,0.5147934215866078,0.44651890297271335,0.5193616258498189,25.069072676084073,22.08672031855544
joint_score,7879,2019,11,DET,DAL,27.0,35.0,-8.0,62.0,0.0,0.0,1.0,7.0,46.5,0.4324432762104497,-1.8892819865949968,43.637678597022926,-6.852656386355262,45.073265061363884,0.26752832785540953,0.505331360674018,0.4508053382587602,0.029182642603963638,0.034939369038724244,0.0,0.37033392414123273,0.4711624565238132,0.465661530721577,0.35952660158889577,0.6112907558071407,0.4547003375781358,0.5103602933831398,0.465661530721577,0.534338469278423,19.11030433750431,25.962960723859574
joint_score,7880,2019,11,IND,JAX,33.0,13.0,20.0,46.0,1.0,1.0,1.0,-2.5,41.5,0.697081272560829,5.791316666673174,43.523735642176604,0.12419028397892708,41.38957219614937,0.5044936395486799,0.41755306309256024,0.4961827409932116,0.03494021161663724,0.0,0.0,0.5441396408578149,0.4616809207083714,0.474870124591051,0.5251272866572417,0.4399325017261209,0.4616809207083714,0.5383190792916286,0.474870124591051,0.5251298754089491,20.75688124006415,20.632690956085224
joint_score,7881,2019,11,LAR,CHI,17.0,7.0,10.0,24.0,1.0,1.0,0.0,-5.5,40.0,0.621765709860943,3.4538538948922723,42.09104452387767,5.748101179303511,40.670658519584045,0.6986826748205357,0.5086713106210099,0.5239760245677254,0.030782957377286868,0.0,0.03449936522192226,0.6781487892770512,0.4715206536923512,0.48050310258478235,0.6572733640012771,0.31194367862143607,0.4715206536923512,0.5284793463076488,0.46392605055844316,0.5015745842196345,23.209379849443778,17.461278670140267
joint_score,7882,2019,11,MIA,BUF,20.0,37.0,-17.0,57.0,0.0,0.0,1.0,7.0,41.0,0.414679060526433,-2.3949112806655193,40.86713781779602,-6.849347885416722,40.481976351318444,0.2676265341824637,0.50545106515412,0.4814760216132611,0.029187717533500468,0.03493923690678641,0.034522857016817565,0.37041460431395534,0.4711752927992756,0.47189222481743276,0.3596030474729563,0.6112092349935433,0.45471278761953726,0.5103479754736763,0.4556011570127126,0.5098759859704698,16.816314232950862,23.66566211836758
joint_score,7883,2019,11,MIN,DEN,27.0,23.0,4.0,50.0,1.0,0.0,1.0,-10.0,40.0,0.7904567455536905,9.225670803975982,45.39849152803535,8.821880491501204,41.278829001816305,0.7874511982616593,0.4574541921345349,0.545643282605417,0.025924195106966197,0.03475674340549262,0.03434624621254634,0.7443700806334833,0.4660212106629347,0.4849171929110291,0.7250728854313527,0.24900291946168107,0.4498238310224061,0.5154194255721013,0.46826210761061005,0.4973916461768436,25.050354746658755,16.22847425515755
joint_score,7884,2019,11,LV,CIN,17.0,10.0,7.0,27.0,1.0,0.0,0.0,-13.0,48.0,0.7748947644674024,8.589714089763019,43.03005381595855,6.973266192322048,43.74903876228387,0.7360389479665229,0.2926092899102799,0.35164542188594905,0.02899657728290378,0.030397993858331196,0.03229237602221047,0.7052916170034054,0.44701549152508085,0.4448081744619146,0.684840574123982,0.2861628485931143,0.43342711735912254,0.5361748887825463,0.4304442616344375,0.5372633623433521,25.36115247730296,18.387886284980908
joint_score,7885,2019,11,PHI,NE,10.0,17.0,-7.0,27.0,0.0,0.0,0.0,4.5,45.0,0.42027313939182565,-2.235068623156203,43.18633825616858,-7.3173657056451145,43.21911664116276,0.2539221854609006,0.40251432475747795,0.43657217268569426,0.02845476965406446,0.0,0.03414886877481582,0.35904066361477643,0.4600190534208053,0.46275065391690634,0.34882424423517555,0.62272098611076,0.4600190534208053,0.5399809465791947,0.4469482425608377,0.5189028886643464,17.950875467758824,25.26824117340394
joint_score,7886,2019,11,SF,ARI,36.0,26.0,10.0,62.0,1.0,,1.0,-10.0,44.0,0.8406746023685668,11.5574866577406,43.79134845522742,10.076992418630402,42.08770690573571,0.8186685039259495,0.50278589288519,0.4319374021862165,0.023669600084178122,0.034941484236513276,0.03408674664162592,0.7694697984228789,0.4708895204874441,0.46179893961610546,0.7512567560173562,0.2250736438984657,0.4544359417301928,0.5106225740332939,0.44605771616203976,0.5198555371963343,26.082349662183056,16.005357243552652
joint_score,7887,2019,11,TB,NO,17.0,34.0,-17.0,51.0,0.0,0.0,1.0,5.0,50.5,0.33526926702401216,-4.756032212973732,43.04522901421595,-11.607217716705847,48.04435336043617,0.14746883092059154,0.2748640108114396,0.4157483604354354,0.020840831829768036,0.02955479037391473,0.0,0.25983960252922067,0.4446941280745633,0.4584564842650877,0.2544243290701954,0.7247348391000366,0.4315512863388088,0.5388939232872765,0.4584564842650877,0.5415435157349122,18.21856782186516,29.825785538571008
joint_score,7888,2019,11,WAS,NYJ,17.0,34.0,-17.0,51.0,0.0,0.0,1.0,-2.0,37.5,0.5893016309725759,2.5090346381884046,39.80658079703159,-0.33365157148085456,37.63344737961028,0.48792895623345006,0.41620475332233176,0.5046129653532816,0.034927361200719875,0.0342199292699249,0.0,0.5327694612354383,0.46153262874978906,0.4765770096094137,0.5141612298261552,0.4509114089731248,0.44573901483820877,0.5200410558918663,0.4765770096094137,0.5234229903905863,18.649897904064712,18.98354947554557
joint_score,7889,2019,11,LAC,KC,17.0,24.0,-7.0,41.0,0.0,0.0,0.0,5.5,52.5,0.406220653340255,-2.63780939524172,43.501819886276124,-6.132194282097864,48.93999706476989,0.2893450073534661,0.47791391940567607,0.3788604229914302,0.030248846832179987,0.0,0.0,0.3879867910850979,0.46822221847581486,0.4507008525033239,0.3762506380686558,0.5935005150991642,0.46822221847581486,0.5317777815241851,0.4507008525033239,0.5492991474966761,21.403901391336014,27.536095673433877
joint_score,7890,2019,12,HOU,IND,20.0,17.0,3.0,37.0,1.0,0.0,0.0,-3.5,46.0,0.5762063802888597,2.134778381401402,44.838558871675446,1.8461793407525515,45.50109690924962,0.5664818171098949,0.4423949030250535,0.4821592728565786,0.03448842550829956,0.0,0.0345253755667288,0.5864490126206543,0.4643925406175069,0.4720306347739242,0.5662233095344711,0.3992882649572294,0.4643925406175069,0.5356074593824931,0.45573359982935313,0.5097410246039181,23.673638125001084,21.827458784248535
joint_score,7891,2019,12,ATL,TB,22.0,35.0,-13.0,57.0,0.0,0.0,1.0,-3.5,51.5,0.6897541622320351,5.551813857619273,42.63400332942952,1.1570548391470579,48.40255312282167,0.5417879977075498,0.4186775089735187,0.3941978340624097,0.03476330193194832,0.0,0.0,0.5696159490190085,0.46180449276429286,0.4539530119057246,0.5498142177980074,0.4154224802700443,0.46180449276429286,0.5381955072357072,0.4539530119057246,0.5460469880942753,24.779803980984365,23.622749141837307
joint_score,7892,2019,12,BUF,DEN,20.0,3.0,17.0,23.0,1.0,1.0,0.0,-3.5,37.0,0.6665125628906646,4.811661785093265,43.65404156315098,3.154313224697906,43.28925336003874,0.6125502936444134,0.4879188997884649,0.7132897421799869,0.03363384382980372,0.0,0.029791636875319716,0.6179494694989147,0.4692956235873955,0.521851699165686,0.5971654535470782,0.3692007026231181,0.4692956235873955,0.5307043764126045,0.5063048828413733,0.463903480283307,23.221783292368325,20.067470067670417
joint_score,7893,2019,12,CHI,NYG,19.0,14.0,5.0,33.0,1.0,0.0,0.0,-6.0,41.0,0.809187383338111,10.039072249031497,39.45484017994451,0.8454173137527701,40.74671835814799,0.5305599021820446,0.32025515081206507,0.490940357906272,0.03484661428634006,0.03155658373763037,0.03454931520053384,0.5619577644286426,0.4504789036290128,0.47380882202118524,0.5423754389663837,0.42277794674727615,0.4362633283846079,0.5321800878777617,0.45743905168438165,0.5080116331150845,20.796067835950378,19.95065052219761
joint_score,7894,2019,12,CIN,PIT,10.0,16.0,-6.0,26.0,0.0,1.0,0.0,6.5,37.0,0.24269702459854262,-7.907283377889171,40.78829450484261,-7.415720050737955,40.395068751870646,0.25109102091224517,0.46802672583363725,0.6195419715136673,0.028297049126887908,0.0,0.03309504293522142,0.3566608632350055,0.4671598733515271,0.5003629662132218,0.3465684132664063,0.6251345376067058,0.4671598733515271,0.5328401266484729,0.4838034323632005,0.483101524701578,16.489674350566347,23.9053944013043
joint_score,7895,2019,12,CLE,MIA,41.0,24.0,17.0,65.0,1.0,1.0,1.0,-11.0,46.0,0.7447769326060287,7.441700691083806,38.25149234327111,7.2457747352386415,42.81061452225017,0.7440062757470245,0.3668155633504462,0.3874925477242349,0.028568791832003337,0.033103380911084224,0.03326362962608298,0.7111999306060469,0.4559892373928577,0.4525365707667651,0.6908818078376275,0.2805494003303691,0.4408944519760871,0.5260021671128287,0.43748356188452175,0.5292528084893953,25.028194628744405,17.782419893505764
joint_score,7896,2019,12,NE,DAL,13.0,9.0,4.0,22.0,1.0,0.0,0.0,-5.5,44.5,0.7397771437934776,7.260087517093179,43.357306064518596,4.227694496552981,48.30512061581004,0.649197310344153,0.45562045772280524,0.6291921906795366,0.03262697213290461,0.0,0.0,0.6432672079881276,0.4658233618735993,0.5024506640410771,0.6222793467190876,0.3450936811480077,0.4658233618735993,0.5341766381264007,0.5024506640410771,0.4975493359589229,26.26640755618151,22.03871305962853
joint_score,7897,2019,12,NO,CAR,34.0,31.0,3.0,65.0,1.0,0.0,1.0,-10.0,46.5,0.7642013123605309,8.170662328127582,45.550708420481776,11.3672833290033,45.575157537525094,0.8475277686374536,0.5493435633376046,0.468063822315467,0.021286185901551513,0.03469260990350287,0.0,0.7939530070478245,0.4759011728342313,0.4691726473854033,0.7770527757427086,0.20166103835573987,0.4593909190924738,0.5059164710040234,0.4691726473854033,0.5308273526145967,28.471220433264197,17.103937104260897
joint_score,7898,2019,12,NYJ,LV,34.0,3.0,31.0,37.0,1.0,1.0,0.0,3.0,44.5,0.42480875986809974,-2.1059007952990485,40.679322522146165,-4.082475329397732,42.255215903680885,0.3556866670094222,0.4608962724611566,0.4228878628199645,0.03277835211318958,0.03478558058111292,0.0,0.43890789958959436,0.46639228754244927,0.4599342718261465,0.4245212219115862,0.5427004259752243,0.4501685610417318,0.5150458583771552,0.4599342718261465,0.5400657281738535,19.086370287141577,23.168845616539308
joint_score,7899,2019,12,PHI,SEA,9.0,17.0,-8.0,26.0,0.0,0.0,0.0,2.0,45.5,0.5214387293578036,0.5962517765824851,41.8807547531068,-2.284107327677068,44.29214491570944,0.417957369843824,0.489720951807553,0.458322432785855,0.0342499724850579,0.03493146187949264,0.0,0.48399685864675257,0.4694888555694102,0.4671928893991403,0.46741997955524683,0.49833004795969527,0.4530889235082407,0.5119796146122666,0.4671928893991403,0.5328071106008597,21.004018794016186,23.288126121693256
joint_score,7900,2019,12,SF,GB,37.0,8.0,29.0,45.0,1.0,1.0,0.0,-3.0,48.0,0.6227934461735422,3.4842368620924935,45.802947992170104,3.182664563677659,47.87597210330464,0.6135334025944845,0.506609275938311,0.4955633414699325,0.03361067335698764,0.03493780691764081,0.034555637249559734,0.6186247588640412,0.4712994969116421,0.4747447306413899,0.5978323641633166,0.36855696247969566,0.45483332608816185,0.5102288669941973,0.4583396239432061,0.5071047388072342,25.52931833349115,22.34665376981349
joint_score,7901,2019,12,TEN,JAX,42.0,20.0,22.0,62.0,1.0,1.0,1.0,-4.0,42.5,0.6667887601146852,4.820298045118898,41.94357333768977,3.136184459695953,44.029554291546624,0.611921271051688,0.46877643289495136,0.5527199204740293,0.033648559396406874,0.03484241124310805,0.0,0.6175174906138727,0.4672405004918333,0.48636622628706505,0.5967389166526317,0.3696125239509614,0.4509607148242612,0.5141968739326307,0.48636622628706505,0.513633773712935,23.58286937562129,20.446684915925335
joint_score,7902,2019,12,WAS,DET,19.0,16.0,3.0,35.0,1.0,1.0,0.0,4.0,40.0,0.38143668832409555,-3.3593871094613403,43.467580406622204,-2.923420173766016,38.9001021242626,0.3954833325775888,0.5388914560818899,0.460719953188776,0.03381537476960739,0.03478727900754297,0.03440113635003672,0.4679560481583293,0.47477064568449023,0.46768058964092796,0.45213193901415094,0.5140526862162416,0.45825466676847254,0.5069580542239844,0.4515918459084248,0.5140070177415385,17.988340975248292,20.91176114901431
joint_score,7903,2019,12,LAR,BAL,6.0,45.0,-39.0,51.0,0.0,0.0,1.0,3.5,47.0,0.4653692884482086,-0.9640989414209798,42.15080118848657,-2.7558253762810834,54.28292779717769,0.40134363318409505,0.5259930563778379,0.7426813949634694,0.03393905796136798,0.0,0.028321746106753254,0.4721612454392929,0.47338085995883994,0.5293680014865099,0.45613653756321704,0.509924404475415,0.47338085995883994,0.5266191400411601,0.5143753753513696,0.4573028785418772,25.763551210448306,28.519376586729386
joint_score,7904,2019,13,ATL,NO,18.0,26.0,-8.0,44.0,0.0,0.0,0.0,7.0,48.0,0.3380730198188176,-4.668793126048049,48.15242362537752,-7.783885099809564,46.089978306267646,0.24064714704493448,0.4716603277526323,0.4320174335224585,0.02769613058189102,0.03486001724274468,0.03408785696776506,0.347787184044536,0.46755052643677175,0.46181539136243915,0.3381548247805304,0.6341490446375786,0.45125170702333156,0.5138882757339238,0.4460730943561639,0.519839048676071,19.15304660322904,26.936931703038606
joint_score,7905,2019,13,DAL,BUF,15.0,26.0,-11.0,41.0,0.0,0.0,0.0,-6.5,46.5,0.6423808878993071,4.0699502522685,41.98493615679729,2.498093449632357,45.67796105357471,0.589599837062813,0.36293360303504013,0.47160740468520806,0.034115796796041375,0.0,0.0,0.6022279940240278,0.45554224190491505,0.46989175226184354,0.5816825061550165,0.38420169704894214,0.45554224190491505,0.5444577580950849,0.46989175226184354,0.5301082477381565,24.088027251603535,21.589933801971178
joint_score,7906,2019,13,DET,CHI,20.0,24.0,-4.0,44.0,0.0,1.0,1.0,5.5,37.0,0.42372458513828276,-2.1367428623368507,41.813866975911424,-4.634780819805872,39.01148041378411,0.3372486952210906,0.530213459761071,0.5715545423882222,0.03217856859053514,0.0,0.034037011154901764,0.42511105484067807,0.47383505623197975,0.49024694536610436,0.4114315896038926,0.5563898418055724,0.47383505623197975,0.5261649437680203,0.47356040461802174,0.4924025842270765,17.188349796989122,21.82313061679499
joint_score,7907,2019,13,ARI,LAR,7.0,34.0,-27.0,41.0,0.0,0.0,0.0,2.5,47.0,0.3046096951394094,-5.735758551595782,43.621631285110425,-3.4603641999329837,46.23855211004229,0.3768777483362424,0.4664715208774697,0.47278315023928724,0.03337368048806766,0.0,0.03448254029296838,0.4544886151555536,0.46699257459692567,0.470130244093833,0.43932065732788783,0.5273056621840445,0.46699257459692567,0.5330074254030743,0.45391895900892437,0.5115985006981072,21.389093955054655,24.849458154987637
joint_score,7908,2019,13,BAL,SF,20.0,17.0,3.0,37.0,1.0,0.0,0.0,-5.5,45.0,0.6766709924492051,5.131726245222135,41.57438369697296,4.4451591028198445,46.257639292660876,0.6564635410785962,0.4631820864941872,0.5448903213959118,0.03239178711176366,0.0,0.034353172735287985,0.6483305350246945,0.4666385082747347,0.48476326139065445,0.6273299503561188,0.34027826253211757,0.4666385082747347,0.5333614917252654,0.46811010533637976,0.49753672192833226,25.35139919774036,20.906240094920516
joint_score,7909,2019,13,CAR,WAS,21.0,29.0,-8.0,50.0,0.0,0.0,1.0,-10.5,38.5,0.7760152339298365,8.63442824638917,41.8720743027606,3.9889239623081267,37.00120226830227,0.6411539918374097,0.2841794790022896,0.44833417364258654,0.032873427356356344,0.0,0.0,0.637681242424753,0.4459233653212222,0.46515728796798866,0.6167184744253918,0.35040809821825186,0.4459233653212222,0.5540766346787778,0.46515728796798866,0.5348427120320114,20.4950631153052,16.506139152997072
joint_score,7910,2019,13,CIN,NYJ,22.0,6.0,16.0,28.0,1.0,1.0,0.0,3.0,43.0,0.40938744777753827,-2.546690401683163,40.558735782811084,-2.8816691357491138,43.07951811915064,0.39694102367197004,0.5042816338299395,0.502844514600567,0.03384682650027848,0.03494040206761473,0.03455681182815035,0.46900360951328374,0.47104989540147657,0.4762188894458479,0.45312932571408326,0.5130238477856383,0.4545912226622411,0.5104683752701441,0.459762282894257,0.5056809052775927,20.098924491700764,22.980593627449878
joint_score,7911,2019,13,DEN,LAC,23.0,20.0,3.0,43.0,1.0,1.0,1.0,4.5,38.5,0.4582400715035051,-1.1634210408037506,44.81160143264402,-5.687909900747215,40.64264396687776,0.30321412826227534,0.458553285993959,0.5736445390671412,0.030864342350017338,0.0,0.0,0.3989481291045316,0.466139741375058,0.49068007937628433,0.3866348574679504,0.5825008001820322,0.466139741375058,0.533860258624942,0.49068007937628433,0.5093199206237157,17.477367033065274,23.16527693381249
joint_score,7912,2019,13,HOU,NE,28.0,22.0,6.0,50.0,1.0,1.0,1.0,3.0,47.0,0.37813279336642186,-3.456853000033361,43.99511255621929,-3.260214963338035,47.661790658709236,0.3837813203317427,0.49058520800267047,0.523659385269903,0.033546319077743636,0.03493320446905829,0.034500894646336655,0.45950729300281257,0.4695815215513089,0.48043879408406603,0.44409251473319,0.5223611661890664,0.45317753424406554,0.5118892612868763,0.46386322586535866,0.5016358794883048,22.2007878476856,25.461002811023636
joint_score,7913,2019,13,IND,TEN,17.0,31.0,-14.0,48.0,0.0,0.0,1.0,1.0,41.5,0.6166878169621187,3.304203933612625,44.403292249871356,0.07691726813847023,41.86960351136983,0.5027831736861388,0.5389036062082023,0.5127744341788695,0.034941485786726345,0.034787182042448295,0.0,0.5429675937974321,0.47477195738471434,0.47823049746633933,0.5239954993361061,0.4410630148771676,0.45825597887452274,0.5069568390830289,0.47823049746633933,0.5217695025336606,20.973260389754152,20.89634312161568
joint_score,7914,2019,13,JAX,TB,11.0,28.0,-17.0,39.0,0.0,0.0,0.0,3.0,46.5,0.5144944059913602,0.4029827022353766,39.66587908610332,-2.754213734412206,45.39942397119915,0.401400101263779,0.5088928417284866,0.46201238867435207,0.03394021402748337,0.03493418277678051,0.0,0.47220168512884947,0.4715444157021326,0.4679433659299811,0.456175058871438,0.5098847271010786,0.4550713968966242,0.5099944203265953,0.4679433659299811,0.5320566340700189,21.322605118393472,24.076818852805676
joint_score,7915,2019,13,KC,LV,40.0,9.0,31.0,49.0,1.0,1.0,0.0,-10.5,49.5,0.7905302338041846,9.228754179249963,43.61543428482399,10.41375104130331,46.34816751241136,0.8265183968483206,0.4969853295565686,0.3923854707410794,0.02305132067962018,0.0,0.0,0.7759925029178927,0.4702676596616233,0.4535709434627991,0.7581048508881513,0.2188438284322286,0.4702676596616233,0.5297323403383767,0.4535709434627991,0.546429056537201,28.380959276857332,17.967208235554025
joint_score,7916,2019,13,MIA,PHI,37.0,31.0,6.0,68.0,1.0,1.0,1.0,10.0,44.5,0.29496312549059306,-6.055105685689141,41.13195053595895,-9.743117138421772,41.19551475146499,0.18933505337561565,0.5092942564788376,0.38731099518458106,0.024278095111181508,0.03493343534734705,0.0,0.3016404136241616,0.47158747379432486,0.45249810710807054,0.29431715897281807,0.6814047459160004,0.4551133032679121,0.5099532613847408,0.45249810710807054,0.5475018928919295,15.726198806521609,25.469315944943382
joint_score,7917,2019,13,NYG,GB,13.0,31.0,-18.0,44.0,0.0,0.0,1.0,6.5,43.5,0.27126448645299645,-6.866831908343756,43.66874447885133,-7.368238933390873,41.03121964986863,0.2524556376744241,0.4696812933316158,0.41530456487345824,0.028373343045429045,0.0,0.0,0.35780925446145984,0.46733779570552586,0.4583644129736724,0.34765700973979563,0.6239696472147753,0.46733779570552586,0.5326622042944742,0.4583644129736724,0.5416355870263276,16.83149035823888,24.19972929162975
joint_score,7918,2019,13,PIT,CLE,20.0,13.0,7.0,33.0,1.0,1.0,0.0,1.0,40.0,0.6672145980247216,4.833620359844308,38.807610432357656,1.08595477787632,42.989627608212686,0.5392290019686012,0.5750165499835415,0.6056389105068415,0.034784573878773484,0.034363924296242465,0.0334180257450456,0.5678711017597996,0.4787012878843489,0.4973904639052312,0.5481179474670154,0.41709747865421115,0.46225123306697735,0.5033848426367802,0.480768656577106,0.48581331767784847,22.0377911930445,20.951836415168184
joint_score,7919,2019,13,SEA,MIN,37.0,30.0,7.0,67.0,1.0,1.0,1.0,-2.5,48.5,0.5713271806921117,1.996143019523406,43.158332672559794,1.235422036964945,50.23305374736162,0.5446064737558138,0.45588889907211405,0.5596845628106273,0.03473831003639205,0.0,0.0,0.5715374631707618,0.4658523323743271,0.4877968260888057,0.5516832175777229,0.4135784723858851,0.4658523323743271,0.5341476676256729,0.4877968260888057,0.5122031739111943,25.734237892163286,24.498815855198337
joint_score,7920,2019,14,CHI,DAL,31.0,24.0,7.0,55.0,1.0,1.0,1.0,3.0,43.0,0.5864405286592874,2.426976081449766,40.09922692374708,-1.2821340755769972,42.74330024030909,0.4537146203383725,0.561901088863314,0.49081811723936036,0.03472264357235755,0.034548976586456503,0.03454908924803107,0.5091029951015785,0.47726609255418107,0.4737840736956689,0.49142559326104673,0.4738517631665957,0.4607770374970171,0.5046739859165265,0.4574152654492615,0.5080356453027074,20.730583082366046,22.012717157943044
joint_score,7921,2019,14,ARI,PIT,17.0,23.0,-6.0,40.0,0.0,0.0,0.0,2.5,43.5,0.2681199282178586,-6.977773240798333,40.172775472954356,-1.5816265062865404,44.96781759443241,0.4429719688734615,0.5320657222764053,0.5506037008860268,0.03460859931445959,0.0,0.0,0.5016066970001241,0.47403455191799215,0.48593244645731554,0.48424679181019725,0.48114460887534316,0.47403455191799215,0.5259654480820078,0.48593244645731554,0.5140675535426844,21.693095544072936,23.274722050359475
joint_score,7922,2019,14,ATL,CAR,40.0,20.0,20.0,60.0,1.0,1.0,1.0,-3.5,48.0,0.5969269243912565,2.7285980636496787,44.8216579426662,5.530740828253991,49.313171693845106,0.6918073093866615,0.5706086715769066,0.5468632650259959,0.031073795301668983,0.0,0.0343347775183368,0.6732393147474096,0.4782177177668486,0.4851666968385903,0.6523192140919127,0.3166069906064183,0.4782177177668486,0.5217822822331514,0.46850860624333096,0.4971566162383322,27.421956261049548,21.89121543279556
joint_score,7923,2019,14,BUF,BAL,17.0,24.0,-7.0,41.0,0.0,0.0,0.0,6.0,44.0,0.36151077909139134,-3.9525170997002714,40.09639464332135,-6.609199647705813,48.26802649199811,0.2748043690896598,0.477968118091132,0.6489208726090271,0.02955182102918652,0.034892572179048176,0.032274767614211275,0.37628068307962625,0.4682280368539162,0.5067905805124263,0.3651609036765171,0.6052872752942964,0.45189035628173685,0.5132170715392149,0.4904340322973166,0.4772912000884722,20.829413422146146,27.43861306985196
joint_score,7924,2019,14,CLE,CIN,27.0,19.0,8.0,46.0,1.0,1.0,1.0,-6.5,43.5,0.7717143865257241,8.463648854273107,39.55248384270211,2.2926112764030138,42.54817134172111,0.5823435760526892,0.35620112890745254,0.46713403018463356,0.03424485973076469,0.0,0.0,0.597270892734092,0.4547622558594428,0.4689838789489469,0.5768174347911443,0.3889377054780909,0.4547622558594428,0.5452377441405571,0.4689838789489469,0.5310161210510531,22.42039130906206,20.127780032659047
joint_score,7925,2019,14,GB,WAS,20.0,15.0,5.0,35.0,1.0,0.0,0.0,-13.0,42.0,0.8189356268815525,10.486668154501704,44.67837737081841,11.34142801055963,42.71001755081638,0.8469818225893919,0.4402186121429037,0.5253812020285613,0.021334179318455715,0.0345755179518219,0.034492332219048016,0.7934761188920366,0.4641563594039042,0.4807885456781767,0.7765479570866817,0.20211786359486267,0.44810791286688223,0.5173165691812959,0.4642050274335321,0.50130264034742,27.025722780688007,15.684294770128375
joint_score,7926,2019,14,HOU,DEN,24.0,38.0,-14.0,62.0,0.0,0.0,1.0,-8.0,42.5,0.774272405457441,8.564946048277507,44.65861699534753,8.20374654562654,43.04923009020221,0.770961260358623,0.5073719914996165,0.5189788646755835,0.026992114764937458,0.03493671522052455,0.0,0.7315710054964508,0.4713812949534342,0.4794886935692714,0.7118243569573899,0.2611835282776726,0.454912780891364,0.5101505038881115,0.4794886935692714,0.5205113064307286,25.626488317914372,17.422741772287836
joint_score,7927,2019,14,JAX,LAC,10.0,45.0,-35.0,55.0,0.0,0.0,1.0,3.0,42.0,0.4304631708105794,-1.9453730024162268,42.297053335923486,-3.022835442473359,41.139329117903706,0.3920184615611629,0.4991737162592419,0.4692434112479385,0.03373878498476257,0.034942208846462375,0.03446172412101478,0.46546179032512464,0.4705022604255663,0.4694120781824204,0.44975767506272263,0.5165035399525149,0.45406187217904354,0.510995918974494,0.45323532864502564,0.5123029472339595,19.058246837715174,22.081082280188532
joint_score,7928,2019,14,LAR,SEA,28.0,12.0,16.0,40.0,1.0,1.0,0.0,-1.0,47.5,0.4845060252113095,-0.43079058086784244,43.499154789795085,-3.844775768726111,47.148371640413785,0.3637335393002873,0.3303396697413274,0.4878466354891724,0.03301612416921473,0.03193379821775211,0.0,0.444857032993776,0.45170289147606,0.47318244459490044,0.430169577954905,0.5368142978758802,0.4372783024852883,0.5307878992969596,0.47318244459490044,0.5268175554050996,21.651797935843838,25.496573704569947
joint_score,7929,2019,14,MIN,DET,20.0,7.0,13.0,27.0,1.0,1.0,0.0,-11.5,44.0,0.8153078027623675,10.31796881060095,45.85605935229878,12.497290906111127,42.5198860374001,0.8701054931336619,0.5348144567652415,0.4472130295789242,0.019194400374472287,0.0,0.03427476058292389,0.8142277896421883,0.47433079344310836,0.4649283710319178,0.7985991754517746,0.18220642417375313,0.47433079344310836,0.5256692065568916,0.44899306242659004,0.516732176990486,27.508588471755612,15.011297565644487
joint_score,7930,2019,14,NE,KC,16.0,23.0,-7.0,39.0,0.0,0.0,0.0,-3.0,48.5,0.671757163496313,4.976272791127513,43.9485723259734,3.118149741934318,48.29577843506507,0.6112952110041097,0.5042750804360658,0.49294074687522743,0.033663120796430246,0.03494040780808799,0.0,0.6170876161933183,0.47104919271081996,0.4742138014503116,0.5963145212274215,0.3700223579761483,0.4545905418198333,0.5104690503720787,0.4742138014503116,0.5257861985496883,25.706964088499692,22.588814346565375
joint_score,7931,2019,14,NO,SF,46.0,48.0,-2.0,94.0,0.0,0.0,1.0,-1.5,45.0,0.6240566397030136,3.5216254288252546,46.594229282291636,0.09502649796688191,45.23335145138195,0.5034384227245786,0.4510150632264799,0.5083468702173883,0.03494106845879075,0.0,0.03455057238265885,0.5434166343345881,0.46532593044948606,0.4773333104822209,0.5244290765126576,0.4406298550285517,0.46532593044948606,0.5346740695505139,0.4608411713877507,0.5046082562295904,22.664188974674417,22.569162476707533
joint_score,7932,2019,14,NYJ,MIA,22.0,21.0,1.0,43.0,1.0,0.0,0.0,-5.0,47.0,0.5908133976459032,2.5524628726013816,39.2589316753014,4.282998976246852,45.74338567373382,0.6510506915282578,0.47407469526770396,0.4551461042978303,0.0325681199845122,0.034873442850525294,0.03435350487853506,0.6445571014762568,0.4678099390609769,0.4665462532225638,0.6235650884585086,0.34386679155697913,0.4514957958862262,0.5136307612632485,0.45051875423642024,0.5151277408850448,25.013192324990335,20.730193348743484
joint_score,7933,2019,14,LV,TEN,21.0,42.0,-21.0,63.0,0.0,0.0,1.0,2.5,47.0,0.3787524996460122,-3.438546345538825,42.78638618466088,-3.5042103260434767,42.79754406684478,0.37537071883136713,0.464944613514962,0.35325687428138913,0.03333461188641662,0.0,0.03234209170415492,0.4533894915862572,0.4668282589403863,0.445162071299301,0.43827592885084954,0.5283894592627338,0.4668282589403863,0.5331717410596137,0.4307645987661275,0.5368933095297177,19.64666687040065,23.150877196444128
joint_score,7934,2019,14,TB,IND,38.0,35.0,3.0,73.0,1.0,,1.0,-3.0,46.5,0.5455991006592714,1.2709514164385656,41.79897475481282,2.6080570971593557,44.62592267299294,0.5934702307885256,0.4858209069714651,0.4354996700556132,0.03404239901284334,0.03492169514612303,0.0,0.6048742855736526,0.46907062704166547,0.4625306079426148,0.5842829137915458,0.3816746871956109,0.45268988560211565,0.5123884192517613,0.4625306079426148,0.5374693920573852,23.616989885076148,21.008932787916795
joint_score,7935,2019,14,PHI,NYG,23.0,17.0,6.0,40.0,1.0,0.0,0.0,-9.5,45.0,0.8135421917024431,10.23679209729903,41.597923937491494,11.527871019228266,42.139884665388465,0.8508890984995822,0.5705099348780037,0.3988326051362275,0.020988096060117756,0.0,0.0335131483271226,0.7969021245702289,0.47820690059499815,0.45492756367026443,0.780176666229237,0.19883523771064524,0.47820690059499815,0.5217930994050018,0.43968150875088635,0.526805342921991,26.833877842308365,15.3060068230801
joint_score,7936,2019,15,BAL,NYJ,42.0,21.0,21.0,63.0,1.0,1.0,1.0,-17.0,44.0,0.9120494457245203,16.252476847486815,39.087830731756405,12.537753013780469,41.61488230516262,0.8708677587441884,0.34296796770405014,0.4153454252391955,0.019119964848511417,0.03237288109957426,0.03382788010211235,0.814932864568983,0.4532101192706252,0.45837289107019485,0.7993513768445273,0.1815286583069613,0.4385384019663534,0.5290887169340723,0.4428671078690137,0.5233050120288739,27.076317659471542,14.538564645691075
joint_score,7937,2019,15,ARI,CLE,38.0,24.0,14.0,62.0,1.0,1.0,1.0,3.0,49.0,0.3583655170421682,-4.0473837116507365,39.045597553342105,-5.538909197002554,48.9825536337826,0.30793303777406994,0.4089624965836857,0.4993759050497429,0.031063019725784957,0.03408890396702402,0.03455759216666415,0.4026354894486373,0.4607337939800044,0.4755165834513047,0.3901284152975932,0.5788085649766219,0.4450278839226574,0.5208832121103185,0.459083875291909,0.5063585325414269,21.721822218390024,27.260731415392577
joint_score,7938,2019,15,CAR,SEA,24.0,30.0,-6.0,54.0,0.0,,1.0,6.0,48.5,0.3098371280380669,-5.565090141574055,41.820762233217195,-7.275910910328291,47.160210061010446,0.255120609345481,0.4539382423070057,0.45378937240801603,0.028520875357535447,0.03472476387483259,0.0,0.3600448338361997,0.4656417564391931,0.4662698608131993,0.34977604000723284,0.6217030846352317,0.4494724563965798,0.5158027797285877,0.4662698608131993,0.5337301391868007,19.942149575341077,27.21806048566937
joint_score,7939,2019,15,CIN,NE,13.0,34.0,-21.0,47.0,0.0,0.0,1.0,10.5,41.5,0.15624521301786323,-11.718552469053401,43.59083142289796,-12.085043646378384,40.058899990012385,0.13784185968255017,0.4447748166017086,0.45031257844086936,0.019955209964788723,0.0,0.0,0.24952159772031388,0.4646505638401493,0.4655610174582903,0.24454234184705548,0.7355024481881558,0.4646505638401493,0.5353494361598508,0.4655610174582903,0.5344389825417097,13.986928171817,26.071971818195387
joint_score,7940,2019,15,DAL,LAR,44.0,21.0,23.0,65.0,1.0,1.0,1.0,1.0,48.5,0.4588426145189439,-1.1465575063393225,44.337759361110834,0.9134165345549349,51.125434599066494,0.5330123336050905,0.5688785190144738,0.5899803889559572,0.03483063188644647,0.034455000936980285,0.0,0.5636310374032167,0.4780282608773676,0.494086115345596,0.5439994122196494,0.4211699558939042,0.46155779670093483,0.5039872023620848,0.494086115345596,0.505913884654404,26.019425566810714,25.10600903225578
joint_score,7941,2019,15,DET,TB,17.0,38.0,-21.0,55.0,0.0,0.0,1.0,6.0,46.0,0.42810334327220906,-2.0123030116187963,41.69542785649732,-7.37073004557221,45.80607274389028,0.2523839430143005,0.45053270826468234,0.4930631528281997,0.028369347347954377,0.03469135409760915,0.034552756021557884,0.3577489818097,0.465273784015878,0.4742385820665741,0.3475998766813636,0.6240307759706821,0.4491328064222486,0.5161758394801421,0.45785233204441816,0.5075949119340238,19.217671349159037,26.588401394731246
joint_score,7942,2019,15,GB,CHI,21.0,13.0,8.0,34.0,1.0,1.0,0.0,-4.5,41.0,0.5910488827257969,2.559232026725058,43.168194606678625,6.159088242405753,41.9424592428189,0.71148460826888,0.5577872883242299,0.5336724818248525,0.030210516925935182,0.0,0.03444266191331408,0.6873562850017895,0.4768180490505299,0.48247487330590416,0.6665908963195949,0.3031985867544698,0.4768180490505299,0.5231819509494702,0.4658571543629599,0.49970018372372615,24.050773742612325,17.891685500206574
joint_score,7943,2019,15,KC,DEN,23.0,3.0,20.0,26.0,1.0,1.0,0.0,-9.0,43.0,0.7790516714612293,8.756408691040315,44.439048261062936,11.580069876937229,43.07450750288247,0.8519707435832503,0.5924860406891779,0.5026652781570692,0.020891214014813253,0.03406136448834318,0.03455691188715443,0.7978559523572625,0.48063190155326296,0.476182595478216,0.7811877729035743,0.1979210130816125,0.4642609231697318,0.501677712341925,0.45972719548407875,0.5057158926287668,27.32728868990985,15.74721881297262
joint_score,7944,2019,15,LAC,MIN,10.0,39.0,-29.0,49.0,0.0,0.0,1.0,1.0,45.0,0.43790038594204533,-1.7350073463475564,44.47827247192622,1.9688954077104006,43.40929108466106,0.5708541247551765,0.6061026695272247,0.44329532308173275,0.03442654694499886,0.033780636814634835,0.034231116475566425,0.5894306208122799,0.4821548978777422,0.46412768770280327,0.5691385598740661,0.39643489318093494,0.4658673983841368,0.5003519648012283,0.4482400787655133,0.5175288047589203,22.689093246185728,20.72019783847533
joint_score,7945,2019,15,NYG,MIA,36.0,20.0,16.0,56.0,1.0,1.0,1.0,-3.5,46.5,0.5007734935320138,0.02149915140583289,40.422795076506894,-0.6250361379889943,44.084608523493685,0.47739601206400634,0.3588941098956576,0.41710927254229035,0.03488995624948876,0.0,0.0,0.5255131115380349,0.45507499308582394,0.4587386652295508,0.5071779820679402,0.45793206168257106,0.45507499308582394,0.544925006914176,0.4587386652295508,0.5412613347704491,21.729786192752346,22.35482233074134
joint_score,7946,2019,15,LV,JAX,16.0,20.0,-4.0,36.0,0.0,0.0,0.0,-6.5,46.0,0.6285779500775321,3.6558633554767312,41.941494817952844,5.594386418888067,45.54440610758112,0.6938278272405476,0.46837885919942107,0.48370707427234194,0.03098951419077145,0.0,0.03453073062940876,0.6746796669639967,0.46719774518248636,0.4723441481025791,0.653771671850391,0.31523881395883757,0.46719774518248636,0.5328022548175136,0.45603375956007136,0.5094355098105199,25.569396263234594,19.975009844346523
joint_score,7947,2019,15,PIT,BUF,10.0,17.0,-7.0,27.0,0.0,0.0,0.0,-1.0,37.0,0.6258437215357404,3.574605800386871,40.42627247409792,1.8036023792828053,39.006974052320686,0.5649628290572738,0.5290512214612898,0.571396016500745,0.03450898898922006,0.034855832092106354,0.03403932369360785,0.585413350407435,0.47370992913994486,0.4902141145977264,0.5652113275440824,0.4002796834666975,0.45719837538947933,0.5079457925184142,0.473527557671759,0.4924331186346332,20.405288215801747,18.60168583651894
joint_score,7948,2019,15,SF,ATL,22.0,29.0,-7.0,51.0,0.0,0.0,1.0,-10.0,49.5,0.7725067012062247,8.494938354627248,46.413997871216836,5.9832571356801605,47.79809875554814,0.7060398870253229,0.35790547850405624,0.44138047101808164,0.0304589378872252,0.03284535691333745,0.0,0.6834293273720764,0.45496029991231746,0.4637358874797433,0.6626127959393422,0.30692826617343255,0.44001696648029837,0.5271376766063642,0.4637358874797433,0.5362641125202567,26.89067794561415,20.90742080993399
joint_score,7949,2019,15,TEN,HOU,21.0,24.0,-3.0,45.0,0.0,0.0,0.0,-3.0,50.0,0.6193784872730809,3.3834045770752437,43.588937029658,4.188497247571095,49.82203719122823,0.6478814975237426,0.5429190927677177,0.4936341545289147,0.03266828402222832,0.034753469232887024,0.03455352567241754,0.6423520866405911,0.4752057622204284,0.4743541786715112,0.6213675462319452,0.34596416974582644,0.45869071338381007,0.5065558173833028,0.4579635693809666,0.5074829049466159,27.005267219399663,22.81676997182857
joint_score,7950,2019,15,WAS,PHI,27.0,37.0,-10.0,64.0,0.0,0.0,1.0,6.5,38.5,0.34798680167606233,-4.363097832072854,41.647117451880206,-6.503133121652451,37.704091760804694,0.27800538410805387,0.499890486573286,0.47250848581924354,0.029709892598815513,0.0,0.0,0.3788775888275928,0.47057910173604556,0.4700745346755012,0.36762117635542685,0.6026689310457577,0.47057910173604556,0.5294208982639544,0.4700745346755012,0.5299254653244988,15.600479319576122,22.103612441228574
joint_score,7951,2019,15,NO,IND,34.0,7.0,27.0,41.0,1.0,1.0,0.0,-8.5,49.0,0.7511754740262221,7.677571429373583,47.65263115282734,10.1049251380835,56.51070661848044,0.8193281409958088,0.5559133576647113,0.7491852680218164,0.023618473191754086,0.0,0.027965947962797943,0.7700143196152618,0.47661425717297556,0.5311028889187778,0.7518277570501619,0.22455376975808394,0.47661425717297556,0.5233857428270244,0.5162500931643835,0.4557839588728185,33.30781587828197,23.20289074019847
joint_score,7952,2019,16,NE,BUF,24.0,17.0,7.0,41.0,1.0,1.0,1.0,-6.5,38.5,0.7048628212303302,6.049290916922319,43.373292298346755,7.567096630278938,38.322973429577615,0.7532326995767152,0.5372444468765918,0.4938807070446551,0.02805194092852331,0.0,0.0,0.7181030855062828,0.4745928870253571,0.4744040918605886,0.6979589001710702,0.2739891589004065,0.4745928870253571,0.5254071129746429,0.4744040918605886,0.5255959081394115,22.945035029928277,15.377938399649338
joint_score,7953,2019,16,SF,LAR,34.0,31.0,3.0,65.0,1.0,0.0,1.0,-7.0,45.5,0.6205161359121852,3.4169562440891696,45.880771387418264,6.779502925148683,44.70818247001564,0.7302959078383096,0.49202201832291,0.4726495610988855,0.029294485220851096,0.03493576292384265,0.0,0.7010611806929007,0.4697355686282075,0.47010314890747057,0.6805239542961801,0.29018156048296884,0.453324998165716,0.5117392389104414,0.47010314890747057,0.5298968510925295,25.743842697582163,18.96433977243348
joint_score,7954,2019,16,TB,HOU,20.0,23.0,-3.0,43.0,0.0,,0.0,3.0,50.5,0.5251010138593736,0.6982658305438144,40.99967675219676,0.5567204632856841,53.724085314733415,0.5201357004898263,0.6264315208697233,0.6100186935072284,0.03490076233342837,0.03328723745687007,0.0,0.5548404129526426,0.4844646859305431,0.49832266800498604,0.5354760595672012,0.42962317809937045,0.46833819489050516,0.4983745676526249,0.49832266800498604,0.501677331995014,27.14040288900955,26.583682425723865
joint_score,7955,2019,16,ATL,JAX,24.0,12.0,12.0,36.0,1.0,1.0,0.0,-7.0,48.0,0.7493166087426844,7.6086367631719165,44.19240740678569,9.37694897017857,51.04922599848165,0.8016356995428421,0.585325477088396,0.6076918195702985,0.02493891237126178,0.03419316843934089,0.03337293219698434,0.755620811375602,0.47983765754767194,0.4978269487127903,0.7367764501748041,0.23828463745393408,0.46343048769960565,0.5023763438610536,0.48121300370756676,0.4854140640954489,30.21308748433011,20.836138514151543
joint_score,7956,2019,16,CHI,KC,3.0,26.0,-23.0,29.0,0.0,0.0,0.0,7.0,45.5,0.41066186492928575,-2.510082710255583,40.687383098712175,-7.641720972102838,43.00494064762925,0.24465097720513507,0.4767933109858346,0.41441690729098535,0.027930085136017246,0.03488712778760006,0.0,0.3512070814061232,0.46810190730267115,0.45818017944452294,0.34139783772207805,0.6306720771419047,0.45177117624498353,0.5133416959674164,0.45818017944452294,0.5418198205554771,17.681609837763204,25.323330809866043
joint_score,7957,2019,16,CLE,BAL,15.0,31.0,-16.0,46.0,0.0,0.0,0.0,10.0,49.0,0.21319370184166092,-9.073495312430769,37.96290962262532,-6.861469668434897,56.846636209795456,0.2672668140799065,0.61200268401271,0.7586119220666793,0.029169116209925683,0.03364665961005908,0.027429860720040222,0.370119024386291,0.4828205046290234,0.5336701206734074,0.35932297955246295,0.6115079042376113,0.46657520745701364,0.4997781329329273,0.5190316235928887,0.45353851568707104,24.992583270680278,31.854052939115178
joint_score,7958,2019,16,DEN,DET,27.0,17.0,10.0,44.0,1.0,1.0,1.0,-7.5,40.0,0.7073254892061386,6.131750520206133,46.15708018150548,8.675125579320987,41.222942515088846,0.7836018342499295,0.5410022457156921,0.5436570379116626,0.026180793822826565,0.0,0.03436426748307725,0.74135674057216,0.47499860322771437,0.48451123181411687,0.7219474325980775,0.25187177357909596,0.47499860322771437,0.5250013967722856,0.4678613582455013,0.49777437427142135,24.94903404720492,16.273908467883928
joint_score,7959,2019,16,IND,CAR,38.0,6.0,32.0,44.0,1.0,1.0,0.0,-7.0,46.5,0.6873182445360624,5.472885290980139,44.269772480710266,6.811614044486112,47.65105580399409,0.7312520920227663,0.4931837298072334,0.539724333791036,0.029245486438793822,0.03493752241855541,0.0,0.7017639325767057,0.46986011485486584,0.48370832600593877,0.6812405050032989,0.28951400855790715,0.4534443665585389,0.5116181110229057,0.48370832600593877,0.5162916739940613,27.2313349242401,20.41972087975399
joint_score,7960,2019,16,LAC,LV,17.0,24.0,-7.0,41.0,0.0,0.0,0.0,-7.5,45.0,0.7319480234234657,6.980179653474679,43.7958678783566,6.580937865514607,44.369611511553224,0.7243445373142744,0.4679102852018047,0.4774619954587986,0.02959410696319703,0.0,0.03450614735811286,0.6967010204298296,0.46714734953031645,0.4710788690030844,0.6760827759098607,0.2943231171269422,0.46714734953031645,0.5328526504696836,0.4548237521319708,0.5106701005099163,25.475274688533915,18.89433682301931
joint_score,7961,2019,16,MIA,CIN,38.0,35.0,3.0,73.0,1.0,1.0,1.0,1.5,45.0,0.612876606863838,3.1923780671682014,41.72341812097801,-0.8288074840887634,42.59648680134298,0.4700393266522801,0.5234469827330384,0.4147028354741914,0.034850331478110896,0.0,0.03381670210909238,0.5204305157397124,0.47310707229039084,0.458239535189373,0.5022933397548592,0.46285632876702987,0.47310707229039084,0.5268929277096092,0.442743385333265,0.5234399125576427,20.883839658627107,21.71264714271587
joint_score,7962,2019,16,NYJ,PIT,16.0,10.0,6.0,26.0,1.0,1.0,0.0,3.0,36.5,0.3267979562305506,-5.02185750324883,38.42411855212033,0.04325926879039356,41.085760384064926,0.501565301927653,0.6086922776961914,0.6544479726104415,0.03494202791865669,0.033722755306194174,0.0,0.5421328205634741,0.48244659301852016,0.5080257267300262,0.523189600411725,0.4418683716696182,0.46617716461384956,0.5001000800799562,0.5080257267300262,0.4919742732699738,20.56450982642766,20.521250557637266
joint_score,7963,2019,16,PHI,DAL,17.0,9.0,8.0,26.0,1.0,1.0,0.0,2.0,46.5,0.5423467243616983,1.1798471410110596,42.25317861583497,0.7152357398766126,43.51660664957589,0.5258615681562147,0.5972335586264661,0.39800599450283863,0.03487378105439293,0.033967979657542946,0.0,0.5587509704771534,0.48116093192612275,0.45475401167838597,0.5392652114688036,0.4258610074768035,0.46481686717845183,0.5012151531640052,0.45475401167838597,0.5452459883216141,22.11592119472625,21.40068545484964
joint_score,7964,2019,16,SEA,ARI,13.0,27.0,-14.0,40.0,0.0,0.0,0.0,-8.0,51.0,0.8580204202249209,12.500347798582979,42.09043297380319,11.65384243472465,46.1963601107455,0.8534902786525945,0.6297573874190984,0.3334841381443298,0.02075431311756265,0.0331979411469584,0.031691742975517245,0.7991999803542406,0.48484725048572913,0.44076966413488966,0.7826131337184187,0.19663255316401862,0.4687513199988393,0.49805073885420237,0.4268009052277217,0.541507351796761,28.925101272735077,17.271258838010425
joint_score,7965,2019,16,TEN,NO,28.0,38.0,-10.0,66.0,0.0,0.0,1.0,3.0,49.0,0.4451106633286355,-1.5318140867898091,45.85985662130892,-1.915995806859742,48.232799003526075,0.431029593107264,0.5391587734044321,0.4725778471558239,0.03445369559100453,0.03478513863213434,0.034481402560871066,0.4932283837443385,0.47479950589529296,0.4700886032888832,0.4762348431539679,0.48931146125502756,0.45828353926025633,0.5069313221076094,0.4538792889196016,0.5116393085195274,23.158401598333167,25.074397405192908
joint_score,7966,2019,16,WAS,NYG,35.0,41.0,-6.0,76.0,0.0,0.0,1.0,1.0,42.0,0.5864224428138869,2.426457904177223,40.819170978910165,-1.4964768628408094,41.778268312296255,0.44602220841138257,0.4820416028695549,0.49206870517927553,0.03464341064734289,0.034909257280877126,0.03455125784777596,0.5037388694685639,0.46866521163385855,0.47403725849868944,0.48628763695453625,0.47906895239812086,0.4523044571823355,0.5127862855367874,0.4576586749508484,0.5077900672013757,20.140895724727724,21.63737258756853
joint_score,7967,2019,16,MIN,GB,10.0,23.0,-13.0,33.0,0.0,0.0,0.0,-4.0,46.5,0.663129379176808,4.706162117270378,46.07718725460773,3.526447676890237,45.71077930746675,0.6253928510248336,0.48287028260288534,0.4727391193730462,0.03331462723955769,0.03491223508978386,0.0,0.6267857850779999,0.4687541199097998,0.4701213136116816,0.6059046502890728,0.36078072247136955,0.45238886587620414,0.512698899034012,0.4701213136116816,0.5298786863883185,24.618613492178493,21.092165815288258
joint_score,7968,2019,17,BAL,PIT,28.0,10.0,18.0,38.0,1.0,1.0,1.0,1.0,35.0,0.828557210086408,10.947252407329088,38.57016569334639,1.1279270952072675,38.81882717950783,0.5407398573017906,0.5765069378644669,0.6339046520520959,0.03477217795342458,0.034340619086379975,0.0327176438413635,0.5689013061703998,0.4788650935333204,0.5034781355829092,0.549119368714307,0.4161084533322684,0.46242056976252893,0.5032388111510911,0.4870055172609939,0.48027683889764267,19.97337713735755,18.84545004215028
joint_score,7969,2019,17,BUF,NYJ,6.0,13.0,-7.0,19.0,0.0,0.0,0.0,1.0,37.0,0.7763257929791385,8.646849747984298,40.11633425714132,-0.1660538828951366,39.36394240290183,0.4939916921432429,0.530146066126844,0.5839145925381676,0.03493858319172166,0.03484918931648773,0.03384064541750925,0.536936363548879,0.47382779956301063,0.4928169015917167,0.518176567742366,0.44688484906591236,0.45731528487262446,0.5078355258108878,0.47613965956919585,0.4900196950132948,19.598944260003346,19.76499814289848
joint_score,7970,2019,17,CAR,NO,10.0,42.0,-32.0,52.0,0.0,0.0,1.0,14.0,44.5,0.20463705151917905,-9.433297376802575,45.67627653617663,-17.73732027874827,39.751910935215676,0.055617492387306254,0.3673919391657921,0.34038118027915054,0.010453291493859318,0.033119465736513365,0.0,0.14298787994413548,0.456055440167202,0.4423146186815245,0.14149318595499047,0.8480535225511502,0.44095112764263383,0.5259294066208527,0.4423146186815245,0.5576853813184754,11.007295328233702,28.744615606981974
joint_score,7971,2019,17,CIN,CLE,33.0,23.0,10.0,56.0,1.0,1.0,1.0,2.5,43.5,0.37142005022636027,-3.655922872602323,39.92407295601684,-2.540661777304445,42.256147178470606,0.4089007930130854,0.49857873338505965,0.4570850478640611,0.034087739940568906,0.0,0.0,0.4775601593954403,0.47043847612784023,0.466941054585882,0.4612812128759919,0.5046310471834392,0.47043847612784023,0.5295615238721598,0.466941054585882,0.533058945414118,19.85774270058308,22.398404477887524
joint_score,7972,2019,17,DAL,WAS,47.0,16.0,31.0,63.0,1.0,1.0,1.0,-12.5,47.5,0.8336675615004077,11.200255178771968,41.91977625766199,12.96110922195473,46.98066239217001,0.8786543956860896,0.5161129773168465,0.4820533648296537,0.018344422286649065,0.0,0.0,0.8222217674378131,0.47231919545768647,0.4720091810193097,0.8071385841226588,0.17451699359069206,0.47231919545768647,0.5276808045423136,0.4720091810193097,0.5279908189806903,29.97088580706237,17.00977658510764
joint_score,7973,2019,17,DEN,LV,16.0,15.0,1.0,31.0,1.0,0.0,0.0,-4.5,41.0,0.6840275563816672,5.366790223553335,44.85260873820618,4.5511968363011075,43.34398542721617,0.659985338276643,0.5017895003356385,0.583216903973839,0.03227347753038595,0.0,0.03385257643478412,0.6507908952009962,0.470782692709822,0.492671270539233,0.6297876098677472,0.337938912601867,0.470782692709822,0.529217307290178,0.4759930786960814,0.4901543448691345,23.94759113175864,19.39639429545753
joint_score,7974,2019,17,DET,GB,20.0,23.0,-3.0,43.0,0.0,1.0,0.0,13.0,44.0,0.23201824932968013,-8.317260073525022,46.34499483007269,-11.350936621830712,40.424067517132215,0.15281724554975537,0.5594412978701421,0.37430576404563587,0.02131652929125094,0.03457968935222877,0.032938864666548606,0.2654443805501674,0.4769980792433851,0.4497262826991262,0.2597860276369718,0.7188974430717773,0.46050363384153903,0.5049166768062322,0.4349128095363097,0.5321483257971417,14.536565447650752,25.887502069481464
joint_score,7975,2019,17,HOU,TEN,14.0,35.0,-21.0,49.0,0.0,0.0,1.0,10.0,43.0,0.6357977263824763,3.8716210862291884,43.39808487426964,-8.562534301167691,38.50467668222898,0.21937925404646874,0.5518619395924095,0.3435694099396198,0.02637642393739259,0.03466642521998797,0.03203447376364266,0.3292152947338417,0.4761742709530348,0.44302401237718586,0.32053177255326826,0.6530918035093392,0.4596670111973591,0.5056665635826529,0.4288319712760252,0.5391335549603322,14.971071190530646,23.53360549169834
joint_score,7976,2019,17,JAX,IND,38.0,20.0,18.0,58.0,1.0,1.0,1.0,5.5,41.5,0.37771064464081516,-3.46933036621278,43.382576726022876,-7.291236849289951,39.978772636704676,0.2546771955098153,0.43764615055377254,0.4475654250037061,0.028496461814729424,0.0,0.0,0.3596735128417659,0.4638768821377535,0.46500033378824857,0.34942409031730093,0.6220794478679696,0.4638768821377535,0.5361231178622465,0.46500033378824857,0.5349996662117514,16.343767893707362,23.635004742997314
joint_score,7977,2019,17,KC,LAC,31.0,21.0,10.0,52.0,1.0,1.0,1.0,-9.5,46.0,0.8348016854262529,11.257243281156553,43.54239580228381,12.316354567738816,44.17823623320946,0.866658051004663,0.5974513926224159,0.4351293415700414,0.019527817710136508,0.0,0.034130004893614396,0.8110569852893711,0.48118525479557495,0.46245460216466966,0.7952188123281073,0.1852533699617561,0.48118525479557495,0.518814745204425,0.446671024329715,0.5191989707766707,28.247295400474137,15.930940832735322
joint_score,7978,2019,17,LAR,ARI,31.0,24.0,7.0,55.0,1.0,,1.0,-7.0,45.5,0.7544125760935245,7.798444734493023,43.925756607247905,6.119896913783178,42.53948814995239,0.7102752639976423,0.46818897960290295,0.3987711747531636,0.03026633357823516,0.03483861530886523,0.0,0.6864826039617472,0.46717732406878143,0.4549146697830637,0.6657052924745854,0.30402837394717935,0.4509015129945241,0.5142598716966107,0.4549146697830637,0.5450853302169363,24.329692531867785,18.209795618084605
joint_score,7979,2019,17,MIN,CHI,19.0,21.0,-2.0,40.0,0.0,1.0,1.0,4.5,36.0,0.7033385774482982,5.9984538204720685,41.88752022235997,-4.574903871437267,38.14810149125989,0.3392292370934842,0.49738186966045445,0.5763548578135307,0.03224670555953224,0.0,0.03396451855541871,0.4266047402690415,0.4703101694797831,0.49124260553322535,0.412848142819285,0.5549051516211828,0.4703101694797831,0.5296898305202169,0.4745577869423799,0.49147769450220147,16.78659880991131,21.361502681348576
joint_score,7980,2019,17,NE,MIA,24.0,27.0,-3.0,51.0,0.0,0.0,1.0,-17.0,45.5,0.9073297238466581,15.85319490023052,42.867302034032406,14.076289946114759,44.3453809953834,0.8975434074230384,0.3954732169798511,0.4601531049428213,0.01634089856174148,0.03381515491971354,0.0,0.8406376852387496,0.4592344896620269,0.4675653107770819,0.826900910097086,0.1567581913411725,0.4437054042496299,0.5224794408306567,0.4675653107770819,0.5324346892229181,29.210835470749082,15.134545524634321
joint_score,7981,2019,17,NYG,PHI,17.0,34.0,-17.0,51.0,0.0,0.0,1.0,3.5,44.5,0.3051937271318832,-5.71661004314491,41.38200390432753,-5.308047625010665,45.226720880951945,0.31530928100488015,0.43706581502164565,0.5251050169076086,0.0313628275382849,0.0,0.0,0.4083588012214928,0.4638137866570833,0.4807324350473094,0.3955515145650424,0.5730856578966728,0.4638137866570833,0.5361862133429167,0.4807324350473094,0.5192675649526906,19.95933662797064,25.267384252981305
joint_score,7982,2019,17,SEA,SF,21.0,26.0,-5.0,47.0,0.0,0.0,,3.5,47.0,0.5194704995894339,0.5414533516581469,42.9267552781627,-5.4910952406217035,44.72891966443238,0.3094543304201693,0.4307557359054802,0.4193341139950766,0.031125921901208997,0.0,0.03389533660123534,0.40381986435024964,0.46312656649928835,0.4591994745872057,0.391250598790327,0.577623479308464,0.46312656649928835,0.5368734335007117,0.44363475382896195,0.5224699095698028,19.61891221190534,25.110007452527043
joint_score,7983,2019,17,TB,ATL,22.0,28.0,-6.0,50.0,0.0,0.0,1.0,-1.0,48.5,0.5648561698495601,1.8128807482179763,42.58867724966568,-1.172840262517756,48.683645435387206,0.4576441002994328,0.4218994989302585,0.5063480688767171,0.03475839810363146,0.03431518482423035,0.0,0.5118362930829577,0.46215809316084044,0.4769284228684104,0.49404568344409333,0.4711959184522752,0.44629905277601234,0.5193857623997573,0.4769284228684104,0.5230715771315896,23.755402586434723,24.928242848952483
joint_score,7984,2019,Wildcard,HOU,BUF,22.0,19.0,3.0,41.0,1.0,1.0,0.0,-2.5,43.0,0.624328572705745,3.5296807393423073,42.67811882509804,1.2111035416199525,43.12319513412276,0.5437321002078704,0.45504418532670565,0.5044068706548348,0.03474623864485937,0.0,0.034555663940689874,0.5709413787781356,0.46576116124685335,0.47653527211882335,0.5511033133788854,0.4141504479762552,0.46576116124685335,0.5342388387531467,0.4600682793996001,0.50537605665971,22.167149337871358,20.956045796251402
joint_score,7985,2019,Wildcard,NE,TEN,13.0,20.0,-7.0,33.0,0.0,0.0,0.0,-4.5,45.0,0.6966386807992236,5.776758091404673,44.04981383760249,3.16115779792294,45.5487814529512,0.6127877040106237,0.45330993919110807,0.5196229545830547,0.03362826754573395,0.0,0.034518607317783334,0.6181125286474696,0.4655739007111134,0.47961938507659796,0.5973264751607423,0.3690452572935237,0.4655739007111134,0.5344260992888866,0.46306359186114215,0.5024178008210745,24.354969625437068,21.19381182751413
joint_score,7986,2019,Wildcard,NO,MIN,20.0,26.0,-6.0,46.0,0.0,0.0,0.0,-7.5,49.5,0.7364282686852162,7.139705947975159,47.1268956385808,6.429789960388832,52.836657716493015,0.7197702851134374,0.46264720467834375,0.6137560602311694,0.029818185499007832,0.0,0.0,0.6933654443079197,0.4665809063419619,0.49912113342320963,0.6726905448709442,0.297491269630048,0.4665809063419619,0.5334190936580381,0.49912113342320963,0.5008788665767904,29.633223838440923,23.203433878052092
joint_score,7987,2019,Wildcard,PHI,SEA,9.0,17.0,-8.0,26.0,0.0,0.0,0.0,-1.0,44.5,0.6211674149933306,3.4361814097691132,41.92138235122717,-1.3030972931982638,43.90627009495554,0.45296144418138456,0.4172854032537304,0.4794847318340437,0.034715426230609525,0.034238530214049656,0.0,0.5085785801355969,0.4616514928343466,0.4714887810969145,0.4909230579544314,0.47436151581495906,0.4458452242485767,0.5199162455373737,0.4714887810969145,0.5285112189030855,21.301586400878637,22.6046836940769
joint_score,7988,2019,Division,BAL,TEN,12.0,28.0,-16.0,40.0,0.0,0.0,0.0,-10.0,47.5,0.79055585708574,9.229829452237881,41.124854102735014,3.609189631553672,45.92076594985474,0.6282295111836753,0.28141547328432404,0.44557823573491284,0.033239264948667135,0.02987539859571564,0.0,0.6287422534123751,0.4455611687598161,0.46459440567332133,0.6078433230667791,0.3589174119845537,0.4322498512443437,0.5378747501599407,0.46459440567332133,0.5354055943266787,24.764977790704204,21.155788159150536
joint_score,7989,2019,Division,SF,MIN,27.0,10.0,17.0,37.0,1.0,1.0,0.0,-7.0,44.5,0.5975477825468268,2.7465330315289176,45.01228192499045,3.671304574087758,44.58849926561155,0.6303543139126239,0.3814148719735488,0.5030592518464613,0.033181656787561076,0.03348830923903878,0.0,0.6302089688283157,0.4576537520166391,0.476262372572691,0.6092975911202116,0.35752075209222717,0.44232770164469953,0.5241839891162617,0.476262372572691,0.523737627427309,24.129901919849654,20.4585973457619
joint_score,7990,2019,Division,GB,SEA,28.0,23.0,5.0,51.0,1.0,1.0,1.0,-4.5,45.5,0.6750996153272049,5.081882159834465,44.30799440764727,4.912881639746193,44.121485470868414,0.6718884902699399,0.5144284930455236,0.4524599756283199,0.031852500274037965,0.0,0.0,0.6591395278385179,0.47213837176234863,0.4659989215584142,0.6381442858474122,0.33000321387854975,0.47213837176234863,0.5278616282376514,0.4659989215584142,0.5340010784415858,24.517183555307305,19.60430191556111
joint_score,7991,2019,Division,KC,HOU,51.0,31.0,20.0,82.0,1.0,1.0,1.0,-10.0,50.5,0.7946619417431633,9.403407411832525,43.95608897461399,14.676965459047096,53.87297368367306,0.9067713642208451,0.664143860290821,0.6149595086449574,0.015293411086027442,0.032130120426403674,0.0,0.8500773388733948,0.48889582520300084,0.49937884910084573,0.8370767566750876,0.14762983223888487,0.4731875434632624,0.4946823361103338,0.49937884910084573,0.5006211508991543,34.274969571360074,19.59800411231298
joint_score,7992,2019,Conference,KC,TEN,35.0,24.0,11.0,59.0,1.0,1.0,1.0,-7.0,51.0,0.6595370425654157,4.594709202688857,43.277383601199816,5.248839212871649,51.55056349323057,0.6827865184721761,0.4369094510282447,0.5196866222385225,0.03143811237192207,0.03453367360234971,0.03451835360582739,0.6668322281361276,0.4637967833878141,0.4796323046673719,0.6458682816147648,0.32269360601331304,0.44778017665247966,0.5176861497451707,0.46307618717408566,0.5024054592200871,28.39970135305111,23.15086214017946
joint_score,7993,2019,Conference,SF,GB,37.0,20.0,17.0,57.0,1.0,1.0,1.0,-8.0,46.5,0.6123712029321032,3.177579618131458,45.823017780146884,8.631508891689297,45.024011070576115,0.7824498521285114,0.5228378076231838,0.44911611689582626,0.026256709119404364,0.03488886778802991,0.0,0.7404580786970867,0.4730415880418778,0.4653168914446111,0.7210160863096242,0.25272720457097136,0.456537702618445,0.508573429593525,0.4653168914446111,0.5346831085553889,26.827759981132708,18.196251089443408
joint_score,7994,2019,Superbowl,KC,SF,31.0,20.0,11.0,51.0,1.0,1.0,0.0,-1.5,53.0,0.580350222839206,2.2528505392183105,44.01948522557273,5.766037157911602,56.90848082601297,0.699246825132944,0.6457123574724106,0.6369194973235549,0.03075858223638056,0.0,0.032632715686238156,0.6785526897786435,0.4867033218864729,0.5041383787366671,0.6576813710683699,0.3115600466952496,0.4867033218864729,0.5132966781135271,0.4876869743568324,0.47968030995692945,31.337258991962287,25.571221834050682
market_residual,7461,2018,1,PHI,ATL,18.0,12.0,6.0,30.0,1.0,1.0,0.0,-1.0,44.5,0.6429697559963901,4.0877686135124165,44.96850196934804,1.3793356352331363,44.032733844359335,0.5436136047026785,0.5120171369056381,0.485621081926673,0.030553124651042374,0.03071290962047335,0.0,0.5507748590324377,0.501734167752317,0.4479278241143093,0.5339469661097593,0.43549990923919824,0.4863244516046367,0.48296263877488993,0.4479278241143093,0.5520721758856907,22.706034739796234,21.3266991045631
market_residual,7462,2018,1,ARI,WAS,6.0,24.0,-18.0,30.0,0.0,0.0,0.0,-2.0,43.5,0.5940743379261549,2.6463085596650946,41.46429312310602,2.045485339695634,44.06046918225274,0.5645178453025197,0.5014411707195962,0.5172453637605556,0.030347080976500906,0.030725831702385353,0.0,0.5747708480799824,0.4996569221491921,0.46111800791311713,0.557328230610367,0.412324688413132,0.4843045476503042,0.48496962064731053,0.46111800791311713,0.5388819920868828,23.052977260974185,21.007491921278554
market_residual,7463,2018,1,BAL,BUF,47.0,3.0,44.0,50.0,1.0,1.0,1.0,-7.5,39.0,0.6254415398134776,3.562673781419926,40.40090664802013,7.807639103195789,38.29736896331251,0.7320428271155359,0.5094539777996524,0.47771557833435985,0.02564396860223045,0.0,0.030726312484371632,0.7614561809206809,0.5012306122944662,0.44463783060635376,0.7419294225251766,0.2324266088725929,0.5012306122944662,0.4987693877055338,0.43097574968076985,0.5382979378348586,23.05250403325415,15.244864930058359
market_residual,7464,2018,1,CAR,DAL,16.0,8.0,8.0,24.0,1.0,1.0,0.0,-2.5,42.5,0.5817631669501168,2.293183104218906,41.82701158976755,2.6051007285416663,42.393451284073834,0.5819392536490615,0.5032300904011241,0.4967205631335821,0.030113734284749394,0.0,0.0,0.5947026162717063,0.5000082196812337,0.45254998939141494,0.5767938997068548,0.39309236600839575,0.5000082196812337,0.49999178031876634,0.45254998939141494,0.5474500106085851,22.49927600630775,19.894175277766085
market_residual,7465,2018,1,CLE,PIT,21.0,21.0,0.0,42.0,0.5,1.0,1.0,3.5,41.0,0.20355290000036402,-9.47967425838926,37.458117243756085,-3.5982830577212876,39.95222363867221,0.38756629512017116,0.49697943486069324,0.46679081854355386,0.029568450312330907,0.0,0.03067114188318587,0.3716298187296311,0.49878076696890133,0.4400913834057333,0.36064130089994345,0.6097902487877257,0.49878076696890133,0.5012192330310987,0.4265932781437285,0.5427355799730856,18.17697029047546,21.77525334819675
market_residual,7466,2018,1,DEN,SEA,27.0,24.0,3.0,51.0,1.0,,1.0,-3.0,42.5,0.4420813083343216,-1.6171001397956297,43.48225224949864,3.132685314267531,42.267439457314026,0.5982140841656983,0.5042039694013619,0.4928423793690431,0.029844571289279864,0.030724415880441558,0.0,0.613252817487768,0.5001994705865969,0.45093440863839157,0.5949505500579026,0.3752048786528175,0.48483113402911754,0.48444445009044085,0.45093440863839157,0.5490655913616085,22.70006238579078,19.567377071523246
market_residual,7467,2018,1,GB,CHI,24.0,23.0,1.0,47.0,1.0,0.0,1.0,-6.5,45.0,0.6171863203728966,3.3188614868957393,43.40398198356469,6.420410290321588,44.87129157317331,0.6947288842731586,0.49755393555362687,0.49591581133619406,0.02718998849773252,0.0,0.030769953689943952,0.7211334549139828,0.49889358424653096,0.45221468103272533,0.7015258445695416,0.27128416693272595,0.49889358424653096,0.501106415753469,0.4383000562394356,0.5309299900706205,25.645850931747447,19.225440641425863
market_residual,7468,2018,1,IND,CIN,23.0,34.0,-11.0,57.0,0.0,0.0,1.0,1.0,47.5,0.4810771418702479,-0.5262092690904683,44.585019556179645,-0.9191665944656411,47.8328492735895,0.4709033853344024,0.5025611367387761,0.5102436758697063,0.030649122567897646,0.03072542479394763,0.0,0.4670187788312752,0.49987685305660445,0.4581910555182335,0.4527050630373656,0.5166458143947368,0.4845179244017785,0.4847566508042738,0.4581910555182335,0.5418089444817664,23.45684133956193,24.376007934027573
market_residual,7469,2018,1,LAC,KC,28.0,38.0,-10.0,66.0,0.0,0.0,1.0,-3.5,48.0,0.5427103845575324,1.190028681429021,42.730741575845855,3.696900046299908,48.190612407222595,0.6154264510766713,0.5060512188472679,0.5060484022320844,0.029505424899154253,0.0,0.0307681444080683,0.6327831413851286,0.5005622526678362,0.45643952909296426,0.6141126059295388,0.356381969171307,0.5005622526678362,0.49943774733216384,0.44239573174828123,0.5268361238436504,25.943756226761252,22.246856180461343
market_residual,7470,2018,1,MIA,TEN,27.0,20.0,7.0,47.0,1.0,1.0,1.0,1.0,43.5,0.5107985654626442,0.30019115227874865,41.53228669494448,-0.7604339782694903,43.97167360863567,0.47592119658728577,0.5075900252389282,0.5145144865615556,0.0306733676923987,0.03072079047934767,0.0,0.4727982249517028,0.5008644834068631,0.45997580143532274,0.4582959111534458,0.5110307211541555,0.4854775305535742,0.4838016789670782,0.45997580143532274,0.5400241985646772,21.60561981518309,22.36605379345258
market_residual,7471,2018,1,MIN,SF,24.0,16.0,8.0,40.0,1.0,1.0,0.0,-6.0,46.5,0.745219384982912,7.457884188963517,44.77604252570459,6.0907578361369685,46.31336528744333,0.6855253732623499,0.5028755784660495,0.4942557496351141,0.027524633726936698,0.030725269605288485,0.0,0.7110479641276103,0.4999386016959748,0.451523106301011,0.6914766293527138,0.2809987369203495,0.4845778533727751,0.4846968770219365,0.451523106301011,0.548476893698989,26.20206156179015,20.111303725653183
market_residual,7472,2018,1,NE,HOU,27.0,20.0,7.0,47.0,1.0,1.0,0.0,-6.0,49.5,0.8522721721681998,12.177855940860018,44.86745259629049,5.861685990660668,49.425142037702365,0.6790590909661037,0.49561769961611146,0.4976959519476218,0.02774906171440794,0.030724276878442258,0.0,0.7039320337135482,0.4985133506288737,0.45295644385406764,0.6843985802672823,0.28785235801830983,0.48319688841655223,0.4860788347050055,0.45295644385406764,0.5470435561459324,27.643414014181516,21.78172802352085
market_residual,7473,2018,1,NO,TB,40.0,48.0,-8.0,88.0,0.0,0.0,1.0,-10.0,50.0,0.7265692349026626,6.790874030704817,42.61931158416198,9.848590485312728,50.526600686632726,0.7823256998678024,0.4952028051643554,0.5167054194425589,0.02304454828154151,0.03072393113996602,0.03074609665570366,0.8140918615398132,0.4984318718375127,0.4608921080424623,0.7953314823309489,0.18162396938750955,0.4831180853292126,0.48615798353082135,0.44672147474073776,0.5225324286035586,30.187595585972726,20.33900510066
market_residual,7474,2018,1,NYG,JAX,15.0,20.0,-5.0,35.0,0.0,0.0,0.0,2.5,43.0,0.40241068755049314,-2.747733043451053,40.90176137807218,-2.743299098098702,43.54868987187586,0.4137824138349176,0.4925229761334554,0.5174057089713696,0.030047789886034515,0.0,0.030743924322181038,0.40146803044865,0.4979055612829715,0.4611850988393699,0.3894048034237688,0.5805474066901967,0.4979055612829715,0.5020944387170285,0.44700645906213476,0.5222496166156841,20.402695386888578,23.14599448498728
market_residual,7475,2018,1,DET,NYJ,17.0,48.0,-31.0,65.0,0.0,0.0,1.0,-7.0,44.0,0.697796867287166,5.814880853587101,41.57574471686527,7.274668064950815,44.17402587620865,0.7179881545429794,0.5087019721260284,0.5055221242973567,0.026262706198618813,0.030719145818006444,0.03076869797401921,0.7463813020157318,0.5010828932674236,0.456219913385179,0.7267793091687501,0.2469579846326311,0.48569005480223304,0.48359079937976046,0.44218262066049724,0.5270486813654837,25.724346970579735,18.449678905628918
market_residual,7476,2018,1,LV,LAR,13.0,33.0,-20.0,46.0,0.0,0.0,0.0,6.5,47.5,0.4832863324198118,-0.46472697541571506,44.00776243667345,-6.747249111907389,46.6229604849919,0.2962691207916891,0.49240159958627683,0.47302609649179217,0.026845126863331736,0.0,0.0,0.26991676247956486,0.49788172161682426,0.4426864174329964,0.26267081274826115,0.7104840603884071,0.49788172161682426,0.5021182783831757,0.4426864174329964,0.5573135825670036,19.937855686542257,26.685104798449643
market_residual,7477,2018,2,CIN,BAL,34.0,23.0,11.0,57.0,1.0,1.0,1.0,-1.0,43.0,0.4861068453913,-0.3862575320804808,40.32454520271216,1.1263282063326685,43.98208307895108,0.5356380828673608,0.5040025594600748,0.5311315379403435,0.030610626596009494,0.030724565928085756,0.030683310727679658,0.5416023216608786,0.5001599171261472,0.4669401866994554,0.5250235352289856,0.44436583817500486,0.484792720777819,0.4844827132940953,0.4526129158597153,0.5167037734126052,22.55420564264187,21.427877436309206
market_residual,7478,2018,2,ATL,CAR,31.0,24.0,7.0,55.0,1.0,1.0,1.0,-5.5,44.0,0.6046906444344707,2.9535385077416594,44.164793273761774,6.07326594815879,44.65129540745748,0.6850336292656966,0.5176128114725529,0.5206578343761443,0.027542009134834566,0.0,0.03073266602234287,0.7105076691112714,0.5028339421270561,0.4625464818773534,0.6909388603982387,0.28151913046692667,0.5028339421270561,0.4971660578729439,0.4483311953300071,0.5209361386476501,25.362280677808137,19.289014729649345
market_residual,7479,2018,2,BUF,LAC,20.0,31.0,-11.0,51.0,0.0,0.0,1.0,7.5,41.5,0.5153384979397359,0.4264650135654665,43.010302502582405,-7.440886562425366,41.187476477812446,0.27758978133318524,0.501816763558309,0.49038173859632167,0.026072868022375184,0.0,0.0,0.24968157010947098,0.499730677944901,0.4499097107753394,0.24317165548438732,0.7307554764932375,0.499730677944901,0.500269322055099,0.4499097107753394,0.5500902892246606,16.87329495769354,24.314181520118908
market_residual,7480,2018,2,DAL,NYG,20.0,13.0,7.0,33.0,1.0,1.0,0.0,-3.0,42.0,0.7449095130693688,7.446548124533638,40.993734680139134,3.312546467597905,42.589468037511004,0.6037241657616952,0.5099017889794983,0.5186983451487984,0.02974213417601035,0.030717119322117015,0.03073968002428651,0.619515560210165,0.5013185812139713,0.46172606503020724,0.601089845294268,0.36916802052972164,0.4859195185364274,0.48336336214145564,0.44753275353230576,0.5217275664434077,22.951007252554454,19.63846078495655
market_residual,7481,2018,2,DEN,LV,20.0,19.0,1.0,39.0,1.0,0.0,0.0,-5.5,44.0,0.6209834192564191,3.4307487195659725,45.07315504259756,5.2097959906234115,44.66835390025837,0.6603555831538023,0.49108172362170494,0.5211983793103263,0.02834947109631014,0.0,0.030730608089419964,0.683219279584764,0.49762247239586793,0.4627728838243594,0.6638503743657339,0.30780015453795595,0.49762247239586793,0.502377527604132,0.4485515916971423,0.5207178002134376,24.93907494544089,19.729278954817477
market_residual,7482,2018,2,GB,MIN,29.0,29.0,0.0,58.0,0.5,1.0,1.0,2.0,45.0,0.3864139274234686,-3.2131635530517726,46.526082307320635,-1.9104875139047084,44.147645499483126,0.43970551364160076,0.5028361213854412,0.47297382070121563,0.030395187443506333,0.030725290063797817,0.03070503978457484,0.43114710099736,0.49993085326990844,0.4426646634789178,0.41804230404682086,0.5515625085096728,0.4845703327913486,0.4847043771448536,0.4290726273755722,0.540222332839853,21.11857899278921,23.029066506693916
market_residual,7483,2018,2,JAX,NE,31.0,20.0,11.0,51.0,1.0,1.0,1.0,2.0,44.5,0.4314679410224169,-1.9169028305460234,42.918949313422516,-1.5019854054175865,43.80390698795279,0.4525264110018902,0.5157750422754545,0.47858517676472306,0.03052111736098606,0.030703426241791676,0.0,0.44587307267472764,0.5024726670575482,0.4449996922560931,0.4322645282955188,0.5372143543434951,0.48704503458603043,0.4822515391721779,0.4449996922560931,0.555000307743907,21.150960791267604,22.65294619668519
market_residual,7484,2018,2,LAR,ARI,34.0,0.0,34.0,34.0,1.0,1.0,0.0,-13.5,43.5,0.7241468018552627,6.706377497733538,43.40240576412505,13.537886934484057,44.34699545773164,0.8577122790697903,0.501164400936805,0.5260512174203417,0.017841530127612748,0.0,0.0,0.8882450422971521,0.4996025726211664,0.4648071196285608,0.8723973916143049,0.1097610782580825,0.4996025726211664,0.5003974273788336,0.4648071196285608,0.5351928803714392,28.942441196107847,15.40455426162379
market_residual,7485,2018,2,NO,CLE,21.0,18.0,3.0,39.0,1.0,0.0,0.0,-10.0,51.0,0.850387036537494,12.07435849240982,42.77335445519046,9.664700006174547,51.35948110943531,0.7780359407531345,0.48937752559876807,0.5114056962690338,0.023291114466845675,0.030715776389386995,0.030759643343341858,0.8096883937429367,0.4972877001412064,0.45867647969278613,0.7908298486817935,0.1858790368513608,0.4820131223424765,0.48727110126813644,0.4445677547674564,0.5246726018892016,30.512090557804928,20.84739055163038
market_residual,7486,2018,2,NYJ,MIA,12.0,20.0,-8.0,32.0,0.0,0.0,0.0,-3.0,43.0,0.5986698778950933,2.77897039875661,38.93475514281802,2.4484379844088933,44.38835104710083,0.577077243217464,0.48252985873924004,0.543964130279255,0.030184528602124117,0.030698308647964523,0.030595536483987607,0.5891471139329774,0.4959420054755699,0.47234651718480364,0.5713639860216085,0.3984514853762674,0.48071742471999035,0.4885842666320451,0.4578948220851915,0.5115096414308209,23.41839451575486,20.969956531345968
market_residual,7487,2018,2,PIT,KC,37.0,42.0,-5.0,79.0,0.0,0.0,1.0,-4.5,52.0,0.5753664493044216,2.110883657076847,40.2322845916167,4.845257110114908,51.851576991167306,0.649713088101181,0.5106097493186739,0.49529025416903466,0.02865935464106073,0.0,0.030769453605888952,0.6713533555124821,0.5014576606082487,0.4519540599585052,0.6521128016073837,0.3192278437515555,0.5014576606082487,0.4985423393917513,0.4380476804786188,0.5311828659154922,28.348417050641107,23.5031599405262
market_residual,7488,2018,2,SF,DET,30.0,27.0,3.0,57.0,1.0,0.0,1.0,-6.0,48.5,0.5623046468633489,1.7407957861840897,45.56150832461641,6.340863657193567,47.59195320884971,0.6925192629380145,0.5107986901496977,0.47207398068727496,0.027271974795291587,0.030715433673525083,0.0,0.7187167749294427,0.5014947795439735,0.44229020115406475,0.6991159491586136,0.27361207604609467,0.48609114990527147,0.4831934164212034,0.44229020115406475,0.5577097988459352,26.966408433021638,20.62554477582807
market_residual,7489,2018,2,TB,PHI,27.0,21.0,6.0,48.0,1.0,1.0,1.0,3.0,46.5,0.3581806316097656,-4.052971533638693,39.422464786113565,-2.92755922292909,46.49729354760848,0.40809452177688643,0.5022952267379035,0.4999166978262402,0.029954811423530847,0.030725542021094898,0.0,0.3949773096522447,0.49982463517269726,0.45388206213375865,0.38314583882503817,0.5868993497514311,0.4844672523415201,0.484807205637385,0.45388206213375865,0.5461179378662413,21.784867162339694,24.712426385268785
market_residual,7490,2018,2,TEN,HOU,20.0,17.0,3.0,37.0,1.0,1.0,0.0,3.5,41.0,0.6904591923558732,5.574721672258547,43.67613646919636,-3.4706441705911852,40.9183397809183,0.3914499672402804,0.5009022100923554,0.49740872193913127,0.02964768380191196,0.0,0.030770859638757142,0.3760367092252612,0.49955108611063637,0.452836746537838,0.3648880917722392,0.6054642244258489,0.49955108611063637,0.5004489138893636,0.43890257057085075,0.530326569790392,18.723847805163558,22.194491975754744
market_residual,7491,2018,2,WAS,IND,9.0,21.0,-12.0,30.0,0.0,0.0,0.0,-6.0,48.0,0.7378571644082547,7.190948890499222,43.74825393183853,6.05195843999763,47.75993237813524,0.684434163057543,0.5016462651872265,0.4923824896500845,0.02756312198867794,0.03072577422034639,0.03076619500924016,0.7098488242964253,0.4996971968472522,0.4507428748674476,0.6902831745588233,0.2821537034524988,0.48434361359838357,0.48493061218127004,0.43687523168025016,0.5323585733105097,26.905945409066433,20.853986969068806
market_residual,7492,2018,2,CHI,SEA,24.0,17.0,7.0,41.0,1.0,1.0,0.0,-4.5,42.5,0.449016857049813,-1.4220106621723698,39.579694741389176,4.380815002101164,42.51269779794627,0.6359781020802988,0.49633706521229426,0.5003908267563448,0.02902591031912055,0.0,0.0,0.6559613908148306,0.4986546202390249,0.454079721614272,0.6369215143122338,0.3340525753686457,0.4986546202390249,0.501345379760975,0.454079721614272,0.545920278385728,23.446756400023716,19.06594139792255
market_residual,7493,2018,3,CLE,NYJ,21.0,17.0,4.0,38.0,1.0,1.0,0.0,-3.0,41.0,0.35540457934449105,-4.137027144469093,37.02944219704054,3.0091767562385763,40.95384418863056,0.5944186429843287,0.5002907596353646,0.4985353562402912,0.029911793620445604,0.030726012570902073,0.030771275029187584,0.60893349432673,0.499431015732822,0.45330627646242677,0.5907192013158521,0.3793690050637023,0.4840854920651169,0.48518849536398095,0.4393574643569445,0.529871260613868,21.981510472434568,18.972333716195994
market_residual,7494,2018,3,ARI,CHI,14.0,16.0,-2.0,30.0,0.0,1.0,0.0,5.5,39.0,0.5314150113826501,0.8743271449272834,39.92326254222067,-5.266479521342873,39.21553369808968,0.33800103786980323,0.5071765421994758,0.5068391150570868,0.02829958392998866,0.0,0.030767218017930253,0.3159011899797733,0.5007832703913105,0.45676953592830577,0.3069613177403574,0.6647390983296539,0.5007832703913105,0.49921672960868946,0.44271600803245076,0.526516773949619,16.974527088373403,22.241006609716276
market_residual,7495,2018,3,ATL,NO,37.0,43.0,-6.0,80.0,0.0,0.0,1.0,-1.5,54.0,0.6456924314794347,4.170324259832969,47.81338132227337,2.204368321489071,54.09177917623587,0.5694787271509526,0.5216371684195611,0.5029123717229959,0.030286365984637076,0.0,0.030770698993343115,0.5804535268854581,0.5036253941652633,0.4551311830606224,0.5628736989331318,0.40683993508223115,0.5036253941652633,0.4963746058347367,0.4411264784241798,0.528102822582477,28.14807374886247,25.9437054273734
market_residual,7496,2018,3,BAL,DEN,27.0,14.0,13.0,41.0,1.0,1.0,0.0,-5.5,46.0,0.6694314572411647,4.903113490100459,42.09718944895276,5.599902821805864,46.02588475634102,0.671600693726589,0.5030703449001741,0.5008213918419717,0.02799710711477399,0.0,0.03077140870297196,0.6956949458239177,0.49997684926637603,0.4542592325633568,0.6762174999064785,0.29578539297874745,0.49997684926637603,0.5000231507336239,0.44028103606105135,0.5289475552359767,25.812893789073442,20.21299096726758
market_residual,7497,2018,3,CAR,CIN,31.0,21.0,10.0,52.0,1.0,1.0,1.0,-2.5,44.0,0.6163719095506438,3.294919007293365,42.4879648622862,2.1329058927519715,44.28319569619071,0.5672487658799067,0.488719373419934,0.5089857737220983,0.030314221033421573,0.0,0.030764129696148057,0.5778997504975854,0.497158400960937,0.45766571897900366,0.5603811697258424,0.4093046092407361,0.497158400960937,0.502841599039063,0.44358603144285275,0.5256498388609993,23.20805079447134,21.07514490171937
market_residual,7498,2018,3,DET,NE,26.0,10.0,16.0,36.0,1.0,1.0,0.0,7.0,55.0,0.34735107064500653,-4.382575808985166,45.06336271100997,-7.122894203101348,54.42910219611259,0.2860797634169522,0.496106239256859,0.4818902925926175,0.026433470076927423,0.03072464391766233,0.030741650503663065,0.25884941487439633,0.4986092907752386,0.4463750883419776,0.2520071266118838,0.7215594033111888,0.4832896978621312,0.48598565822020645,0.4326527813826268,0.5366055681137102,23.65310399650562,30.775998199606967
market_residual,7499,2018,3,HOU,NYG,22.0,27.0,-5.0,49.0,0.0,0.0,1.0,-6.5,44.0,0.572947526766502,2.042137722709549,41.5741723810232,6.455559647587766,43.20047131410908,0.6957029449382771,0.4986341898316582,0.4746464056547363,0.027153515002311,0.0,0.03071301124505943,0.722197833104397,0.4991057157219409,0.4433606789316153,0.7025876234085603,0.27025886158912876,0.4991057157219409,0.500894284278059,0.4297437374139714,0.5395432513409691,24.82801548084842,18.37245583326066
market_residual,7500,2018,3,JAX,TEN,6.0,9.0,-3.0,15.0,0.0,0.0,0.0,-10.0,39.0,0.701897086359283,5.950515500738211,42.45615384169606,10.627604877148915,39.510501137070996,0.7999483782440552,0.5198767908477835,0.5161949847362626,0.021979688096727956,0.030690145589747087,0.03074762380756496,0.8319925350714195,0.5032791288005489,0.460678584072922,0.8137055986517436,0.16431471325152838,0.487833419065379,0.48147643534487394,0.44651381227364606,0.5227385639187889,25.069053007109957,14.44144812996104
market_residual,7501,2018,3,KC,SF,38.0,27.0,11.0,65.0,1.0,1.0,1.0,-5.5,53.0,0.760993245714136,8.047530047258206,43.123188119341584,5.468384275727265,52.84356078796277,0.6678267262378643,0.4990283353527113,0.4950358978784142,0.028118245256806895,0.0,0.030769229920889207,0.691515392460442,0.49918311414311495,0.45184809526858055,0.6720711930563822,0.29981056168681086,0.49918311414311495,0.5008168858568851,0.43794507733594573,0.531285692743165,29.15597253184502,23.687588256117753
market_residual,7502,2018,3,LAR,LAC,35.0,23.0,12.0,58.0,1.0,1.0,1.0,-7.5,49.0,0.6241912151898042,3.5256115889814645,44.466833963248604,7.352720647019161,49.595883627245136,0.720068985515351,0.49547366966970263,0.5189016963040087,0.026173925016861,0.0,0.030738984640505673,0.7486221769731644,0.49848506552741406,0.4618111847559814,0.7290277962471096,0.2447982787360295,0.49848506552741406,0.501514934472586,0.4476155778409535,0.5216454375185408,28.47430213713215,21.121581490112987
market_residual,7503,2018,3,MIA,LV,28.0,20.0,8.0,48.0,1.0,1.0,1.0,-3.0,46.0,0.6699747558230723,4.920180448752135,41.40947721526354,2.748405812099713,46.20259634770157,0.586375481306218,0.4920289445888768,0.506428636805551,0.030045290659245494,0.030720252192656394,0.03076771312003057,0.5997663417492801,0.49780852709554896,0.4565982149238097,0.5817461876837907,0.3882085216569639,0.4825157235995189,0.48676402420782466,0.44254973203591585,0.5266825548440536,24.475501079900642,21.72709526780093
market_residual,7504,2018,3,MIN,BUF,6.0,27.0,-21.0,33.0,0.0,0.0,0.0,-16.5,41.0,0.7783656595973006,8.72874584993614,43.92362445782983,16.629040303188916,41.477061021798946,0.9052305466387444,0.5039658101285946,0.5151346827334651,0.013530591070228803,0.0,0.030750644534209504,0.9310902997201191,0.5001527002149678,0.4602351316421172,0.9184920976251494,0.06797731130462176,0.5001527002149678,0.4998472997850322,0.44608260470683536,0.5231667507589552,29.05305066249393,12.424010359305015
market_residual,7505,2018,3,PHI,IND,20.0,16.0,4.0,36.0,1.0,0.0,0.0,-6.5,45.5,0.8211766726323141,10.592198915549007,44.31588182804599,7.240064136118022,45.498701840907096,0.7170631998705971,0.5227325329174946,0.49996004382886294,0.02630185873556462,0.0,0.0,0.7453842270431128,0.5038409028752877,0.4539001320313805,0.7257792363997069,0.24791890486472856,0.5038409028752877,0.4961590971247123,0.4539001320313805,0.5460998679686195,26.36938298851256,19.129318852394537
market_residual,7506,2018,3,SEA,DAL,24.0,13.0,11.0,37.0,1.0,1.0,0.0,-1.0,40.0,0.5308019467399647,0.857220887437943,41.20777171610584,1.270686573902105,40.30117079644501,0.540190692648787,0.5085758515587974,0.509556013117309,0.030579226966764683,0.03071934365055906,0.030763168436294897,0.5468392020545381,0.5010581197327306,0.45790384966157377,0.5301172819805878,0.4393034910526475,0.4856659431637579,0.48361471318568305,0.4438172764068069,0.5254195551568982,20.785928685173555,19.51524211127145
market_residual,7507,2018,3,WAS,GB,31.0,17.0,14.0,48.0,1.0,1.0,1.0,2.5,45.5,0.5643104299073797,1.7974546187686156,44.249141751973816,-2.5211743259949433,45.986421109790555,0.42066384237899296,0.4993492366317666,0.5149680914636865,0.030152185025444256,0.0,0.0,0.40933183949196184,0.4992461294299225,0.4601654687957375,0.39698959013079477,0.572858224843761,0.4992461294299225,0.5007538705700775,0.4601654687957375,0.5398345312042625,21.732623391897807,24.25379771789275
market_residual,7508,2018,3,TB,PIT,27.0,30.0,-3.0,57.0,0.0,0.0,1.0,1.0,55.0,0.5166905533602965,0.46408380153342477,37.68772374703809,-1.1559827829010798,53.56065997129015,0.46342629267226,0.4950579151891291,0.4544283461044847,0.03060448250492942,0.03072380303735045,0.030582416914914923,0.45841073492441364,0.4984034174284344,0.4349425615865759,0.44438131160734756,0.525014205887723,0.48309056899822084,0.4861856279644287,0.4216409668340942,0.5477766162509909,26.202338594194536,27.358321377095614
market_residual,7509,2018,4,LAR,MIN,38.0,31.0,7.0,69.0,1.0,0.0,1.0,-7.5,48.5,0.6303090926018153,3.7074368475406665,45.248218124320005,7.961472610724499,49.88705407882054,0.7360312778072109,0.5141797362290802,0.542610934024569,0.025460126710164954,0.0,0.0,0.7657074427688316,0.5021591224792797,0.47177505700331035,0.7462124342530208,0.22832743903681427,0.5021591224792797,0.49784087752072026,0.47177505700331035,0.5282249429966897,28.92426334477252,20.96279073404802
market_residual,7510,2018,4,ARI,SEA,17.0,20.0,-3.0,37.0,0.0,1.0,0.0,3.5,40.0,0.41870309619292395,-2.2798693978645135,40.88982873723333,-3.5538976188577447,40.00729786993539,0.38891552363903664,0.49834353590437724,0.5002315808872692,0.029596303473764962,0.0,0.030771465159154132,0.37316024756516425,0.49904863978126274,0.45401333201473687,0.36211608363388037,0.6082876128923546,0.49904863978126274,0.5009513602187372,0.44004267658685386,0.529185858253992,18.226700125538823,21.78059774439657
market_residual,7511,2018,4,ATL,CIN,36.0,37.0,-1.0,73.0,0.0,0.0,1.0,-3.5,52.5,0.6717222259875987,4.975171817677165,45.01651301963218,3.78609382631514,53.529604479682696,0.6181271594267329,0.5087919867002026,0.5316570049948397,0.029447074408677165,0.0,0.0,0.6358382795004635,0.5011005747255273,0.4671610312548414,0.617114702372128,0.35343822321919477,0.5011005747255273,0.49889942527447273,0.4671610312548414,0.5328389687451587,28.657849152998917,24.87175532668378
market_residual,7512,2018,4,CHI,TB,48.0,10.0,38.0,58.0,1.0,1.0,1.0,-3.0,46.0,0.518463109989905,0.5134127532249476,37.89394396547286,2.3368542695831214,46.30094989177007,0.5736068310016881,0.4789986412231697,0.5095490052899168,0.030232369584300978,0.03068597015157004,0.030763180608406826,0.5851782005612225,0.49524760478218366,0.4579009230299765,0.5674868769291794,0.4022807534865196,0.480050451564201,0.48926357828422895,0.44381443423404915,0.5254223851575441,24.318902080676594,21.982047811093473
market_residual,7513,2018,4,DAL,DET,26.0,24.0,2.0,50.0,1.0,0.0,1.0,-2.5,43.5,0.6032559138808685,2.911858019858619,44.16520603902039,2.9440891012286037,44.73897580977408,0.5924147834986462,0.5136458030371308,0.5380765679750207,0.029946189657351296,0.0,0.0,0.606651323177682,0.5020541948114214,0.46986260855585243,0.58848442759792,0.3815693827447287,0.5020541948114214,0.49794580518857856,0.46986260855585243,0.5301373914441476,23.841532455501344,20.89744335427274
market_residual,7514,2018,4,GB,BUF,22.0,0.0,22.0,22.0,1.0,1.0,0.0,-8.5,43.5,0.5091327176676028,0.25387072396825716,45.10812651325959,8.452971102731198,43.670232370984124,0.7485636133707566,0.4985546349755157,0.5052394488894869,0.024858141526820643,0.0,0.0,0.7789847580166854,0.49909009348943223,0.4561019621376597,0.7596206446546705,0.21552121381850883,0.49909009348943223,0.5009099065105678,0.4561019621376597,0.5438980378623404,26.06160173685766,17.608630634126463
market_residual,7515,2018,4,IND,HOU,34.0,37.0,-3.0,71.0,0.0,0.0,1.0,-1.0,48.0,0.6539044740199144,4.421093178684851,45.01156309633497,1.20106868195086,47.698340432679885,0.5379958013284771,0.5063704542126386,0.4904284814636934,0.03059483780178951,0.0307223361437175,0.030763141472709643,0.5443147251015631,0.5006249503950914,0.44992917387806974,0.5276615043739551,0.44174365782425534,0.4852445823871215,0.4840330814691611,0.43608793904935933,0.5331489194779311,24.44970455731537,23.248635875364513
market_residual,7516,2018,4,JAX,NYJ,31.0,12.0,19.0,43.0,1.0,1.0,1.0,-7.5,40.5,0.7351707204795305,7.094755250190047,39.83922140311758,7.365076691040721,40.84778070460842,0.7203976888671687,0.4958533931636521,0.5107030935012464,0.02615981146008084,0.0,0.0,0.7489758816073399,0.4985596366613807,0.45838295808684226,0.7293828137563441,0.24445737478357515,0.4985596366613807,0.5014403633386193,0.45838295808684226,0.5416170419131577,24.10642869782457,16.74135200678385
market_residual,7517,2018,4,LAC,SF,29.0,27.0,2.0,56.0,1.0,0.0,1.0,-10.5,46.0,0.6663043261540115,4.805152907358843,44.08177446440391,10.569329138671698,45.20137014718543,0.7986611577745246,0.5021307251677892,0.4746748688109507,0.02206036340805828,0.0,0.030713142485766398,0.8306956409949868,0.49979233142733864,0.4433725231894035,0.8123701932731475,0.16556944331879422,0.49979233142733864,0.5002076685726613,0.4297551597104136,0.53953169780382,27.885349642928563,17.316020504256866
market_residual,7518,2018,4,NE,MIA,38.0,7.0,31.0,45.0,1.0,1.0,0.0,-6.5,50.5,0.6776987665643163,5.164395642623403,42.479451619154204,6.495878154752721,51.1422229029428,0.6968185019562333,0.4998733207828391,0.5197589590131609,0.02711149319866263,0.0,0.0,0.7234161005165711,0.49934904352344284,0.46217007556850276,0.703803209827613,0.2690852969737243,0.49934904352344284,0.5006509564765571,0.46217007556850276,0.5378299244314972,28.81905052884776,22.323172374095037
market_residual,7519,2018,4,NYG,NO,18.0,33.0,-15.0,51.0,0.0,0.0,0.0,3.5,51.5,0.3403616063210041,-4.597845773092086,44.16050885237044,-3.6407559032324497,50.57914568206213,0.3862765107833168,0.4956741465441974,0.47168075638708484,0.029541498666068033,0.0,0.0,0.37016739524805276,0.49852443583618256,0.4421265605352269,0.35923209563511055,0.6112264056988215,0.49852443583618256,0.5014755641638174,0.4421265605352269,0.5578734394647731,23.46919488941484,27.109950792647293
market_residual,7520,2018,4,LV,CLE,45.0,42.0,3.0,87.0,1.0,1.0,1.0,-2.5,44.5,0.7031111351756714,5.99088106803647,39.49326449784649,2.234063538588301,45.159953338678505,0.5704046910702008,0.49182738196366144,0.5203039977757522,0.030274529007431328,0.0,0.0,0.5815136355445386,0.4977689367675039,0.46239830024680695,0.5639085841170286,0.4058168868755401,0.4977689367675039,0.5022310632324961,0.46239830024680695,0.537601699753193,23.697008438633404,21.462944900045102
market_residual,7521,2018,4,PIT,BAL,14.0,26.0,-12.0,40.0,0.0,0.0,0.0,-3.0,51.0,0.6248780845969543,3.5459657008348042,38.35630310549554,2.9402492433412655,51.03680766484461,0.592296487180424,0.49810684273847855,0.5011680037765561,0.029948196583435505,0.030725694893486866,0.03077134602042947,0.6065165605463334,0.49900216001541203,0.4544037508113042,0.5883524833599827,0.38169932005658186,0.4836699718955876,0.4856043332109256,0.4404211357621085,0.528807518217462,26.988528454092936,24.048279210751673
market_residual,7522,2018,4,TEN,PHI,26.0,23.0,3.0,49.0,1.0,1.0,1.0,3.0,41.5,0.3893154632173031,-3.1282443122001222,42.59620457526032,-2.982965030139076,40.20820966730705,0.40638803708552423,0.5005397419734029,0.46030557778466247,0.0299257310852995,0.030725993799877005,0.0,0.39303167059081795,0.4994799082860247,0.4373912020438956,0.3812699105087111,0.5888043584059894,0.48413289172086515,0.48514111447925795,0.4373912020438956,0.5626087979561044,18.612622318583988,21.595587348723065
market_residual,7523,2018,4,DEN,KC,23.0,27.0,-4.0,50.0,0.0,0.0,0.0,3.5,53.5,0.33355302172784423,-4.809611580798819,44.190779905757466,-3.464634913888596,52.500846571026,0.39163308896147986,0.5010868957196848,0.46927738492467785,0.02965134872426245,0.0,0.0,0.37624462492458305,0.4995873528810284,0.44112634454852134,0.3650884643453149,0.6052601869304227,0.4995873528810284,0.5004126471189716,0.44112634454852134,0.5588736554514786,24.518105828568704,27.9827407424573
market_residual,7524,2018,5,NE,IND,38.0,24.0,14.0,62.0,1.0,1.0,1.0,-10.5,49.5,0.8181005130441413,10.447603053901794,45.65037145994813,10.867003892770203,49.35156963029534,0.805183138919514,0.5112778550709489,0.4954315463547019,0.021646778739718653,0.0,0.0,0.8372487528439065,0.501588917988356,0.45201292364520657,0.819125014340989,0.15922820691929224,0.501588917988356,0.49841108201164397,0.45201292364520657,0.5479870763547934,30.109286761532772,19.242282868762565
market_residual,7525,2018,5,BUF,TEN,13.0,12.0,1.0,25.0,1.0,1.0,0.0,6.0,38.5,0.5042312678263351,0.1176102487667049,42.684828343515036,-5.597376055585828,38.98719619711103,0.32847164518932287,0.5127546460716311,0.5149919311351973,0.027999456592907923,0.03071125082072157,0.0,0.30531524136394667,0.5018790792330305,0.46017543756074597,0.2967665805162236,0.6752339628908685,0.48646574494903216,0.48282300423024627,0.46017543756074597,0.539824562439254,16.694910070762603,22.29228612634843
market_residual,7526,2018,5,CAR,NYG,33.0,31.0,2.0,64.0,1.0,0.0,1.0,-7.0,43.5,0.792548607025578,9.313752826636165,40.82929438949884,6.889019707413111,44.32288258578208,0.7075964256235724,0.4964837071395796,0.5253105832258426,0.026691642138054084,0.030724897832638265,0.0,0.7351454170604751,0.498683417544493,0.46449645579042087,0.7155231786688664,0.25778517919307953,0.4833614204896076,0.48591368167775423,0.46449645579042087,0.5355035442095791,25.605951146597597,18.716931439184485
market_residual,7527,2018,5,CIN,MIA,27.0,17.0,10.0,44.0,1.0,1.0,0.0,-6.5,47.5,0.6153289632393875,3.2642859140496694,41.245999647849295,5.67615055083754,48.46192227587064,0.6737804774456886,0.47469711367789547,0.5295799484047637,0.027925804402769372,0.0,0.0,0.6981054866535957,0.4944011859409287,0.4662883242426467,0.6786103293808073,0.29346386621642334,0.4944011859409287,0.5055988140590713,0.4662883242426467,0.5337116757573532,27.06903641335409,21.39288586251655
market_residual,7528,2018,5,CLE,BAL,12.0,9.0,3.0,21.0,1.0,1.0,0.0,3.0,44.5,0.22026262056450768,-8.784120835613049,37.39705824999149,-2.9383706971908556,44.84112078768822,0.4077613892323166,0.5019526770853318,0.5104981796118576,0.0299491775122831,0.03072567411407523,0.0,0.3945974269717595,0.49975736761007,0.4582973614071627,0.38277955858549206,0.5872712639022248,0.4844019855967749,0.48487234028914994,0.4582973614071627,0.5417026385928373,20.95137504524868,23.889745742439537
market_residual,7529,2018,5,DET,GB,31.0,23.0,8.0,54.0,1.0,1.0,1.0,1.0,50.0,0.5865215586046721,2.4292977511784737,46.426008273537036,-0.9637832902896413,50.65102966718898,0.46949379451352247,0.5011475016939028,0.5206494133580434,0.030641486626763803,0.03072590071287301,0.03073269766140202,0.4653955884884652,0.49959925410699885,0.46254295510004156,0.451135175787641,0.5182233375855951,0.4842486170290818,0.48502548225804515,0.44832776230554056,0.5209395400330575,24.84362318844967,25.80740647873931
market_residual,7530,2018,5,HOU,DAL,19.0,16.0,3.0,35.0,1.0,0.0,0.0,-3.5,45.5,0.37742027007700957,-3.4779160905340634,42.721601076272066,3.593752490496205,45.10422663388201,0.6122960483311644,0.502881328224653,0.4878203438459259,0.029571308010923003,0.0,0.0,0.6292386368251282,0.49993973081150817,0.4488433000362339,0.610631227283199,0.35979746470587803,0.49993973081150817,0.5000602691884919,0.4488433000362339,0.551156699963766,24.348989562189107,20.7552370716929
market_residual,7531,2018,5,KC,JAX,30.0,14.0,16.0,44.0,1.0,1.0,0.0,-3.0,48.0,0.6678656261876437,4.854004272644215,42.0666801456109,2.8354640268812568,48.41521507877034,0.5890650153980082,0.4947869354090722,0.5131734189189163,0.0300020023251536,0.030723553223075517,0.03075569285187607,0.6028337430916909,0.4983502002931989,0.45941518153217864,0.5847475237297729,0.38525047394507345,0.48303911139076045,0.48623733538616404,0.44528554931748604,0.5239587578306378,25.625339552825796,22.78987552594454
market_residual,7532,2018,5,LAC,LV,26.0,10.0,16.0,36.0,1.0,1.0,0.0,-5.0,52.0,0.7207903505356811,6.590056649086109,43.73877299517136,4.840760874673381,51.52095339525312,0.6495810449198283,0.4949547483756551,0.4848023562708666,0.028663056767436634,0.030723709500393326,0.030750470876470426,0.6712057909438033,0.49838315678477385,0.44758704972352337,0.6519669812553488,0.3193699619772145,0.48307097745582944,0.4862053130437772,0.43382353718631483,0.5354259919372147,28.18085713496325,23.340096260289872
market_residual,7533,2018,5,NYJ,DEN,34.0,16.0,18.0,50.0,1.0,1.0,1.0,-1.0,43.0,0.5466568898272652,1.3006049015809094,41.91135068157786,0.7018796654021512,43.09422341711995,0.5222267646067837,0.4905551555472499,0.5029899318293466,0.030681158428521316,0.030717921928976155,0.030770657378678345,0.526162596633397,0.49751903795638375,0.45516353202077525,0.5100193186469256,0.459299522924553,0.4822362869902602,0.4870457910807636,0.44115785092569487,0.5280714916956268,21.89805154126105,21.196171875858898
market_residual,7534,2018,5,PHI,MIN,21.0,23.0,-2.0,44.0,0.0,0.0,0.0,-3.5,48.0,0.6823592764102312,5.3132307729994865,43.90135777012594,3.885428159999266,47.86045100698908,0.6211279698604653,0.511843861649274,0.4955718313787344,0.02938059382276126,0.0,0.030769687510200927,0.6392297494341689,0.5017001227671006,0.45207136876613674,0.6204487998066182,0.35017060637062064,0.5017001227671006,0.49829987723289937,0.4381612740168939,0.5310690384729052,25.872939583494173,21.987511423494908
market_residual,7535,2018,5,PIT,ATL,41.0,17.0,24.0,58.0,1.0,1.0,1.0,-3.5,57.0,0.5620660805956837,1.7340606942505656,43.176532091561256,3.5163731995096215,57.46179859420046,0.609942733127183,0.5005032075336948,0.5146507124529744,0.029619601592300815,0.0,0.030751955327119274,0.6265717519366577,0.49947273403066716,0.46003275975045765,0.608012946275304,0.36236745213239524,0.49947273403066716,0.5005272659693328,0.44588585287360016,0.5233621917992806,30.48908589685504,26.97271269734542
market_residual,7536,2018,5,SF,ARI,18.0,28.0,-10.0,46.0,0.0,0.0,1.0,-3.0,40.5,0.6446451867954387,4.138536674156422,43.65584903927931,3.1906251630009352,40.66068430677866,0.5999913342255537,0.5060395991761026,0.5049455919973019,0.02981215869924081,0.030722708889675765,0.0,0.6152738749703741,0.5005599705862473,0.45597935192099165,0.5969312325662605,0.37325660873449873,0.4851814123281014,0.4840958787822228,0.45597935192099165,0.5440206480790084,21.9256547348898,18.735029571888862
market_residual,7537,2018,5,SEA,LAR,31.0,33.0,-2.0,64.0,0.0,1.0,1.0,7.5,50.5,0.4771596794474808,-0.635285345487755,43.309766054666326,-7.645033512156696,50.68490477429348,0.27220659580973366,0.49554268810954605,0.5056910098871719,0.025835793988207345,0.0,0.0,0.24389495778092032,0.49849861962542946,0.456290386887479,0.23759373789692995,0.7365704681148627,0.49849861962542946,0.5015013803745705,0.456290386887479,0.543709613112521,21.519935631068392,29.164969143225086
market_residual,7538,2018,5,NO,WAS,43.0,19.0,24.0,62.0,1.0,1.0,1.0,-5.5,51.5,0.7184583030626579,6.509741508519328,45.24084487311438,5.621293439995552,51.39616389247508,0.6722128220371067,0.5037277320626944,0.4968040520346656,0.027977182793197053,0.0,0.0,0.6963721368489325,0.5001059461415327,0.4525847779622877,0.6768896062842207,0.29513321092258227,0.5001059461415327,0.4998940538584673,0.4525847779622877,0.5474152220377123,28.508728666235317,22.887435226239763
market_residual,7539,2018,6,NYG,PHI,13.0,34.0,-21.0,47.0,0.0,0.0,1.0,1.5,45.0,0.28104724094162226,-6.526736456777862,41.00925277346359,-1.4351880509825374,44.93126752054938,0.45462808250833786,0.5019918974382163,0.49781894606953225,0.030538882888872076,0.0,0.0307710376045619,0.4482893766847531,0.49976506941542653,0.45300770064115536,0.43459911990985195,0.5348619972012759,0.49976506941542653,0.5002349305845735,0.43906818364957023,0.5301607787458679,21.748039734783422,23.18322778576596
market_residual,7540,2018,6,ATL,TB,34.0,29.0,5.0,63.0,1.0,1.0,1.0,-3.0,57.0,0.6569604735523296,4.515121225427283,41.939569525509555,2.6658565255929654,57.27261139455785,0.5838213870266716,0.48941415585802645,0.5086499900014928,0.030085145344058373,0.03071584692221535,0.030764668066398493,0.5968516046044939,0.4972948962383306,0.4575255101045771,0.5788952373311332,0.39101961732480833,0.4820200623302751,0.48726409074750965,0.44344988965430016,0.5257854422793015,29.969233960075407,27.303377434482442
market_residual,7541,2018,6,CIN,PIT,21.0,28.0,-7.0,49.0,0.0,0.0,0.0,-1.5,49.5,0.5102870851850584,0.2859683115168173,40.66122336440276,1.1077022418181994,50.00228315585731,0.5350503154885133,0.4879451054583265,0.5154559559978421,0.030614404660301964,0.0,0.0,0.5409260329021276,0.49700628053758666,0.46036948564822544,0.5243659044395701,0.445019690900128,0.49700628053758666,0.5029937194624133,0.46036948564822544,0.5396305143517746,25.554992698837758,24.447290457019555
market_residual,7542,2018,6,CLE,LAC,14.0,38.0,-24.0,52.0,0.0,0.0,1.0,-1.0,47.0,0.2898865407043177,-6.22559507984909,39.88047454756207,0.9163781396097626,46.48291708024862,0.5290085053954684,0.4973505147882795,0.4835963371131232,0.030649587845770154,0.03072538300403449,0.03074700520115603,0.5339721533067369,0.4988536377454651,0.44708510134839446,0.517606126886767,0.45174428526746285,0.4835261686627798,0.4857484483331857,0.433338573411876,0.5359144213869679,23.69964760992919,22.78326947031943
market_residual,7543,2018,6,DAL,JAX,40.0,7.0,33.0,47.0,1.0,1.0,1.0,3.0,39.0,0.5097815839771729,0.27191232059493814,41.91068531864394,-3.190277943830308,40.14848088169298,0.4000193100957536,0.4939714009467768,0.5363922785356466,0.02981235460317766,0.03072272094115247,0.030650969110873116,0.3857777418798987,0.4981900357119666,0.46915314557755255,0.37427679904096206,0.5959108463558603,0.48288428226912505,0.4863929967897224,0.45477314700418603,0.5145758838849408,18.479101468931336,21.669379412761646
market_residual,7544,2018,6,DEN,LAR,20.0,23.0,-3.0,43.0,0.0,1.0,0.0,7.0,50.0,0.29748277895330044,-5.971122318326707,46.521712307101126,-6.5509670369296344,49.16186913726772,0.30166030507502084,0.5142242203627648,0.47342412633216263,0.027053760406631655,0.030707650828408317,0.03070723609450099,0.2757997207848515,0.5021678647029336,0.4428520520273527,0.2683383012185222,0.7046079383748461,0.48674746925638857,0.4825448799152031,0.4292532895108146,0.5400394743946845,21.305451050169044,27.856418087098678
market_residual,7545,2018,6,HOU,BUF,20.0,13.0,7.0,33.0,1.0,0.0,0.0,-10.5,40.5,0.46737795087819217,-0.9080147348691844,42.80807250135144,10.354642515428793,40.822807563150285,0.7938754997112031,0.49553273188782043,0.5099346998907498,0.022356246793034107,0.0,0.0,0.8258590602030986,0.49849666438749723,0.4580620047373228,0.807395951236935,0.17024780197003095,0.49849666438749723,0.5015033356125027,0.4580620047373228,0.5419379952626773,25.58872503928954,15.234082523860746
market_residual,7546,2018,6,MIA,CHI,31.0,28.0,3.0,59.0,1.0,1.0,1.0,7.5,40.5,0.5265987929115974,0.7400079727723914,39.339257384969656,-7.76325360425513,39.880113764381825,0.26911370999528594,0.4919098187438135,0.48092772911244863,0.025696588199305648,0.0,0.0,0.24057982046936424,0.4977851288123123,0.4459745133982702,0.2343977398937001,0.7399056719069943,0.4977851288123123,0.5022148711876877,0.4459745133982702,0.5540254866017298,16.058430080063346,23.82168368431848
market_residual,7547,2018,6,MIN,ARI,27.0,17.0,10.0,44.0,1.0,,1.0,-10.0,43.5,0.7345690239068688,7.073296103370913,43.9152031227344,10.293122976231153,43.558853844574585,0.7924915495749715,0.5092865512417719,0.5018114622637615,0.02244063191012624,0.030718191121463567,0.0,0.8244560398073333,0.5011977234413688,0.45467205955850054,0.8059547252919366,0.17160464279793722,0.48580183598305443,0.483479972895482,0.45467205955850054,0.5453279404414995,26.92598841040287,16.632865434171716
market_residual,7548,2018,6,NE,KC,43.0,40.0,3.0,83.0,1.0,0.0,1.0,-3.5,59.5,0.5189075065649191,0.5257819631640177,43.44439241112758,4.166209745576782,59.39966926632572,0.6295691151346532,0.5204660508836458,0.4969119409475964,0.029184248445524308,0.0,0.0,0.6487512752405841,0.5033950250771265,0.45262973422789343,0.6298179568446122,0.3409977947098636,0.5033950250771265,0.4966049749228735,0.45262973422789343,0.5473702657721066,31.78293950595125,27.616729760374472
market_residual,7549,2018,6,NYJ,IND,42.0,34.0,8.0,76.0,1.0,1.0,1.0,-2.5,47.5,0.6545775504909012,4.4417687520810345,41.86433048783216,2.187556568218562,47.46383285756871,0.5689543241301442,0.49039840991085715,0.4988868092766466,0.03029299921528733,0.0,0.0,0.5798530706258077,0.4974882474666711,0.4534527616491631,0.5622875820123582,0.4074194187723545,0.4974882474666711,0.5025117525333289,0.4534527616491631,0.546547238350837,24.825694712893636,22.638138144675075
market_residual,7550,2018,6,LV,SEA,3.0,27.0,-24.0,30.0,0.0,0.0,0.0,3.0,48.0,0.3323357645240206,-4.847696519909678,41.611799742867206,-3.71652683242218,47.349663905085364,0.3839787677446291,0.4773099060958793,0.47937256523247773,0.02949269459346815,0.030679267935039056,0.030732780177502583,0.3675635175060231,0.49491538604001356,0.4453273479563275,0.3567230789405171,0.6137842264660147,0.4797317443065187,0.4895889877584423,0.4316412004645555,0.5376260193579419,21.81656853633159,25.533095368753774
market_residual,7551,2018,6,TEN,BAL,0.0,21.0,-21.0,21.0,0.0,0.0,0.0,2.5,43.5,0.5115734592305597,0.3217399955557812,40.407725330496525,-2.434146007317638,43.150923043247595,0.42336692034494944,0.5020239228050125,0.4892570234348253,0.030190776498843497,0.0,0.0,0.4124239208186394,0.49977135832581343,0.4494414189425977,0.3999725224024271,0.5698367010987294,0.49977135832581343,0.5002286416741866,0.4494414189425977,0.5505585810574023,20.35838851796498,22.792534525282615
market_residual,7552,2018,6,WAS,CAR,23.0,17.0,6.0,40.0,1.0,1.0,0.0,1.0,44.5,0.4345148273798034,-1.8306659365724318,41.67373040790995,-1.0952626953711186,45.13743934584698,0.4653422750493877,0.49698169195322384,0.5196119047031971,0.030616893048108218,0.030725193239342807,0.0,0.4606160103670465,0.49878121020691857,0.46210850546380605,0.44651337924139234,0.5228697277104994,0.4834560611391577,0.48581874562149946,0.46210850546380605,0.5378914945361939,22.02108832523793,23.11635102060905
market_residual,7553,2018,6,GB,SF,33.0,30.0,3.0,63.0,1.0,0.0,1.0,-9.0,46.5,0.6400973906151002,4.000976981918647,45.91420154604903,9.030212867347824,47.14844104254059,0.7628613818182812,0.5009572744651111,0.5199501106952436,0.024125104535527353,0.030725937058997788,0.0,0.7939750379897911,0.49956189911155785,0.46225011265153393,0.7748203071996881,0.2010545882647846,0.48421239164238267,0.4850616712986195,0.46225011265153393,0.5377498873484661,28.089326954944205,19.059114087596384
market_residual,7554,2018,7,ARI,DEN,10.0,45.0,-35.0,55.0,0.0,0.0,1.0,1.0,42.5,0.6018015629290202,2.869660163454619,43.72347231061073,-0.5631994963878902,43.17740224575559,0.4821615041387136,0.5138368893603432,0.5208403452090099,0.03069712748586806,0.030708637748310563,0.0,0.4799880432543105,0.5020917460851771,0.46262292073640326,0.4652537890988406,0.5040490834152914,0.4866731925382307,0.4826181697134587,0.46262292073640326,0.5373770792635968,21.30710137468385,21.870300871071738
market_residual,7555,2018,7,BAL,NO,23.0,24.0,-1.0,47.0,0.0,0.0,0.0,-2.5,49.0,0.5516913178549276,1.4419039950627301,43.351987057892636,2.583318777223475,49.52536850520182,0.5812640052548175,0.5025606699288279,0.5166663542306613,0.030123829875452868,0.0,0.030746215209327854,0.5939314072118118,0.4998767613868954,0.4608757653475884,0.5760399185432749,0.3938362515812722,0.4998767613868954,0.5001232386131046,0.44670557988144777,0.5225482049092245,26.054343641212647,23.47102486398917
market_residual,7556,2018,7,CHI,NE,31.0,38.0,-7.0,69.0,0.0,0.0,1.0,1.0,48.5,0.3900305491272281,-3.1073513649404867,41.49441752518576,-0.8228125062634436,48.32985598370366,0.47394878969523174,0.5056138819527106,0.4947632703540492,0.030664384225414842,0.030723159266227984,0.0,0.47052621062447547,0.5004763613712933,0.45173452245044315,0.4560978141137581,0.5132378016608271,0.4851001464119007,0.48417669432187127,0.45173452245044315,0.5482654775495568,23.753521738720107,24.576334244983553
market_residual,7557,2018,7,IND,BUF,37.0,5.0,32.0,42.0,1.0,1.0,0.0,-7.0,43.5,0.4652332743368489,-0.9678977278099774,44.11023043936984,7.367548791889538,43.68976441915839,0.7204634302126537,0.5116438472840336,0.5058405697695825,0.026156985799726307,0.030713711557032675,0.0,0.7490466140397803,0.5016608247782043,0.456352797966147,0.7294538123930087,0.24438920180726495,0.48625295890650344,0.48303332953646394,0.456352797966147,0.543647202033853,25.528656605523963,18.161107813634423
market_residual,7558,2018,7,JAX,HOU,7.0,20.0,-13.0,27.0,0.0,0.0,0.0,-3.5,42.5,0.7062080076292644,6.094282931957605,42.67270982735411,3.5688680489094318,42.739737786232624,0.6115397023233402,0.5021165544117245,0.5073784930780658,0.029586944802363457,0.0,0.0,0.6283817202337713,0.49978954867110775,0.456994677166086,0.6097898249624004,0.36062323023523607,0.49978954867110775,0.5002104513288923,0.456994677166086,0.543005322833914,23.154302917571027,19.585434868661597
market_residual,7559,2018,7,KC,CIN,45.0,10.0,35.0,55.0,1.0,1.0,0.0,-6.5,56.0,0.744305525439529,7.42447839704706,43.00949071598836,6.378186313255652,55.44008182327308,0.6935568991617171,0.49625627957322366,0.48223834310874697,0.02723360401989855,0.0,0.03074278593548052,0.7198520204769844,0.4986387556366053,0.44651993431054715,0.7002478555983902,0.27251854038171114,0.4986387556366053,0.5013612443633947,0.43279266755411316,0.5364645465104063,30.90913406826437,24.530947755008714
market_residual,7560,2018,7,LAC,TEN,20.0,19.0,1.0,39.0,1.0,0.0,0.0,-6.5,46.0,0.613405573957453,3.207874080329302,43.542187038621954,6.864818312835785,47.02713764991128,0.7069382493779864,0.511210710973409,0.5325565503680542,0.026718006451046383,0.0,0.030675049271903843,0.7344313131190219,0.5015757263854699,0.4675391929522378,0.7148087725572574,0.25847322099169623,0.5015757263854699,0.4984242736145301,0.45319740517188173,0.5161275455562144,26.945977981373535,20.081159668537747
market_residual,7561,2018,7,MIA,DET,21.0,32.0,-11.0,53.0,0.0,0.0,1.0,3.0,47.0,0.5466300751400631,1.2998530484869844,42.86888807460367,-3.0432967347338025,46.888065092861005,0.40453191404916916,0.4986281733876253,0.49644805478328574,0.029893478340048074,0.030725849409952766,0.030770323155381307,0.3909163504614813,0.4991045342698153,0.45243644194287275,0.3792305010061904,0.5908760206537615,0.4837691235100164,0.48550502708003096,0.43851482641701967,0.530714850427599,21.922384179063602,24.965680913797403
market_residual,7562,2018,7,NYJ,MIN,17.0,37.0,-20.0,54.0,0.0,0.0,1.0,3.5,45.0,0.42173659689069926,-2.193350695279869,41.576898159736956,-3.3466114662920474,44.65972666849541,0.3952346038287007,0.5047140749669123,0.48920357493313327,0.029722130205882435,0.0,0.03076087321302451,0.3803359738196021,0.5002996477925536,0.44941916600055404,0.3690315784837548,0.6012462913103627,0.5002996477925536,0.49970035220744635,0.4355946400157078,0.5336444867712677,20.65655760110168,24.003169067393728
market_residual,7563,2018,7,PHI,CAR,17.0,21.0,-4.0,38.0,0.0,0.0,0.0,-5.0,45.0,0.673435611202198,5.029236065249288,42.21182341154198,5.368504376842243,44.481040770342524,0.6649488946316934,0.511674111078704,0.48353684877336844,0.02820865821574814,0.030713647484365447,0.03074682740192025,0.6883232091949197,0.5016667708364353,0.4470603429162625,0.6689065350447734,0.30288480673947854,0.48625875448234507,0.4830275980332895,0.4333146557143729,0.5359385168837069,24.924772573592385,19.55626819675014
market_residual,7564,2018,7,SF,LAR,10.0,39.0,-29.0,49.0,0.0,0.0,0.0,8.0,52.0,0.282214500149744,-6.486645708948954,45.586267345365215,-8.313059385933819,51.33953141315887,0.25497082072876454,0.49008196468977244,0.47905148345742143,0.025031692528073246,0.03071709008787943,0.030731565967379137,0.22551278286593493,0.4974260851472926,0.44519373579143867,0.2198678162240847,0.7551004912478421,0.482146603277762,0.48713630663435853,0.4315122351317001,0.5377561989009207,21.513236013612527,29.826295399546346
market_residual,7565,2018,7,TB,CLE,26.0,23.0,3.0,49.0,1.0,0.0,0.0,-3.5,52.5,0.7642269537311919,8.171651137777417,36.869017267893824,2.387244204781133,53.27624004228356,0.5751747728651143,0.4658428278304616,0.5238776973069678,0.030211032056891185,0.0,0.0,0.5869717172803035,0.4926565514702587,0.4638956322125398,0.5692386959130599,0.40055027203004906,0.4926565514702587,0.5073434485297412,0.4638956322125398,0.5361043677874602,27.831742123532347,25.444497918751214
market_residual,7566,2018,7,WAS,DAL,20.0,17.0,3.0,37.0,1.0,1.0,0.0,1.0,40.5,0.5132236705623447,0.3676356296602535,41.604924009764076,-1.0767892304567164,40.854073550210565,0.4659253592308688,0.49756699778301133,0.5108967106591139,0.030620536961021738,0.030725482885008426,0.0,0.4612872074847117,0.49889614932057585,0.45846383953037023,0.4471623454982796,0.5222171175406988,0.4835673242232299,0.4857071928917616,0.45846383953037023,0.5415361604696298,19.888642159876923,20.96543139033364
market_residual,7567,2018,7,ATL,NYG,23.0,20.0,3.0,43.0,1.0,0.0,0.0,-4.0,53.0,0.7935026744197057,9.354143416171365,43.430837521020365,4.241165537355088,53.38570088598813,0.6318119102096094,0.507640695369355,0.5122373437498554,0.02912975166972981,0.030720720416872405,0.030757855595168027,0.6512763552619838,0.5008744357616485,0.4590239729140042,0.6323048367648355,0.33856541156543474,0.48548721225665614,0.4837920673264714,0.44490537984039497,0.524336764564437,28.813433211671608,24.57226767431652
market_residual,7568,2018,8,HOU,MIA,42.0,23.0,19.0,65.0,1.0,1.0,1.0,-7.5,45.0,0.586227980898267,2.4208868005394653,41.59743733436447,7.420060322682063,45.45141276251682,0.7218580661796332,0.497543179984777,0.5143213658723541,0.02609681264353464,0.0,0.030752822963540427,0.7505464044101856,0.49889147213874757,0.4598950577923443,0.7309595355140145,0.24294365184245095,0.49889147213874757,0.5011085278612524,0.44575198649824915,0.5234951905382105,26.43573654259944,19.015676219917378
market_residual,7569,2018,8,ARI,SF,18.0,15.0,3.0,33.0,1.0,1.0,0.0,-2.5,40.0,0.5608251183891587,1.6990394207889858,42.90723747083985,2.2294825334646142,40.366553610811806,0.5702618708346952,0.49168662115518724,0.511630029370769,0.030276365096860103,0.0,0.03075917349820273,0.581350137135806,0.4977412886583129,0.458770207775772,0.5637489681347726,0.4059746667683673,0.4977412886583129,0.5022587113416871,0.44465881535899054,0.5245820111428068,21.29801807213821,19.068535538673597
market_residual,7570,2018,8,CAR,BAL,36.0,21.0,15.0,57.0,1.0,1.0,1.0,2.5,44.0,0.5594603309482953,1.6605484272182094,39.75837544327929,-2.454687061476226,44.301676762775955,0.4227285806799351,0.5013926277367203,0.5095720640324253,0.030181785664190053,0.0,0.030763140523307475,0.4116935644050413,0.49964738970831685,0.45791055291364596,0.3992679174848419,0.5705502968509681,0.49964738970831685,0.5003526102916831,0.44382378622725804,0.5254130732494344,20.923494850649863,23.37818191212609
market_residual,7571,2018,8,CHI,NYJ,24.0,10.0,14.0,34.0,1.0,1.0,0.0,-8.5,42.5,0.6377698709317069,3.9308708503358956,38.59589523294133,8.130433435421882,41.096337527665575,0.7403759614148313,0.4886434164446604,0.45688082822132675,0.02525563927734925,0.0,0.0,0.7703244686507089,0.4971434781528704,0.4359645677521235,0.7508694317439508,0.22387492897869984,0.4971434781528704,0.5028565218471296,0.4359645677521235,0.5640354322478764,24.61338548154373,16.482952046121845
market_residual,7572,2018,8,CIN,TB,37.0,34.0,3.0,71.0,1.0,0.0,1.0,-3.5,55.0,0.6079291535744114,3.0478147271731633,39.92526745041576,3.0687301418195743,55.88853882108701,0.5962498936189804,0.48674795477810245,0.5281715758343338,0.02987969899411408,0.0,0.0306992866055934,0.6110180507938083,0.4967710548145216,0.4656969386972707,0.592761015356119,0.37735928564976684,0.4967710548145216,0.5032289451854783,0.45140037490485574,0.5179003384895509,29.47863448145329,26.40990433963372
market_residual,7573,2018,8,DET,SEA,14.0,28.0,-14.0,42.0,0.0,0.0,0.0,-3.0,48.0,0.5576233511556054,1.6087801233801746,42.96361954554163,3.2574314251255676,47.76737988637117,0.6020379110840401,0.5081559656708169,0.4926187760037116,0.029774093816323344,0.03071998146519711,0.030766517196021026,0.6175999859350166,0.5009756441316511,0.4508412816737542,0.5992115060128275,0.3710144001708492,0.4855856816294116,0.4836943369053913,0.43697046562846253,0.5322630171755166,25.512405655748367,22.2549742306228
market_residual,7574,2018,8,JAX,PHI,18.0,24.0,-6.0,42.0,0.0,0.0,0.0,3.5,44.0,0.33574874051905257,-4.7410879096464305,41.75155620610567,-3.4992405845065533,43.46173811211348,0.3905788803742374,0.500023339586035,0.4829248808097112,0.029630162674481153,0.0,0.030744960951717082,0.3750478311851604,0.4993785026173069,0.446805652039859,0.3639351029364327,0.6064347343890861,0.4993785026173069,0.5006214973826931,0.433068629714887,0.5361864093333959,19.981248763803464,23.480489348310016
market_residual,7575,2018,8,KC,DEN,30.0,23.0,7.0,53.0,1.0,0.0,,-8.5,53.0,0.8183865075139328,10.460965608952419,44.219393254036646,8.383901126454369,53.06332743325821,0.7468220945419021,0.4964319090854333,0.5020095398171308,0.024944029240970722,0.0,0.03077110294158547,0.7771472287050797,0.49867324553887443,0.45475465952883526,0.7577620455077209,0.21729392525130847,0.49867324553887443,0.5013267544611255,0.4407613570873078,0.5284675399711067,30.72361427985629,22.33971315340192
market_residual,7576,2018,8,LAR,GB,29.0,27.0,2.0,56.0,1.0,0.0,0.0,-7.5,57.0,0.7859305658809761,9.037272293745227,46.3863190580397,7.146313901806313,57.84084341440728,0.7145498036800508,0.4891312912487207,0.5266617529572964,0.026407283265741988,0.0,0.03070682008219444,0.7426718434094737,0.49723932629108747,0.46506326938503395,0.7230598976670689,0.25053281906718905,0.49723932629108747,0.5027606737089125,0.45078265524519057,0.5185105246726149,32.4935786581068,25.347264756300483
market_residual,7577,2018,8,MIN,NO,20.0,30.0,-10.0,50.0,0.0,0.0,0.0,-2.5,53.5,0.5423450790906712,1.179801080577099,47.21608941314604,2.825634413373256,53.12493373328684,0.5887615570555702,0.5100068742368606,0.4884574079896692,0.030006954382841122,0.0,0.0,0.6024877496314629,0.5013392248064846,0.4491085143822853,0.584408927212051,0.38558411840510787,0.5013392248064846,0.49866077519351537,0.4491085143822853,0.5508914856177147,27.975284073330048,25.14964965995679
market_residual,7578,2018,8,NYG,WAS,13.0,20.0,-7.0,33.0,0.0,0.0,0.0,1.0,44.0,0.37655685253722904,-3.503460808484297,40.828571640648704,-0.8820375511093744,44.71600780196627,0.4720767029194526,0.5037375086149178,0.5227082075393099,0.030655202521731595,0.030724752163238944,0.03072457801168177,0.4683700180706795,0.5001078660666558,0.463405453473359,0.45401204031161574,0.5153327571666526,0.48474217582687146,0.48453307200988954,0.449167516467078,0.5201079055212402,21.916985125428447,22.799022676537824
market_residual,7579,2018,8,LV,IND,28.0,42.0,-14.0,70.0,0.0,0.0,1.0,3.5,51.0,0.5411493379282954,1.1463323002072048,44.35155892654626,-3.2317214704572423,50.552179976285025,0.39874936250100335,0.5082445830270468,0.4857925663288096,0.029788830433158275,0.0,0.030753118513688615,0.38433271348728143,0.5009930505060927,0.447999202349414,0.3728838914552932,0.5973272781115486,0.5009930505060927,0.49900694949390734,0.4342218297855245,0.535025051700787,23.66022925291389,26.891950723371135
market_residual,7580,2018,8,PIT,CLE,33.0,18.0,15.0,51.0,1.0,1.0,1.0,-8.5,47.5,0.8791847381906872,13.791333458938206,38.648197604445876,8.354231959884599,47.91403799438676,0.7460720322070872,0.4955201148236808,0.5127415507254012,0.024980796505642833,0.0,0.0,0.7763550558456956,0.4984941866030148,0.45923468241569965,0.7569610881794874,0.21805811531486985,0.4984941866030148,0.5015058133969852,0.45923468241569965,0.5407653175843004,28.13413497713568,19.77990301725108
market_residual,7581,2018,8,BUF,NE,6.0,25.0,-19.0,31.0,0.0,0.0,0.0,13.5,44.5,0.27226251868799783,-6.8317901682314,43.17488540981064,-13.08356473907901,44.61856666593737,0.15045974473644286,0.5127963673797249,0.5036493246157495,0.018493163190265283,0.0,0.0,0.11992481788763805,0.5018872772679289,0.45543857102615803,0.11770702865987911,0.8637998081498556,0.5018872772679289,0.4981127227320711,0.45543857102615803,0.544561428973842,15.767500963429182,28.85106570250819
market_residual,7582,2018,9,SF,LV,34.0,3.0,31.0,37.0,1.0,1.0,0.0,1.5,44.0,0.6112223360572785,3.143966568208989,44.21275596138048,-2.1903007614789036,44.37739092205781,0.4309600686632565,0.4787945551645433,0.5119737713353777,0.03029191983793833,0.0,0.03075843580142612,0.42111852254470095,0.49520746060994747,0.45891383526229335,0.4083620340175058,0.5613460461445559,0.49520746060994747,0.5047925393900525,0.44479836352199187,0.524443200676582,21.093545080289456,23.283845841768358
market_residual,7583,2018,9,BAL,PIT,16.0,23.0,-7.0,39.0,0.0,0.0,0.0,-1.5,46.5,0.5135193211439667,0.3758590738407656,38.27195406741595,1.367914923318894,46.45392782668446,0.5432539551947747,0.4959406176981328,0.4985819428617853,0.030555967997310918,0.0,0.0,0.5503614088183886,0.49857676592640326,0.45332569327531785,0.533544583223579,0.4358994487791102,0.49857676592640326,0.5014232340735967,0.45332569327531785,0.5466743067246822,23.910921375001678,22.543006451682785
market_residual,7584,2018,9,BUF,CHI,9.0,41.0,-32.0,50.0,0.0,0.0,1.0,10.5,38.0,0.441704632941293,-1.6277131108657614,40.477368833281204,-10.197748186207955,37.607566645469184,0.20966506623772238,0.5092884525856901,0.48754912228795483,0.02257108394362861,0.0,0.030757376272621928,0.17837649585349294,0.5011980969343467,0.44873039243806284,0.17435034499201343,0.803078571064358,0.5011980969343467,0.4988019030656533,0.4349286229128841,0.5343140008144941,13.704909229630616,23.90265741583857
market_residual,7585,2018,9,CAR,TB,42.0,28.0,14.0,70.0,1.0,1.0,1.0,-6.0,55.5,0.7476630453429506,7.5476009264867665,39.7293575409341,6.212197193011834,54.493629447083755,0.68893001621826,0.5067230051170726,0.4690559121188964,0.02740293360194851,0.030721917079723993,0.0,0.7147848292340013,0.5006941924485805,0.441034168545963,0.6951976280188219,0.2773994383792296,0.48531190698587584,0.4839661759344002,0.441034168545963,0.558965831454037,30.352913320047794,24.14071612703596
market_residual,7586,2018,9,CLE,KC,21.0,37.0,-16.0,58.0,0.0,0.0,1.0,7.5,51.5,0.14775864121753113,-12.176155483854473,39.26935060320673,-7.689114953664477,50.354545797867075,0.27105121968692203,0.4941880187689216,0.4647897857266141,0.02578404945581403,0.0,0.0,0.24265573416751832,0.4982325783002631,0.43925839308534903,0.23639908671700616,0.7378168638271798,0.4982325783002631,0.501767421699737,0.43925839308534903,0.5607416069146509,21.3327154221013,29.021830375765777
market_residual,7587,2018,9,DEN,HOU,17.0,19.0,-2.0,36.0,0.0,0.0,0.0,-1.0,46.5,0.5216272171331205,0.6015005001719419,45.50841220686962,1.324650437929901,46.572481740915485,0.5418911856961215,0.5102851692343532,0.5022309112734104,0.03056652720513775,0.030716416671403457,0.0,0.548794620103987,0.5013938956046564,0.4548469765072101,0.5320198744185453,0.43741359837631694,0.4859928717907656,0.48329071153783093,0.4548469765072101,0.5451530234927899,23.948566089422695,22.62391565149279
market_residual,7588,2018,9,MIA,NYJ,13.0,6.0,7.0,19.0,1.0,1.0,0.0,-3.0,43.0,0.600157476200444,2.8220198472320135,39.194391800901414,2.849747102211288,42.533347113176426,0.5895058626280459,0.49523944912689655,0.48519535589782475,0.02999477747682716,0.030723962934334714,0.030751543038526674,0.6033363373797743,0.498439068186834,0.4477506241397796,0.585239398196384,0.38476582432678874,0.48312504473083734,0.48615099233482784,0.433981601551018,0.5352668554104553,22.691547107693857,19.84180000548257
market_residual,7589,2018,9,MIN,DET,24.0,9.0,15.0,33.0,1.0,1.0,0.0,-4.5,47.5,0.6671574340722659,4.831831492883039,45.98466079586915,4.7702349212037625,48.153365594412904,0.6475074536917882,0.5083046970878998,0.5201014929744799,0.0287207385866613,0.0,0.0,0.668887385747257,0.5010048582704356,0.4623135010108562,0.6496764459972948,0.3216028154160439,0.5010048582704356,0.4989951417295644,0.4623135010108562,0.5376864989891438,26.461800257808335,21.69156533660457
market_residual,7590,2018,9,NE,GB,31.0,17.0,14.0,48.0,1.0,1.0,0.0,-5.0,56.0,0.8013286437037027,9.690806565494103,45.88779914453188,5.160325759545272,56.85908407862568,0.6589187697209968,0.5050796780834391,0.5272392184199741,0.02839263946820031,0.030723677857344533,0.03070398782824857,0.6816205422412119,0.5003714480090558,0.4653055923519275,0.662267535931238,0.30933982460056164,0.4849981968314125,0.484278125311243,0.45101885510793793,0.5182771570638135,31.009704919085475,25.849379159540202
market_residual,7591,2018,9,NO,LAR,45.0,35.0,10.0,80.0,1.0,1.0,1.0,1.5,57.0,0.5745496214834431,2.0876580558570184,47.63595112154435,-0.13874387135782795,56.76071808240459,0.49560408056066646,0.5417597715861647,0.4924074174830651,0.030724266025596192,0.0,0.030766229478486617,0.4954814332802065,0.5075928348611594,0.4507532565127943,0.48025812991336175,0.4890176040610421,0.5075928348611594,0.49240716513884064,0.4368852783847465,0.5323484921367668,28.31098710552338,28.449730976881206
market_residual,7592,2018,9,SEA,LAC,17.0,25.0,-8.0,42.0,0.0,0.0,0.0,-1.0,48.0,0.5930843829749595,2.6177940867624874,42.210920938139054,1.1757484898760981,47.675922203022644,0.5371972151850729,0.5055682926414758,0.4897173179025109,0.030600299304498257,0.030723205545504784,0.030761857779178503,0.5433960765221043,0.5004674079022673,0.44963306378883605,0.5267679939396379,0.4426317067558639,0.48509144486045996,0.48418534959403525,0.4358015154277476,0.5334366267930739,24.42583534644937,23.250086856573272
market_residual,7593,2018,9,WAS,ATL,14.0,38.0,-24.0,52.0,0.0,0.0,1.0,-1.5,46.5,0.5336867462906744,0.937738532308067,44.32452957441242,1.6590589884690043,46.843611114986196,0.5524101626124847,0.5048883359379852,0.5105748029148351,0.030476203860937856,0.0,0.0,0.5608814007796402,0.500333870501946,0.4583293680500056,0.5437878648676715,0.42573593127139064,0.500333870501946,0.499666129498054,0.4583293680500056,0.5416706319499944,24.2513350517276,22.592276063258595
market_residual,7594,2018,9,DAL,TEN,14.0,28.0,-14.0,42.0,0.0,0.0,1.0,-4.5,40.5,0.6439167138376182,4.116449740389653,42.50273183575964,4.662953665334814,41.08495695785812,0.644344556257848,0.5050080242431731,0.5179983399836761,0.028807074677063782,0.0,0.0,0.665347248830836,0.5003573759444215,0.4614330901673504,0.6461805409475871,0.3250123843753491,0.5003573759444215,0.49964262405557847,0.4614330901673504,0.5385669098326495,22.873955311596465,18.211001646261654
market_residual,7595,2018,10,PIT,CAR,52.0,21.0,31.0,73.0,1.0,1.0,1.0,-3.5,51.0,0.6062854829680132,2.999931858186346,40.55571130957863,4.39359924671839,51.69494964114259,0.636358682316574,0.5274418618149168,0.5220410575900936,0.029016254941142627,0.0,0.03072729373675226,0.6563890028797753,0.5047679440980763,0.4631259036252184,0.6373430522316533,0.33364069282720404,0.5047679440980763,0.49523205590192365,0.4488952979474275,0.5203774083158202,28.04427444393049,23.650675197212102
market_residual,7596,2018,10,CHI,DET,34.0,22.0,12.0,56.0,1.0,1.0,1.0,-7.5,44.5,0.636196711645543,3.883596796025704,42.2173432768402,7.466593790068337,44.65649306481318,0.7230910200269213,0.4989733074222002,0.5048165989894793,0.026043249460093953,0.0,0.0,0.7518711611078165,0.4991723083132983,0.45592553241777745,0.7322899928972352,0.24166675764267093,0.4991723083132983,0.5008276916867017,0.45592553241777745,0.5440744675822226,26.06154342744076,18.594949637372423
market_residual,7597,2018,10,CIN,NO,14.0,51.0,-37.0,65.0,0.0,0.0,1.0,6.0,53.5,0.35098191908432363,-4.271552826652051,45.88979941719168,-6.047937588990571,53.490500050544796,0.3156790156463493,0.498481131877584,0.49970760011238224,0.027567099595308786,0.030725810824617616,0.0,0.29118066670233766,0.49907565963296124,0.4537948960615452,0.2831536602631259,0.6892792401415653,0.4837411553279077,0.4855330338474747,0.4537948960615452,0.5462051039384548,23.721281230777112,29.769218819767683
market_residual,7598,2018,10,CLE,ATL,28.0,16.0,12.0,44.0,1.0,1.0,0.0,5.5,49.5,0.20580718617364904,-9.383446689847688,41.409499531160336,-5.953829990337616,48.88928205330359,0.31833299836405493,0.48605500320897255,0.48120960301851173,0.02765960158506897,0.0,0.0,0.29410555311081726,0.4966348853260785,0.44609181516542423,0.2859707106878157,0.6863696877271154,0.4966348853260785,0.5033651146739215,0.44609181516542423,0.5539081848345757,21.467726031482986,27.421556021820603
market_residual,7599,2018,10,GB,MIA,31.0,12.0,19.0,43.0,1.0,1.0,0.0,-11.0,48.5,0.5960504160203351,2.703293283815201,43.85597941296423,11.385981761644478,49.029834927054985,0.8162358809665188,0.5122276151400604,0.5163033027326459,0.020917864969104194,0.030712446290565742,0.0,0.8482498796644445,0.5017755230916373,0.4607238930284685,0.8305063032215648,0.148575831809331,0.4863647692887649,0.48292278442066944,0.4607238930284685,0.5392761069715315,30.207908344349732,18.821926582705252
market_residual,7600,2018,10,IND,JAX,29.0,26.0,3.0,55.0,1.0,,1.0,-3.0,48.0,0.5449750969495776,1.2534638641791116,43.91909200632209,3.2001593179989984,47.46498760669053,0.6002835826003365,0.5063416453591718,0.48302789933742235,0.029806771624144912,0.03072236939021533,0.03074527992115017,0.6156061209255698,0.5006192923048203,0.44684852615621684,0.5972568898687156,0.37293633850713953,0.4852390814827634,0.48403854912702127,0.43311004313719054,0.5361446769416592,25.33257346234476,22.132414144345766
market_residual,7601,2018,10,KC,ARI,26.0,14.0,12.0,40.0,1.0,0.0,0.0,-16.5,49.5,0.8737820929205109,13.444514650009488,42.51453139170537,17.390298972873293,50.196685703722245,0.9148668898457889,0.5273406716289504,0.521433039441825,0.012530211155366677,0.0,0.0,0.9393102704259111,0.5047480154066734,0.46287118014587225,0.9275405143970699,0.05992927444756348,0.5047480154066734,0.49525198459332664,0.46287118014587225,0.5371288198541277,33.79349233829777,16.403193365424478
market_residual,7602,2018,10,LAR,SEA,36.0,31.0,5.0,67.0,1.0,0.0,1.0,-10.0,51.0,0.6818945655284689,5.298338250815895,42.95331422882331,9.517589715775296,51.52695008773371,0.7745689333430739,0.48471898491078236,0.5167164968624286,0.023486870409203442,0.030704819456540355,0.030746062987819844,0.806116825595489,0.49637232027579137,0.46089674224483357,0.7871836641780493,0.18932946541274723,0.48113129779849917,0.4881638827449605,0.44672598197689295,0.5225279550352873,30.522269901754502,21.004680185979208
market_residual,7603,2018,10,NYJ,BUF,10.0,41.0,-31.0,51.0,0.0,0.0,1.0,-7.0,38.0,0.618688072234353,3.36306164305096,39.975893006015895,7.254946428692976,38.426403794576615,0.7174611828762157,0.5080772469131153,0.5135282621447708,0.026285035932457568,0.03072009747651344,0.03075483133960011,0.7458133149701783,0.500960182139541,0.45956350221044795,0.7262095851872818,0.24750537888026053,0.4855706365123624,0.48370926601112424,0.4454297042101297,0.5238154644502702,22.840675111634795,15.58572868294182
market_residual,7604,2018,10,LV,LAC,6.0,20.0,-14.0,26.0,0.0,0.0,0.0,10.5,50.0,0.23026680490175436,-8.385742099499758,43.23239202402114,-10.131877707899681,49.49211639666461,0.21116235959836804,0.5113122137519501,0.48388800652869457,0.02266090907063445,0.0,0.030747867624451142,0.17990411123489886,0.5015956683671553,0.4472064921529447,0.1758273205287715,0.801511770400594,0.5015956683671553,0.4984043316328447,0.43345584613143084,0.535796286244118,19.680119344382465,29.81199705228215
market_residual,7605,2018,10,PHI,DAL,20.0,27.0,-7.0,47.0,0.0,0.0,1.0,-7.5,45.5,0.7327018338501258,7.006900788994417,42.030364778318486,8.063293099538825,45.8320000494462,0.7386540414482179,0.517306603335132,0.5102175461083193,0.02533721324359761,0.0,0.0,0.768496369893163,0.502773740621314,0.4581801414919667,0.7490248134922493,0.2256379732641532,0.502773740621314,0.49722625937868603,0.4581801414919667,0.5418198585080334,26.947646574492513,18.884353474953688
market_residual,7606,2018,10,TB,WAS,3.0,16.0,-13.0,19.0,0.0,0.0,0.0,-3.5,51.0,0.5254971356200093,0.709304235016798,39.29741603814708,3.505869326562298,50.5247872840692,0.6096229600152495,0.500180385637191,0.4849239256821335,0.029626082181168578,0.0,0.03075080553845888,0.6262092229923588,0.4994093416528302,0.44763764899451963,0.6076570970893814,0.36271682072944994,0.4994093416528302,0.5005906583471698,0.43387243069859627,0.5353767637629449,27.015328305315748,23.50945897875345
market_residual,7607,2018,10,TEN,NE,34.0,10.0,24.0,44.0,1.0,1.0,0.0,6.5,47.0,0.36335780447111443,-3.896974828549146,43.62898368814666,-6.403108613969238,45.39069948837466,0.30575110115322673,0.5029777952412018,0.4490757155383124,0.027207886715837182,0.0,0.030535315098616844,0.280275795549369,0.4999586746567198,0.43271065998711034,0.27265008345487063,0.7001420298292922,0.4999586746567198,0.5000413253432803,0.4194977036378735,0.5499669812635097,19.49379543720271,25.896904051171948
market_residual,7608,2018,10,SF,NYG,23.0,27.0,-4.0,50.0,0.0,0.0,1.0,-3.0,45.0,0.6558958056245491,4.482318196288033,42.30601469215674,2.8812001440894144,45.45352734760918,0.5904762503560558,0.4962359598849535,0.51438842260241,0.029978745721093103,0.03072473409566323,0.030752647908312558,0.6044424505984901,0.49863476527111306,0.4599230937282595,0.5863220240689636,0.3836992302099433,0.48331434469730467,0.4859609212070321,0.44577924076193254,0.523468111329755,24.167363745849297,21.286163601759885
market_residual,7609,2018,11,SEA,GB,27.0,24.0,3.0,51.0,1.0,,1.0,-3.0,49.0,0.6565129763742895,4.501327677237941,43.733340407226706,2.88830974473439,49.59120579018043,0.5906955166917659,0.4964612133302511,0.5187534261645164,0.029975098738957928,0.030724883426382854,0.03073949241158086,0.604692348441372,0.49867900025371587,0.4617491206350494,0.5865666355901494,0.38345826567089253,0.48335714610373526,0.4859179704698819,0.44755518704523417,0.5217053205431849,26.239757767457412,23.35144802272302
market_residual,7610,2018,11,ARI,LV,21.0,23.0,-2.0,44.0,0.0,0.0,1.0,-4.5,41.0,0.6683825005973065,4.870202090568437,41.88867822287452,4.670443764875898,41.26207383351947,0.6445657164422899,0.5052382031204362,0.5083156828457635,0.0288011023449255,0.0,0.03076518369914588,0.6655949350928219,0.5004025808122686,0.4573859277014108,0.6464250672469495,0.3247738304081251,0.5004025808122686,0.4995974191877314,0.4433143656142727,0.5259204506865816,22.966258799197686,18.295815034321787
market_residual,7611,2018,11,ATL,DAL,19.0,22.0,-3.0,41.0,0.0,0.0,0.0,-3.5,50.0,0.6066866697559443,3.011612588764474,44.358741405176545,3.635426191133681,50.44512683729337,0.6135617109328136,0.504162061387253,0.5141220271088338,0.02954489669659649,0.0,0.030753338516927797,0.6306721447168627,0.500191240549438,0.4598117184592097,0.612039001351782,0.35841610195162144,0.500191240549438,0.499808759450562,0.4456709730273833,0.5235756884556889,27.040276514213527,23.404850323079845
market_residual,7612,2018,11,BAL,CIN,24.0,21.0,3.0,45.0,1.0,0.0,1.0,-6.5,44.0,0.6596037367869936,4.59677317575135,41.155690591177404,6.58156159054598,43.5804695306308,0.6991829923856578,0.5025066663130503,0.48668971984077153,0.02702154053199657,0.0,0.03075536328486006,0.7259957041426588,0.4998661564437278,0.4483726438148363,0.7063781817971125,0.2666002776708909,0.4998661564437278,0.5001338435562722,0.4345827802673179,0.534661856447822,25.08101556058839,18.49945397004241
market_residual,7613,2018,11,CHI,MIN,25.0,20.0,5.0,45.0,1.0,1.0,1.0,-2.5,44.0,0.520389533187265,0.567038407105847,41.94890986582119,2.4800605742860142,44.40685846155686,0.5780596456767868,0.49938718953826366,0.5129083869375579,0.030170579104678297,0.0,0.030756321369501016,0.5902701111415175,0.49925358222430843,0.45930440931271377,0.5724613200601951,0.39736810083512664,0.49925358222430843,0.5007464177756915,0.44517789529346313,0.5240657833370359,23.443459517921436,20.963398943635422
market_residual,7614,2018,11,DET,CAR,20.0,19.0,1.0,39.0,1.0,1.0,0.0,4.0,48.0,0.4141978339572662,-2.408690396096363,43.74689512363359,-3.7393654572420774,47.932776607370265,0.3832870066956305,0.5082574323120793,0.4978668327037581,0.02947780314881998,0.030719830269198223,0.03077105638478722,0.3667799523373549,0.5009955743931144,0.4530276572409663,0.35596808510342076,0.6145541117477592,0.48560507538213843,0.48367509434866335,0.43908751765613646,0.5301414259590763,22.096705575064092,25.836071032306172
market_residual,7615,2018,11,IND,TEN,38.0,10.0,28.0,48.0,1.0,1.0,0.0,-1.0,50.0,0.4320318277985836,-1.9009321106921289,44.638255515019985,1.577566737309681,50.18288018617155,0.5498499821174493,0.5182932323696494,0.5058030660664139,0.030500054609672644,0.030695635311141445,0.030768408731555175,0.5579411833747283,0.5029677241459856,0.4563371475667127,0.5409239468128137,0.42857599857751366,0.48752881031232564,0.48177555437653297,0.44229637969098806,0.5269352115774568,25.880223461740616,24.302656724430935
market_residual,7616,2018,11,JAX,PIT,16.0,20.0,-4.0,36.0,0.0,,0.0,4.0,47.0,0.3007530711761202,-5.862727947034473,39.9994464320458,-3.84750415961053,45.31697987349757,0.3800168097665486,0.5048316117930023,0.4467569369531275,0.029406160263838466,0.030723901055836944,0.03051327684642846,0.3630780704845996,0.5003227305533288,0.4317431388056547,0.35240133855564426,0.6181925011805173,0.48495086448382213,0.484325234460341,0.41856924088473174,0.5509174822688397,20.73473785694352,24.58224201655405
market_residual,7617,2018,11,LAC,DEN,22.0,23.0,-1.0,45.0,0.0,0.0,0.0,-7.5,46.5,0.7877846747613294,9.11409255155956,44.96475483919562,7.339468224269869,46.25083242490574,0.7197162228445781,0.4950664034098401,0.4923313181089784,0.026189044554713325,0.0,0.0,0.7482424976879917,0.49840508440303094,0.4507215636417392,0.7286467415783109,0.24516421386697582,0.49840508440303094,0.501594915596969,0.4507215636417392,0.5492784363582608,26.7951503245878,19.455682100317937
market_residual,7618,2018,11,NO,PHI,48.0,7.0,41.0,55.0,1.0,1.0,0.0,-7.0,56.5,0.7263691618849905,6.7838777151731575,45.51117126744628,6.407522080099661,56.18973150933078,0.6943713703856389,0.4812348407673725,0.4904511264136511,0.027203324548848995,0.030694046975132894,0.0,0.7207426435714861,0.4956873866065037,0.4499386029613987,0.7011360475222156,0.2716606279289354,0.4804727346770228,0.4888332183478443,0.4499386029613987,0.5500613970386012,31.29862679471522,24.891104714615558
market_residual,7619,2018,11,NYG,TB,38.0,35.0,3.0,73.0,1.0,,1.0,-3.0,53.5,0.5064666469599574,0.1797494845167239,38.81575794110282,2.519474547636661,53.71003887058814,0.579283399297362,0.4847786596989662,0.5064645249037172,0.03015295126667189,0.030704984744074848,0.0,0.5916686708236749,0.49638404889090215,0.45661319295614283,0.5738281142263122,0.39601893450701603,0.48114258424250494,0.48815243101342026,0.45661319295614283,0.5433868070438572,28.114756709112402,25.59528216147574
market_residual,7620,2018,11,WAS,HOU,21.0,23.0,-2.0,44.0,0.0,1.0,1.0,3.0,40.5,0.6039497552311112,2.932008376982385,42.61489542956024,-2.325052480588267,41.45696761565713,0.42676056946962393,0.5213747481686357,0.529427865644667,0.03023730338403663,0.030684532921223195,0.0,0.4163083050177922,0.5035737699539481,0.46622444967060983,0.4037202644976752,0.5660424321182882,0.4881218440315317,0.4811936230472451,0.46622444967060983,0.5337755503293902,19.56595756753443,21.8910100481227
market_residual,7621,2018,11,LAR,KC,54.0,51.0,3.0,105.0,1.0,,1.0,-3.0,63.5,0.5242447232593237,0.6744072629206767,43.943225585209305,3.259063963026706,63.33477105517905,0.6020878872215891,0.5082076803985505,0.4949145391799306,0.029773154370948296,0.030719904638423945,0.0,0.6176567715739835,0.5009858020159398,0.451797538465932,0.5992671811656497,0.370959664463402,0.4855955659528058,0.4836845294087703,0.451797538465932,0.5482024615340679,33.296917509102876,30.03785354607617
market_residual,7622,2018,12,DAL,WAS,31.0,23.0,8.0,54.0,1.0,1.0,1.0,-7.0,40.0,0.6311323126727705,3.7319968458958375,41.81861096841456,6.914213812128119,40.73168465582956,0.7082808500037437,0.4972819410506762,0.5232048282681172,0.026664125613727996,0.030725349590951634,0.030722503801233758,0.7358876938077441,0.498840171627715,0.46361358493021154,0.7162658919024578,0.2570699824838142,0.48351313296444315,0.4857615174446052,0.44937021480488953,0.5199072813938768,23.82294923397884,16.90873542185072
market_residual,7623,2018,12,DET,CHI,16.0,23.0,-7.0,39.0,0.0,0.0,0.0,3.0,43.0,0.45469859995040557,-1.2626079319465862,42.071142699593764,-2.7914274842280675,43.69028521466444,0.41229489869857716,0.5066081760278665,0.521893273821284,0.03002405971203903,0.030722056051167512,0.030727884340879585,0.3997697290721754,0.5006716395334933,0.46306398674274574,0.38776701885544673,0.5822089214325142,0.4852899773605153,0.48398796658831716,0.44883501011568805,0.5204371055434324,20.449428865218188,23.240856349446254
market_residual,7624,2018,12,NO,ATL,31.0,17.0,14.0,48.0,1.0,1.0,0.0,-11.5,61.5,0.7989351069693811,9.586804132469352,48.44836316364638,12.801652973831422,62.21354312413804,0.8443124328772906,0.5399375636051955,0.5219511284720624,0.018897782882113356,0.0,0.0,0.875560510111481,0.5072326829409496,0.4630882257458064,0.8590143576912418,0.12208785942664488,0.5072326829409496,0.4927673170590504,0.4630882257458064,0.5369117742541936,37.50759804898473,24.70594507515331
market_residual,7625,2018,12,BAL,LV,34.0,17.0,17.0,51.0,1.0,1.0,1.0,-13.0,42.0,0.8250810055819969,10.778553875648976,40.99339581463757,13.019754361270016,41.80211883512847,0.8483674890002586,0.5006259040590268,0.4937209690087747,0.018584750213197554,0.03072598468266713,0.03076788595015323,0.8794242383360865,0.49949682791060074,0.45130034817614195,0.8630803585351788,0.11833489125162362,0.4841492960271788,0.48512471929015416,0.43741479053419396,0.5318173235156528,27.410936598199243,14.391182236929225
market_residual,7626,2018,12,BUF,JAX,24.0,21.0,3.0,45.0,1.0,1.0,1.0,3.0,36.5,0.5371354094233828,1.0340771988599773,41.82488002547731,-2.6346438860616206,36.58956359257456,0.4171452948835792,0.5115744039509262,0.5027566650187103,0.03009991153591096,0.030713857949348222,0.0,0.40530952896975586,0.501647181008672,0.4550662418433156,0.39310974800310444,0.5767903404609845,0.4862396607504807,0.4830464813001711,0.4550662418433156,0.5449337581566844,16.97745985325647,19.612103739318087
market_residual,7627,2018,12,CAR,SEA,27.0,30.0,-3.0,57.0,0.0,0.0,1.0,-3.0,46.5,0.6114196496259056,3.1497369009620435,41.32766317400549,2.9579436419600116,46.185804512227165,0.5928415347860639,0.4986674736988702,0.4903302920341881,0.029938927843313035,0.030725859057997185,0.0,0.6071374427841438,0.49911225169038814,0.44988828921352364,0.5889603986936557,0.38110067346303117,0.48377659899082964,0.48549754195117323,0.44988828921352364,0.5501117107864764,24.57187407709359,21.613930435133575
market_residual,7628,2018,12,CIN,CLE,20.0,35.0,-15.0,55.0,0.0,0.0,1.0,1.0,46.5,0.7405246135403444,7.287093291361753,39.829429163299324,-1.1404711722512764,45.204543697113905,0.4639156701741727,0.49554935559612573,0.46019330309903467,0.030607716095915505,0.030724222076445873,0.0,0.458973967374732,0.4984999290095939,0.4373444411727526,0.4449258224859102,0.5244664614181743,0.4831839064856106,0.48609187143794347,0.4373444411727526,0.5626555588272474,22.032036262431316,23.17250743468259
market_residual,7629,2018,12,DEN,PIT,24.0,17.0,7.0,41.0,1.0,1.0,0.0,3.0,47.5,0.2809398458641772,-6.5304301391117585,42.198605326016505,-2.5343343605299125,46.5626632284764,0.4202554262251107,0.5147508584773555,0.4711747429749958,0.030146235801768007,0.0307062652234954,0.0,0.4088647962916261,0.5022713653149573,0.4419159795811726,0.3965390617315769,0.5733147024666551,0.4868484875574291,0.4824452472190755,0.4419159795811726,0.5580840204188273,22.014164433973246,24.548498794503157
market_residual,7630,2018,12,IND,MIA,27.0,24.0,3.0,51.0,1.0,0.0,0.0,-9.0,52.5,0.6721939434173007,4.990041947192549,43.02898167172894,9.12329215463229,52.57307316739293,0.7651233509084678,0.5039063689633491,0.5022491145623642,0.024004501727687755,0.03072463498988348,0.0,0.7963304683599917,0.5001410270512878,0.4548545678504543,0.7772149522564339,0.1987805460158784,0.48477437655167155,0.4845009884584449,0.4548545678504543,0.5451454321495457,30.848182661012608,21.72489050638032
market_residual,7631,2018,12,LAC,ARI,45.0,10.0,35.0,55.0,1.0,1.0,1.0,-14.0,43.0,0.8328825989377552,11.160993849363958,43.076878016324606,14.310235241804941,43.419244580070355,0.8708929624636091,0.5098285823044039,0.5133012133207525,0.01673891254965093,0.03071725045816831,0.030755385223552867,0.9004802682676868,0.5013042001447334,0.459468596752779,0.8854072078044678,0.0978538796458813,0.4859055134731559,0.4833772360686758,0.445337463061522,0.5239071517149252,28.864739910937647,14.554504669132708
market_residual,7632,2018,12,MIN,GB,24.0,17.0,7.0,41.0,1.0,1.0,0.0,-3.5,48.0,0.7023196474749516,5.964554347244693,46.19553122292825,3.784977396561118,48.350445255995304,0.6180933911016445,0.5087576830743213,0.511119082091267,0.029447812650761518,0.0,0.030760230311107195,0.6358000960206793,0.5010938364913746,0.45855673714364026,0.6170771739097262,0.35347501343951226,0.5010938364913746,0.4989061635086254,0.444451426298392,0.5247883433905007,26.06771132627821,22.282733929717093
market_residual,7633,2018,12,NYJ,NE,13.0,27.0,-14.0,40.0,0.0,0.0,0.0,13.0,46.5,0.22613707458928808,-8.548676338118575,41.19421932948431,-13.215923004776158,45.770511075813786,0.14804679084510095,0.4931589624686336,0.47755883398723087,0.018303216346642448,0.030721771735968406,0.0,0.11763203473504487,0.4980304732633135,0.4445726056833068,0.11547899015399359,0.8662177934993639,0.48273009474616163,0.4865481335178699,0.4445726056833068,0.5554273943166932,16.277294035518814,29.493217040294972
market_residual,7634,2018,12,PHI,NYG,25.0,22.0,3.0,47.0,1.0,0.0,0.0,-4.5,49.0,0.7871191756920601,9.08646319273983,41.32493550677361,4.195533270862553,48.61598936787098,0.6304470650354207,0.4906434936379322,0.48781626666578415,0.029163032320297044,0.0,0.030757974632489138,0.649739971015642,0.49753639058694227,0.44884160271845697,0.6307915832411239,0.340045384438579,0.49753639058694227,0.5024636094130577,0.4350361440880369,0.534205881279474,26.405761319366768,22.210228048504213
market_residual,7635,2018,12,TB,SF,27.0,9.0,18.0,36.0,1.0,1.0,0.0,-1.5,54.5,0.6121582623672323,3.1713467468959697,40.682639166631105,-0.00904697907222185,54.53434216610033,0.4997133522701778,0.45372578115541967,0.5010570197984432,0.030726012786430335,0.0,0.0,0.5002182303194105,0.49026222028789856,0.45435747567177465,0.4848485185786107,0.4844254686349589,0.49026222028789856,0.5097377797121014,0.45435747567177465,0.5456425243282254,27.262647593514053,27.271694572586277
market_residual,7636,2018,12,HOU,TEN,34.0,17.0,17.0,51.0,1.0,1.0,1.0,-3.5,42.5,0.5676931645125507,1.893144999915421,43.188337295086924,3.9348676244814693,42.6908735272433,0.6226187174102688,0.513362556078385,0.5058747034406385,0.02934692166172348,0.0,0.0,0.6409133096012513,0.5019985340133508,0.4563670421405796,0.6221044769124274,0.3485486014258491,0.5019985340133508,0.4980014659866492,0.4563670421405796,0.5436329578594203,23.312870575862384,19.378002951380914
market_residual,7637,2018,13,DAL,NO,13.0,10.0,3.0,23.0,1.0,1.0,0.0,7.5,51.5,0.3475704852991287,-4.37585134726226,45.41726983638844,-7.430403452776959,52.49342823629063,0.27786764457318386,0.5021389434825154,0.5305469185898264,0.02608492644384197,0.0,0.0,0.2499808205840394,0.49979394528413307,0.4666945307734195,0.24346008926673346,0.7304549842894246,0.49979394528413307,0.5002060547158669,0.4666945307734195,0.5333054692265805,22.531512391756838,29.961915844533795
market_residual,7638,2018,13,ATL,BAL,16.0,26.0,-10.0,42.0,0.0,0.0,0.0,-2.5,46.5,0.5174027519334438,0.48390229125164297,42.35319366005797,2.5137904316818855,47.28122589679013,0.5791069630581175,0.5004238297863469,0.5240308807094225,0.030155509990666685,0.0,0.0,0.5914670544233905,0.4994571466540125,0.4639598505494249,0.5736310637545757,0.39621342625475753,0.4994571466540125,0.5005428533459875,0.4639598505494249,0.5360401494505751,24.897508164236008,22.383717732554125
market_residual,7639,2018,13,CIN,DEN,10.0,24.0,-14.0,34.0,0.0,0.0,0.0,4.0,45.0,0.5047958085303965,0.1333028516002196,44.621697414786574,-4.365289349238617,44.50869816469308,0.3644842737416816,0.488427710530011,0.48441376295463034,0.0290376026285617,0.030713862393106806,0.030749383100111216,0.3455501331761992,0.4971010991786815,0.4474253127653805,0.3355161857207822,0.6354462116506562,0.48183320442304534,0.48745293318384786,0.43366726041447073,0.5355833564854181,20.071704407727232,24.436993756965848
market_residual,7640,2018,13,DET,LAR,16.0,30.0,-14.0,46.0,0.0,0.0,0.0,10.5,54.0,0.3070334705928446,-5.656424588240088,45.77526310054771,-10.525950017197037,53.12115401700529,0.20230030242616132,0.4992024626029812,0.4721352229979987,0.022120319134229183,0.0,0.030700851077443803,0.17089517341931199,0.4992173074715217,0.4423156870180612,0.16711491764477737,0.8107647632209934,0.4992173074715217,0.5007826925284783,0.42873621898170244,0.5405629299408539,21.297601999904124,31.823552017101164
market_residual,7641,2018,13,GB,ARI,17.0,20.0,-3.0,37.0,0.0,0.0,0.0,-13.5,41.0,0.7131754039764525,6.329279459479048,45.33942527527191,14.937468283851764,38.675939630003406,0.8809455676253213,0.5440884725062916,0.42668115423907393,0.015852473455526206,0.0,0.03028100833392755,0.90963951485879,0.5080534043032269,0.4233439824871907,0.8952194785953933,0.08892804794908048,0.5080534043032269,0.4919465956967731,0.410524699825378,0.5591942918406944,26.806703956927585,11.86923567307582
market_residual,7642,2018,13,HOU,CLE,29.0,13.0,16.0,42.0,1.0,1.0,0.0,-5.0,47.5,0.7608517120253309,8.04212393609645,40.176353051947835,4.502124603355995,47.36107167416785,0.6395838246347982,0.4842293645752019,0.4957239927578068,0.028933289978913257,0.03070343886569238,0.0,0.6600102089852709,0.4962760860975121,0.4521347629443964,0.6409139422196569,0.3301527678014299,0.48103870362751205,0.4882578575067955,0.4521347629443964,0.5478652370556036,25.931598138761924,21.42947353540593
market_residual,7643,2018,13,JAX,IND,6.0,0.0,6.0,6.0,1.0,1.0,0.0,4.0,45.5,0.4774636261067259,-0.6268197633736782,43.80045056170868,-4.235176438494578,43.090674263469936,0.3683671246689328,0.4925490304747023,0.42626796717719173,0.02913413800574527,0.030720980358620142,0.0,0.3499229231201004,0.4979106786158628,0.42317060080950225,0.33972822038654565,0.6311376416077091,0.4826143744377577,0.4866646452036222,0.42317060080950225,0.5768293991904978,19.42774891248768,23.662925350982256
market_residual,7644,2018,13,MIA,BUF,21.0,17.0,4.0,38.0,1.0,1.0,0.0,-3.5,40.0,0.5608548661213297,1.699878680544407,40.952146123321484,3.56596784752145,39.62241635185027,0.6114515242823367,0.5020274219310918,0.4880201157871027,0.02958876068618921,0.0,0.0307584224881996,0.6282818042736358,0.49977204545913895,0.44892646512854667,0.609691724323496,0.3607195149903148,0.49977204545913895,0.500227954540861,0.43511819524798884,0.5341233822638115,21.59419209968586,18.02822425216441
market_residual,7645,2018,13,NE,MIN,24.0,10.0,14.0,34.0,1.0,1.0,0.0,-6.0,49.5,0.6529633094662886,4.392214168037044,45.216048302104326,6.412639141802012,49.499478137981036,0.6945133384437622,0.5130718001409809,0.4999839375556641,0.02719803210395838,0.030710507096366524,0.0,0.7208978434629875,0.5019413993298905,0.45391009279861494,0.7012908407728067,0.27151112712323483,0.4865265244238097,0.4827629684798238,0.45391009279861494,0.5460899072013851,27.956058639891523,21.543419498089513
market_residual,7646,2018,13,NYG,CHI,30.0,27.0,3.0,57.0,1.0,1.0,1.0,4.0,44.0,0.3014699892088503,-5.839055743201261,39.61797821226801,-3.797616908085801,44.29011844677636,0.3815243592939799,0.5064120949539194,0.5092053923305749,0.02943944310486446,0.030722287822392724,0.030763766484523725,0.3647841490219164,0.5006331286965482,0.4577574277391709,0.3540451068212293,0.6165154500739063,0.48525253362330784,0.48402517855429944,0.4436750851256468,0.5255611483898295,20.24625076934528,24.04386767743108
market_residual,7647,2018,13,LV,KC,33.0,40.0,-7.0,73.0,0.0,1.0,1.0,14.0,53.5,0.16279760313871405,-11.378919304392811,42.59368750204615,-14.06412478062179,53.62124489665372,0.1332103368417986,0.497968256308114,0.5037317546248944,0.01708922144192926,0.030725645515822964,0.0,0.10370922917799288,0.4989749455374773,0.4554729556350808,0.10193691919499838,0.8809738593630724,0.4836436182396157,0.48563073624456143,0.4554729556350808,0.5445270443649193,19.778560058015966,33.84268483863776
market_residual,7648,2018,13,PIT,LAC,30.0,33.0,-3.0,63.0,0.0,0.0,1.0,-3.0,52.5,0.6156499241026057,3.273709745642927,41.38913157252986,3.256470633254558,52.148955219079845,0.6020084979964433,0.5081255301154042,0.4891964776597375,0.029774646498671897,0.030720026452857707,0.0,0.6175665647942832,0.5009696659499283,0.44941621110364605,0.5991787386381342,0.37104661486319385,0.4855798645598672,0.48370010898727506,0.44941621110364605,0.550583788896354,27.7027129261672,24.446242292912643
market_residual,7649,2018,13,SEA,SF,43.0,16.0,27.0,59.0,1.0,1.0,1.0,-10.0,45.5,0.8178593450369301,10.436347623300925,42.47692616834182,10.448695300002704,45.49771988904401,0.7959804866372575,0.5142135287165494,0.4999298202325514,0.02222688485435259,0.03070767843658423,0.0,0.827989332042597,0.5021657635282236,0.453887532534034,0.8095857084986539,0.16818740664699358,0.4867454187399371,0.4825469028234786,0.453887532534034,0.546112467465966,27.97320759452336,17.524512294520655
market_residual,7650,2018,13,TB,CAR,24.0,17.0,7.0,41.0,1.0,1.0,0.0,3.5,52.0,0.3990623789540638,-2.8446176989930154,39.57979535371812,-3.7052413285847634,51.57178855385433,0.3843207357917664,0.49369245412326124,0.48641441032633503,0.029500022150425353,0.0,0.030754690006450702,0.3679509304805891,0.4981352514209218,0.4482580435223474,0.3570963698811421,0.6134036079684326,0.4981352514209218,0.5018647485790781,0.4344720063509195,0.5347733036426299,23.933273612634785,27.638514941219547
market_residual,7651,2018,13,TEN,NYJ,26.0,22.0,4.0,48.0,1.0,0.0,1.0,-10.5,40.5,0.7646152657022884,8.186634735593525,40.64583983699217,10.493409569852465,39.28484195369062,0.796976629935887,0.4997974522428864,0.46265324349551495,0.02216523889713634,0.0,0.0,0.8289958648833485,0.49933414526841163,0.438368849242528,0.810620973493471,0.1672137876093927,0.49933414526841163,0.5006658547315883,0.438368849242528,0.561631150757472,24.889125761771545,14.395716191919078
market_residual,7652,2018,13,PHI,WAS,28.0,13.0,15.0,41.0,1.0,1.0,0.0,-5.5,45.0,0.6810066436083144,5.269915368534367,42.165298703297,5.785096338442907,44.37581212413549,0.6768844802698275,0.5087613377075362,0.48020122181010794,0.027822574259594113,0.0,0.030735827088922196,0.7015335770461073,0.5010945543673389,0.44567218183562823,0.6820151070031433,0.2901623187372626,0.5010945543673389,0.49890544563266115,0.43197407871638566,0.5372900941946922,25.0804542312892,19.295357892846294
market_residual,7653,2018,14,TEN,JAX,30.0,9.0,21.0,39.0,1.0,1.0,1.0,-5.5,37.5,0.6445466074969616,4.135546613177776,42.230008738057606,5.280471763769992,37.79722824901981,0.6624041419101502,0.49325342454530974,0.5091476168721888,0.028287199907308602,0.0,0.0,0.6854969010750656,0.49804902588916516,0.45773330133221224,0.6661061131985145,0.30560668689417675,0.49804902588916516,0.5019509741108348,0.45773330133221224,0.5422666986677878,21.538850006394902,16.258378242624907
market_residual,7654,2018,14,ARI,DET,3.0,17.0,-14.0,20.0,0.0,0.0,0.0,2.5,40.5,0.49261628730775414,-0.2052440839338942,43.27315616130478,-1.811159471079462,40.90063490746935,0.4428174982313551,0.5211606298847926,0.5123292194312369,0.030428531040509355,0.0,0.0,0.4347190611049577,0.5035316495352863,0.45906236614010515,0.42149119866022444,0.5480802702992662,0.5035316495352863,0.4964683504647137,0.45906236614010515,0.5409376338598948,19.544737718194945,21.35589718927441
market_residual,7655,2018,14,BUF,NYJ,23.0,27.0,-4.0,50.0,0.0,0.0,1.0,-4.5,37.0,0.6813364676184355,5.28046829777617,40.193193677808814,5.325178272117875,37.103485767150005,0.663697432006425,0.5253436435567667,0.5032838415730627,0.028247448259139274,0.0,0.030770489757089015,0.6869336997912076,0.5043548002512994,0.4552861206098502,0.6675295756488963,0.3042229760919644,0.5043548002512994,0.4956451997487006,0.44127674369908,0.5279527665438309,21.21433201963394,15.889153747516065
market_residual,7656,2018,14,CHI,LAR,15.0,6.0,9.0,21.0,1.0,1.0,0.0,3.0,51.0,0.42300825340958853,-2.1571321581821756,42.45598884666148,-2.2689130238372615,49.72199981947119,0.4285091315379743,0.5231506391478569,0.4595173890368877,0.030260441477497402,0.030677350095523137,0.03062232740116766,0.41831070137783644,0.5039231745116551,0.4370629200447936,0.4056524348793815,0.5640871236431211,0.4884641468659137,0.4808585030385632,0.42367903621227154,0.5456986363865608,23.726543397816965,25.99545642165423
market_residual,7657,2018,14,CLE,CAR,26.0,20.0,6.0,46.0,1.0,1.0,0.0,1.0,47.5,0.36117624093721906,-3.962590182063459,39.175930811547985,-0.884535260193736,48.27122205161698,0.471997764693968,0.5036583737957454,0.523723523002887,0.03065480134363907,0.030724805293814772,0.0,0.46827910620493496,0.5000923255398403,0.46383100157539775,0.4539241032308458,0.5154210954255151,0.4847270862086977,0.4845481084974876,0.46383100157539775,0.5361689984246023,23.693343395711622,24.57787865590536
market_residual,7658,2018,14,DAL,PHI,29.0,23.0,6.0,52.0,1.0,1.0,1.0,-3.5,45.5,0.5714616378203127,1.9999580174788933,41.94428349327705,3.4354093009818296,45.4567325542571,0.6074759596902654,0.49801490229038287,0.4986682693451441,0.02966908867071122,0.0,0.0,0.6237742544536474,0.49898410550269695,0.45336167359231766,0.6052674407877554,0.36506347054153343,0.49898410550269695,0.5010158944973031,0.45336167359231766,0.5466383264076824,24.446070927619466,21.010661626637635
market_residual,7659,2018,14,GB,ATL,34.0,20.0,14.0,54.0,1.0,1.0,1.0,-4.0,50.5,0.509123801343819,0.2536228134855992,47.841341630604326,4.290409277504228,49.81169705337816,0.6332828576667717,0.5092005931790394,0.4788246063075073,0.0290934765435375,0.030718335394648855,0.0,0.6529313179292552,0.5011808382105271,0.44509932555590315,0.6339352759465393,0.33697124750992313,0.48578539712900487,0.4834962674763463,0.44509932555590315,0.5549006744440969,27.051053165441196,22.760643887936965
market_residual,7660,2018,14,HOU,IND,21.0,24.0,-3.0,45.0,0.0,0.0,0.0,-4.0,49.0,0.666682037681782,4.816960575552193,44.81289791910669,3.8206409590812793,48.93365967760854,0.6191716387195175,0.4943173210570496,0.49789485447368853,0.02942413164845442,0.030723088713578317,0.030771067181027623,0.637019114737524,0.4982579723889898,0.4530393352853287,0.6182753804429052,0.3523004879086403,0.4829499485010352,0.48632696278538656,0.4390988314636157,0.5301301013553567,26.37715031834491,22.55650935926363
market_residual,7661,2018,14,KC,BAL,27.0,24.0,3.0,51.0,1.0,0.0,1.0,-6.5,48.5,0.6949551132223887,5.721488079818882,40.26435331725706,6.4576784097658315,49.15308935737522,0.6957616147911677,0.4986993066963909,0.5200930014372842,0.027151311628030972,0.0,0.0,0.7222619241232087,0.4991185027489943,0.46230994527317587,0.7026515655442782,0.27019712282769087,0.4991185027489943,0.5008814972510057,0.46230994527317587,0.5376900547268242,27.805383883570528,21.347705473804695
market_residual,7662,2018,14,LAC,CIN,26.0,21.0,5.0,47.0,1.0,0.0,0.0,-17.0,48.5,0.8325356423058469,11.143687158658276,43.88328311104148,17.55406081125459,47.476687045948125,0.9168391989544055,0.5175492355319202,0.4685360362290275,0.012319333621875761,0.030698057104594667,0.0,0.9409704265452262,0.5028214426867039,0.4408177944838229,0.9293782979322969,0.058302368445827396,0.48738580132569276,0.4819161415697125,0.4408177944838229,0.559182205516177,32.515373928601356,14.961313117346767
market_residual,7663,2018,14,MIA,NE,34.0,33.0,1.0,67.0,1.0,1.0,1.0,9.5,49.5,0.27473415652910405,-6.745353088022939,42.012595602893825,-9.21503934862252,48.5728171642812,0.23265903595006554,0.5087571685582365,0.4714864646385681,0.02388501363435469,0.0,0.0,0.20207147149792354,0.5010937354255067,0.4420457051134014,0.19724499164608153,0.7788699947195639,0.5010937354255067,0.4989062645744933,0.4420457051134014,0.5579542948865985,19.67888890782934,28.893928256451858
market_residual,7664,2018,14,LV,PIT,24.0,21.0,3.0,45.0,1.0,1.0,0.0,10.5,51.0,0.201283285899532,-9.577360945368982,40.75300001609485,-10.85753858594132,50.19852484606601,0.19502220404396817,0.48901293478313845,0.4745847677210055,0.021659984807915755,0.0,0.030712726532669987,0.16355646853090647,0.4972160742799537,0.4433350297738174,0.16001383790729068,0.8183261772847936,0.4972160742799537,0.5027839257200464,0.42971900224202103,0.5395682712253089,19.670493130062344,30.528031716003664
market_residual,7665,2018,14,SF,DEN,20.0,14.0,6.0,34.0,1.0,1.0,0.0,3.0,45.5,0.36053152266906296,-3.9820143677086617,45.317045971667596,-3.5781636459549433,45.64741141774782,0.3881777131621565,0.48168787544340275,0.5045370932613223,0.029581115416560944,0.030695572504864765,0.0,0.3723232735929654,0.49577646485244403,0.4558089192247154,0.3613095358645401,0.609109348718899,0.4805583224293603,0.48874610506577487,0.4558089192247154,0.5441910807752846,21.034623885896437,24.61278753185138
market_residual,7666,2018,14,TB,NO,14.0,28.0,-14.0,42.0,0.0,0.0,0.0,10.0,54.0,0.25150431784559524,-7.578301662645272,42.74630347857099,-10.011154773677053,54.79940027445733,0.21392305425936659,0.49964656816619035,0.5253495279758056,0.022824938406511563,0.030726008905945568,0.03071303000371567,0.18272647605210932,0.49930451625945,0.46451278955998543,0.17855575549098102,0.7986193061025074,0.4839628812460833,0.4853111098479711,0.45024619431711993,0.5190407756791644,22.39412275039014,32.40527752406719
market_residual,7667,2018,14,WAS,NYG,16.0,40.0,-24.0,56.0,0.0,0.0,1.0,3.0,40.5,0.6708344946211541,4.947217099693344,40.76710246310657,-3.1975008763698094,41.31017121628967,0.39979790023228745,0.4937425748610738,0.5249201142712009,0.02980827523917784,0.03072246571922671,0.0,0.3855257723775522,0.49814509503097826,0.4643327010074043,0.3740339140427255,0.5961578107180966,0.4828408494256881,0.48643668485508523,0.4643327010074043,0.5356672989925957,19.05633516995993,22.253836046329738
market_residual,7668,2018,14,SEA,MIN,21.0,7.0,14.0,28.0,1.0,1.0,0.0,-3.0,45.5,0.6011654697913131,2.851220412285356,42.986461893957724,4.0208409882140765,45.83259896788948,0.6252065930826819,0.5323082737381423,0.5102359742229847,0.029287447631651642,0.03063119718260443,0.0,0.6438338745514643,0.5057268853700562,0.4581878386443488,0.624977623667055,0.3457349287012934,0.4902358654237416,0.479132937393654,0.4581878386443488,0.5418121613556512,24.92671997805178,20.905878989837703
market_residual,7669,2018,15,KC,LAC,28.0,29.0,-1.0,57.0,0.0,0.0,1.0,-3.5,54.0,0.6480212577312086,4.241165082285379,43.36968655102743,3.1928757916510273,55.08242932476904,0.6000603274533198,0.49056184234599665,0.5343047594878986,0.029810888390141066,0.0,0.030664407613382905,0.6153523131241602,0.497520351476812,0.4682744892396997,0.5970081139970007,0.3731809976128582,0.497520351476812,0.5024796485231879,0.4539151294267049,0.5154204629599123,29.137652558210032,25.944776766559006
market_residual,7670,2018,15,DEN,CLE,16.0,17.0,-1.0,33.0,0.0,0.0,0.0,-1.0,47.0,0.6813227480444247,5.280029215462482,42.098691921915,0.9716574826771246,47.075232455514794,0.5307549372795318,0.4991019862162714,0.5023873120467758,0.030640101631175864,0.03072594703961501,0.030770951948846215,0.5359826073713116,0.49919757695064204,0.45491220130880816,0.519560045808912,0.44979985255991206,0.48385925863895246,0.4854147943214325,0.440914119821391,0.5283149282297629,24.02344496909596,23.051787486418835
market_residual,7671,2018,15,NYJ,HOU,22.0,29.0,-7.0,51.0,0.0,,1.0,7.0,44.0,0.3436791709198817,-4.495407604680231,40.87618465380109,-7.4772694961504484,45.14034055207035,0.2766265029281457,0.48488174584543636,0.5361350628792676,0.02603092935554785,0.03070526874807561,0.03065266796651772,0.2486445729143463,0.49640430947916564,0.4690448422796669,0.24217212360217258,0.7317969470422796,0.481162081748905,0.4881326495030194,0.4546673664678606,0.5146799655656217,18.83153552795995,26.3088050241104
market_residual,7672,2018,15,ATL,ARI,40.0,14.0,26.0,54.0,1.0,1.0,1.0,-10.0,43.5,0.7203695540164713,6.5755343038269345,44.40203737956576,10.29070697627709,43.37884680588927,0.7924370847684825,0.5092100229908321,0.49627106777364266,0.022443942098410996,0.030718319633056212,0.0,0.8244007850231178,0.5011826905569512,0.45236269804428425,0.8058979815381743,0.17165807636341465,0.48578720047386764,0.4834944798930761,0.45236269804428425,0.5476373019557157,26.83477689108318,16.544069914806087
market_residual,7673,2018,15,BAL,TB,20.0,12.0,8.0,32.0,1.0,0.0,0.0,-8.5,45.0,0.7454264436882004,7.465464088711178,38.37194003486279,8.924825855023826,44.173530280912836,0.7602856048858587,0.5130541053392059,0.4737933321491435,0.02426088096061585,0.0,0.030709009266167375,0.7912873794031917,0.501937922286713,0.443005690695847,0.7720900504858532,0.20364906855353093,0.501937922286713,0.49806207771328703,0.42940142483530336,0.5398895658985292,26.54917806796833,17.624352212944505
market_residual,7674,2018,15,BUF,DET,14.0,13.0,1.0,27.0,1.0,0.0,0.0,-2.5,40.0,0.46836630560893483,-0.8804296641157725,43.970780410206594,2.453027754711121,39.48996327203911,0.5772198619517473,0.49855637608443987,0.48381973972033815,0.030182514649276793,0.0,0.0307476671574598,0.5893101577673663,0.4990904353921176,0.44717807982472657,0.5715232952975852,0.3982941900531381,0.4990904353921176,0.5009095646078824,0.4334283970661639,0.5358239357763763,20.971495513375118,18.518467758663995
market_residual,7675,2018,15,CHI,GB,24.0,17.0,7.0,41.0,1.0,1.0,0.0,-5.5,46.5,0.7313462905478483,6.958883543376996,42.81799218474059,5.849881933057053,47.07467575852114,0.6787243463492032,0.5107518359179626,0.5176822103729302,0.027760441816887194,0.0,0.0,0.7035630054115629,0.501485574601237,0.46130079815256864,0.684031785535321,0.28820777264779185,0.501485574601237,0.498514425398763,0.46130079815256864,0.5386992018474314,26.462278845789097,20.61239691273204
market_residual,7676,2018,15,CIN,LV,30.0,16.0,14.0,46.0,1.0,1.0,,-3.0,46.0,0.6457224015152261,4.171234579068796,42.99118389876956,3.330124590007171,45.490378829547865,0.6042615539790751,0.5104585539305828,0.48383291531769107,0.029731835660520345,0.030716090128933504,0.030747705913945933,0.620125837309893,0.5014279574842194,0.4471835634397624,0.6016883578261527,0.368579806513327,0.4860260511489671,0.4832578587220994,0.4334336947415662,0.5358185993444878,24.41025170977752,21.080127119770346
market_residual,7677,2018,15,IND,DAL,23.0,0.0,23.0,23.0,1.0,1.0,0.0,-3.0,46.5,0.45118718298744603,-1.3610798615433033,43.8592036344752,3.2815529819525984,46.211196884704066,0.6027761576952528,0.5089200615772914,0.49111163491864224,0.029760168179216118,0.030718796906524015,0.0,0.6184387413948382,0.5011257325131987,0.4502136394931535,0.6000339004423851,0.3702059313783988,0.4857317529114927,0.4835494501819833,0.4502136394931535,0.5497863605068465,24.746374933328333,21.464821951375733
market_residual,7678,2018,15,JAX,WAS,13.0,16.0,-3.0,29.0,0.0,0.0,0.0,-7.5,36.5,0.5895661410649676,2.5166296482145025,41.4016465420581,7.494985964993109,35.33404240876114,0.7238419517504002,0.49984590056485295,0.46416121354447454,0.026010458041817786,0.0,0.0,0.7526774685524406,0.49934365903339867,0.43899670523335005,0.7330999828376357,0.24088955912054655,0.49934365903339867,0.5006563409666014,0.43899670523335005,0.5610032947666499,21.414514186877128,13.919528221884017
market_residual,7679,2018,15,LAR,PHI,23.0,30.0,-7.0,53.0,0.0,0.0,1.0,-13.5,52.5,0.6834159121199774,5.347136059943232,44.000771357575346,13.513245737063533,53.52600382947941,0.8572770381386252,0.5004070893588337,0.5315465281010386,0.01787683797353845,0.0,0.0,0.8878368371370936,0.49945385934362013,0.4671145962560408,0.871965121852655,0.1101580401738066,0.49945385934362013,0.5005461406563798,0.4671145962560408,0.5328854037439592,33.51962478327147,20.006379046207936
market_residual,7680,2018,15,MIN,MIA,41.0,17.0,24.0,58.0,1.0,1.0,1.0,-7.5,45.0,0.7107903422486177,6.248459627924194,42.65971025046882,7.61491763554058,44.819054788553665,0.7270026268357627,0.5035317886336851,0.494258329234806,0.025871033424611167,0.0,0.03076847316630238,0.7560667256559714,0.5000674667702414,0.45152418084384893,0.7365064981252895,0.23762246845009935,0.5000674667702414,0.4999325332297586,0.4376314712016183,0.5316000556320793,26.21698621204712,18.602068576506543
market_residual,7681,2018,15,NYG,TEN,0.0,17.0,-17.0,17.0,0.0,0.0,0.0,2.5,42.0,0.47061449182081166,-0.8177080312750149,41.59378113567389,-2.0218705943220505,42.69872974657377,0.4362204020488457,0.5146913246030649,0.5221608209873639,0.03035572740387016,0.0,0.030726812194912245,0.427148909756754,0.5022596647659093,0.4631760828480616,0.41418249389131767,0.5554617787048122,0.5022596647659093,0.49774033523409067,0.4489441583372141,0.5203290294678737,20.338429576125858,22.36030017044791
market_residual,7682,2018,15,PIT,NE,17.0,10.0,7.0,27.0,1.0,1.0,0.0,2.5,56.0,0.503157864925599,0.08777353901650713,41.450025955081045,-2.3781214983685093,55.7913158244743,0.425109000947395,0.5037457123350335,0.4933782067530651,0.030214927671271874,0.0,0.030767483959175723,0.41441759284602436,0.5001094771185076,0.451157580742121,0.40189599525247915,0.567889077076249,0.5001094771185076,0.4998905228814924,0.43727659711357725,0.531955918927247,26.706597163052898,29.084718661421405
market_residual,7683,2018,15,SF,SEA,26.0,23.0,3.0,49.0,1.0,1.0,1.0,3.5,44.0,0.2760723876462012,-6.698754730750515,42.61114035845496,-3.614768203181276,43.155013528294106,0.387065533922893,0.49647280378369907,0.47320708045839865,0.029558024107493752,0.0,0.030706182095898593,0.37106196259551627,0.49868127636487475,0.442761731577242,0.3600941041597441,0.6103478717327622,0.49868127636487475,0.5013187236351253,0.42916620922233584,0.5401276086817655,19.770122662556414,23.38489086573769
market_residual,7684,2018,15,CAR,NO,9.0,12.0,-3.0,21.0,0.0,1.0,0.0,6.0,50.5,0.2923427264436009,-6.142890910490605,45.469562677661656,-5.596696544438135,51.4423048703753,0.3284911000740068,0.5127761646068313,0.528977769199444,0.028000088279525492,0.03071120093777202,0.0,0.30533680509626215,0.5018833075166971,0.4660354296137709,0.29678734759857855,0.675212564121896,0.48646986841223816,0.4828189306499898,0.4660354296137709,0.533964570386229,22.922804162968582,28.51950070740672
market_residual,7685,2018,16,LAC,BAL,10.0,22.0,-12.0,32.0,0.0,0.0,0.0,-4.0,42.5,0.6493169860313373,4.280672538017207,40.856418683435706,4.233894128956212,42.71829654192908,0.6315945388453549,0.5074103476180231,0.5067186539144176,0.029135076432237506,0.030721035164730293,0.0,0.6510317149692054,0.5008291923339052,0.4567192576994449,0.6320638561937669,0.3388010673739955,0.48544320110469186,0.4838357637305779,0.4567192576994449,0.5432807423005551,23.476095335442643,19.242201206486435
market_residual,7686,2018,16,TEN,WAS,25.0,16.0,9.0,41.0,1.0,0.0,1.0,-11.5,37.5,0.7192309759095428,6.536307054505187,42.262692517459435,11.185523633963564,37.24275126704622,0.8120147696658709,0.49033594869952374,0.49208263478806763,0.02120047096201244,0.0,0.0,0.8440643000848146,0.4974759777369126,0.45061799701786087,0.8261697394007952,0.15262978963719245,0.4974759777369126,0.5025240222630873,0.45061799701786087,0.5493820029821391,24.214137450504893,13.02861381654133
market_residual,7687,2018,16,ARI,LAR,9.0,31.0,-22.0,40.0,0.0,0.0,0.0,14.5,43.0,0.22079951279609003,-8.762417674399657,43.41649426061787,-13.786910602704337,42.4163282219869,0.13794042176785548,0.5219047994246446,0.48148537976818856,0.01748506494893698,0.0,0.03074030181990739,0.10811465179891369,0.50367804579445,0.44620658059526963,0.10622426009027798,0.876290674960785,0.50367804579445,0.49632195420555003,0.4324900556337422,0.5367696425463504,14.314708809641282,28.10161941234562
market_residual,7688,2018,16,CAR,ATL,10.0,24.0,-14.0,34.0,0.0,0.0,0.0,3.0,46.0,0.6007468064813766,2.8390891548946184,44.72357397895955,-2.795571889753944,46.08481449659276,0.41216686683065146,0.5064768813550747,0.5026913694515699,0.030021997858389438,0.03072221201604175,0.03077081157321998,0.3996235816024077,0.5006458528729874,0.4550390092820274,0.38762608329137827,0.5823519188502323,0.4852649048360714,0.4840128831478869,0.44103708966894545,0.5281920987578347,21.64462130341941,24.440193193173354
market_residual,7689,2018,16,CLE,CIN,26.0,18.0,8.0,44.0,1.0,0.0,,-10.0,44.0,0.5790842374161619,2.2167448642955696,39.5773009312404,9.895256009093856,43.506984149856066,0.783406478243432,0.4966812929144716,0.4843594155530163,0.022981660637226342,0.030725020429662964,0.030749228776807636,0.8151985178217189,0.49872221894750773,0.44740269302386726,0.7964639021331702,0.18055443722960338,0.48339896858161874,0.48587601098871824,0.43364540526071654,0.5356053659624759,26.70112007947496,16.805864070381105
market_residual,7690,2018,16,DAL,TB,27.0,20.0,7.0,47.0,1.0,0.0,0.0,-7.5,48.0,0.7346032403342355,7.074515577580123,39.86354465323551,7.616605876786641,47.564899722151274,0.7270469872267501,0.5035836723327908,0.48619594184522746,0.025869060377112674,0.0,0.03075414592107234,0.7561142421841318,0.5000776556701321,0.448167105340128,0.7365542772010757,0.2375766624218116,0.5000776556701321,0.49992234432986793,0.4343841087854731,0.5348617452934546,27.59075279946896,19.974146922682316
market_residual,7691,2018,16,DET,MIN,9.0,27.0,-18.0,36.0,0.0,0.0,0.0,6.5,42.5,0.43774888630179176,-1.7392843920805898,45.27974031941626,-6.469579695584841,42.91825848311642,0.30390892722403967,0.5009349251743591,0.5128713866414036,0.027138924959751565,0.0,0.0,0.2782588461050931,0.49955751037667157,0.45928894530775394,0.27070720016125993,0.7021538748789885,0.49955751037667157,0.5004424896233284,0.45928894530775394,0.540711054692246,18.22433939376579,24.69391908935063
market_residual,7692,2018,16,IND,NYG,28.0,27.0,1.0,55.0,1.0,0.0,1.0,-10.0,48.5,0.7299195359249222,6.908509060626347,43.04276496171421,9.616638902499567,48.92763720357998,0.7769067010801295,0.4878553790687618,0.5131599015840906,0.02335521780381422,0.030712629948403902,0.0,0.8085263299618957,0.4969886513085409,0.45940953168328663,0.789643021425517,0.18700176077066874,0.48172482277234535,0.48756254727925075,0.45940953168328663,0.5405904683167133,29.27213805303977,19.655499150540205
market_residual,7693,2018,16,MIA,JAX,7.0,17.0,-10.0,24.0,0.0,0.0,0.0,-3.0,39.5,0.5902730519517146,2.536934845309615,40.687235834324966,2.6556503021719933,40.38702859899433,0.5835053486958051,0.48909089894251695,0.5272806474676801,0.03008999207884111,0.03071521606503147,0.0,0.5964908214692509,0.4972313909467193,0.4653229791037546,0.5785424173761398,0.3913675905450192,0.4819588213394747,0.4873259625954938,0.4653229791037546,0.5346770208962455,21.52133945058316,18.865689148411168
market_residual,7694,2018,16,NE,BUF,24.0,12.0,12.0,36.0,1.0,0.0,0.0,-13.5,45.0,0.8322379605623224,11.128861186120657,43.701614247097666,13.697905183496053,44.37163470286034,0.8605164757702787,0.5060821067784917,0.4800688302070564,0.017612390481164586,0.0,0.030735348687679576,0.8908687565406985,0.500568319005639,0.4456170884890849,0.8751784281330341,0.10720918138580122,0.500568319005639,0.49943168099436097,0.4319208918931843,0.5373437594191361,29.034769943178198,15.336864759682143
market_residual,7695,2018,16,NO,PIT,31.0,28.0,3.0,59.0,1.0,0.0,1.0,-6.5,53.0,0.7219331050884942,6.629562721301954,43.45382712453943,5.934634060690461,52.351270390666585,0.681124463306737,0.48262975097336885,0.47942347335250424,0.027678329536513502,0.0,0.03073297096832317,0.7062075268935952,0.4959616438316979,0.4453485324888252,0.6866608822430681,0.2856607882204184,0.4959616438316979,0.5040383561683022,0.43166164896906084,0.537605380062616,29.142952225678524,23.20831816498806
market_residual,7696,2018,16,NYJ,GB,38.0,44.0,-6.0,82.0,0.0,0.0,1.0,3.0,47.5,0.42012166502606035,-2.2393888835177402,42.498182430987804,-3.225335607151238,47.43590233266476,0.3989449720927026,0.4928607772848147,0.4980271393968263,0.029792473748136983,0.03072139328557949,0.0,0.38455525888392494,0.4979719082285162,0.45309446551825105,0.37309840642891756,0.5971091198229455,0.4826735173906575,0.48660508932376306,0.45309446551825105,0.546905534481749,22.10528336275676,25.330618969908
market_residual,7697,2018,16,PHI,HOU,32.0,30.0,2.0,62.0,1.0,1.0,1.0,-1.0,46.5,0.648982309205412,4.2704616569559315,43.48339478712131,1.3467759532513854,46.8565248403001,0.542588172174532,0.5109859456281446,0.5109721308255646,0.030561169150905676,0.030715063305438828,0.0,0.5495959832513297,0.5015315679605086,0.45849534643840634,0.5327996874425275,0.4366391434065668,0.4861269941009256,0.4831579425936356,0.45849534643840634,0.5415046535615937,24.101650396775742,22.754874443524354
market_residual,7698,2018,16,SF,CHI,9.0,14.0,-5.0,23.0,0.0,0.0,0.0,4.0,44.0,0.30427331004761965,-5.74679688608122,41.91016465852909,-4.022500872690135,43.04460960752395,0.37474349942921253,0.4992870746065668,0.4697129088481246,0.02928628792062926,0.030725974106455778,0.030688031466833965,0.357116888938407,0.4992339226997959,0.44130760485387327,0.3466582609076374,0.6240554511717333,0.4838944741178576,0.48537955177568654,0.4277647431895645,0.5415472253436016,19.511054367416907,23.533555240107045
market_residual,7699,2018,16,SEA,KC,38.0,31.0,7.0,69.0,1.0,1.0,1.0,1.0,54.5,0.4472106880413327,-1.4727594098977896,41.734698815968486,-0.6494441735976832,54.31885270568247,0.47943215994321314,0.5111056612588721,0.49442463044235935,0.030687607016644636,0.0307148231851449,0.0,0.47684313359884734,0.501555087732639,0.45159345498162606,0.46220995890638056,0.5071024340769749,0.4861499118953212,0.48313526491953396,0.45159345498162606,0.5484065450183739,26.83470426604239,27.484148439640077
market_residual,7700,2018,16,LV,DEN,27.0,14.0,13.0,41.0,1.0,1.0,0.0,2.5,42.5,0.37566941223334455,-3.5297404389614075,44.42887103710077,-3.037380019831078,42.1738455458758,0.4047138466455774,0.48348908380123246,0.4899623180859473,0.029896668369187696,0.0,0.0,0.391123645624584,0.4961305741336189,0.4497350733971299,0.3794303516999981,0.5906729799308141,0.4961305741336189,0.5038694258663812,0.4497350733971299,0.5502649266028701,19.568232763022362,22.605612782853438
market_residual,7701,2018,17,BAL,CLE,26.0,24.0,2.0,50.0,1.0,0.0,1.0,-7.0,41.0,0.8037264948378241,9.795945706598014,38.378001799558106,6.979041129224956,41.82006589390117,0.7100384249298252,0.49933593187774844,0.5260039051788714,0.026592992481408118,0.030725980213629045,0.030709972495150617,0.7377923954575434,0.49924351678137296,0.46478727195833613,0.7181722878323008,0.255234719686291,0.48390377036296595,0.48537024942340506,0.4505136676203995,0.5187763598844498,24.399553511563063,17.42051238233811
market_residual,7702,2018,17,BUF,MIA,42.0,17.0,25.0,59.0,1.0,1.0,1.0,-5.5,39.5,0.5741180667719793,2.075391951478659,40.98117988024188,6.050279133260538,39.39441670175933,0.684386896176985,0.5169070048484206,0.4967502768281457,0.027564783486097255,0.0,0.0,0.7097968665656195,0.5026951819876946,0.4525623705970836,0.6902314696196279,0.28220374689427485,0.5026951819876946,0.4973048180123054,0.4525623705970836,0.5474376294029164,22.722347917509936,16.672068784249397
market_residual,7703,2018,17,DEN,LAC,9.0,23.0,-14.0,32.0,0.0,0.0,0.0,7.0,43.5,0.3437142322869771,-4.494327531482959,45.12489529111143,-6.90113339589929,42.83993776422322,0.2920743977430477,0.5031324921022328,0.4796926548119548,0.02667842079204641,0.030725129483277214,0.0,0.2653522962014,0.4999890535607361,0.4454605480450243,0.2582731159852033,0.7150484632227503,0.4846268251498612,0.48464804536686157,0.4454605480450243,0.5545394519549758,17.969402184161964,24.870535580061258
market_residual,7704,2018,17,GB,DET,0.0,31.0,-31.0,31.0,0.0,0.0,0.0,-7.5,44.5,0.6316609153587635,3.7477792132166177,47.281306239557324,8.109607787617058,43.29385274552767,0.739842497045601,0.5187285685891726,0.46292938038914816,0.025280986146753948,0.0,0.0,0.7697583576042912,0.5030533252024636,0.4384838273898388,0.7502981072293491,0.22442090662389697,0.5030533252024636,0.4969466747975364,0.4384838273898388,0.5615161726101612,25.701730266572365,17.592122478955307
market_residual,7705,2018,17,HOU,JAX,20.0,3.0,17.0,23.0,1.0,1.0,0.0,-7.0,39.5,0.6979345764799089,5.819419176198544,42.42372867990015,7.287992624236294,39.691298094149424,0.7183439184129987,0.5091240438422184,0.5058877698087418,0.02624759598632087,0.030718462746452402,0.0,0.7467646454701777,0.5011658012769183,0.4563724948349927,0.7271638687590084,0.24658853525467075,0.48577075828059735,0.48351077897295025,0.4563724948349927,0.5436275051650072,23.48964535919286,16.201652734956564
market_residual,7706,2018,17,KC,LV,35.0,3.0,32.0,38.0,1.0,1.0,0.0,-14.5,52.5,0.8766816109876622,13.629024870329859,43.36570973846919,14.754787467045045,51.36704413941936,0.8780774474442877,0.5078300380263481,0.46517299046156646,0.016109568547647668,0.0,0.0,0.9070420717302455,0.5009116256973865,0.43941792297651894,0.8924300153001068,0.09146041615224554,0.5009116256973865,0.49908837430261355,0.43941792297651894,0.5605820770234811,33.060915803232206,18.306128336187157
market_residual,7707,2018,17,LAR,SF,48.0,32.0,16.0,80.0,1.0,1.0,1.0,-10.5,49.5,0.8417472670748019,11.61328794046657,45.08824374717942,11.135774366011226,49.994991111672334,0.8109577982830588,0.5195318373217416,0.5152316794544286,0.021270411588628912,0.0,0.0,0.8430131377920314,0.503211287885969,0.4602756937597651,0.8250819013765733,0.15364768703479778,0.503211287885969,0.496788712114031,0.4602756937597651,0.5397243062402348,30.56538273884178,19.429608372830554
market_residual,7708,2018,17,MIN,CHI,10.0,24.0,-14.0,34.0,0.0,0.0,0.0,-6.0,40.5,0.5450288104605401,1.2549690157777422,42.1461405041683,6.0351329049708875,40.218473874149794,0.6839604406319629,0.5011131621745991,0.4913355599153936,0.027579752766127286,0.030725907759962867,0.0,0.7093280297862484,0.49959251083728695,0.4503068860645233,0.6897649380946596,0.2826553091392132,0.4842420774317322,0.48503201480830493,0.4503068860645233,0.5496931139354767,23.12680338956034,17.091670484589454
market_residual,7709,2018,17,NE,NYJ,38.0,3.0,35.0,41.0,1.0,1.0,0.0,-14.5,46.5,0.884236071396049,14.127919532006727,42.061639846735275,14.866675243934484,46.5627798972511,0.8798398964600839,0.5112677585356492,0.5019323013090944,0.015951987948327584,0.0,0.0,0.9086397103234459,0.5015869343468778,0.4547224501088761,0.8941451006149944,0.08990291143667796,0.5015869343468778,0.49841306565312216,0.4547224501088761,0.545277549891124,30.714727570592792,15.848052326658307
market_residual,7710,2018,17,NO,CAR,14.0,33.0,-19.0,47.0,0.0,0.0,1.0,-8.0,42.0,0.8628642514105735,12.780668718577672,45.49026269260342,8.753377240614167,41.87441029638992,0.7560620355503189,0.5238556304556529,0.4960147715436781,0.02447995688056348,0.03067433955864296,0.03077002628276676,0.7868679628707437,0.5040619111597032,0.45225591195880027,0.7676054690689711,0.20791457405046548,0.48860014493821197,0.4807255155031451,0.4383399856612913,0.5308899880559418,25.31389376850204,16.560516527887877
market_residual,7711,2018,17,NYG,DAL,35.0,36.0,-1.0,71.0,0.0,0.0,1.0,-7.5,38.5,0.36717360986283537,-3.7826099605932084,40.86833635958881,7.707644779248929,39.10480813145595,0.7294336986419341,0.5063814032712699,0.5186086980346246,0.02576224071808031,0.0,0.0,0.7586686188897028,0.5006271008042945,0.46168854163420586,0.7391236153046128,0.23511414397730693,0.5006271008042945,0.4993728991957055,0.46168854163420586,0.5383114583657942,23.40622645535244,15.698581676103508
market_residual,7712,2018,17,PIT,CIN,16.0,13.0,3.0,29.0,1.0,0.0,0.0,-14.0,45.0,0.8201980080504743,10.545987382868708,41.6698775459403,14.351169688208724,44.60507843932326,0.8715667170056011,0.5111251033100209,0.48747020468464874,0.01668076643132388,0.030714783943420088,0.03075719702588814,0.9010989298147658,0.5015589074122596,0.44869754002490053,0.8860679090350098,0.09725132453366633,0.4861536339361942,0.4831315821203857,0.43489686138132333,0.5343459415927886,29.47812406376599,15.126954375557267
market_residual,7713,2018,17,SEA,ARI,27.0,24.0,3.0,51.0,1.0,0.0,1.0,-14.0,39.5,0.8708553366280777,13.261912847489848,41.647915982514164,14.106380713495223,39.364205804991876,0.8675005898951308,0.5033705637204159,0.49582045307315314,0.017028993132350956,0.030724988939960673,0.0,0.8973551145286114,0.500035805580863,0.4521749513204524,0.8820740604460237,0.10089694642162539,0.4846722109848067,0.48460280007523265,0.4521749513204524,0.5478250486795476,26.735293259243548,12.628912545748326
market_residual,7714,2018,17,TB,ATL,32.0,34.0,-2.0,66.0,0.0,1.0,1.0,2.5,51.5,0.4475720365117502,-1.4626033496008222,41.94071918781485,-2.7056312850213198,51.77349326849805,0.4149475109208622,0.49368047085175376,0.5084172526146428,0.030066087264146835,0.0,0.0,0.4027986245677006,0.4981328979275209,0.45742833482395034,0.3906880459715698,0.5792458667642834,0.4981328979275209,0.5018671020724791,0.45742833482395034,0.5425716651760497,24.533930991738366,27.239562276759685
market_residual,7715,2018,17,TEN,IND,17.0,33.0,-16.0,50.0,0.0,0.0,1.0,5.5,42.5,0.6065672979809429,3.008136589643882,44.483458604848906,-5.252901215408407,42.46692378412893,0.3383944154107847,0.5075937811488709,0.49898194488106984,0.028311575340727924,0.0,0.0,0.3163391776148544,0.5008652211214849,0.4534924153527518,0.30738311715458755,0.6643053075046845,0.5008652211214849,0.4991347788785151,0.4534924153527518,0.5465075846472482,18.60701128436026,23.85991249976867
market_residual,7716,2018,17,WAS,PHI,0.0,24.0,-24.0,24.0,0.0,0.0,0.0,6.0,42.5,0.3371926651881072,-4.696146988325654,41.837401683398205,-5.9239227626536834,42.28552843385497,0.3191784455168957,0.5024104435975782,0.493399059000532,0.027688758907059352,0.03072549280358322,0.0,0.2950381388742771,0.49984726076666214,0.4511662659695215,0.28686889897859974,0.6854423421143409,0.4844892073530853,0.48478529984333146,0.4511662659695215,0.5488337340304785,18.180802835600645,24.104725598254326
market_residual,7717,2018,Wildcard,DAL,SEA,24.0,22.0,2.0,46.0,1.0,0.0,1.0,-2.5,43.0,0.5359535328869623,1.0010506783790443,41.37148982280789,2.8424014133584086,42.99396709363021,0.5892791523700615,0.5105220142073372,0.49980855977869454,0.029998497484126807,0.0,0.030771466702730066,0.6030778798124694,0.5014404245423334,0.4538369825303085,0.5849864495521826,0.3850150529636907,0.5014404245423334,0.4985595754576666,0.4398717529339096,0.5293567803633602,22.91818425349431,20.0757828401359
market_residual,7718,2018,Wildcard,HOU,IND,7.0,21.0,-14.0,28.0,0.0,0.0,0.0,-2.0,48.5,0.5506768543874524,1.4134085171396398,44.83177438816706,2.074857820452477,48.63439405159287,0.5654357688218634,0.5023718078660014,0.5041364541105285,0.030336189783305045,0.030725509576313925,0.0,0.5758227134254325,0.49983967370850096,0.45564177819072965,0.5583544463094209,0.41130936390727413,0.4844818450273488,0.4847926453963373,0.45564177819072965,0.5443582218092704,25.354625936022675,23.279768115570196
market_residual,7719,2018,Wildcard,BAL,LAC,17.0,23.0,-6.0,40.0,0.0,0.0,0.0,-3.0,43.0,0.6007958993321131,2.8405114562806846,41.06883567833261,3.453102962254457,43.05190230986923,0.6080154256165705,0.514353090574822,0.5016469940735743,0.029658365299937706,0.03070731642322949,0.030771223449545637,0.6243862231480408,0.5021931911043347,0.45460347704590215,0.6058679484536678,0.3644736862463945,0.48677218587950255,0.482520497697268,0.4406147718727823,0.5286140046776721,23.25250263606184,19.799399673807386
market_residual,7720,2018,Wildcard,CHI,PHI,15.0,16.0,-1.0,31.0,0.0,0.0,0.0,-6.5,41.5,0.6210899805085035,3.4338949403221415,40.447179446309306,6.563112197903893,41.98594808082446,0.6986745903524239,0.5019396585701964,0.5149535422958068,0.02704098341488026,0.0,0.0,0.725441347824169,0.4997548111305857,0.4601593849649037,0.7058247003691873,0.2671343162159325,0.4997548111305857,0.5002451888694144,0.4601593849649037,0.5398406150350963,24.274530139364174,17.711417941460283
market_residual,7721,2018,Division,KC,IND,31.0,13.0,18.0,44.0,1.0,1.0,0.0,-4.0,54.0,0.6698886323829655,4.9174740529193075,44.58278656174639,5.338987144008099,54.15582018889716,0.664096500534261,0.542342828409836,0.5049444604229514,0.02823511346443419,0.030563065353223506,0.030769247613237793,0.6873768768674432,0.5077081181649082,0.45597887979075824,0.6679687127562626,0.3037961737793033,0.49219100176907205,0.47724593287770445,0.4419487527320696,0.5272819996546926,29.74740366645263,24.40841652244453
market_residual,7722,2018,Division,LAR,DAL,30.0,22.0,8.0,52.0,1.0,1.0,1.0,-7.5,48.0,0.6761569214945955,5.115406059838119,43.81597822338965,7.556192013902384,48.56947611974859,0.7254572714158793,0.5017269785234888,0.5180646412893386,0.025939486844134663,0.0,0.030741798763989803,0.7544105202925306,0.4997130466723397,0.46146083698937973,0.7348414985263257,0.23921901462953957,0.4997130466723397,0.5002869533276604,0.4472747008011899,0.5219835004348202,28.062834066825488,20.506642052923105
market_residual,7723,2018,Division,NE,LAC,41.0,28.0,13.0,69.0,1.0,1.0,1.0,-3.5,47.5,0.5802278125036002,2.249358109296765,44.451707246356406,4.099589004225211,47.40012741675703,0.6275719094454308,0.5184209889442223,0.49692604198594253,0.029231953014609957,0.0,0.0,0.6465009805958284,0.5029928446303757,0.45263561004224667,0.6276024943071519,0.3431655526782382,0.5029928446303757,0.49700715536962425,0.45263561004224667,0.5473643899577534,25.74985821049112,21.65026920626591
market_residual,7724,2018,Division,NO,PHI,20.0,14.0,6.0,34.0,1.0,0.0,0.0,-8.5,52.0,0.6541324008624657,4.428092514531407,45.47804964542169,9.089787700892844,51.660015597473155,0.7643105491922111,0.5181200753894772,0.48921273996919995,0.024047986196909288,0.0,0.030760891197994022,0.795484601696821,0.5029336774093723,0.4494229817976468,0.776354798975362,0.19959721482772874,0.5029336774093723,0.49706632259062766,0.43559833035269135,0.5336407784493148,30.374901649183,21.285113948290157
market_residual,7725,2018,Conference,KC,NE,31.0,37.0,-6.0,68.0,0.0,0.0,1.0,-3.0,56.0,0.6174805937455411,3.3275174414858593,43.536710675384946,3.3682947832917063,56.24221555216147,0.6054277684657329,0.5116674731649241,0.5076856570137462,0.029709297616396457,0.03071366155199745,0.030766100201948032,0.6214499084103414,0.5016654666554957,0.4571229011844607,0.6029870681276963,0.3673036342559073,0.486257483300314,0.4830288551476886,0.4430590122020144,0.5261748875960376,29.80525516772659,26.43696038443488
market_residual,7726,2018,Conference,NO,LAR,23.0,26.0,-3.0,49.0,0.0,0.0,0.0,-3.0,55.5,0.6504026444406742,4.313826552038296,47.938094348733976,3.8343810536566894,55.18395935982974,0.6195868018311059,0.526416936648827,0.49027351668185093,0.02941495393384086,0.030662640667275864,0.0,0.6374883646359182,0.504566111891478,0.44986464894163813,0.6187366737567931,0.35184837230936605,0.48909478250966515,0.480242576823059,0.44986464894163813,0.5501353510583619,29.509170206743217,25.674789153086525
market_residual,7727,2018,Superbowl,LAR,NE,3.0,13.0,-10.0,16.0,0.0,0.0,0.0,2.0,55.5,0.4679986901680058,-0.8906890238552695,45.38946581405192,-2.622808258383103,55.258513401149834,0.4175119893800758,0.48027499430892917,0.49256768931376854,0.030105467179609158,0.03069069154117554,0.0,0.40572858390295863,0.4954986368411641,0.45082000525585053,0.3935139353364388,0.576380597483952,0.48029144101879895,0.48901786744002557,0.45082000525585053,0.5491799947441495,26.317852571383366,28.94066082976647
market_residual,7728,2019,1,CHI,GB,3.0,10.0,-7.0,13.0,0.0,0.0,0.0,-3.0,46.5,0.7477743360187479,7.5517005102645545,42.78491687481547,3.0,48.767219285141074,0.5917600544102687,0.5,0.5750947945672672,0.029207859520072987,0.029958540665674993,0.0,0.6217162337591796,0.47104390521199874,0.5391675305252894,0.6035572333421927,0.3672349071377344,0.4569321172223867,0.5131093421119383,0.5391675305252894,0.46083246947471057,25.883609642570537,22.883609642570537
market_residual,7729,2019,1,ARI,DET,27.0,27.0,0.0,54.0,0.5,1.0,1.0,3.0,45.5,0.42691112160981887,-2.0461521844156234,43.14520718589101,-3.0,43.326081622115,0.40823994558973126,0.5,0.42796097893834667,0.029207859520072987,0.029958540665674993,0.0,0.439997317133744,0.47104390521199874,0.41692049857873187,0.4271459373056926,0.5436462031742344,0.4569321172223867,0.5131093421119383,0.41692049857873187,0.5830795014212682,20.1630408110575,23.1630408110575
market_residual,7730,2019,1,CAR,LAR,27.0,30.0,-3.0,57.0,0.0,0.0,1.0,2.0,49.5,0.4657647999223621,-0.9530533762406503,44.23899667033015,-2.0,49.187073640028366,0.4385138905247362,0.5,0.4895744672489418,0.02962255170675454,0.029958540665674993,0.0,0.4705663519697983,0.47104390521199874,0.46778224958162234,0.4566269758771141,0.5137504724161315,0.4569321172223867,0.5131093421119383,0.46778224958162234,0.5322177504183776,23.593536820014183,25.593536820014183
market_residual,7731,2019,1,CLE,TEN,13.0,43.0,-30.0,56.0,0.0,0.0,1.0,-5.5,44.0,0.4848539809150287,-0.421110116874188,39.554606571245415,5.5,43.94571505436526,0.6646634247458649,0.5,0.4981305340363275,0.027509209259250378,0.0,0.033310018414827,0.6916513863666558,0.47104390521199874,0.4748667183906647,0.6726246036446448,0.2998661870961048,0.47104390521199874,0.5289560947880012,0.4590488992564832,0.5076410823286898,24.72285752718263,19.22285752718263
market_residual,7732,2019,1,DAL,NYG,35.0,17.0,18.0,52.0,1.0,1.0,1.0,-7.0,44.0,0.7140460351296883,6.3588814304057,41.17107954632823,7.0,42.9564145559456,0.705721279292334,0.5,0.46411090990297194,0.02609262965763215,0.029958540665674993,0.033184143034502456,0.730517210097491,0.47104390521199874,0.4467400883154275,0.7114560950758906,0.2624512752664773,0.4569321172223867,0.5131093421119383,0.4319154013255221,0.5349004556399753,24.9782072779728,17.9782072779728
market_residual,7733,2019,1,JAX,KC,26.0,40.0,-14.0,66.0,0.0,0.0,1.0,3.5,49.0,0.3710668832748317,-3.666436269139076,41.896402857655424,-3.5,48.51988464296569,0.39329949365224415,0.5,0.4834705958751537,0.02894142783201714,0.0,0.033283605611498235,0.42482054202732056,0.47104390521199874,0.4627331280383207,0.41252562896867845,0.5585329431993044,0.47104390521199874,0.5289560947880012,0.4473317011013183,0.5193846932871835,22.509942321482846,26.009942321482846
market_residual,7734,2019,1,LAC,IND,30.0,24.0,6.0,54.0,1.0,,1.0,-6.0,44.5,0.6107463026274323,3.130049600606435,45.080306804277235,6.0,45.801124196117875,0.6786081041899562,0.5,0.5432683348020481,0.027066802970769077,0.029958540665674993,0.0,0.7048925769426471,0.47104390521199874,0.5124248105957724,0.6858133884469828,0.28711980858224817,0.4569321172223867,0.5131093421119383,0.5124248105957724,0.4875751894042276,25.900562098058938,19.900562098058938
market_residual,7735,2019,1,MIA,BAL,10.0,59.0,-49.0,69.0,0.0,0.0,1.0,7.0,40.5,0.3589285135617591,-4.030376006034267,38.973889129718906,-7.0,41.00520448710687,0.2942787207076661,0.5,0.516828441302701,0.02609262965763215,0.029958540665674993,0.0,0.322658289490021,0.47104390521199874,0.4903825868928746,0.31423928623639286,0.6596680841059751,0.4569321172223867,0.5131093421119383,0.4903825868928746,0.5096174131071254,17.002602243553437,24.002602243553437
market_residual,7736,2019,1,MIN,ATL,28.0,12.0,16.0,40.0,1.0,1.0,0.0,-3.5,47.0,0.6061998258537568,2.9974384546202963,46.48456731217138,3.5,46.48992692138867,0.606700506347756,0.5,0.4824398788406393,0.028941427832017197,0.0,0.03328016414900725,0.6361474045649043,0.47104390521199874,0.461880883179171,0.617736390365164,0.35332218180281877,0.47104390521199874,0.5289560947880012,0.4465094115696797,0.520210424281313,24.994963460694336,21.494963460694336
market_residual,7737,2019,1,NE,PIT,33.0,3.0,30.0,36.0,1.0,1.0,0.0,-5.5,49.0,0.6664178526560048,4.80870116567723,41.47398665172291,5.5,47.451032851554956,0.6646634247458649,0.5,0.44681987167553955,0.027509209259250378,0.0,0.03303292805862146,0.6916513863666558,0.47104390521199874,0.43247396657708753,0.6726246036446448,0.2998661870961048,0.47104390521199874,0.5289560947880012,0.41818808515191996,0.5487789867894586,26.475516425777478,20.975516425777478
market_residual,7738,2019,1,NYJ,BUF,16.0,17.0,-1.0,33.0,0.0,0.0,0.0,-2.5,41.0,0.48900910492408894,-0.305539463763198,40.11109113043897,2.5,38.828635112491575,0.5766812482946179,0.5,0.4256711417585557,0.029435216566305822,0.0,0.03276737351521253,0.6070984405618187,0.47104390521199874,0.41503179344552593,0.589228366486815,0.3813364169468791,0.47104390521199874,0.5289560947880012,0.40143229164900784,0.5658003348357796,20.664317556245788,18.164317556245788
market_residual,7739,2019,1,PHI,WAS,32.0,27.0,5.0,59.0,1.0,0.0,1.0,-10.0,44.5,0.7542858839511486,7.793693971109315,42.128925977718,10.0,44.12772920440754,0.7798767789235748,0.5,0.4875979194754042,0.022597789108547373,0.029958540665674993,0.0,0.7998166627492082,0.47104390521199874,0.4661468310559796,0.7817425744788994,0.19565963641255324,0.4569321172223867,0.5131093421119383,0.4661468310559796,0.5338531689440205,27.06386460220377,17.06386460220377
market_residual,7740,2019,1,SEA,CIN,21.0,20.0,1.0,41.0,1.0,0.0,0.0,-9.0,44.0,0.7505969341727892,7.65607997418886,42.35062498230637,9.0,43.55902692291736,0.7564466266464621,0.5,0.4848174848383103,0.02384143244000786,0.029958540665674993,0.03328778885940503,0.7780417188739189,0.47104390521199874,0.4638469518813658,0.7594920897978789,0.21666647776211334,0.4569321172223867,0.5131093421119383,0.4484065124840603,0.5183056986565346,26.27951346145868,17.27951346145868
market_residual,7741,2019,1,TB,SF,17.0,31.0,-14.0,48.0,0.0,0.0,0.0,-1.0,51.0,0.6087350115075693,3.071316692311657,40.74960114899521,1.0,48.24097581121109,0.5308376128884902,0.5,0.4059020262533279,0.02987418783187079,0.029958540665674993,0.03243809330836178,0.5623229643423809,0.47104390521199874,0.3987175547601056,0.5455240224834422,0.4246017896846869,0.4569321172223867,0.5131093421119383,0.3857839175151155,0.5817779891765228,24.620487905605543,23.620487905605543
market_residual,7742,2019,1,NO,HOU,30.0,28.0,2.0,58.0,1.0,0.0,1.0,-6.5,51.5,0.7022461254898587,5.962110884988451,46.5290201721219,6.5,54.0711040876585,0.692299270401721,0.5,0.5850154056636284,0.026593992543465172,0.0,0.0,0.7178518452313221,0.47104390521199874,0.5475609411796178,0.6987612986119276,0.2746447088446073,0.47104390521199874,0.5289560947880012,0.5475609411796178,0.45243905882038216,30.28555204382925,23.78555204382925
market_residual,7743,2019,1,LV,DEN,24.0,16.0,8.0,40.0,1.0,1.0,0.0,3.0,42.5,0.5174162408352447,0.48427766830425756,44.362009863190025,-3.0,43.337843554541436,0.40823994558973126,0.5,0.5278942155527295,0.029207859520072987,0.029958540665674993,0.0,0.439997317133744,0.47104390521199874,0.49959149928259877,0.4271459373056926,0.5436462031742344,0.4569321172223867,0.5131093421119383,0.49959149928259877,0.5004085007174013,20.168921777270718,23.168921777270718
market_residual,7744,2019,2,CAR,TB,14.0,20.0,-6.0,34.0,0.0,0.0,0.0,-6.5,48.0,0.7034125759087045,6.000918342978366,39.95761115569877,6.5,46.949013439648,0.692299270401721,0.5,0.463857100844454,0.026593992543465172,0.0,0.03318234987099322,0.7178518452313221,0.47104390521199874,0.44653058739944806,0.6987612986119276,0.2746447088446073,0.47104390521199874,0.5289560947880012,0.43171365322025945,0.5351039969087473,26.724506719824,20.224506719824
market_residual,7745,2019,2,ATL,PHI,24.0,20.0,4.0,44.0,1.0,1.0,0.0,1.0,53.0,0.4473995987938503,-1.4674496893773539,44.64097872073138,-1.0,53.04027538445336,0.4691623871115098,0.5,0.5013870067893302,0.02987418783187079,0.029958540665674993,0.03331017223662519,0.5012677802365728,0.47104390521199874,0.4775654474684697,0.48629281241572053,0.4838329997524087,0.4569321172223867,0.5131093421119383,0.461657660159034,0.5050321676043409,26.02013769222668,27.02013769222668
market_residual,7746,2019,2,BAL,ARI,23.0,17.0,6.0,40.0,1.0,0.0,0.0,-13.0,45.5,0.8235487186308742,10.705031668774254,40.70264290025689,13.0,44.57296573067698,0.8417698688806992,0.5,0.46914201340616724,0.018602538177265093,0.029958540665674993,0.0,0.8568296274703546,0.47104390521199874,0.45089367894746374,0.8408904216139256,0.1405070402088094,0.4569321172223867,0.5131093421119383,0.45089367894746374,0.5491063210525362,28.78648286533849,15.786482865338488
market_residual,7747,2019,2,CIN,SF,17.0,41.0,-24.0,58.0,0.0,0.0,1.0,-1.0,46.0,0.5339775265747356,0.9458579001519593,43.72340232101534,1.0,46.453556777565694,0.5308376128884902,0.5,0.5156155415403089,0.02987418783187079,0.029958540665674993,0.03328648272419654,0.5623229643423809,0.47104390521199874,0.48937449662286553,0.5455240224834422,0.4246017896846869,0.4569321172223867,0.5131093421119383,0.4730849408953661,0.4936285763804374,23.726778388782847,22.726778388782847
market_residual,7748,2019,2,DEN,CHI,14.0,16.0,-2.0,30.0,0.0,1.0,0.0,3.0,40.5,0.3965575995569984,-2.917272724240993,42.54088664953957,-3.0,41.88730915671572,0.40823994558973126,0.5,0.5461219739503734,0.029207859520072987,0.029958540665674993,0.0,0.439997317133744,0.47104390521199874,0.5148123823405522,0.4271459373056926,0.5436462031742344,0.4569321172223867,0.5131093421119383,0.5148123823405522,0.48518761765944785,19.44365457835786,22.44365457835786
market_residual,7749,2019,2,DET,LAC,13.0,10.0,3.0,23.0,1.0,1.0,0.0,1.0,46.5,0.42251963042598234,-2.171045351936937,44.59728729005835,-1.0,46.209879282266414,0.4691623871115098,0.5,0.4903341111828215,0.02987418783187079,0.029958540665674993,0.0,0.5012677802365728,0.47104390521199874,0.468410899330997,0.48629281241572053,0.4838329997524087,0.4569321172223867,0.5131093421119383,0.468410899330997,0.531589100669003,22.604939641133207,23.604939641133207
market_residual,7750,2019,2,GB,MIN,21.0,16.0,5.0,37.0,1.0,1.0,0.0,-3.0,43.0,0.4760603507098936,-0.6659080454846935,46.40953314008542,3.0,41.272427655633734,0.5917600544102687,0.5,0.44073218012975446,0.029207859520072987,0.029958540665674993,0.0329656114587118,0.6217162337591796,0.47104390521199874,0.4274531988951132,0.6035572333421927,0.3672349071377344,0.4569321172223867,0.5131093421119383,0.41336194282355343,0.5536724457177348,22.136213827816867,19.136213827816867
market_residual,7751,2019,2,HOU,JAX,13.0,12.0,1.0,25.0,1.0,0.0,0.0,-7.0,43.0,0.6789674413494042,5.204797901273696,42.357828973698204,7.0,44.34695608949802,0.705721279292334,0.5,0.546279130459644,0.02609262965763215,0.029958540665674993,0.03310035922201715,0.730517210097491,0.47104390521199874,0.5149439250052931,0.7114560950758906,0.2624512752664773,0.4569321172223867,0.5131093421119383,0.4978990961084224,0.4690005446695604,25.67347804474901,18.67347804474901
market_residual,7752,2019,2,LAR,NO,27.0,9.0,18.0,36.0,1.0,1.0,0.0,-2.0,52.0,0.5698709506282448,1.9548439198352208,47.45710226163216,2.0,51.65526299984656,0.5614861094752637,0.5,0.4881297027194889,0.029622551706754596,0.029958540665674993,0.03329656393598324,0.592313384983923,0.47104390521199874,0.46658679402253744,0.5747675511106339,0.39560989718261147,0.4569321172223867,0.5131093421119383,0.4510510570036806,0.5156523790603362,26.82763149992328,24.82763149992328
market_residual,7753,2019,2,MIA,NE,0.0,43.0,-43.0,43.0,0.0,0.0,0.0,18.0,48.5,0.22065467953512746,-8.768268637914561,42.158040025750424,-18.0,45.642079488972584,0.08332911486515088,0.5,0.4056705553366725,0.012016207121982259,0.029958540665674993,0.0,0.0948633711836469,0.47104390521199874,0.39852641094452157,0.09372347326721472,0.8942603196108031,0.4569321172223867,0.5131093421119383,0.39852641094452157,0.6014735890554784,13.821039744486292,31.821039744486292
market_residual,7754,2019,2,NYG,BUF,14.0,28.0,-14.0,42.0,0.0,0.0,0.0,1.0,44.5,0.5401903505783706,1.119499857921237,41.15611456008687,-1.0,45.490211661263025,0.4691623871115098,0.5,0.5329563211714355,0.02987418783187079,0.029958540665674993,0.0,0.5012677802365728,0.47104390521199874,0.5038117039975274,0.48629281241572053,0.4838329997524087,0.4569321172223867,0.5131093421119383,0.5038117039975274,0.4961882960024726,22.245105830631513,23.245105830631513
market_residual,7755,2019,2,LV,KC,10.0,28.0,-18.0,38.0,0.0,0.0,0.0,7.0,53.0,0.30966601347090894,-5.570651390577523,42.85900057588883,-7.0,54.02468699182109,0.2942787207076661,0.5,0.5352409308176305,0.02609262965763215,0.029958540665674993,0.033188664744154106,0.322658289490021,0.47104390521199874,0.5057180091785313,0.31423928623639286,0.6596680841059751,0.4569321172223867,0.5131093421119383,0.48893390371682394,0.4778774315390219,23.512343495910546,30.512343495910546
market_residual,7756,2019,2,PIT,SEA,26.0,28.0,-2.0,54.0,0.0,0.0,1.0,-4.0,47.0,0.5555062892926803,1.5491737584089968,39.970698965907346,4.0,48.6920588262974,0.6214812434344965,0.5,0.558058455984914,0.028637025221560808,0.029958540665674993,0.03297956982290601,0.6503734900167388,0.47104390521199874,0.5248201053370459,0.631748727979695,0.3396142467987442,0.4569321172223867,0.5131093421119383,0.5075117640286179,0.459508666148476,26.3460294131487,22.3460294131487
market_residual,7757,2019,2,TEN,IND,17.0,19.0,-2.0,36.0,0.0,0.0,0.0,-3.5,43.5,0.5866928275803884,2.4342053912020676,44.512868992791304,3.5,43.60144300547866,0.606700506347756,0.5,0.5033800448379981,0.028941427832017197,0.0,0.0,0.6361474045649043,0.47104390521199874,0.47921782321603335,0.617736390365164,0.35332218180281877,0.47104390521199874,0.5289560947880012,0.47921782321603335,0.5207821767839667,23.55072150273933,20.05072150273933
market_residual,7758,2019,2,WAS,DAL,21.0,31.0,-10.0,52.0,0.0,0.0,1.0,6.0,46.0,0.39371579717876254,-2.999894592835426,41.58731818197785,-6.0,48.818063090402454,0.32139189581004374,0.5,0.5960713748853027,0.027066802970769133,0.029958540665674993,0.03240088325299478,0.3509104165956474,0.47104390521199874,0.5569518932295302,0.3414123934892625,0.6315208035399684,0.4569321172223867,0.5131093421119383,0.5389061599594658,0.42869295678753944,21.409031545201227,27.409031545201227
market_residual,7759,2019,2,NYJ,CLE,3.0,23.0,-20.0,26.0,0.0,0.0,0.0,6.5,45.0,0.518304912224558,0.5090097181215515,37.779068847714576,-6.5,45.92372737670965,0.30770072959827893,0.5,0.5317767335493393,0.026593992543465172,0.0,0.03321143019179301,0.3366710477561662,0.47104390521199874,0.5028278517893173,0.3277176204225381,0.6456883870339968,0.47104390521199874,0.5289560947880012,0.4861282196911272,0.48066035011707986,19.711863688354825,26.211863688354825
market_residual,7760,2019,3,JAX,TEN,20.0,7.0,13.0,27.0,1.0,1.0,0.0,2.0,38.0,0.423475415360788,-2.143834062506603,41.93732526041413,-2.0,37.301229995871545,0.4385138905247362,0.5,0.4759506943420996,0.02962255170675454,0.029958540665674993,0.033253712298512594,0.4705663519697983,0.47104390521199874,0.45651750981098915,0.4566269758771141,0.5137504724161315,0.4569321172223867,0.5131093421119383,0.4413366078805011,0.5254096798209863,17.650614997935772,19.650614997935772
market_residual,7761,2019,3,ARI,CAR,20.0,38.0,-18.0,58.0,0.0,0.0,1.0,-2.5,45.5,0.4373137088209639,-1.7515718841617127,41.583143587532916,2.5,45.39521759266792,0.5766812482946179,0.5,0.4965086902761126,0.029435216566305822,0.0,0.0,0.6070984405618187,0.47104390521199874,0.4735231544497749,0.589228366486815,0.3813364169468791,0.47104390521199874,0.5289560947880012,0.4735231544497749,0.5264768455502251,23.94760879633396,21.44760879633396
market_residual,7762,2019,3,BUF,CIN,21.0,17.0,4.0,38.0,1.0,0.0,0.0,-6.0,43.5,0.7009954829146438,5.920599522664498,42.77668720239505,6.0,44.55369506989004,0.6786081041899562,0.5,0.5350638973372683,0.027066802970769077,0.029958540665674993,0.0,0.7048925769426471,0.47104390521199874,0.5055702525182988,0.6858133884469828,0.28711980858224817,0.4569321172223867,0.5131093421119383,0.5055702525182988,0.4944297474817012,25.27684753494502,19.27684753494502
market_residual,7763,2019,3,CLE,LAR,13.0,20.0,-7.0,33.0,0.0,0.0,0.0,4.0,48.0,0.32433837923017683,-5.099694535957642,40.92330694662465,-4.0,47.36941842768069,0.3785187565655035,0.5,0.47829499175715107,0.028637025221560863,0.029958540665674993,0.03326422145370156,0.40974609168814097,0.47104390521199874,0.4584546761038778,0.3980121825260317,0.5733507922524074,0.4569321172223867,0.5131093421119383,0.4432045382314734,0.523531240314825,21.684709213840346,25.684709213840346
market_residual,7764,2019,3,DAL,MIA,31.0,6.0,25.0,37.0,1.0,1.0,0.0,-21.5,46.5,0.820915233503073,10.57983471737105,41.22597327145461,21.5,44.63431655108599,0.9503775107950465,0.5,0.4380860043097412,0.008137177026330801,0.0,0.0,0.9553162902674349,0.47104390521199874,0.4252708940972285,0.9475427124973912,0.04432011047627802,0.47104390521199874,0.5289560947880012,0.4252708940972285,0.5747291059027715,33.067158275542994,11.567158275542994
market_residual,7765,2019,3,GB,DEN,27.0,16.0,11.0,43.0,1.0,1.0,1.0,-7.0,41.5,0.696771679827145,5.781131688109472,46.691813606824525,7.0,41.09270610225815,0.705721279292334,0.5,0.4864315668609672,0.02609262965763215,0.029958540665674993,0.0,0.730517210097491,0.47104390521199874,0.46518196918901,0.7114560950758906,0.2624512752664773,0.4569321172223867,0.5131093421119383,0.46518196918901,0.53481803081099,24.046353051129074,17.046353051129074
market_residual,7766,2019,3,IND,ATL,27.0,24.0,3.0,51.0,1.0,1.0,1.0,-1.5,48.0,0.6394586679451081,3.9817187154847216,46.832877252892445,1.5,48.331963521712595,0.5461972192562468,0.5,0.511430595799175,0.029769080707153506,0.0,0.03329756721134891,0.5773812506828633,0.47104390521199874,0.4858980316954455,0.5601931416324879,0.4100377776603586,0.47104390521199874,0.5289560947880012,0.4697188093272042,0.4969836234614468,24.915981760856297,23.415981760856297
market_residual,7767,2019,3,KC,BAL,33.0,28.0,5.0,61.0,1.0,,1.0,-5.0,52.0,0.6263956324085028,3.590988419789519,40.49296518528138,5.0,53.170007454731206,0.6504819992941632,0.5,0.5402223681164021,0.027919457726382935,0.029958540665674993,0.03315178756255133,0.6781414250825598,0.47104390521199874,0.5098783174550695,0.6592080842324582,0.3128724580411589,0.4569321172223867,0.5131093421119383,0.49297493979204793,0.47387327264540074,29.085003727365603,24.085003727365603
market_residual,7768,2019,3,LAC,HOU,20.0,27.0,-7.0,47.0,0.0,0.0,0.0,-3.0,49.0,0.6706904666505914,4.9426852754602075,44.02596876281024,3.0,51.88676977955874,0.5917600544102687,0.5,0.5983647546508652,0.029207859520072987,0.029958540665674993,0.032356643709475996,0.6217162337591796,0.47104390521199874,0.5589050608275044,0.6035572333421927,0.3672349071377344,0.4569321172223867,0.5131093421119383,0.5408207689068858,0.4268225873836382,27.44338488977937,24.44338488977937
market_residual,7769,2019,3,MIN,LV,34.0,14.0,20.0,48.0,1.0,1.0,1.0,-9.0,43.5,0.7466588965966066,7.510665382838543,44.389007327592594,9.0,44.656238538390156,0.7564466266464621,0.5,0.5384661203828726,0.02384143244000786,0.029958540665674993,0.0,0.7780417188739189,0.47104390521199874,0.5084109693712823,0.7594920897978789,0.21666647776211334,0.4569321172223867,0.5131093421119383,0.5084109693712823,0.4915890306287177,26.828119269195078,17.828119269195078
market_residual,7770,2019,3,NE,NYJ,30.0,14.0,16.0,44.0,1.0,0.0,1.0,-21.0,43.0,0.9014969375174154,15.384232363104275,42.05078766556199,21.0,43.341919235343006,0.9463727176250695,0.5,0.5117733026148942,0.008639634922581692,0.029958540665674993,0.033296788506888164,0.9517125191728499,0.47104390521199874,0.4861826173758076,0.943490070455946,0.047870294621472326,0.4569321172223867,0.5131093421119383,0.46999429758932,0.4967089139037918,32.1709596176715,11.170959617671503
market_residual,7771,2019,3,PHI,DET,24.0,27.0,-3.0,51.0,0.0,0.0,1.0,-4.0,45.0,0.6655937016960852,4.782956083830859,44.363238513849936,4.0,46.566352435979326,0.6214812434344965,0.5,0.5537732916833651,0.028637025221560808,0.029958540665674993,0.033026692159860094,0.6503734900167388,0.47104390521199874,0.5212233783302694,0.631748727979695,0.3396142467987442,0.4569321172223867,0.5131093421119383,0.5040090942676333,0.46296421357250656,25.283176217989663,21.283176217989663
market_residual,7772,2019,3,SF,PIT,24.0,20.0,4.0,44.0,1.0,0.0,0.0,-6.0,44.5,0.5101225576851663,0.2813933891146644,41.464357345556905,6.0,45.658701078630656,0.6786081041899562,0.5,0.5385477898081111,0.027066802970769077,0.029958540665674993,0.0,0.7048925769426471,0.47104390521199874,0.5084791897584502,0.6858133884469828,0.28711980858224817,0.4569321172223867,0.5131093421119383,0.5084791897584502,0.4915208102415498,25.829350539315328,19.829350539315328
market_residual,7773,2019,3,SEA,NO,27.0,33.0,-6.0,60.0,0.0,0.0,1.0,-5.0,44.0,0.5638708344862597,1.785032021821744,44.82980400823286,5.0,44.6952059408154,0.6504819992941632,0.5,0.5239267947802813,0.027919457726382935,0.029958540665674993,0.03325428820647397,0.6781414250825598,0.47104390521199874,0.49628731312995694,0.6592080842324582,0.3128724580411589,0.4569321172223867,0.5131093421119383,0.47978363178591676,0.48696208000760927,24.8476029704077,19.8476029704077
market_residual,7774,2019,3,TB,NYG,31.0,32.0,-1.0,63.0,0.0,0.0,1.0,-5.0,48.0,0.636352824100617,3.888284106508672,38.76335579112433,5.0,47.279238641826865,0.6504819992941632,0.5,0.4751948172979877,0.027919457726382935,0.029958540665674993,0.03325009385360511,0.6781414250825598,0.47104390521199874,0.45589299992256,0.6592080842324582,0.3128724580411589,0.4569321172223867,0.5131093421119383,0.4407345148879333,0.5260153912584615,26.139619320913432,21.139619320913432
market_residual,7775,2019,3,WAS,CHI,15.0,31.0,-16.0,46.0,0.0,0.0,1.0,5.0,41.0,0.36896192984382714,-3.7291840573007993,40.05874665567822,-5.0,42.3715243199542,0.34951800070583694,0.5,0.5471192314374681,0.027919457726382824,0.029958540665674993,0.033092653901033664,0.37999312467741303,0.47104390521199874,0.5156471998070605,0.36938392269666587,0.6026966195769512,0.4569321172223867,0.5131093421119383,0.4985830654888083,0.468324280610158,18.6857621599771,23.6857621599771
market_residual,7776,2019,4,GB,PHI,27.0,34.0,-7.0,61.0,0.0,0.0,1.0,-3.5,46.5,0.5365233340453206,1.0169718483190717,44.75898672350217,3.5,46.05450533193769,0.606700506347756,0.5,0.48515952300767334,0.028941427832017197,0.0,0.0,0.6361474045649043,0.47104390521199874,0.4641298321019968,0.617736390365164,0.35332218180281877,0.47104390521199874,0.5289560947880012,0.4641298321019968,0.5358701678980031,24.777252665968845,21.277252665968845
market_residual,7777,2019,4,ARI,SEA,10.0,27.0,-17.0,37.0,0.0,0.0,0.0,5.5,48.5,0.2949700756715442,-6.054873455930156,41.11492735986508,-5.5,44.9152936335395,0.33533657525413507,0.5,0.3823181476681124,0.027509209259250378,0.0,0.0,0.36535765882047316,0.47104390521199874,0.37921878728211333,0.35530695852951094,0.6171838322112386,0.47104390521199874,0.5289560947880012,0.37921878728211333,0.6207812127178867,19.70764681676975,25.20764681676975
market_residual,7778,2019,4,ATL,TEN,10.0,24.0,-14.0,34.0,0.0,0.0,0.0,-3.5,46.5,0.5753257042259474,2.10972483928088,44.99212923306966,3.5,47.68595777737578,0.606700506347756,0.5,0.539451640893951,0.028941427832017197,0.0,0.0,0.6361474045649043,0.47104390521199874,0.5092342923738977,0.617736390365164,0.35332218180281877,0.47104390521199874,0.5289560947880012,0.5092342923738977,0.4907657076261023,25.59297888868789,22.09297888868789
market_residual,7779,2019,4,BAL,CLE,25.0,40.0,-15.0,65.0,0.0,0.0,1.0,-7.0,47.5,0.7648835741526742,8.196997814925716,38.521874884472695,7.0,46.34132035802082,0.705721279292334,0.5,0.46145292112514275,0.02609262965763215,0.029958540665674993,0.0,0.730517210097491,0.47104390521199874,0.44454628255015843,0.7114560950758906,0.2624512752664773,0.4569321172223867,0.5131093421119383,0.44454628255015843,0.5554537174498415,26.67066017901041,19.67066017901041
market_residual,7780,2019,4,BUF,NE,10.0,16.0,-6.0,26.0,0.0,1.0,0.0,7.0,41.5,0.3176647576397671,-5.312460272018134,43.06771849654298,-7.0,46.408164405717365,0.2942787207076661,0.5,0.6590730416989703,0.02609262965763215,0.029958540665674993,0.0,0.322658289490021,0.47104390521199874,0.6113761714401659,0.31423928623639286,0.6596680841059751,0.4569321172223867,0.5131093421119383,0.6113761714401659,0.38862382855983413,19.704082202858682,26.704082202858682
market_residual,7781,2019,4,CHI,MIN,16.0,6.0,10.0,22.0,1.0,1.0,0.0,-1.0,38.5,0.6162786410480523,3.292178278064857,41.706700174783606,1.0,38.55652689320358,0.5308376128884902,0.5,0.5018834715002015,0.02987418783187079,0.029958540665674993,0.0,0.5623229643423809,0.47104390521199874,0.4779770034137714,0.5455240224834422,0.4246017896846869,0.4569321172223867,0.5131093421119383,0.4779770034137714,0.5220229965862286,19.77826344660179,18.77826344660179
market_residual,7782,2019,4,DEN,JAX,24.0,26.0,-2.0,50.0,0.0,0.0,1.0,-2.5,37.5,0.4958711713120248,-0.11476276958164817,43.75959758994286,2.5,39.18298561925146,0.5766812482946179,0.5,0.5558930329697714,0.029435216566305822,0.0,0.0,0.6070984405618187,0.47104390521199874,0.5230019963150555,0.589228366486815,0.3813364169468791,0.47104390521199874,0.5289560947880012,0.5230019963150555,0.4769980036849445,20.84149280962573,18.34149280962573
market_residual,7783,2019,4,DET,KC,30.0,34.0,-4.0,64.0,0.0,1.0,1.0,7.0,54.5,0.4015692750446276,-2.77205450619902,44.12603810677348,-7.0,54.99935080429468,0.2942787207076661,0.5,0.5166335678938273,0.02609262965763215,0.029958540665674993,0.0,0.322658289490021,0.47104390521199874,0.4902206033956039,0.31423928623639286,0.6596680841059751,0.4569321172223867,0.5131093421119383,0.4902206033956039,0.5097793966043961,23.99967540214734,30.99967540214734
market_residual,7784,2019,4,HOU,CAR,10.0,16.0,-6.0,26.0,0.0,0.0,0.0,-5.0,47.5,0.6361869560389039,3.883303910411205,42.7717815497559,5.0,48.701700768018085,0.6504819992941632,0.5,0.5399735968647406,0.027919457726382935,0.029958540665674993,0.0,0.6781414250825598,0.47104390521199874,0.5096704285101659,0.6592080842324582,0.3128724580411589,0.4569321172223867,0.5131093421119383,0.5096704285101659,0.49032957148983414,26.850850384009043,21.850850384009043
market_residual,7785,2019,4,IND,LV,24.0,31.0,-7.0,55.0,0.0,0.0,1.0,-6.0,46.5,0.78984352513402,9.199972596063663,44.73128795476245,6.0,48.041222877690956,0.6786081041899562,0.5,0.5512121426016142,0.027066802970769077,0.029958540665674993,0.0,0.7048925769426471,0.47104390521199874,0.519075855876503,0.6858133884469828,0.28711980858224817,0.4569321172223867,0.5131093421119383,0.519075855876503,0.48092414412349704,27.020611438845478,21.020611438845478
market_residual,7786,2019,4,LAR,TB,40.0,55.0,-15.0,95.0,0.0,0.0,1.0,-9.0,48.5,0.826996835564498,10.871196812717063,41.539998310657936,9.0,46.14535821169342,0.7564466266464621,0.5,0.4220460457770282,0.02384143244000786,0.029958540665674993,0.0,0.7780417188739189,0.47104390521199874,0.4120414573889952,0.7594920897978789,0.21666647776211334,0.4569321172223867,0.5131093421119383,0.4120414573889952,0.5879585426110048,27.57267910584671,18.57267910584671
market_residual,7787,2019,4,MIA,LAC,10.0,30.0,-20.0,40.0,0.0,0.0,0.0,15.0,43.5,0.31258061541905624,-5.476155724435539,41.90508437712383,-15.0,43.5842778176893,0.12413429543203344,0.5,0.5028081172979344,0.015885378541295014,0.029958540665674993,0.0,0.14012812558441734,0.47104390521199874,0.47874359811974504,0.13790213726522674,0.8462124841934783,0.4569321172223867,0.5131093421119383,0.47874359811974504,0.521256401880255,14.292138908844649,29.29213890884465
market_residual,7788,2019,4,NO,DAL,12.0,10.0,2.0,22.0,1.0,1.0,0.0,2.5,47.0,0.6094230701520312,3.0913968549007222,45.301829250510615,-2.5,47.733242086336304,0.42331875170538213,0.5,0.525234123977305,0.029435216566305877,0.0,0.03324799059344469,0.4552536224442222,0.47104390521199874,0.49737577578140013,0.44185313347498123,0.5287116499587129,0.47104390521199874,0.5289560947880012,0.48083903066681294,0.48591297873974243,22.616621043168152,25.116621043168152
market_residual,7789,2019,4,NYG,WAS,24.0,3.0,21.0,27.0,1.0,1.0,0.0,-3.0,48.0,0.5959745835336209,2.701104835487249,41.02251207262317,3.0,46.400764051707235,0.5917600544102687,0.5,0.4451051059830244,0.029207859520072987,0.029958540665674993,0.033014710211986986,0.6217162337591796,0.47104390521199874,0.43105967701920345,0.6035572333421927,0.3672349071377344,0.4569321172223867,0.5131093421119383,0.4168283666983417,0.5501569230896712,24.700382025853617,21.700382025853617
market_residual,7790,2019,4,PIT,CIN,27.0,3.0,24.0,30.0,1.0,1.0,0.0,-3.5,45.0,0.7567052441601727,7.8847039332996705,41.62765230028889,3.5,44.93050873228239,0.606700506347756,0.5,0.4976068642033812,0.028941427832017197,0.0,0.0333097998685955,0.6361474045649043,0.47104390521199874,0.4744328652806853,0.617736390365164,0.35332218180281877,0.47104390521199874,0.5289560947880012,0.45862960148710136,0.5080605986443032,24.215254366141195,20.715254366141195
market_residual,7791,2019,5,SEA,LAR,30.0,29.0,1.0,59.0,1.0,0.0,1.0,-1.5,48.5,0.5492343711459461,1.3729106269632394,43.87808245039376,1.5,48.001513141409475,0.5461972192562468,0.5,0.4833951938321186,0.029769080707153506,0.0,0.0,0.5773812506828633,0.47104390521199874,0.46267077870362305,0.5601931416324879,0.4100377776603586,0.47104390521199874,0.5289560947880012,0.46267077870362305,0.537329221296377,24.750756570704738,23.250756570704738
market_residual,7792,2019,5,CAR,JAX,34.0,27.0,7.0,61.0,1.0,1.0,1.0,-3.0,40.5,0.6529901898709599,4.3930384652010614,41.64337498647781,3.0,41.22841351342147,0.5917600544102687,0.5,0.5242558057233281,0.029207859520072987,0.029958540665674993,0.0,0.6217162337591796,0.47104390521199874,0.4965612134949568,0.6035572333421927,0.3672349071377344,0.4569321172223867,0.5131093421119383,0.4965612134949568,0.5034387865050431,22.114206756710736,19.114206756710736
market_residual,7793,2019,5,CIN,ARI,23.0,26.0,-3.0,49.0,0.0,0.0,1.0,-3.0,46.5,0.6218310487465423,3.455784542656647,42.25994815484937,3.0,45.89660342230136,0.5917600544102687,0.5,0.47990330747925736,0.029207859520072987,0.029958540665674993,0.0,0.6217162337591796,0.47104390521199874,0.45978394563807395,0.6035572333421927,0.3672349071377344,0.4569321172223867,0.5131093421119383,0.45978394563807395,0.5402160543619261,24.44830171115068,21.44830171115068
market_residual,7794,2019,5,DAL,GB,24.0,34.0,-10.0,58.0,0.0,0.0,1.0,-3.0,46.5,0.6901504507401215,5.56468651591842,44.33515685243702,3.0,50.6653224713013,0.5917600544102687,0.5,0.6360392543367894,0.029207859520072987,0.029958540665674993,0.0,0.6217162337591796,0.47104390521199874,0.5912775875443148,0.6035572333421927,0.3672349071377344,0.4569321172223867,0.5131093421119383,0.5912775875443148,0.4087224124556852,26.83266123565065,23.83266123565065
market_residual,7795,2019,5,HOU,ATL,53.0,32.0,21.0,85.0,1.0,1.0,1.0,-4.0,49.0,0.6386723431272052,3.9580304838841855,45.29145624785923,4.0,48.91256405824485,0.6214812434344965,0.5,0.4969888975354901,0.028637025221560808,0.029958540665674993,0.0333094728953528,0.6503734900167388,0.47104390521199874,0.473920932596494,0.631748727979695,0.3396142467987442,0.4569321172223867,0.5131093421119383,0.45813487613763076,0.5085556509670165,26.456282029122423,22.456282029122423
market_residual,7796,2019,5,KC,IND,13.0,19.0,-6.0,32.0,0.0,0.0,0.0,-10.5,55.5,0.7434794130281552,7.394347558290292,44.76178392153386,10.5,54.85468836299394,0.7910788946867001,0.5,0.4785085942164121,0.021954034588132998,0.0,0.0,0.8101892356883185,0.47104390521199874,0.45863120526396606,0.792402313185084,0.18564365222678292,0.47104390521199874,0.5289560947880012,0.45863120526396606,0.5413687947360339,32.67734418149697,22.17734418149697
market_residual,7797,2019,5,LAC,DEN,13.0,20.0,-7.0,33.0,0.0,0.0,0.0,-4.5,45.5,0.7927122478017486,9.320670818873886,44.88053211192788,4.5,46.794640629215486,0.6360816610341279,0.5,0.5430535676188273,0.028295904247899684,0.0,0.0,0.6643769899912656,0.47104390521199874,0.5122451938440925,0.645577842297965,0.3261262534541354,0.47104390521199874,0.5289560947880012,0.5122451938440925,0.4877548061559075,25.647320314607743,21.147320314607743
market_residual,7798,2019,5,NO,TB,31.0,24.0,7.0,55.0,1.0,1.0,1.0,-3.0,46.5,0.7533517160317289,7.758714937987161,43.342607701896505,3.0,47.59428694037984,0.5917600544102687,0.5,0.5364109891349472,0.029207859520072987,0.029958540665674993,0.0,0.6217162337591796,0.47104390521199874,0.5066947315259501,0.6035572333421927,0.3672349071377344,0.4569321172223867,0.5131093421119383,0.5066947315259501,0.4933052684740499,25.29714347018992,22.29714347018992
market_residual,7799,2019,5,NYG,MIN,10.0,28.0,-18.0,38.0,0.0,0.0,0.0,5.5,43.5,0.4263682714380511,-2.061572577263696,42.57629842462708,-5.5,45.47059066541064,0.33533657525413507,0.5,0.5653649273681604,0.027509209259250378,0.0,0.0,0.36535765882047316,0.47104390521199874,0.5309636445651379,0.35530695852951094,0.6171838322112386,0.47104390521199874,0.5289560947880012,0.5309636445651379,0.4690363554348621,19.98529533270532,25.48529533270532
market_residual,7800,2019,5,LV,CHI,24.0,21.0,3.0,45.0,1.0,1.0,1.0,6.5,39.5,0.2736820942957322,-6.782085860646948,40.58038264377889,-6.5,39.393161956445,0.30770072959827893,0.5,0.49644019906400827,0.026593992543465172,0.0,0.0,0.3366710477561662,0.47104390521199874,0.47346642228248265,0.3277176204225381,0.6456883870339968,0.47104390521199874,0.5289560947880012,0.47346642228248265,0.5265335777175173,16.4465809782225,22.9465809782225
market_residual,7801,2019,5,PHI,NYJ,31.0,6.0,25.0,37.0,1.0,1.0,0.0,-14.0,43.0,0.8391799647883087,11.480239260286998,40.728867461751264,14.0,41.195583945161964,0.8595307109233283,0.5,0.4381173382933685,0.0172388953639267,0.029958540665674993,0.032934437511043746,0.873061232501306,0.47104390521199874,0.42529673515610034,0.8580106212679152,0.12475048336815824,0.4569321172223867,0.5131093421119383,0.41128982640845085,0.5557757360805055,27.597791972580982,13.597791972580982
market_residual,7802,2019,5,PIT,BAL,23.0,26.0,-3.0,49.0,0.0,,1.0,3.0,44.0,0.5726202612407832,2.0328445040593395,38.57253038505947,-3.0,45.3511067163494,0.40823994558973126,0.5,0.5464210746091914,0.029207859520072987,0.029958540665674993,0.033099067115034075,0.439997317133744,0.47104390521199874,0.5150627395222442,0.4271459373056926,0.5436462031742344,0.4569321172223867,0.5131093421119383,0.49801464333834417,0.46888628954662176,21.1755533581747,24.1755533581747
market_residual,7803,2019,5,TEN,BUF,7.0,14.0,-7.0,21.0,0.0,0.0,0.0,-3.0,39.5,0.6576635883109511,4.53681125695487,42.364933982012126,3.0,39.83646203951042,0.5917600544102687,0.5,0.5112094541611002,0.029207859520072987,0.029958540665674993,0.0,0.6217162337591796,0.47104390521199874,0.4857144040225505,0.6035572333421927,0.3672349071377344,0.4569321172223867,0.5131093421119383,0.4857144040225505,0.5142855959774495,21.41823101975521,18.41823101975521
market_residual,7804,2019,5,WAS,NE,7.0,33.0,-26.0,40.0,0.0,0.0,0.0,16.5,41.5,0.17672320235069225,-10.69203685172638,42.81554048072845,-16.5,41.143952641102025,0.10223784215875417,0.5,0.4881382350661389,0.013903934663853534,0.0,0.0,0.11591861475445028,0.47104390521199874,0.4665938533744073,0.11430688990858,0.8717891754275664,0.47104390521199874,0.5289560947880012,0.4665938533744073,0.5334061466255927,12.321976320551013,28.821976320551013
market_residual,7805,2019,5,SF,CLE,31.0,3.0,28.0,34.0,1.0,1.0,0.0,-4.5,48.0,0.6080744009250116,3.052049436157913,41.34888094754264,4.5,47.83348360772759,0.6360816610341279,0.5,0.49426568738784765,0.028295904247899684,0.0,0.033307141143131935,0.6643769899912656,0.47104390521199874,0.4716655408807147,0.645577842297965,0.3261262534541354,0.47104390521199874,0.5289560947880012,0.4559557101382491,0.5107371487186191,26.166741803863793,21.666741803863793
market_residual,7806,2019,6,NE,NYG,35.0,14.0,21.0,49.0,1.0,1.0,1.0,-16.5,43.0,0.8830696722406275,14.049084844439848,42.73485641544705,16.5,44.28683591751765,0.8977621578412457,0.5,0.5442224519337395,0.013903934663853479,0.0,0.03311863444801916,0.9078220126259704,0.47104390521199874,0.5132228938158827,0.895199714676011,0.09089635066013559,0.47104390521199874,0.5289560947880012,0.4962256524052399,0.4706557131467409,30.393417958758825,13.893417958758825
market_residual,7807,2019,6,ARI,ATL,34.0,33.0,1.0,67.0,1.0,1.0,1.0,3.0,52.0,0.4382173541247963,-1.72605994990402,44.16031791647558,-3.0,48.95012321782132,0.40823994558973126,0.5,0.39620495039992654,0.029207859520072987,0.029958540665674993,0.0322476119505235,0.439997317133744,0.47104390521199874,0.39070644170885127,0.4271459373056926,0.5436462031742344,0.4569321172223867,0.5131093421119383,0.3781070919900544,0.5896452960594221,22.97506160891066,25.97506160891066
market_residual,7808,2019,6,BAL,CIN,23.0,17.0,6.0,40.0,1.0,0.0,0.0,-10.5,46.5,0.8207014425403312,10.569734420876884,41.39464305361978,10.5,44.286866937041836,0.7910788946867001,0.5,0.42667608962171555,0.021954034588132998,0.0,0.0,0.8101892356883185,0.47104390521199874,0.415860710094513,0.792402313185084,0.18564365222678292,0.47104390521199874,0.5289560947880012,0.415860710094513,0.584139289905487,27.393433468520918,16.893433468520918
market_residual,7809,2019,6,CLE,SEA,28.0,32.0,-4.0,60.0,0.0,0.0,1.0,-1.0,45.5,0.40769359659349513,-2.59540060025899,38.7748280890671,1.0,42.31662197270883,0.5308376128884902,0.5,0.3951662791577704,0.02987418783187079,0.029958540665674993,0.0,0.5623229643423809,0.47104390521199874,0.3898478916252873,0.5455240224834422,0.4246017896846869,0.4569321172223867,0.5131093421119383,0.3898478916252873,0.6101521083747127,21.658310986354415,20.658310986354415
market_residual,7810,2019,6,DEN,TEN,16.0,0.0,16.0,16.0,1.0,1.0,0.0,-1.5,41.0,0.46239348769193017,-1.0472449923498335,44.508797837331045,1.5,44.8960425442004,0.5461972192562468,0.5,0.6316120759719398,0.029769080707153506,0.0,0.031593653757740925,0.5773812506828633,0.47104390521199874,0.587443097035515,0.5601931416324879,0.4100377776603586,0.47104390521199874,0.5289560947880012,0.5688836232254,0.39952272301685915,23.1980212721002,21.6980212721002
market_residual,7811,2019,6,JAX,NO,6.0,13.0,-7.0,19.0,0.0,0.0,0.0,-2.5,42.5,0.3368873007235378,-4.705643280138711,44.805639203065326,2.5,41.78339903595159,0.5766812482946179,0.5,0.47613707293339563,0.029435216566305822,0.0,0.0,0.6070984405618187,0.47104390521199874,0.45667150384284105,0.589228366486815,0.3813364169468791,0.47104390521199874,0.5289560947880012,0.45667150384284105,0.543328496157159,22.141699517975795,19.641699517975795
market_residual,7812,2019,6,KC,HOU,24.0,31.0,-7.0,55.0,0.0,0.0,1.0,-3.5,54.5,0.699593502996048,5.874183144388262,43.80888058280105,3.5,57.04675712639349,0.606700506347756,0.5,0.5842224820148669,0.028941427832017197,0.0,0.0,0.6361474045649043,0.47104390521199874,0.5468889628392477,0.617736390365164,0.35332218180281877,0.47104390521199874,0.5289560947880012,0.5468889628392477,0.4531110371607523,30.273378563196744,26.773378563196744
market_residual,7813,2019,6,LAC,PIT,17.0,24.0,-7.0,41.0,0.0,0.0,0.0,-6.0,42.5,0.5949959262767046,2.6728736112593108,41.10996271389597,6.0,42.389438378813104,0.6786081041899562,0.5,0.49631613441168976,0.027066802970769077,0.029958540665674993,0.0,0.7048925769426471,0.47104390521199874,0.4733636593696615,0.6858133884469828,0.28711980858224817,0.4569321172223867,0.5131093421119383,0.4733636593696615,0.5266363406303385,24.194719189406552,18.194719189406552
market_residual,7814,2019,6,LAR,SF,7.0,20.0,-13.0,27.0,0.0,0.0,0.0,-3.0,50.0,0.654435941576309,4.437417229981329,45.30475304764089,3.0,49.79712545755916,0.5917600544102687,0.5,0.49301374463842973,0.029207859520072987,0.029958540665674993,0.03330558186459748,0.6217162337591796,0.47104390521199874,0.47062896452520603,0.6035572333421927,0.3672349071377344,0.4569321172223867,0.5131093421119383,0.454954393019361,0.5117400251160416,26.39856272877958,23.39856272877958
market_residual,7815,2019,6,MIA,WAS,16.0,17.0,-1.0,33.0,0.0,1.0,0.0,5.5,42.5,0.5549844656227975,1.5344904916688846,40.79393928666259,-5.5,40.93606974877917,0.33533657525413507,0.5,0.44803758139267735,0.027509209259250378,0.0,0.0,0.36535765882047316,0.47104390521199874,0.4334783326475664,0.35530695852951094,0.6171838322112386,0.47104390521199874,0.5289560947880012,0.4334783326475664,0.5665216673524336,17.718034874389584,23.218034874389584
market_residual,7816,2019,6,MIN,PHI,38.0,20.0,18.0,58.0,1.0,1.0,1.0,-3.5,44.5,0.5491410366258745,1.370291056796059,43.61933499529318,3.5,45.21445147436384,0.606700506347756,0.5,0.5237914337592611,0.028941427832017197,0.0,0.0,0.6361474045649043,0.47104390521199874,0.4961746312630496,0.617736390365164,0.35332218180281877,0.47104390521199874,0.5289560947880012,0.4961746312630496,0.5038253687369504,24.35722573718192,20.85722573718192
market_residual,7817,2019,6,NYJ,DAL,24.0,22.0,2.0,46.0,1.0,1.0,1.0,7.0,43.5,0.284352887856318,-6.413460477587278,39.96913516712417,-7.0,42.18472711870927,0.2942787207076661,0.5,0.4562630360861492,0.02609262965763215,0.029958540665674993,0.0,0.322658289490021,0.47104390521199874,0.4402637236283153,0.31423928623639286,0.6596680841059751,0.4569321172223867,0.5131093421119383,0.4402637236283153,0.5597362763716847,17.592363559354634,24.592363559354634
market_residual,7818,2019,6,TB,CAR,26.0,37.0,-11.0,63.0,0.0,0.0,1.0,2.0,47.5,0.4040675613138074,-2.6998886353159106,39.81073745356622,-2.0,45.37614196890299,0.4385138905247362,0.5,0.42960234079094134,0.02962255170675454,0.029958540665674993,0.0,0.4705663519697983,0.47104390521199874,0.41827426041054094,0.4566269758771141,0.5137504724161315,0.4569321172223867,0.5131093421119383,0.41827426041054094,0.5817257395894591,21.688070984451496,23.688070984451496
market_residual,7819,2019,6,GB,DET,23.0,22.0,1.0,45.0,1.0,0.0,0.0,-3.5,47.0,0.6080150134584468,3.0503179180100597,47.182809811376885,3.5,46.07153716961198,0.606700506347756,0.5,0.4680607226364717,0.028941427832017197,0.0,0.03321041479307141,0.6361474045649043,0.47104390521199874,0.45000085269467477,0.617736390365164,0.35332218180281877,0.47104390521199874,0.5289560947880012,0.4350561377194488,0.5317334474874797,24.78576858480599,21.28576858480599
market_residual,7820,2019,7,DEN,KC,6.0,30.0,-24.0,36.0,0.0,0.0,0.0,3.0,49.5,0.38129857023846914,-3.3634550854370446,44.519200275256296,-3.0,49.232807653010376,0.40823994558973126,0.5,0.4910978784787793,0.029207859520072987,0.029958540665674993,0.0,0.439997317133744,0.47104390521199874,0.4690430252610917,0.4271459373056926,0.5436462031742344,0.4569321172223867,0.5131093421119383,0.4690430252610917,0.5309569747389082,23.116403826505188,26.116403826505188
market_residual,7821,2019,7,ATL,LAR,10.0,37.0,-27.0,47.0,0.0,0.0,0.0,3.0,54.5,0.42392750213172914,-2.130968800167966,46.95384689311847,-3.0,54.7734203717557,0.40823994558973126,0.5,0.5091095866923554,0.029207859520072987,0.029958540665674993,0.0,0.439997317133744,0.47104390521199874,0.4839711238150249,0.4271459373056926,0.5436462031742344,0.4569321172223867,0.5131093421119383,0.4839711238150249,0.5160288761849752,25.88671018587785,28.88671018587785
market_residual,7822,2019,7,BUF,MIA,31.0,21.0,10.0,52.0,1.0,0.0,1.0,-17.0,42.5,0.7897145979152601,9.194576653318672,40.9834654075739,17.0,42.98077281687022,0.904387919316706,0.5,0.5160150669254329,0.013262535347099147,0.029958540665674993,0.0,0.9138230518780665,0.47104390521199874,0.48970653178974843,0.9017034413515396,0.08503402330136127,0.4569321172223867,0.5131093421119383,0.48970653178974843,0.5102934682102516,29.99038640843511,12.99038640843511
market_residual,7823,2019,7,CHI,NO,25.0,36.0,-11.0,61.0,0.0,0.0,1.0,-4.0,37.0,0.48413347232487147,-0.44115582579092916,43.369868075164746,4.0,37.27195044531923,0.6214812434344965,0.5,0.5093645828251181,0.028637025221560808,0.029958540665674993,0.03330177418119196,0.6503734900167388,0.47104390521199874,0.4841827825674723,0.631748727979695,0.3396142467987442,0.4569321172223867,0.5131093421119383,0.4680586368799892,0.4986395889388189,20.635975222659614,16.635975222659614
market_residual,7824,2019,7,CIN,JAX,17.0,27.0,-10.0,44.0,0.0,0.0,,4.0,44.0,0.4326927673434634,-1.88221895414762,41.936176492398644,-4.0,44.79023131901062,0.3785187565655035,0.5,0.5271923554308019,0.028637025221560863,0.029958540665674993,0.03323792971575501,0.40974609168814097,0.47104390521199874,0.4990067567542678,0.3980121825260317,0.5733507922524074,0.4569321172223867,0.5131093421119383,0.4824208052455826,0.4843412650386624,20.39511565950531,24.39511565950531
market_residual,7825,2019,7,DAL,PHI,37.0,10.0,27.0,47.0,1.0,1.0,0.0,-3.0,50.0,0.5415998401915817,1.1589402746717952,42.085808849968465,3.0,49.98830701087345,0.5917600544102687,0.5,0.49959731517454237,0.029207859520072987,0.029958540665674993,0.03331034471086758,0.6217162337591796,0.47104390521199874,0.4760821108440616,0.6035572333421927,0.3672349071377344,0.4569321172223867,0.5131093421119383,0.46022365162116846,0.506466003667964,26.494153505436724,23.494153505436724
market_residual,7826,2019,7,DET,MIN,30.0,42.0,-12.0,72.0,0.0,0.0,1.0,2.5,43.5,0.4632645451941922,-1.0228995254142774,45.164156091409154,-2.5,45.89226866461742,0.42331875170538213,0.5,0.5791832897518538,0.029435216566305877,0.0,0.0,0.4552536224442222,0.47104390521199874,0.5426229946888655,0.44185313347498123,0.5287116499587129,0.47104390521199874,0.5289560947880012,0.5426229946888655,0.45737700531113445,21.69613433230871,24.19613433230871
market_residual,7827,2019,7,GB,LV,42.0,24.0,18.0,66.0,1.0,1.0,1.0,-5.5,47.5,0.6934641390561567,5.672683495340616,45.85694782167781,5.5,48.6212306513475,0.6646634247458649,0.5,0.5373049202560061,0.027509209259250378,0.0,0.0,0.6916513863666558,0.47104390521199874,0.5074411437995584,0.6726246036446448,0.2998661870961048,0.47104390521199874,0.5289560947880012,0.5074411437995584,0.4925588562004416,27.06061532567375,21.56061532567375
market_residual,7828,2019,7,IND,HOU,30.0,23.0,7.0,53.0,1.0,1.0,1.0,-1.0,46.5,0.5700499545108608,1.959918657905073,45.126110142986064,1.0,45.477508118033136,0.5308376128884902,0.5,0.46597189340707845,0.02987418783187079,0.029958540665674993,0.0,0.5623229643423809,0.47104390521199874,0.44827630606865715,0.5455240224834422,0.4246017896846869,0.4569321172223867,0.5131093421119383,0.44827630606865715,0.5517236939313428,23.238754059016568,22.238754059016568
market_residual,7829,2019,7,NYG,ARI,21.0,27.0,-6.0,48.0,0.0,0.0,0.0,-3.5,50.0,0.6311695226852444,3.7331075085896646,41.289817747052446,3.5,49.6120243099112,0.606700506347756,0.5,0.4866414108525115,0.028941427832017197,0.0,0.033292886965236856,0.6361474045649043,0.47104390521199874,0.4653555517329151,0.617736390365164,0.35332218180281877,0.47104390521199874,0.5289560947880012,0.4498625219504257,0.5168445910843374,26.5560121549556,23.0560121549556
market_residual,7830,2019,7,SEA,BAL,16.0,30.0,-14.0,46.0,0.0,0.0,0.0,-3.0,48.5,0.6175749591041105,3.3302937037653555,39.68114545798971,3.0,49.540374710355934,0.5917600544102687,0.5,0.5346217562601614,0.029207859520072987,0.029958540665674993,0.0,0.6217162337591796,0.47104390521199874,0.5052012582218127,0.6035572333421927,0.3672349071377344,0.4569321172223867,0.5131093421119383,0.5052012582218127,0.4947987417781873,26.270187355177967,23.270187355177967
market_residual,7831,2019,7,TEN,LAC,23.0,20.0,3.0,43.0,1.0,1.0,1.0,-2.5,42.5,0.5382082914310139,1.0640680499739665,43.186172050211624,2.5,43.5940227491493,0.5766812482946179,0.5,0.5364022229524273,0.029435216566305822,0.0,0.0,0.6070984405618187,0.47104390521199874,0.5066874127839018,0.589228366486815,0.3813364169468791,0.47104390521199874,0.5289560947880012,0.5066874127839018,0.49331258721609816,23.04701137457465,20.54701137457465
market_residual,7832,2019,7,WAS,SF,0.0,9.0,-9.0,9.0,0.0,1.0,0.0,10.0,39.0,0.30045881216298587,-5.8724535065388315,42.801133834293424,-10.0,40.20343112106766,0.2201232210764253,0.5,0.541367206632747,0.022597789108547373,0.029958540665674993,0.03314262140146096,0.24425658172521555,0.47104390521199874,0.5108351890994305,0.23873692300301447,0.7386652878884381,0.4569321172223867,0.5131093421119383,0.49390477182856435,0.4729526067699747,15.10171556053383,25.10171556053383
market_residual,7833,2019,7,NYJ,NE,0.0,33.0,-33.0,33.0,0.0,0.0,0.0,10.0,43.0,0.14754625696082418,-12.187882008116622,41.22900414701151,-10.0,36.4648467390789,0.2201232210764253,0.5,0.286633367049379,0.022597789108547373,0.029958540665674993,0.028702782427354245,0.24425658172521555,0.47104390521199874,0.2990666633695208,0.23873692300301447,0.7386652878884381,0.4569321172223867,0.5131093421119383,0.29048261799955066,0.6808145995730951,13.23242336953945,23.23242336953945
market_residual,7834,2019,8,MIN,WAS,19.0,9.0,10.0,28.0,1.0,0.0,0.0,-16.5,42.0,0.8578251443666097,12.48921561746055,43.40587857157333,16.5,43.03020684429522,0.8977621578412457,0.5,0.5354302549722926,0.013903934663853479,0.0,0.0331873525244602,0.9078220126259704,0.47104390521199874,0.5058760310454845,0.895199714676011,0.09089635066013559,0.47104390521199874,0.5289560947880012,0.4890873448695033,0.4777253026060366,29.76510342214761,13.265103422147611
market_residual,7835,2019,8,ATL,SEA,20.0,27.0,-7.0,47.0,0.0,1.0,0.0,7.5,48.5,0.3775575506188283,-3.473856689182721,44.12910469143972,-7.5,49.13382105159698,0.28114034173199365,0.5,0.5211090848473275,0.025564651940557792,0.0,0.0,0.308889887077427,0.47104390521199874,0.4939423717371889,0.3009932246263344,0.6734421234331078,0.47104390521199874,0.5289560947880012,0.4939423717371889,0.5060576282628111,20.81691052579849,28.31691052579849
market_residual,7836,2019,8,BUF,PHI,13.0,31.0,-18.0,44.0,0.0,0.0,1.0,-1.0,39.5,0.5681136538770338,1.9050520456562754,42.02940507017876,1.0,40.00796615683014,0.5308376128884902,0.5,0.5169203779274004,0.02987418783187079,0.029958540665674993,0.0,0.5623229643423809,0.47104390521199874,0.4904590090193057,0.5455240224834422,0.4246017896846869,0.4569321172223867,0.5131093421119383,0.4904590090193057,0.5095409909806943,20.50398307841507,19.50398307841507
market_residual,7837,2019,8,CHI,LAC,16.0,17.0,-1.0,33.0,0.0,0.0,0.0,-3.5,41.0,0.6582654567446675,4.555394962348618,41.10216003983615,3.5,42.40395301969486,0.606700506347756,0.5,0.548227784595062,0.028941427832017197,0.0,0.03308227290108595,0.6361474045649043,0.47104390521199874,0.5165754536019388,0.617736390365164,0.35332218180281877,0.47104390521199874,0.5289560947880012,0.4994859634718772,0.4674317636270368,22.95197650984743,19.45197650984743
market_residual,7838,2019,8,DET,NYG,31.0,26.0,5.0,57.0,1.0,0.0,1.0,-6.5,49.0,0.7205815226160608,6.582847997737035,42.76554506058497,6.5,49.998188309303636,0.692299270401721,0.5,0.5343319448145921,0.026593992543465172,0.0,0.03319486675106759,0.7178518452313221,0.47104390521199874,0.5049594140721763,0.6987612986119276,0.2746447088446073,0.47104390521199874,0.5289560947880012,0.4881973536073532,0.47860777964157925,28.249094154651818,21.749094154651818
market_residual,7839,2019,8,HOU,LV,27.0,24.0,3.0,51.0,1.0,0.0,0.0,-6.0,52.0,0.7289625818585173,6.874815753754637,43.46846953588801,6.0,49.432574177956674,0.6786081041899562,0.5,0.4123230224829475,0.027066802970769077,0.029958540665674993,0.0325536955334228,0.7048925769426471,0.47104390521199874,0.4040185168650759,0.6858133884469828,0.28711980858224817,0.4569321172223867,0.5131093421119383,0.39086622107718516,0.576580083389392,27.716287088978337,21.716287088978337
market_residual,7840,2019,8,IND,DEN,15.0,13.0,2.0,28.0,1.0,0.0,0.0,-6.0,42.0,0.7594498860265823,7.988696868121824,45.88758820041876,6.0,43.60042663649426,0.6786081041899562,0.5,0.554935497985699,0.027066802970769077,0.029958540665674993,0.033014271766770575,0.7048925769426471,0.47104390521199874,0.5221984165210904,0.6858133884469828,0.28711980858224817,0.4569321172223867,0.5131093421119383,0.504958416081886,0.4620273121513435,24.80021331824713,18.80021331824713
market_residual,7841,2019,8,JAX,NYJ,29.0,15.0,14.0,44.0,1.0,1.0,1.0,-6.5,40.0,0.7386842059465218,7.220690461360955,39.687447819036805,6.5,39.91960369582826,0.692299270401721,0.5,0.49723132305698486,0.026593992543465172,0.0,0.03330961007916239,0.7178518452313221,0.47104390521199874,0.47412175581348864,0.6987612986119276,0.2746447088446073,0.47104390521199874,0.5289560947880012,0.45832894499729354,0.5083614449235441,23.20980184791413,16.70980184791413
market_residual,7842,2019,8,KC,GB,24.0,31.0,-7.0,55.0,0.0,0.0,1.0,5.0,47.5,0.6684059014238141,4.870935726680882,45.10171162508691,-5.0,47.95335876522441,0.34951800070583694,0.5,0.5151023245055173,0.027919457726382824,0.029958540665674993,0.0,0.37999312467741303,0.47104390521199874,0.4889480133570212,0.36938392269666587,0.6026966195769512,0.4569321172223867,0.5131093421119383,0.4889480133570212,0.5110519866429788,21.476679382612204,26.476679382612204
market_residual,7843,2019,8,LAR,CIN,24.0,10.0,14.0,34.0,1.0,1.0,0.0,-12.0,48.5,0.814578315014235,10.284357138700388,44.59627754280146,12.0,48.839073584994516,0.8225690850169439,0.5,0.5112964363490822,0.019961164838544376,0.029958540665674993,0.0,0.839219073654991,0.47104390521199874,0.48578662985365906,0.8224672833901132,0.15757155177134238,0.4569321172223867,0.5131093421119383,0.48578662985365906,0.5142133701463409,30.419536792497258,18.419536792497258
market_residual,7844,2019,8,NE,CLE,27.0,13.0,14.0,40.0,1.0,1.0,0.0,-10.0,43.0,0.8667238168573144,13.010050946778465,41.81300358739386,10.0,42.85065370216113,0.7798767789235748,0.5,0.4948569369308586,0.022597789108547373,0.029958540665674993,0.03330777082468833,0.7998166627492082,0.47104390521199874,0.47215514428710437,0.7817425744788994,0.19565963641255324,0.4569321172223867,0.5131093421119383,0.4564287089474919,0.5102635202278198,26.425326851080566,16.425326851080566
market_residual,7845,2019,8,NO,ARI,31.0,9.0,22.0,40.0,1.0,1.0,0.0,-12.5,48.0,0.8736558256016169,13.436562485198365,45.687254027629365,12.5,46.911484573460214,0.8323497131548445,0.5,0.4625703460010379,0.019283469690600297,0.0,0.033173063778669354,0.8481979850719094,0.47104390521199874,0.445468518571171,0.8318417849351469,0.14887474537425274,0.47104390521199874,0.5289560947880012,0.4306909629932202,0.5361359732281105,29.705742286730107,17.205742286730107
market_residual,7846,2019,8,SF,CAR,51.0,13.0,38.0,64.0,1.0,1.0,1.0,-4.0,40.5,0.6088137338361755,3.0736134679325007,43.41563366696202,4.0,39.67147871588844,0.6214812434344965,0.5,0.47241565171077127,0.028637025221560808,0.029958540665674993,0.0,0.6503734900167388,0.47104390521199874,0.45359721578046386,0.631748727979695,0.3396142467987442,0.4569321172223867,0.5131093421119383,0.45359721578046386,0.5464027842195361,21.83573935794422,17.83573935794422
market_residual,7847,2019,8,TEN,TB,27.0,23.0,4.0,50.0,1.0,1.0,1.0,-2.0,45.5,0.6316055153195919,3.7461247049434316,40.388762368990186,2.0,45.25546109327638,0.5614861094752637,0.5,0.4918525196284039,0.029622551706754596,0.029958540665674993,0.0,0.592313384983923,0.47104390521199874,0.46966766179962866,0.5747675511106339,0.39560989718261147,0.4569321172223867,0.5131093421119383,0.46966766179962866,0.5303323382003713,23.62773054663819,21.62773054663819
market_residual,7848,2019,8,PIT,MIA,27.0,14.0,13.0,41.0,1.0,0.0,0.0,-14.0,44.0,0.8308710401398708,11.061050304047958,39.84601623065768,14.0,43.38211330919834,0.8595307109233283,0.5,0.47873152593140744,0.0172388953639267,0.029958540665674993,0.0332660592781121,0.873061232501306,0.47104390521199874,0.4588154486225454,0.8580106212679152,0.12475048336815824,0.4569321172223867,0.5131093421119383,0.4435524667109542,0.5231814740109336,28.69105665459917,14.69105665459917
market_residual,7849,2019,9,ARI,SF,25.0,28.0,-3.0,53.0,0.0,1.0,1.0,10.0,43.0,0.2683476360523978,-6.969712100911047,42.89964862003845,-10.0,40.50943703838178,0.2201232210764253,0.5,0.41490583051163205,0.022597789108547373,0.029958540665674993,0.03259784215874095,0.24425658172521555,0.47104390521199874,0.4061501350537697,0.23873692300301447,0.7386652878884381,0.4569321172223867,0.5131093421119383,0.3929105170585356,0.5744916407827234,15.254718519190892,25.25471851919089
market_residual,7850,2019,9,BAL,NE,37.0,20.0,17.0,57.0,1.0,1.0,1.0,3.0,44.5,0.40108188795825944,-2.7861503412487036,41.15712099205304,-3.0,44.06104496372858,0.40823994558973126,0.5,0.48537727523651136,0.029207859520072987,0.029958540665674993,0.0,0.439997317133744,0.47104390521199874,0.46430992855503106,0.4271459373056926,0.5436462031742344,0.4569321172223867,0.5131093421119383,0.46430992855503106,0.5356900714449689,20.53052248186429,23.53052248186429
market_residual,7851,2019,9,BUF,WAS,24.0,9.0,15.0,33.0,1.0,1.0,0.0,-10.5,37.0,0.7506413562425832,7.657728972984569,41.59619092206238,10.5,38.71499311682315,0.7910788946867001,0.5,0.5588395161772413,0.021954034588132998,0.0,0.032970588125834366,0.8101892356883185,0.47104390521199874,0.5254761828881055,0.792402313185084,0.18564365222678292,0.47104390521199874,0.5289560947880012,0.5081509240921661,0.45887848778199947,24.607496558411576,14.107496558411576
market_residual,7852,2019,9,CAR,TEN,30.0,20.0,10.0,50.0,1.0,1.0,1.0,-3.5,43.0,0.6182336808612366,3.349680811565422,42.494756317827544,3.5,43.76987348658074,0.606700506347756,0.5,0.5264929064736832,0.028941427832017197,0.0,0.033241609749599055,0.6361474045649043,0.47104390521199874,0.4984241148257436,0.617736390365164,0.35332218180281877,0.47104390521199874,0.5289560947880012,0.48185569491091684,0.4849026953394841,23.63493674329037,20.13493674329037
market_residual,7853,2019,9,DEN,CLE,24.0,19.0,5.0,43.0,1.0,1.0,1.0,4.0,39.0,0.5649545454178212,1.8156619475751086,41.934713115504316,-4.0,39.497959801712256,0.3785187565655035,0.5,0.5171433692972971,0.028637025221560863,0.029958540665674993,0.033281580723907245,0.40974609168814097,0.47104390521199874,0.4906443759391166,0.3980121825260317,0.5733507922524074,0.4569321172223867,0.5131093421119383,0.47431495553456776,0.49240346374152494,17.748979900856128,21.748979900856128
market_residual,7854,2019,9,JAX,HOU,3.0,26.0,-23.0,29.0,0.0,0.0,0.0,-1.0,46.0,0.38579334693675954,-3.2313565199034566,42.495506332934056,1.0,46.25783615014944,0.5308376128884902,0.5,0.5088786436873017,0.02987418783187079,0.029958540665674993,0.03330264222509183,0.5623229643423809,0.47104390521199874,0.4837794386455069,0.5455240224834422,0.4246017896846869,0.4569321172223867,0.5131093421119383,0.4676683050844398,0.4990290526904684,23.62891807507472,22.62891807507472
market_residual,7855,2019,9,KC,MIN,26.0,23.0,3.0,49.0,1.0,1.0,1.0,5.5,45.5,0.5445392013519055,1.2412503474199184,44.189428980950595,-5.5,46.60521120274991,0.33533657525413507,0.5,0.5367734537596207,0.027509209259250378,0.0,0.0,0.36535765882047316,0.47104390521199874,0.506997361251897,0.35530695852951094,0.6171838322112386,0.47104390521199874,0.5289560947880012,0.506997361251897,0.493002638748103,20.552605601374957,26.052605601374957
market_residual,7856,2019,9,LAC,GB,26.0,11.0,15.0,37.0,1.0,1.0,0.0,4.0,50.0,0.46338135938244657,-1.0196351277807298,45.45458471394511,-4.0,49.266309861985455,0.3785187565655035,0.5,0.4747504778107491,0.028637025221560863,0.029958540665674993,0.0332479144186032,0.40974609168814097,0.47104390521199874,0.4555259050841294,0.3980121825260317,0.5733507922524074,0.4569321172223867,0.5131093421119383,0.4403806187764355,0.5263714668049613,22.633154930992728,26.633154930992728
market_residual,7857,2019,9,MIA,NYJ,26.0,18.0,8.0,44.0,1.0,1.0,1.0,3.0,42.5,0.5659279349032738,1.843188708104899,39.27682672301309,-3.0,39.1535905026455,0.40823994558973126,0.5,0.3899323576775381,0.029207859520072987,0.029958540665674993,0.0,0.439997317133744,0.47104390521199874,0.38552004376659904,0.4271459373056926,0.5436462031742344,0.4569321172223867,0.5131093421119383,0.38552004376659904,0.6144799562334009,18.07679525132275,21.07679525132275
market_residual,7858,2019,9,LV,DET,31.0,24.0,7.0,55.0,1.0,1.0,1.0,-2.5,51.0,0.4858891038506244,-0.39231437488949267,44.222869143451234,2.5,50.49219613128945,0.5766812482946179,0.5,0.4825179484982291,0.029435216566305822,0.0,0.03328043210634424,0.6070984405618187,0.47104390521199874,0.461945431307543,0.589228366486815,0.3813364169468791,0.47104390521199874,0.5289560947880012,0.4465716877440764,0.5201478801495792,26.496098065644723,23.996098065644723
market_residual,7859,2019,9,PHI,CHI,22.0,14.0,8.0,36.0,1.0,1.0,0.0,-5.0,41.0,0.600471068337928,2.8311016521229337,40.80230719182897,5.0,42.51758065103459,0.6504819992941632,0.5,0.5521089521774005,0.027919457726382935,0.029958540665674993,0.033044012683914825,0.6781414250825598,0.47104390521199874,0.5198276495526449,0.6592080842324582,0.3128724580411589,0.4569321172223867,0.5131093421119383,0.5026504581073776,0.46430552920870743,23.758790325517296,18.758790325517296
market_residual,7860,2019,9,PIT,IND,26.0,24.0,2.0,50.0,1.0,1.0,1.0,-1.0,40.0,0.5346970196131086,0.9659508647952861,42.54358018732742,1.0,40.68288587323812,0.5308376128884902,0.5,0.5235032876981905,0.02987418783187079,0.029958540665674993,0.0332562563657785,0.5623229643423809,0.47104390521199874,0.49593477380598744,0.5455240224834422,0.4246017896846869,0.4569321172223867,0.5131093421119383,0.47944183982759114,0.48730190380663035,20.84144293661906,19.84144293661906
market_residual,7861,2019,9,SEA,TB,40.0,34.0,6.0,74.0,1.0,1.0,1.0,-4.0,51.0,0.744713594098238,7.439385480156325,39.8321107373593,4.0,49.70645381347006,0.6214812434344965,0.5,0.4555479317519189,0.028637025221560808,0.029958540665674993,0.03311663554481292,0.6503734900167388,0.47104390521199874,0.43967372715464287,0.631748727979695,0.3396142467987442,0.4569321172223867,0.5131093421119383,0.42511321257383305,0.541770151881354,26.85322690673503,22.85322690673503
market_residual,7862,2019,9,NYG,DAL,18.0,37.0,-19.0,55.0,0.0,0.0,1.0,6.5,48.5,0.3081085936632221,-5.621345996508881,41.05757980808569,-6.5,47.120706607488906,0.30770072959827893,0.5,0.45414333502239856,0.026593992543465172,0.0,0.0,0.3366710477561662,0.47104390521199874,0.43851492062154224,0.3277176204225381,0.6456883870339968,0.47104390521199874,0.5289560947880012,0.43851492062154224,0.5614850793784578,20.310353303744453,26.810353303744453
market_residual,7863,2019,10,LV,LAC,26.0,24.0,2.0,50.0,1.0,1.0,1.0,1.0,49.0,0.4565500859814373,-1.2107375275505456,43.3021052229691,-1.0,48.403369069603244,0.4691623871115098,0.5,0.4794624985030925,0.02987418783187079,0.029958540665674993,0.03326905298902938,0.5012677802365728,0.47104390521199874,0.4594195956385987,0.48629281241572053,0.4838329997524087,0.4569321172223867,0.5131093421119383,0.4441351407670997,0.5225958062438709,23.701684534801622,24.701684534801622
market_residual,7864,2019,10,CHI,DET,20.0,13.0,7.0,33.0,1.0,1.0,0.0,-6.0,38.0,0.6544379848168894,4.4374800110489465,42.06784372734647,6.0,38.865321391649346,0.6786081041899562,0.5,0.5297715153959305,0.027066802970769077,0.029958540665674993,0.03322352933740541,0.7048925769426471,0.47104390521199874,0.5011559979883133,0.6858133884469828,0.28711980858224817,0.4569321172223867,0.5131093421119383,0.4845058269865319,0.48227064367606265,22.432660695824673,16.432660695824673
market_residual,7865,2019,10,CIN,BAL,13.0,49.0,-36.0,62.0,0.0,0.0,1.0,10.5,44.0,0.17737055371068453,-10.66116366989806,40.71785273677891,-10.5,43.820105538043954,0.2089211053133,0.5,0.4938050245648178,0.021954034588132942,0.0,0.033306603087363995,0.23226350634149628,0.47104390521199874,0.47128410264898163,0.22716438528971403,0.750881580122153,0.47104390521199874,0.5289560947880012,0.4555872301006675,0.5111061668119685,16.660052769021977,27.160052769021977
market_residual,7866,2019,10,CLE,BUF,19.0,16.0,3.0,35.0,1.0,,0.0,-3.0,42.0,0.4763901633615032,-0.6567201796721566,39.098249315960516,3.0,42.755183078264984,0.5917600544102687,0.5,0.5259881249083246,0.029207859520072987,0.029958540665674993,0.03324420588489063,0.6217162337591796,0.47104390521199874,0.4980036876054425,0.6035572333421927,0.3672349071377344,0.4569321172223867,0.5131093421119383,0.4814479504832524,0.4853078436318569,22.877591539132492,19.877591539132492
market_residual,7867,2019,10,DAL,MIN,24.0,28.0,-4.0,52.0,0.0,0.0,1.0,-3.0,48.0,0.5400984130941822,1.1169278899819437,43.52543376527852,3.0,48.211864168857474,0.5917600544102687,0.5,0.5072957902977941,0.029207859520072987,0.029958540665674993,0.03330514901310644,0.6217162337591796,0.47104390521199874,0.48246586512080025,0.6035572333421927,0.3672349071377344,0.4569321172223867,0.5131093421119383,0.4663972675892147,0.5002975833976788,25.605932084428737,22.605932084428737
market_residual,7868,2019,10,GB,CAR,24.0,16.0,8.0,40.0,1.0,1.0,0.0,-5.0,49.0,0.5859917285424037,2.4141194863266535,45.1008677289623,5.0,48.84907101682634,0.6504819992941632,0.5,0.49480243689858017,0.027919457726382935,0.029958540665674993,0.033307715646445635,0.6781414250825598,0.47104390521199874,0.47211001202713676,0.6592080842324582,0.3128724580411589,0.4569321172223867,0.5131093421119383,0.4563851059926969,0.5103071783608575,26.92453550841317,21.92453550841317
market_residual,7869,2019,10,IND,MIA,12.0,16.0,-4.0,28.0,0.0,0.0,0.0,-11.0,44.0,0.8448726284693296,11.777644904148255,43.074278700830426,11.0,44.461712134035565,0.8019310626202029,0.5,0.5158961710163465,0.021298570868476252,0.029958540665674993,0.033285616635414184,0.8202146849869071,0.47104390521199874,0.4896077177674422,0.8027452843913485,0.1759561447401752,0.4569321172223867,0.5131093421119383,0.4733108229720951,0.49340356039249067,27.730856067017783,16.730856067017783
market_residual,7870,2019,10,NO,ATL,9.0,26.0,-17.0,35.0,0.0,0.0,0.0,-13.5,51.5,0.8691091289013888,13.154639258471189,48.447367602022226,13.5,50.48899427054389,0.8508297762004063,0.5,0.4663532350037665,0.01792036932305424,0.0,0.0,0.8651163217779185,0.47104390521199874,0.4485911235186106,0.849613117784256,0.13246651289268976,0.47104390521199874,0.5289560947880012,0.4485911235186106,0.5514088764813894,31.994497135271946,18.494497135271946
market_residual,7871,2019,10,NYJ,NYG,34.0,27.0,7.0,61.0,1.0,1.0,1.0,3.0,43.0,0.5221673347631808,0.6165418371743908,39.29907600318062,-3.0,43.501599683871035,0.40823994558973126,0.5,0.5172685998628618,0.029207859520072987,0.029958540665674993,0.0332811586333307,0.439997317133744,0.47104390521199874,0.4907484804630761,0.4271459373056926,0.5436462031742344,0.4569321172223867,0.5131093421119383,0.4744158024357185,0.49230303893095073,20.250799841935518,23.250799841935518
market_residual,7872,2019,10,PIT,LAR,17.0,12.0,5.0,29.0,1.0,1.0,0.0,4.5,43.5,0.5453074801345662,1.2627783259063199,43.002264693823605,-4.5,44.483511594027334,0.3639183389658721,0.5,0.5327338316911533,0.02829590424789974,0.0,0.0,0.39479633846154183,0.47104390521199874,0.5036261122592786,0.3836252190710126,0.5880788766810876,0.47104390521199874,0.5289560947880012,0.5036261122592786,0.49637388774072144,19.991755797013667,24.491755797013667
market_residual,7873,2019,10,TB,ARI,30.0,27.0,3.0,57.0,1.0,0.0,1.0,-5.5,51.5,0.65919339735668,4.584077579139275,39.784188590806394,5.5,49.22667769171453,0.6646634247458649,0.5,0.4247054754489338,0.027509209259250378,0.0,0.0,0.6916513863666558,0.47104390521199874,0.4142352535409694,0.6726246036446448,0.2998661870961048,0.47104390521199874,0.5289560947880012,0.4142352535409694,0.5857647464590305,27.363338845857264,21.863338845857264
market_residual,7874,2019,10,TEN,KC,35.0,32.0,3.0,67.0,1.0,1.0,1.0,6.0,49.0,0.4077468641440006,-2.5938678271905156,42.864172495611186,-6.0,49.82424392338396,0.32139189581004374,0.5,0.52836075741524,0.027066802970769133,0.029958540665674993,0.033231568030565595,0.3509104165956474,0.47104390521199874,0.49998024191143453,0.3414123934892625,0.6315208035399684,0.4569321172223867,0.5131093421119383,0.48336511448841607,0.48340331748101834,21.91212196169198,27.91212196169198
market_residual,7875,2019,10,SF,SEA,24.0,27.0,-3.0,51.0,0.0,0.0,1.0,-6.5,46.5,0.62551704697299,3.564913552625421,42.872913745163686,6.5,46.18341830611854,0.692299270401721,0.5,0.4894527134459181,0.026593992543465172,0.0,0.0,0.7178518452313221,0.47104390521199874,0.46768149702279843,0.6987612986119276,0.2746447088446073,0.47104390521199874,0.5289560947880012,0.46768149702279843,0.5323185029772015,26.34170915305927,19.84170915305927
market_residual,7876,2019,11,CLE,PIT,21.0,7.0,14.0,28.0,1.0,1.0,0.0,-3.0,41.5,0.37901058958853756,-3.4309255992592536,37.87811728453879,3.0,39.54397981553034,0.5917600544102687,0.5,0.43511407829227927,0.029207859520072987,0.029958540665674993,0.0,0.6217162337591796,0.47104390521199874,0.42281994949501917,0.6035572333421927,0.3672349071377344,0.4569321172223867,0.5131093421119383,0.42281994949501917,0.5771800505049809,21.27198990776517,18.27198990776517
market_residual,7877,2019,11,BAL,HOU,41.0,7.0,34.0,48.0,1.0,1.0,0.0,-4.5,51.0,0.6645467383655159,4.750296190330273,41.718077305058316,4.5,54.308789472629066,0.6360816610341279,0.5,0.6123721340747815,0.028295904247899684,0.0,0.03206307648773277,0.6643769899912656,0.47104390521199874,0.5708756614148334,0.645577842297965,0.3261262534541354,0.47104390521199874,0.5289560947880012,0.5525716314179046,0.4153652920943627,29.404394736314533,24.904394736314533
market_residual,7878,2019,11,CAR,ATL,3.0,29.0,-26.0,32.0,0.0,0.0,0.0,-4.0,49.0,0.6751350801843234,5.083005720997807,44.94667973033111,4.0,47.619100664150025,0.6214812434344965,0.5,0.45256025067788225,0.028637025221560808,0.029958540665674993,0.033089677387532435,0.6503734900167388,0.47104390521199874,0.43720894176141273,0.631748727979695,0.3396142467987442,0.4569321172223867,0.5131093421119383,0.4227418389275831,0.5441684836848845,25.809550332075013,21.809550332075013
market_residual,7879,2019,11,DET,DAL,27.0,35.0,-8.0,62.0,0.0,0.0,1.0,7.0,46.5,0.4324432762104497,-1.8892819865949968,43.637678597022926,-7.0,45.90445787101841,0.2942787207076661,0.5,0.48016469021498753,0.02609262965763215,0.029958540665674993,0.0,0.322658289490021,0.47104390521199874,0.4599999992239341,0.31423928623639286,0.6596680841059751,0.4569321172223867,0.5131093421119383,0.4599999992239341,0.5400000007760659,19.452228935509204,26.452228935509204
market_residual,7880,2019,11,IND,JAX,33.0,13.0,20.0,46.0,1.0,1.0,1.0,-2.5,41.5,0.697081272560829,5.791316666673174,43.523735642176604,2.5,41.39601014096584,0.5766812482946179,0.5,0.4965350970156425,0.029435216566305822,0.0,0.0,0.6070984405618187,0.47104390521199874,0.473545027651276,0.589228366486815,0.3813364169468791,0.47104390521199874,0.5289560947880012,0.473545027651276,0.526454972348724,21.94800507048292,19.44800507048292
market_residual,7881,2019,11,LAR,CHI,17.0,7.0,10.0,24.0,1.0,1.0,0.0,-5.5,40.0,0.621765709860943,3.4538538948922723,42.09104452387767,5.5,40.972720007269494,0.6646634247458649,0.5,0.5334581298679716,0.027509209259250378,0.0,0.033200675516455835,0.6916513863666558,0.47104390521199874,0.5042303288672434,0.6726246036446448,0.2998661870961048,0.47104390521199874,0.5289560947880012,0.48748954133296624,0.479309783150578,23.236360003634747,17.736360003634747
market_residual,7882,2019,11,MIA,BUF,20.0,37.0,-17.0,57.0,0.0,0.0,1.0,7.0,41.0,0.414679060526433,-2.3949112806655193,40.86713781779602,-7.0,42.48071401639515,0.2942787207076661,0.5,0.5508502468774823,0.02609262965763215,0.029958540665674993,0.03305674750235005,0.322658289490021,0.47104390521199874,0.5187725340921258,0.31423928623639286,0.6596680841059751,0.4569321172223867,0.5131093421119383,0.5016236014214881,0.4653196510761619,17.740357008197574,24.740357008197574
market_residual,7883,2019,11,MIN,DEN,27.0,23.0,4.0,50.0,1.0,0.0,1.0,-10.0,40.0,0.7904567455536905,9.225670803975982,45.39849152803535,10.0,39.715325014824934,0.7798767789235748,0.5,0.49019733799680587,0.022597789108547373,0.029958540665674993,0.03330095198466626,0.7998166627492082,0.47104390521199874,0.4682977068774462,0.7817425744788994,0.19565963641255324,0.4569321172223867,0.5131093421119383,0.45270294742619105,0.5139961005891427,24.857662507412467,14.857662507412467
market_residual,7884,2019,11,LV,CIN,17.0,10.0,7.0,27.0,1.0,0.0,0.0,-13.0,48.0,0.7748947644674024,8.589714089763019,43.03005381595855,13.0,47.490061243627814,0.8417698688806992,0.5,0.482444500029455,0.018602538177265093,0.029958540665674993,0.03328018004351907,0.8568296274703546,0.47104390521199874,0.4618847039702442,0.8408904216139256,0.1405070402088094,0.4569321172223867,0.5131093421119383,0.446513097862767,0.5202067220937139,30.245030621813907,17.245030621813907
market_residual,7885,2019,11,PHI,NE,10.0,17.0,-7.0,27.0,0.0,0.0,0.0,4.5,45.0,0.42027313939182565,-2.235068623156203,43.18633825616858,-4.5,44.322340868945645,0.3639183389658721,0.5,0.4766763918829812,0.02829590424789974,0.0,0.03325708075295819,0.39479633846154183,0.47104390521199874,0.45711712819201145,0.3836252190710126,0.5880788766810876,0.47104390521199874,0.5289560947880012,0.4419147469461694,0.5248281723008724,19.911170434472822,24.411170434472822
market_residual,7886,2019,11,SF,ARI,36.0,26.0,10.0,62.0,1.0,,1.0,-10.0,44.0,0.8406746023685668,11.5574866577406,43.79134845522742,10.0,44.70444016243743,0.7798767789235748,0.5,0.5242442064699786,0.022597789108547373,0.029958540665674993,0.03325279002334297,0.7998166627492082,0.47104390521199874,0.496551556827691,0.7817425744788994,0.19565963641255324,0.4569321172223867,0.5131093421119383,0.48003983217273566,0.48670737780392126,27.352220081218714,17.352220081218714
market_residual,7887,2019,11,TB,NO,17.0,34.0,-17.0,51.0,0.0,0.0,1.0,5.0,50.5,0.33526926702401216,-4.756032212973732,43.04522901421595,-5.0,49.34131301483173,0.34951800070583694,0.5,0.46145267759281583,0.027919457726382824,0.029958540665674993,0.0,0.37999312467741303,0.47104390521199874,0.4445460815643179,0.36938392269666587,0.6026966195769512,0.4569321172223867,0.5131093421119383,0.4445460815643179,0.5554539184356821,22.170656507415863,27.170656507415863
market_residual,7888,2019,11,WAS,NYJ,17.0,34.0,-17.0,51.0,0.0,0.0,1.0,-2.0,37.5,0.5893016309725759,2.5090346381884046,39.80658079703159,2.0,38.2349443596497,0.5614861094752637,0.5,0.5244730078468669,0.029622551706754596,0.029958540665674993,0.0,0.592313384983923,0.47104390521199874,0.4967420441728024,0.5747675511106339,0.39560989718261147,0.4569321172223867,0.5131093421119383,0.4967420441728024,0.5032579558271977,20.11747217982485,18.11747217982485
market_residual,7889,2019,11,LAC,KC,17.0,24.0,-7.0,41.0,0.0,0.0,0.0,5.5,52.5,0.406220653340255,-2.63780939524172,43.501819886276124,-5.5,51.947249904726206,0.33533657525413507,0.5,0.48158888343271505,0.027509209259250378,0.0,0.0,0.36535765882047316,0.47104390521199874,0.4611773154066791,0.35530695852951094,0.6171838322112386,0.47104390521199874,0.5289560947880012,0.4611773154066791,0.5388226845933208,23.223624952363103,28.723624952363103
market_residual,7890,2019,12,HOU,IND,20.0,17.0,3.0,37.0,1.0,0.0,0.0,-3.5,46.0,0.5762063802888597,2.134778381401402,44.838558871675446,3.5,45.581742002803374,0.606700506347756,0.5,0.4855991954763728,0.028941427832017197,0.0,0.0332900536729932,0.6361474045649043,0.47104390521199874,0.46449347710047845,0.617736390365164,0.35332218180281877,0.47104390521199874,0.5289560947880012,0.4490304643170483,0.5176794820099585,24.540871001401687,21.040871001401687
market_residual,7891,2019,12,ATL,TB,22.0,35.0,-13.0,57.0,0.0,0.0,1.0,-3.5,51.5,0.6897541622320351,5.551813857619273,42.63400332942952,3.5,50.73322820573638,0.606700506347756,0.5,0.47446858430666494,0.028941427832017197,0.0,0.0,0.6361474045649043,0.47104390521199874,0.45529302431408675,0.617736390365164,0.35332218180281877,0.47104390521199874,0.5289560947880012,0.45529302431408675,0.5447069756859133,27.11661410286819,23.61661410286819
market_residual,7892,2019,12,BUF,DEN,20.0,3.0,17.0,23.0,1.0,1.0,0.0,-3.5,37.0,0.6665125628906646,4.811661785093265,43.65404156315098,3.5,38.85286441839422,0.606700506347756,0.5,0.5635298424200348,0.028941427832017197,0.0,0.032914101675909024,0.6361474045649043,0.47104390521199874,0.5294193115582349,0.617736390365164,0.35332218180281877,0.47104390521199874,0.5289560947880012,0.5119939505084173,0.45509194781567364,21.17643220919711,17.67643220919711
market_residual,7893,2019,12,CHI,NYG,19.0,14.0,5.0,33.0,1.0,0.0,0.0,-6.0,41.0,0.809187383338111,10.039072249031497,39.45484017994451,6.0,42.84048031299651,0.6786081041899562,0.5,0.5631089059232659,0.027066802970769077,0.029958540665674993,0.03291934986665673,0.7048925769426471,0.47104390521199874,0.5290651959858798,0.6858133884469828,0.28711980858224817,0.4569321172223867,0.5131093421119383,0.5116487136969493,0.455431936436394,24.420240156498256,18.420240156498256
market_residual,7894,2019,12,CIN,PIT,10.0,16.0,-6.0,26.0,0.0,1.0,0.0,6.5,37.0,0.24269702459854262,-7.907283377889171,40.78829450484261,-6.5,36.117738147890094,0.30770072959827893,0.5,0.46964679529807135,0.026593992543465172,0.0,0.033220100910172246,0.3366710477561662,0.47104390521199874,0.451310505639761,0.3277176204225381,0.6456883870339968,0.47104390521199874,0.5289560947880012,0.43631792510058726,0.5304619739892404,14.808869073945047,21.308869073945047
market_residual,7895,2019,12,CLE,MIA,41.0,24.0,17.0,65.0,1.0,1.0,1.0,-11.0,46.0,0.7447769326060287,7.441700691083806,38.25149234327111,11.0,45.554928451239896,0.8019310626202029,0.5,0.4846764474554181,0.021298570868476252,0.029958540665674993,0.03328736748492467,0.8202146849869071,0.47104390521199874,0.4637303112769983,0.8027452843913485,0.1759561447401752,0.4569321172223867,0.5131093421119383,0.44829394999162236,0.5184186825234529,28.277464225619948,17.277464225619948
market_residual,7896,2019,12,NE,DAL,13.0,9.0,4.0,22.0,1.0,0.0,0.0,-5.5,44.5,0.7397771437934776,7.260087517093179,43.357306064518596,5.5,45.66985747383639,0.6646634247458649,0.5,0.5389177679700305,0.027509209259250378,0.0,0.0,0.6916513863666558,0.47104390521199874,0.5087882589111252,0.6726246036446448,0.2998661870961048,0.47104390521199874,0.5289560947880012,0.5087882589111252,0.4912117410888748,25.584928736918194,20.084928736918194
market_residual,7897,2019,12,NO,CAR,34.0,31.0,3.0,65.0,1.0,0.0,1.0,-10.0,46.5,0.7642013123605309,8.170662328127582,45.550708420481776,10.0,43.67267596033499,0.7798767789235748,0.5,0.40666169925357665,0.022597789108547373,0.029958540665674993,0.0,0.7998166627492082,0.47104390521199874,0.39934485118383506,0.7817425744788994,0.19565963641255324,0.4569321172223867,0.5131093421119383,0.39934485118383506,0.6006551488161649,26.836337980167496,16.836337980167496
market_residual,7898,2019,12,NYJ,LV,34.0,3.0,31.0,37.0,1.0,1.0,0.0,3.0,44.5,0.42480875986809974,-2.1059007952990485,40.679322522146165,-3.0,43.986431879270135,0.40823994558973126,0.5,0.4828931341654987,0.029207859520072987,0.029958540665674993,0.0,0.439997317133744,0.47104390521199874,0.4622556434402482,0.4271459373056926,0.5436462031742344,0.4569321172223867,0.5131093421119383,0.4622556434402482,0.5377443565597517,20.493215939635068,23.493215939635068
market_residual,7899,2019,12,PHI,SEA,9.0,17.0,-8.0,26.0,0.0,0.0,0.0,2.0,45.5,0.5214387293578036,0.5962517765824851,41.8807547531068,-2.0,45.46354464595894,0.4385138905247362,0.5,0.4987853079223184,0.02962255170675454,0.029958540665674993,0.0,0.4705663519697983,0.47104390521199874,0.4754092380080526,0.4566269758771141,0.5137504724161315,0.4569321172223867,0.5131093421119383,0.4754092380080526,0.5245907619919474,21.73177232297947,23.73177232297947
market_residual,7900,2019,12,SF,GB,37.0,8.0,29.0,45.0,1.0,1.0,0.0,-3.0,48.0,0.6227934461735422,3.4842368620924935,45.802947992170104,3.0,47.84456858014412,0.5917600544102687,0.5,0.4946473952945046,0.029207859520072987,0.029958540665674993,0.033307555494379026,0.6217162337591796,0.47104390521199874,0.47198162177932884,0.6035572333421927,0.3672349071377344,0.4569321172223867,0.5131093421119383,0.45626106771958685,0.5104313767860341,25.42228429007206,22.42228429007206
market_residual,7901,2019,12,TEN,JAX,42.0,20.0,22.0,62.0,1.0,1.0,1.0,-4.0,42.5,0.6667887601146852,4.820298045118898,41.94357333768977,4.0,43.318234767024734,0.6214812434344965,0.5,0.5272424106167399,0.028637025221560808,0.029958540665674993,0.0,0.6503734900167388,0.47104390521199874,0.49904845629623196,0.631748727979695,0.3396142467987442,0.4569321172223867,0.5131093421119383,0.49904845629623196,0.500951543703768,23.659117383512367,19.659117383512367
market_residual,7902,2019,12,WAS,DET,19.0,16.0,3.0,35.0,1.0,1.0,0.0,4.0,40.0,0.38143668832409555,-3.3593871094613403,43.467580406622204,-4.0,41.32880917073128,0.3785187565655035,0.5,0.5456584663684279,0.028637025221560863,0.029958540665674993,0.03310596232836294,0.40974609168814097,0.47104390521199874,0.5144244514500945,0.3980121825260317,0.5733507922524074,0.4569321172223867,0.5131093421119383,0.49739393493959894,0.4695001027320381,18.66440458536564,22.66440458536564
market_residual,7903,2019,12,LAR,BAL,6.0,45.0,-39.0,51.0,0.0,0.0,1.0,3.5,47.0,0.4653692884482086,-0.9640989414209798,42.15080118848657,-3.5,51.190487830473536,0.39329949365224415,0.5,0.6411359122933868,0.02894142783201714,0.0,0.0313325133255169,0.42482054202732056,0.47104390521199874,0.59570289688045,0.41252562896867845,0.5585329431993044,0.47104390521199874,0.5289560947880012,0.5770380279258942,0.39162945874858884,23.845243915236768,27.345243915236768
market_residual,7904,2019,13,ATL,NO,18.0,26.0,-8.0,44.0,0.0,0.0,0.0,7.0,48.0,0.3380730198188176,-4.668793126048049,48.15242362537752,-7.0,44.405711861397265,0.2942787207076661,0.5,0.3782352757898272,0.02609262965763215,0.029958540665674993,0.031843558765899616,0.322658289490021,0.47104390521199874,0.3758371018921715,0.31423928623639286,0.6596680841059751,0.4569321172223867,0.5131093421119383,0.36386911105166275,0.6042873301824376,18.702855930698632,25.702855930698632
market_residual,7905,2019,13,DAL,BUF,15.0,26.0,-11.0,41.0,0.0,0.0,0.0,-6.5,46.5,0.6423808878993071,4.0699502522685,41.98493615679729,6.5,46.943196044527696,0.692299270401721,0.5,0.5147639394842002,0.026593992543465172,0.0,0.0,0.7178518452313221,0.47104390521199874,0.4886668387607888,0.6987612986119276,0.2746447088446073,0.47104390521199874,0.5289560947880012,0.4886668387607888,0.5113331612392111,26.721598022263848,20.221598022263848
market_residual,7906,2019,13,DET,CHI,20.0,24.0,-4.0,44.0,0.0,1.0,1.0,5.5,37.0,0.42372458513828276,-2.1367428623368507,41.813866975911424,-5.5,38.57846813839986,0.33533657525413507,0.5,0.5541865904080701,0.027509209259250378,0.0,0.033022305952037756,0.36535765882047316,0.47104390521199874,0.5215700789906508,0.35530695852951094,0.6171838322112386,0.47104390521199874,0.5289560947880012,0.504346632266793,0.4626310617811692,16.53923406919993,22.03923406919993
market_residual,7907,2019,13,ARI,LAR,7.0,34.0,-27.0,41.0,0.0,0.0,0.0,2.5,47.0,0.3046096951394094,-5.735758551595782,43.621631285110425,-2.5,46.998674071476785,0.42331875170538213,0.5,0.49995433747671747,0.029435216566305877,0.0,0.03331036038264462,0.4552536224442222,0.47104390521199874,0.47637798556753463,0.44185313347498123,0.5287116499587129,0.47104390521199874,0.5289560947880012,0.4605096631899218,0.5061799764274336,22.249337035738392,24.749337035738392
market_residual,7908,2019,13,BAL,SF,20.0,17.0,3.0,37.0,1.0,0.0,0.0,-5.5,45.0,0.6766709924492051,5.131726245222135,41.57438369697296,5.5,46.7783325256035,0.6646634247458649,0.5,0.5609953961402692,0.027509209259250378,0.0,0.03294516781865825,0.6916513863666558,0.47104390521199874,0.527287902365151,0.6726246036446448,0.2998661870961048,0.47104390521199874,0.5289560947880012,0.5099163139329828,0.45713851824835894,26.13916626280175,20.63916626280175
market_residual,7909,2019,13,CAR,WAS,21.0,29.0,-8.0,50.0,0.0,0.0,1.0,-10.5,38.5,0.7760152339298365,8.63442824638917,41.8720743027606,10.5,39.23771711612432,0.7910788946867001,0.5,0.5245652216634259,0.021954034588132998,0.0,0.0,0.8101892356883185,0.47104390521199874,0.4968188189699096,0.792402313185084,0.18564365222678292,0.47104390521199874,0.5289560947880012,0.4968188189699096,0.5031811810300904,24.86885855806216,14.368858558062161
market_residual,7910,2019,13,CIN,NYJ,22.0,6.0,16.0,28.0,1.0,1.0,0.0,3.0,43.0,0.40938744777753827,-2.546690401683163,40.558735782811084,-3.0,46.09785660296561,0.40823994558973126,0.5,0.605388545437007,0.029207859520072987,0.029958540665674993,0.0322144716494247,0.439997317133744,0.47104390521199874,0.5648985056446,0.4271459373056926,0.5436462031742344,0.4569321172223867,0.5131093421119383,0.5467005987497097,0.4210849296008657,21.548928301482803,24.548928301482803
market_residual,7911,2019,13,DEN,LAC,23.0,20.0,3.0,43.0,1.0,1.0,1.0,4.5,38.5,0.4582400715035051,-1.1634210408037506,44.81160143264402,-4.5,38.8218984967994,0.3639183389658721,0.5,0.5107243796916054,0.02829590424789974,0.0,0.0,0.39479633846154183,0.47104390521199874,0.48531164272059474,0.3836252190710126,0.5880788766810876,0.47104390521199874,0.5289560947880012,0.48531164272059474,0.5146883572794052,17.1609492483997,21.6609492483997
market_residual,7912,2019,13,HOU,NE,28.0,22.0,6.0,50.0,1.0,1.0,1.0,3.0,47.0,0.37813279336642186,-3.456853000033361,43.99511255621929,-3.0,47.644171571242836,0.40823994558973126,0.5,0.5221722927169521,0.029207859520072987,0.029958540665674993,0.03326221273898766,0.439997317133744,0.47104390521199874,0.4948270244888702,0.4271459373056926,0.5436462031742344,0.4569321172223867,0.5131093421119383,0.47836798273132114,0.4883698045296912,22.322085785621418,25.322085785621418
market_residual,7913,2019,13,IND,TEN,17.0,31.0,-14.0,48.0,0.0,0.0,1.0,1.0,41.5,0.6166878169621187,3.304203933612625,44.403292249871356,-1.0,40.58793038570463,0.4691623871115098,0.5,0.46963916791522936,0.02987418783187079,0.029958540665674993,0.0,0.5012677802365728,0.47104390521199874,0.4513042071562089,0.48629281241572053,0.4838329997524087,0.4569321172223867,0.5131093421119383,0.4513042071562089,0.5486957928437911,19.793965192852315,20.793965192852315
market_residual,7914,2019,13,JAX,TB,11.0,28.0,-17.0,39.0,0.0,0.0,0.0,3.0,46.5,0.5144944059913602,0.4029827022353766,39.66587908610332,-3.0,44.98266556954413,0.40823994558973126,0.5,0.4495773550260055,0.029207859520072987,0.029958540665674993,0.0,0.439997317133744,0.47104390521199874,0.4347483838760612,0.4271459373056926,0.5436462031742344,0.4569321172223867,0.5131093421119383,0.4347483838760612,0.5652516161239388,20.991332784772066,23.991332784772066
market_residual,7915,2019,13,KC,LV,40.0,9.0,31.0,49.0,1.0,1.0,0.0,-10.5,49.5,0.7905302338041846,9.228754179249963,43.61543428482399,10.5,48.659800176169426,0.7910788946867001,0.5,0.4720274659868062,0.021954034588132998,0.0,0.0,0.8101892356883185,0.47104390521199874,0.4532765930277106,0.792402313185084,0.18564365222678292,0.47104390521199874,0.5289560947880012,0.4532765930277106,0.5467234069722894,29.579900088084713,19.079900088084713
market_residual,7916,2019,13,MIA,PHI,37.0,31.0,6.0,68.0,1.0,1.0,1.0,10.0,44.5,0.29496312549059306,-6.055105685689141,41.13195053595895,-10.0,44.8933553188017,0.2201232210764253,0.5,0.5131042586496721,0.022597789108547373,0.029958540665674993,0.0,0.24425658172521555,0.47104390521199874,0.48728802370842156,0.23873692300301447,0.7386652878884381,0.4569321172223867,0.5131093421119383,0.48728802370842156,0.5127119762915784,17.44667765940085,27.44667765940085
market_residual,7917,2019,13,NYG,GB,13.0,31.0,-18.0,44.0,0.0,0.0,1.0,6.5,43.5,0.27126448645299645,-6.866831908343756,43.66874447885133,-6.5,43.172110460546925,0.30770072959827893,0.5,0.48907607199378744,0.026593992543465172,0.0,0.0,0.3366710477561662,0.47104390521199874,0.467369832354203,0.3277176204225381,0.6456883870339968,0.47104390521199874,0.5289560947880012,0.467369832354203,0.532630167645797,18.336055230273463,24.836055230273463
market_residual,7918,2019,13,PIT,CLE,20.0,13.0,7.0,33.0,1.0,1.0,0.0,1.0,40.0,0.6672145980247216,4.833620359844308,38.807610432357656,-1.0,41.30712279735582,0.4691623871115098,0.5,0.5449165945757932,0.02987418783187079,0.029958540665674993,0.03311255982400296,0.5012677802365728,0.47104390521199874,0.5138036462732114,0.48629281241572053,0.4838329997524087,0.4569321172223867,0.5131093421119383,0.4967902922981988,0.4700971478777982,20.15356139867791,21.15356139867791
market_residual,7919,2019,13,SEA,MIN,37.0,30.0,7.0,67.0,1.0,1.0,1.0,-2.5,48.5,0.5713271806921117,1.996143019523406,43.158332672559794,2.5,49.069083240008936,0.5766812482946179,0.5,0.5189547407151631,0.029435216566305822,0.0,0.0,0.6070984405618187,0.47104390521199874,0.492150429540612,0.589228366486815,0.3813364169468791,0.47104390521199874,0.5289560947880012,0.492150429540612,0.507849570459388,25.784541620004468,23.284541620004468
market_residual,7920,2019,14,CHI,DAL,31.0,24.0,7.0,55.0,1.0,1.0,1.0,3.0,43.0,0.5864405286592874,2.426976081449766,40.09922692374708,-3.0,44.3476479860061,0.40823994558973126,0.5,0.5463027925290503,0.029207859520072987,0.029958540665674993,0.03310014410444195,0.439997317133744,0.47104390521199874,0.5149637310479882,0.4271459373056926,0.5436462031742344,0.4569321172223867,0.5131093421119383,0.4979183573417387,0.4689814985538193,20.67382399300305,23.67382399300305
market_residual,7921,2019,14,ARI,PIT,17.0,23.0,-6.0,40.0,0.0,0.0,0.0,2.5,43.5,0.2681199282178586,-6.977773240798333,40.172775472954356,-2.5,41.884969185409325,0.42331875170538213,0.5,0.4463498476304552,0.029435216566305877,0.0,0.0,0.4552536224442222,0.47104390521199874,0.43208629899676076,0.44185313347498123,0.5287116499587129,0.47104390521199874,0.5289560947880012,0.43208629899676076,0.5679137010032392,19.692484592704663,22.192484592704663
market_residual,7922,2019,14,ATL,CAR,40.0,20.0,20.0,60.0,1.0,1.0,1.0,-3.5,48.0,0.5969269243912565,2.7285980636496787,44.8216579426662,3.5,47.8877756585924,0.606700506347756,0.5,0.49613526380213946,0.028941427832017197,0.0,0.03330889823308447,0.6361474045649043,0.47104390521199874,0.47321384737740346,0.617736390365164,0.35332218180281877,0.47104390521199874,0.5289560947880012,0.45745161549262314,0.5092394862742924,25.6938878292962,22.1938878292962
market_residual,7923,2019,14,BUF,BAL,17.0,24.0,-7.0,41.0,0.0,0.0,0.0,6.0,44.0,0.36151077909139134,-3.9525170997002714,40.09639464332135,-6.0,48.59723703449818,0.32139189581004374,0.5,0.6541439366050266,0.027066802970769133,0.029958540665674993,0.03094453801365077,0.3509104165956474,0.47104390521199874,0.6070532447882163,0.3414123934892625,0.6315208035399684,0.4569321172223867,0.5131093421119383,0.5882682625785572,0.3807871994077919,21.29861851724909,27.29861851724909
market_residual,7924,2019,14,CLE,CIN,27.0,19.0,8.0,46.0,1.0,1.0,1.0,-6.5,43.5,0.7717143865257241,8.463648854273107,39.55248384270211,6.5,43.686547165823455,0.692299270401721,0.5,0.5062155080617765,0.026593992543465172,0.0,0.0,0.7178518452313221,0.47104390521199874,0.4815695730883969,0.6987612986119276,0.2746447088446073,0.47104390521199874,0.5289560947880012,0.4815695730883969,0.5184304269116031,25.093273582911728,18.593273582911728
market_residual,7925,2019,14,GB,WAS,20.0,15.0,5.0,35.0,1.0,0.0,0.0,-13.0,42.0,0.8189356268815525,10.486668154501704,44.67837737081841,13.0,42.7302008469765,0.8417698688806992,0.5,0.525129604542937,0.018602538177265093,0.029958540665674993,0.033248506419960466,0.8568296274703546,0.47104390521199874,0.4972887430249803,0.8408904216139256,0.1405070402088094,0.4569321172223867,0.5131093421119383,0.48075463505994015,0.4859968585200994,27.86510042348825,14.86510042348825
market_residual,7926,2019,14,HOU,DEN,24.0,38.0,-14.0,62.0,0.0,0.0,1.0,-8.0,42.5,0.774272405457441,8.564946048277507,44.65861699534753,8.0,42.71506925576039,0.7317011456329319,0.5,0.50716573143924,0.02501207053491783,0.029958540665674993,0.0,0.7549242519783926,0.47104390521199874,0.4823579485534994,0.736042033339389,0.23894589612569317,0.4569321172223867,0.5131093421119383,0.4823579485534994,0.5176420514465006,25.357534627880195,17.357534627880195
market_residual,7927,2019,14,JAX,LAC,10.0,45.0,-35.0,55.0,0.0,0.0,1.0,3.0,42.0,0.4304631708105794,-1.9453730024162268,42.297053335923486,-3.0,42.578881511997814,0.40823994558973126,0.5,0.519927055196353,0.029207859520072987,0.029958540665674993,0.03327147277016235,0.439997317133744,0.47104390521199874,0.49295908330607996,0.4271459373056926,0.5436462031742344,0.4569321172223867,0.5131093421119383,0.4765576085890575,0.4901709186407801,19.789440755998907,22.789440755998907
market_residual,7928,2019,14,LAR,SEA,28.0,12.0,16.0,40.0,1.0,1.0,0.0,-1.0,47.5,0.4845060252113095,-0.43079058086784244,43.499154789795085,1.0,45.651468323697664,0.5308376128884902,0.5,0.4386506686066564,0.02987418783187079,0.029958540665674993,0.0,0.5623229643423809,0.47104390521199874,0.42573657156857303,0.5455240224834422,0.4246017896846869,0.4569321172223867,0.5131093421119383,0.42573657156857303,0.574263428431427,23.325734161848832,22.325734161848832
market_residual,7929,2019,14,MIN,DET,20.0,7.0,13.0,27.0,1.0,1.0,0.0,-11.5,44.0,0.8153078027623675,10.31796881060095,45.85605935229878,11.5,44.196326698933944,0.8124288610584566,0.5,0.506760794271954,0.020633566830303984,0.0,0.03330588533593243,0.829891467431398,0.47104390521199874,0.48202196689561905,0.8127678463762532,0.16659858679344286,0.47104390521199874,0.5289560947880012,0.46596779853679293,0.5007263161272746,27.848163349466972,16.348163349466972
market_residual,7930,2019,14,NE,KC,16.0,23.0,-7.0,39.0,0.0,0.0,0.0,-3.0,48.5,0.671757163496313,4.976272791127513,43.9485723259734,3.0,49.02894983615405,0.5917600544102687,0.5,0.5176188997331853,0.029207859520072987,0.029958540665674993,0.0,0.6217162337591796,0.47104390521199874,0.49103969958930743,0.6035572333421927,0.3672349071377344,0.4569321172223867,0.5131093421119383,0.49103969958930743,0.5089603004106926,26.014474918077024,23.014474918077024
market_residual,7931,2019,14,NO,SF,46.0,48.0,-2.0,94.0,0.0,0.0,1.0,-1.5,45.0,0.6240566397030136,3.5216254288252546,46.594229282291636,1.5,45.42182355162922,0.5461972192562468,0.5,0.5145235124080029,0.029769080707153506,0.0,0.0332897060814179,0.5773812506828633,0.47104390521199874,0.48846707165264736,0.5601931416324879,0.4100377776603586,0.47104390521199874,0.5289560947880012,0.4722061464068798,0.4945041475117023,23.46091177581461,21.96091177581461
market_residual,7932,2019,14,NYJ,MIA,22.0,21.0,1.0,43.0,1.0,0.0,0.0,-5.0,47.0,0.5908133976459032,2.5524628726013816,39.2589316753014,5.0,47.61017563241613,0.6504819992941632,0.5,0.521003303889967,0.027919457726382935,0.029958540665674993,0.03326715740220659,0.6781414250825598,0.47104390521199874,0.4938543664510176,0.6592080842324582,0.3128724580411589,0.4569321172223867,0.5131093421119383,0.4774252355085246,0.4893076070892689,26.305087816208065,21.305087816208065
market_residual,7933,2019,14,LV,TEN,21.0,42.0,-21.0,63.0,0.0,0.0,1.0,2.5,47.0,0.3787524996460122,-3.438546345538825,42.78638618466088,-2.5,44.39711081072337,0.42331875170538213,0.5,0.4111326642091142,0.029435216566305877,0.0,0.03253289535857751,0.4552536224442222,0.47104390521199874,0.4030359824495023,0.44185313347498123,0.5287116499587129,0.47104390521199874,0.5289560947880012,0.38992405500673116,0.5775430496346914,20.948555405361684,23.448555405361684
market_residual,7934,2019,14,TB,IND,38.0,35.0,3.0,73.0,1.0,,1.0,-3.0,46.5,0.5455991006592714,1.2709514164385656,41.79897475481282,3.0,47.59679288052236,0.5917600544102687,0.5,0.5364941383606502,0.029207859520072987,0.029958540665674993,0.0,0.6217162337591796,0.47104390521199874,0.5067641522429055,0.6035572333421927,0.3672349071377344,0.4569321172223867,0.5131093421119383,0.5067641522429055,0.4932358477570945,25.29839644026118,22.29839644026118
market_residual,7935,2019,14,PHI,NYG,23.0,17.0,6.0,40.0,1.0,0.0,0.0,-9.5,45.0,0.8135421917024431,10.23679209729903,41.597923937491494,9.5,44.566323286083616,0.7683303802842106,0.5,0.485068573503759,0.02322765062245602,0.0,0.03328852938302318,0.7890995824334703,0.47104390521199874,0.4640546118382532,0.7707706530263797,0.20600169635116422,0.47104390521199874,0.5289560947880012,0.4486069162567481,0.5181045543602288,27.033161643041808,17.533161643041808
market_residual,7936,2019,15,BAL,NYJ,42.0,21.0,21.0,63.0,1.0,1.0,1.0,-17.0,44.0,0.9120494457245203,16.252476847486815,39.087830731756405,17.0,43.910518048907264,0.904387919316706,0.5,0.49691843888052833,0.013262535347099147,0.029958540665674993,0.03330943086574356,0.9138230518780665,0.47104390521199874,0.47386256661643855,0.9017034413515396,0.08503402330136127,0.4569321172223867,0.5131093421119383,0.4580784742138645,0.5086120949203919,30.455259024453632,13.455259024453632
market_residual,7937,2019,15,ARI,CLE,38.0,24.0,14.0,62.0,1.0,1.0,1.0,3.0,49.0,0.3583655170421682,-4.0473837116507365,39.045597553342105,-3.0,47.85608745742572,0.40823994558973126,0.5,0.4606716830681261,0.029207859520072987,0.029958540665674993,0.033158766114767535,0.439997317133744,0.47104390521199874,0.44390154629539924,0.4271459373056926,0.5436462031742344,0.4569321172223867,0.5131093421119383,0.42918231874380647,0.537658915141426,22.42804372871286,25.42804372871286
market_residual,7938,2019,15,CAR,SEA,24.0,30.0,-6.0,54.0,0.0,,1.0,6.0,48.5,0.3098371280380669,-5.565090141574055,41.820762233217195,-6.0,46.39964963150517,0.32139189581004374,0.5,0.4303735240405381,0.027066802970769133,0.029958540665674993,0.0,0.3509104165956474,0.47104390521199874,0.41891030032150744,0.3414123934892625,0.6315208035399684,0.4569321172223867,0.5131093421119383,0.41891030032150744,0.5810896996784926,20.199824815752585,26.199824815752585
market_residual,7939,2019,15,CIN,NE,13.0,34.0,-21.0,47.0,0.0,0.0,1.0,10.5,41.5,0.15624521301786323,-11.718552469053401,43.59083142289796,-10.5,41.74445357389413,0.2089211053133,0.5,0.5081446376708348,0.021954034588132942,0.0,0.0,0.23226350634149628,0.47104390521199874,0.4831702582352884,0.22716438528971403,0.750881580122153,0.47104390521199874,0.5289560947880012,0.4831702582352884,0.5168297417647116,15.622226786947063,26.122226786947063
market_residual,7940,2019,15,DAL,LAR,44.0,21.0,23.0,65.0,1.0,1.0,1.0,1.0,48.5,0.4588426145189439,-1.1465575063393225,44.337759361110834,-1.0,49.64850748713384,0.4691623871115098,0.5,0.5382097118096583,0.02987418783187079,0.029958540665674993,0.0,0.5012677802365728,0.47104390521199874,0.5081967944404414,0.48629281241572053,0.4838329997524087,0.4569321172223867,0.5131093421119383,0.5081967944404414,0.4918032055595586,24.32425374356692,25.32425374356692
market_residual,7941,2019,15,DET,TB,17.0,38.0,-21.0,55.0,0.0,0.0,1.0,6.0,46.0,0.42810334327220906,-2.0123030116187963,41.69542785649732,-6.0,48.59718082468117,0.32139189581004374,0.5,0.5886757862615005,0.027066802970769133,0.029958540665674993,0.03253626182725794,0.3509104165956474,0.47104390521199874,0.5506656097567518,0.3414123934892625,0.6315208035399684,0.4569321172223867,0.5131093421119383,0.5327490092984395,0.4347147288743025,21.298590412340584,27.298590412340584
market_residual,7942,2019,15,GB,CHI,21.0,13.0,8.0,34.0,1.0,1.0,0.0,-4.5,41.0,0.5910488827257969,2.559232026725058,43.168194606678625,4.5,40.58460101985843,0.6360816610341279,0.5,0.48569758902631477,0.028295904247899684,0.0,0.03329033025818956,0.6643769899912656,0.47104390521199874,0.4645748592320997,0.645577842297965,0.3261262534541354,0.47104390521199874,0.5289560947880012,0.4491090087386112,0.5176006610031992,22.542300509929216,18.042300509929216
market_residual,7943,2019,15,KC,DEN,23.0,3.0,20.0,26.0,1.0,1.0,0.0,-9.0,43.0,0.7790516714612293,8.756408691040315,44.439048261062936,9.0,41.896429226071334,0.7564466266464621,0.5,0.4620542549559839,0.02384143244000786,0.029958540665674993,0.0331692476983344,0.7780417188739189,0.47104390521199874,0.44504256903235984,0.7594920897978789,0.21666647776211334,0.4569321172223867,0.5131093421119383,0.4302808418238224,0.5365499104778432,25.448214613035667,16.448214613035667
market_residual,7944,2019,15,LAC,MIN,10.0,39.0,-29.0,49.0,0.0,0.0,1.0,1.0,45.0,0.43790038594204533,-1.7350073463475564,44.47827247192622,-1.0,45.240162851382,0.4691623871115098,0.5,0.5082701530287482,0.02987418783187079,0.029958540665674993,0.033303663964023456,0.5012677802365728,0.47104390521199874,0.48327442272514215,0.48629281241572053,0.4838329997524087,0.4569321172223867,0.5131093421119383,0.46717961374829664,0.4995167222876799,22.120081425691,23.120081425691
market_residual,7945,2019,15,NYG,MIA,36.0,20.0,16.0,56.0,1.0,1.0,1.0,-3.5,46.5,0.5007734935320138,0.02149915140583289,40.422795076506894,3.5,48.33949132379806,0.606700506347756,0.5,0.5610516579233045,0.028941427832017197,0.0,0.0,0.6361474045649043,0.47104390521199874,0.5273351988111958,0.617736390365164,0.35332218180281877,0.47104390521199874,0.5289560947880012,0.5273351988111958,0.47266480118880416,25.91974566189903,22.41974566189903
market_residual,7946,2019,15,LV,JAX,16.0,20.0,-4.0,36.0,0.0,0.0,0.0,-6.5,46.0,0.6285779500775321,3.6558633554767312,41.941494817952844,6.5,46.18442980275455,0.692299270401721,0.5,0.5063511442623193,0.026593992543465172,0.0,0.03330641124893402,0.7178518452313221,0.47104390521199874,0.4816820989590851,0.6987612986119276,0.2746447088446073,0.47104390521199874,0.5289560947880012,0.46563899687990407,0.5010545918711619,26.342214901377275,19.842214901377275
market_residual,7947,2019,15,PIT,BUF,10.0,17.0,-7.0,27.0,0.0,0.0,0.0,-1.0,37.0,0.6258437215357404,3.574605800386871,40.42627247409792,1.0,38.742720430769246,0.5308376128884902,0.5,0.5597834944379301,0.02987418783187079,0.029958540665674993,0.03295957122515142,0.5623229643423809,0.47104390521199874,0.5262693180755574,0.5455240224834422,0.4246017896846869,0.4569321172223867,0.5131093421119383,0.5089237070028343,0.4581167217720144,19.871360215384623,18.871360215384623
market_residual,7948,2019,15,SF,ATL,22.0,29.0,-7.0,51.0,0.0,0.0,1.0,-10.0,49.5,0.7725067012062247,8.494938354627248,46.413997871216836,10.0,50.265026590240936,0.7798767789235748,0.5,0.5254733842742078,0.022597789108547373,0.029958540665674993,0.0,0.7998166627492082,0.47104390521199874,0.4975750140444239,0.7817425744788994,0.19565963641255324,0.4569321172223867,0.5131093421119383,0.4975750140444239,0.502424985955576,30.132513295120468,20.132513295120468
market_residual,7949,2019,15,TEN,HOU,21.0,24.0,-3.0,45.0,0.0,0.0,0.0,-3.0,50.0,0.6193784872730809,3.3834045770752437,43.588937029658,3.0,50.03578256878989,0.5917600544102687,0.5,0.5012322833970456,0.029207859520072987,0.029958540665674993,0.03331021191454242,0.6217162337591796,0.47104390521199874,0.47743719262188977,0.6035572333421927,0.3672349071377344,0.4569321172223867,0.5131093421119383,0.4615336585597704,0.5051561295256871,26.517891284394945,23.517891284394945
market_residual,7950,2019,15,WAS,PHI,27.0,37.0,-10.0,64.0,0.0,0.0,1.0,6.5,38.5,0.34798680167606233,-4.363097832072854,41.647117451880206,-6.5,38.804756231704175,0.30770072959827893,0.5,0.5101533942844545,0.026593992543465172,0.0,0.0,0.3366710477561662,0.47104390521199874,0.4848375947757371,0.3277176204225381,0.6456883870339968,0.47104390521199874,0.5289560947880012,0.4848375947757371,0.5151624052242629,16.152378115852088,22.652378115852088
market_residual,7951,2019,15,NO,IND,34.0,7.0,27.0,41.0,1.0,1.0,0.0,-8.5,49.0,0.7511754740262221,7.677571429373583,47.65263115282734,8.5,55.29892473843606,0.7442337209843229,0.5,0.7064163176121625,0.024436957397515946,0.0,0.02900773086477182,0.7666479339873755,0.47104390521199874,0.6535997433253211,0.7479133910856324,0.22764965151685165,0.47104390521199874,0.5289560947880012,0.6346402978776563,0.33635197125757194,31.89946236921803,23.39946236921803
market_residual,7952,2019,16,NE,BUF,24.0,17.0,7.0,41.0,1.0,1.0,1.0,-6.5,38.5,0.7048628212303302,6.049290916922319,43.373292298346755,6.5,36.90034317620238,0.692299270401721,0.5,0.44685751430982046,0.026593992543465172,0.0,0.0,0.7178518452313221,0.47104390521199874,0.43250501374347766,0.6987612986119276,0.2746447088446073,0.47104390521199874,0.5289560947880012,0.43250501374347766,0.5674949862565224,21.70017158810119,15.200171588101188
market_residual,7953,2019,16,SF,LAR,34.0,31.0,3.0,65.0,1.0,0.0,1.0,-7.0,45.5,0.6205161359121852,3.4169562440891696,45.880771387418264,7.0,44.49525751729658,0.705721279292334,0.5,0.4665611885605794,0.02609262965763215,0.029958540665674993,0.0,0.730517210097491,0.47104390521199874,0.4487628037385772,0.7114560950758906,0.2624512752664773,0.4569321172223867,0.5131093421119383,0.4487628037385772,0.5512371962614229,25.74762875864829,18.74762875864829
market_residual,7954,2019,16,TB,HOU,20.0,23.0,-3.0,43.0,0.0,,0.0,3.0,50.5,0.5251010138593736,0.6982658305438144,40.99967675219676,-3.0,53.89235516371491,0.40823994558973126,0.5,0.611539118139155,0.029207859520072987,0.029958540665674993,0.0,0.439997317133744,0.47104390521199874,0.5701617221972252,0.4271459373056926,0.5436462031742344,0.4569321172223867,0.5131093421119383,0.5701617221972252,0.42983827780277484,25.446177581857455,28.446177581857455
market_residual,7955,2019,16,ATL,JAX,24.0,12.0,12.0,36.0,1.0,1.0,0.0,-7.0,48.0,0.7493166087426844,7.6086367631719165,44.19240740678569,7.0,49.465940270870696,0.705721279292334,0.5,0.5503456909307574,0.02609262965763215,0.029958540665674993,0.03306176423976559,0.730517210097491,0.47104390521199874,0.5183496942725123,0.7114560950758906,0.2624512752664773,0.4569321172223867,0.5131093421119383,0.5012121388867199,0.46572609687351446,28.232970135435348,21.232970135435348
market_residual,7956,2019,16,CHI,KC,3.0,26.0,-23.0,29.0,0.0,0.0,0.0,7.0,45.5,0.41066186492928575,-2.510082710255583,40.687383098712175,-7.0,46.63048126333368,0.2942787207076661,0.5,0.5376117913355047,0.02609262965763215,0.029958540665674993,0.0,0.322658289490021,0.47104390521199874,0.5076974126582483,0.31423928623639286,0.6596680841059751,0.4569321172223867,0.5131093421119383,0.5076974126582483,0.4923025873417517,19.81524063166684,26.81524063166684
market_residual,7957,2019,16,CLE,BAL,15.0,31.0,-16.0,46.0,0.0,0.0,0.0,10.0,49.0,0.21319370184166092,-9.073495312430769,37.96290962262532,-10.0,52.39158258128749,0.2201232210764253,0.5,0.615103197268665,0.022597789108547373,0.029958540665674993,0.03200113424068074,0.24425658172521555,0.47104390521199874,0.5732182174185015,0.23873692300301447,0.7386652878884381,0.4569321172223867,0.5131093421119383,0.5548745842936883,0.4131242814656309,21.195791290643744,31.195791290643744
market_residual,7958,2019,16,DEN,DET,27.0,17.0,10.0,44.0,1.0,1.0,1.0,-7.5,40.0,0.7073254892061386,6.131750520206133,46.15708018150548,7.5,41.28592130274937,0.7188596582680064,0.5,0.5441911538743716,0.025564651940557792,0.0,0.03311890610427776,0.7428778779415395,0.47104390521199874,0.5131967109348288,0.7238864635576239,0.25054888450181834,0.47104390521199874,0.5289560947880012,0.496200197252354,0.4706808966433682,24.392960651374686,16.892960651374686
market_residual,7959,2019,16,IND,CAR,38.0,6.0,32.0,44.0,1.0,1.0,0.0,-7.0,46.5,0.6873182445360624,5.472885290980139,44.269772480710266,7.0,46.628010341861945,0.705721279292334,0.5,0.5042652288019367,0.02609262965763215,0.029958540665674993,0.0,0.730517210097491,0.47104390521199874,0.4799518795599414,0.7114560950758906,0.2624512752664773,0.4569321172223867,0.5131093421119383,0.4799518795599414,0.5200481204400587,26.814005170930972,19.814005170930972
market_residual,7960,2019,16,LAC,LV,17.0,24.0,-7.0,41.0,0.0,0.0,0.0,-7.5,45.0,0.7319480234234657,6.980179653474679,43.7958678783566,7.5,44.617263991682414,0.7188596582680064,0.5,0.48682175286752266,0.025564651940557792,0.0,0.03329335562737756,0.7428778779415395,0.47104390521199874,0.46550473389039315,0.7238864635576239,0.25054888450181834,0.47104390521199874,0.5289560947880012,0.4500065192387525,0.5167001251338699,26.058631995841207,18.558631995841207
market_residual,7961,2019,16,MIA,CIN,38.0,35.0,3.0,73.0,1.0,1.0,1.0,1.5,45.0,0.612876606863838,3.1923780671682014,41.72341812097801,-1.5,44.86400906132865,0.4538027807437533,0.5,0.4953168347796394,0.02976908070715345,0.0,0.033308213281588006,0.48591220107709077,0.47104390521199874,0.47253600643343774,0.4714470415466363,0.49878387774621025,0.47104390521199874,0.5289560947880012,0.4567966763479229,0.509895110370489,21.682004530664326,23.182004530664326
market_residual,7962,2019,16,NYJ,PIT,16.0,10.0,6.0,26.0,1.0,1.0,0.0,3.0,36.5,0.3267979562305506,-5.02185750324883,38.42411855212033,-3.0,37.01532334192168,0.40823994558973126,0.5,0.5171652959189289,0.029207859520072987,0.029958540665674993,0.0,0.439997317133744,0.47104390521199874,0.49066260341381307,0.4271459373056926,0.5436462031742344,0.4569321172223867,0.5131093421119383,0.49066260341381307,0.5093373965861869,17.00766167096084,20.00766167096084
market_residual,7963,2019,16,PHI,DAL,17.0,9.0,8.0,26.0,1.0,1.0,0.0,2.0,46.5,0.5423467243616983,1.1798471410110596,42.25317861583497,-2.0,44.91751660048877,0.4385138905247362,0.5,0.44742470328277156,0.02962255170675454,0.029958540665674993,0.0,0.4705663519697983,0.47104390521199874,0.4329728274056069,0.4566269758771141,0.5137504724161315,0.4569321172223867,0.5131093421119383,0.4329728274056069,0.5670271725943932,21.458758300244384,23.458758300244384
market_residual,7964,2019,16,SEA,ARI,13.0,27.0,-14.0,40.0,0.0,0.0,0.0,-8.0,51.0,0.8580204202249209,12.500347798582979,42.09043297380319,8.0,50.217250509746755,0.7317011456329319,0.5,0.47306469330907686,0.02501207053491783,0.029958540665674993,0.033239293301832395,0.7549242519783926,0.47104390521199874,0.4541333174570352,0.736042033339389,0.23894589612569317,0.4569321172223867,0.5131093421119383,0.4390382469199467,0.527722459778221,29.108625254873377,21.108625254873377
market_residual,7965,2019,16,TEN,NO,28.0,38.0,-10.0,66.0,0.0,0.0,1.0,3.0,49.0,0.4451106633286355,-1.5318140867898091,45.85985662130892,-3.0,47.22977557048758,0.40823994558973126,0.5,0.4392804760205107,0.029207859520072987,0.029958540665674993,0.03294847221906916,0.439997317133744,0.47104390521199874,0.4262559732925186,0.4271459373056926,0.5436462031742344,0.4569321172223867,0.5131093421119383,0.41221149019827774,0.5548400375826531,22.11488778524379,25.11488778524379
market_residual,7966,2019,16,WAS,NYG,35.0,41.0,-6.0,76.0,0.0,0.0,1.0,1.0,42.0,0.5864224428138869,2.426457904177223,40.819170978910165,-1.0,42.00924923948054,0.4691623871115098,0.5,0.500318526647861,0.02987418783187079,0.029958540665674993,0.033310350653341314,0.5012677802365728,0.47104390521199874,0.47667981672768883,0.48629281241572053,0.4838329997524087,0.4569321172223867,0.5131093421119383,0.460801444883119,0.5058882044635395,20.50462461974027,21.50462461974027
market_residual,7967,2019,16,MIN,GB,10.0,23.0,-13.0,33.0,0.0,0.0,0.0,-4.0,46.5,0.663129379176808,4.706162117270378,46.07718725460773,4.0,45.957137089494154,0.6214812434344965,0.5,0.4819179802018996,0.028637025221560808,0.029958540665674993,0.0,0.6503734900167388,0.47104390521199874,0.4614493910523002,0.631748727979695,0.3396142467987442,0.4569321172223867,0.5131093421119383,0.4614493910523002,0.5385506089476998,24.978568544747077,20.978568544747077
market_residual,7968,2019,17,BAL,PIT,28.0,10.0,18.0,38.0,1.0,1.0,1.0,1.0,35.0,0.828557210086408,10.947252407329088,38.57016569334639,-1.0,35.000198105993896,0.4691623871115098,0.5,0.5000068224036366,0.02987418783187079,0.029958540665674993,0.03331036058222758,0.5012677802365728,0.47104390521199874,0.4764214827391977,0.48629281241572053,0.4838329997524087,0.4569321172223867,0.5131093421119383,0.46055171136003553,0.5061379280577369,17.000099052996948,18.000099052996948
market_residual,7969,2019,17,BUF,NYJ,6.0,13.0,-7.0,19.0,0.0,0.0,0.0,1.0,37.0,0.7763257929791385,8.646849747984298,40.11633425714132,-1.0,37.376526149969656,0.4691623871115098,0.5,0.5129645094943209,0.02987418783187079,0.029958540665674993,0.0332939028235919,0.5012677802365728,0.47104390521199874,0.4871719440525299,0.48629281241572053,0.4838329997524087,0.4569321172223867,0.5131093421119383,0.4709520886888646,0.4957540084875434,18.188263074984828,19.188263074984828
market_residual,7970,2019,17,CAR,NO,10.0,42.0,-32.0,52.0,0.0,0.0,1.0,14.0,44.5,0.20463705151917905,-9.433297376802575,45.67627653617663,-14.0,39.50366331312581,0.14046928907667158,0.5,0.33822991745016284,0.017238895363926754,0.029958540665674993,0.0,0.15807322634313614,0.47104390521199874,0.3425608099268781,0.1553482185343685,0.8274128861017047,0.4569321172223867,0.5131093421119383,0.3425608099268781,0.6574391900731219,12.751831656562906,26.751831656562906
market_residual,7971,2019,17,CIN,CLE,33.0,23.0,10.0,56.0,1.0,1.0,1.0,2.5,43.5,0.37142005022636027,-3.655922872602323,39.92407295601684,-2.5,42.51092874280465,0.42331875170538213,0.5,0.46708154756037035,0.029435216566305877,0.0,0.0,0.4552536224442222,0.47104390521199874,0.4491924080281492,0.44185313347498123,0.5287116499587129,0.47104390521199874,0.5289560947880012,0.4491924080281492,0.5508075919718508,20.005464371402326,22.505464371402326
market_residual,7972,2019,17,DAL,WAS,47.0,16.0,31.0,63.0,1.0,1.0,1.0,-12.5,47.5,0.8336675615004077,11.200255178771968,41.91977625766199,12.5,46.43441602249038,0.8323497131548445,0.5,0.4645415121384617,0.019283469690600297,0.0,0.0,0.8481979850719094,0.47104390521199874,0.4470955273232401,0.8318417849351469,0.14887474537425274,0.47104390521199874,0.5289560947880012,0.4470955273232401,0.5529044726767599,29.46720801124519,16.96720801124519
market_residual,7973,2019,17,DEN,LV,16.0,15.0,1.0,31.0,1.0,0.0,0.0,-4.5,41.0,0.6840275563816672,5.366790223553335,44.85260873820618,4.5,41.890708305204704,0.6360816610341279,0.5,0.5306432080401804,0.028295904247899684,0.0,0.03321836681108753,0.6643769899912656,0.47104390521199874,0.5018826768306641,0.645577842297965,0.3261262534541354,0.47104390521199874,0.5289560947880012,0.4852109539755726,0.4815706792133399,23.195354152602352,18.695354152602352
market_residual,7974,2019,17,DET,GB,20.0,23.0,-3.0,43.0,0.0,1.0,0.0,13.0,44.0,0.23201824932968013,-8.317260073525022,46.34499483007269,-13.0,41.389168084296905,0.15823013111930087,0.5,0.41086617490317595,0.018602538177265093,0.029958540665674993,0.03252819947556307,0.17747668932280708,0.47104390521199874,0.4028160084406477,0.17417517243410494,0.80722228938863,0.4569321172223867,0.5131093421119383,0.3897131289661402,0.5777586715582967,14.194584042148453,27.194584042148453
market_residual,7975,2019,17,HOU,TEN,14.0,35.0,-21.0,49.0,0.0,0.0,1.0,10.0,43.0,0.6357977263824763,3.8716210862291884,43.39808487426964,-10.0,40.984877729386874,0.2201232210764253,0.5,0.43096203263974425,0.022597789108547373,0.029958540665674993,0.032842172312162576,0.24425658172521555,0.47104390521199874,0.41939567159816343,0.23873692300301447,0.7386652878884381,0.4569321172223867,0.5131093421119383,0.4056218066845614,0.5615360210032759,15.492438864693437,25.492438864693437
market_residual,7976,2019,17,JAX,IND,38.0,20.0,18.0,58.0,1.0,1.0,1.0,5.5,41.5,0.37771064464081516,-3.46933036621278,43.382576726022876,-5.5,38.747683346644365,0.33533657525413507,0.5,0.4090940116102827,0.027509209259250378,0.0,0.0,0.36535765882047316,0.47104390521199874,0.40135306788544,0.35530695852951094,0.6171838322112386,0.47104390521199874,0.5289560947880012,0.40135306788544,0.59864693211456,16.623841673322183,22.123841673322183
market_residual,7977,2019,17,KC,LAC,31.0,21.0,10.0,52.0,1.0,1.0,1.0,-9.5,46.0,0.8348016854262529,11.257243281156553,43.54239580228381,9.5,46.04788316366721,0.7683303802842106,0.5,0.5016490026589493,0.02322765062245602,0.0,0.03331009435998672,0.7890995824334703,0.47104390521199874,0.4777826309313429,0.7707706530263797,0.20600169635116422,0.47104390521199874,0.5289560947880012,0.46186764641145717,0.5048222592285562,27.773941581833604,18.273941581833604
market_residual,7978,2019,17,LAR,ARI,31.0,24.0,7.0,55.0,1.0,,1.0,-7.0,45.5,0.7544125760935245,7.798444734493023,43.925756607247905,7.0,45.66543588510411,0.705721279292334,0.5,0.5055121553644591,0.02609262965763215,0.029958540665674993,0.0,0.730517210097491,0.47104390521199874,0.4809861029494136,0.7114560950758906,0.2624512752664773,0.4569321172223867,0.5131093421119383,0.4809861029494136,0.5190138970505864,26.332717942552055,19.332717942552055
market_residual,7979,2019,17,MIN,CHI,19.0,21.0,-2.0,40.0,0.0,1.0,1.0,4.5,36.0,0.7033385774482982,5.9984538204720685,41.88752022235997,-4.5,36.04404726944728,0.3639183389658721,0.5,0.5015169026371383,0.02829590424789974,0.0,0.03331013530589927,0.39479633846154183,0.47104390521199874,0.47767312447505006,0.3836252190710126,0.5880788766810876,0.47104390521199874,0.5289560947880012,0.4617617680667945,0.5049280966273062,15.772023634723642,20.27202363472364
market_residual,7980,2019,17,NE,MIA,24.0,27.0,-3.0,51.0,0.0,0.0,1.0,-17.0,45.5,0.9073297238466581,15.85319490023052,42.867302034032406,17.0,44.819787396745085,0.904387919316706,0.5,0.4773474732127157,0.013262535347099147,0.029958540665674993,0.0,0.9138230518780665,0.47104390521199874,0.4576716572739002,0.9017034413515396,0.08503402330136127,0.4569321172223867,0.5131093421119383,0.4576716572739002,0.5423283427260999,30.909893698372542,13.909893698372542
market_residual,7981,2019,17,NYG,PHI,17.0,34.0,-17.0,51.0,0.0,0.0,1.0,3.5,44.5,0.3051937271318832,-5.71661004314491,41.38200390432753,-3.5,46.582403340932146,0.39329949365224415,0.5,0.5690375337598307,0.02894142783201714,0.0,0.0,0.42482054202732056,0.47104390521199874,0.5340571225843951,0.41252562896867845,0.5585329431993044,0.47104390521199874,0.5289560947880012,0.5340571225843951,0.4659428774156049,21.541201670466073,25.041201670466073
market_residual,7982,2019,17,SEA,SF,21.0,26.0,-5.0,47.0,0.0,0.0,,3.5,47.0,0.5194704995894339,0.5414533516581469,42.9267552781627,-3.5,46.18964809199019,0.39329949365224415,0.5,0.47211643169128265,0.02894142783201714,0.0,0.03323419861448895,0.42482054202732056,0.47104390521199874,0.4533500734637493,0.41252562896867845,0.5585329431993044,0.47104390521199874,0.5289560947880012,0.4382833470803619,0.5284824543051492,21.344824045995097,24.844824045995097
market_residual,7983,2019,17,TB,ATL,22.0,28.0,-6.0,50.0,0.0,0.0,1.0,-1.0,48.5,0.5648561698495601,1.8128807482179763,42.58867724966568,1.0,46.99755402049808,0.5308376128884902,0.5,0.4500695098237894,0.02987418783187079,0.029958540665674993,0.0,0.5623229643423809,0.47104390521199874,0.4351543400565698,0.5455240224834422,0.4246017896846869,0.4569321172223867,0.5131093421119383,0.4351543400565698,0.5648456599434302,23.99877701024904,22.99877701024904
market_residual,7984,2019,Wildcard,HOU,BUF,22.0,19.0,3.0,41.0,1.0,1.0,0.0,-2.5,43.0,0.624328572705745,3.5296807393423073,42.67811882509804,2.5,42.87715245224672,0.5766812482946179,0.5,0.4957694396753579,0.029435216566305822,0.0,0.033308608283033836,0.6070984405618187,0.47104390521199874,0.47291085376028785,0.589228366486815,0.3813364169468791,0.47104390521199874,0.5289560947880012,0.45715885137959134,0.5095325403373748,22.68857622612336,20.18857622612336
market_residual,7985,2019,Wildcard,NE,TEN,13.0,20.0,-7.0,33.0,0.0,0.0,0.0,-4.5,45.0,0.6966386807992236,5.776758091404673,44.04981383760249,4.5,43.83656051488524,0.6360816610341279,0.5,0.4600026409010593,0.028295904247899684,0.0,0.033153558715692255,0.6643769899912656,0.47104390521199874,0.4433494259660871,0.645577842297965,0.3261262534541354,0.47104390521199874,0.5289560947880012,0.428650814740752,0.5381956265435558,24.16828025744262,19.66828025744262
market_residual,7986,2019,Wildcard,NO,MIN,20.0,26.0,-6.0,46.0,0.0,0.0,0.0,-7.5,49.5,0.7364282686852162,7.139705947975159,47.1268956385808,7.5,49.942192859323626,0.7188596582680064,0.5,0.5147305361509333,0.025564651940557792,0.0,0.0,0.7428778779415395,0.47104390521199874,0.48863908389659994,0.7238864635576239,0.25054888450181834,0.47104390521199874,0.5289560947880012,0.48863908389659994,0.5113609161034001,28.721096429661813,21.221096429661813
market_residual,7987,2019,Wildcard,PHI,SEA,9.0,17.0,-8.0,26.0,0.0,0.0,0.0,-1.0,44.5,0.6211674149933306,3.4361814097691132,41.92138235122717,1.0,44.547302730760244,0.5308376128884902,0.5,0.5015761249101818,0.02987418783187079,0.029958540665674993,0.0,0.5623229643423809,0.47104390521199874,0.4777222174517262,0.5455240224834422,0.4246017896846869,0.4569321172223867,0.5131093421119383,0.4777222174517262,0.5222777825482738,22.773651365380122,21.773651365380122
market_residual,7988,2019,Division,BAL,TEN,12.0,28.0,-16.0,40.0,0.0,0.0,0.0,-10.0,47.5,0.79055585708574,9.229829452237881,41.124854102735014,10.0,47.944510419881,0.7798767789235748,0.5,0.5148077044445094,0.022597789108547373,0.029958540665674993,0.0,0.7998166627492082,0.47104390521199874,0.48870320338324647,0.7817425744788994,0.19565963641255324,0.4569321172223867,0.5131093421119383,0.48870320338324647,0.5112967966167535,28.9722552099405,18.9722552099405
market_residual,7989,2019,Division,SF,MIN,27.0,10.0,17.0,37.0,1.0,1.0,0.0,-7.0,44.5,0.5975477825468268,2.7465330315289176,45.01228192499045,7.0,44.55256826261448,0.705721279292334,0.5,0.5017515711292693,0.02609262965763215,0.029958540665674993,0.0,0.730517210097491,0.47104390521199874,0.47786765833313083,0.7114560950758906,0.2624512752664773,0.4569321172223867,0.5131093421119383,0.47786765833313083,0.5221323416668692,25.77628413130724,18.77628413130724
market_residual,7990,2019,Division,GB,SEA,28.0,23.0,5.0,51.0,1.0,1.0,1.0,-4.5,45.5,0.6750996153272049,5.081882159834465,44.30799440764727,4.5,45.859828204738534,0.6360816610341279,0.5,0.5119876865957947,0.028295904247899684,0.0,0.0,0.6643769899912656,0.47104390521199874,0.4863606522709893,0.645577842297965,0.3261262534541354,0.47104390521199874,0.5289560947880012,0.4863606522709893,0.5136393477290107,25.179914102369267,20.679914102369267
market_residual,7991,2019,Division,KC,HOU,51.0,31.0,20.0,82.0,1.0,1.0,1.0,-10.0,50.5,0.7946619417431633,9.403407411832525,43.95608897461399,10.0,54.50668697302564,0.7798767789235748,0.5,0.6310525518444231,0.022597789108547373,0.029958540665674993,0.0,0.7998166627492082,0.47104390521199874,0.5869590960964529,0.7817425744788994,0.19565963641255324,0.4569321172223867,0.5131093421119383,0.5869590960964529,0.4130409039035471,32.25334348651282,22.25334348651282
market_residual,7992,2019,Conference,KC,TEN,35.0,24.0,11.0,59.0,1.0,1.0,1.0,-7.0,51.0,0.6595370425654157,4.594709202688857,43.277383601199816,7.0,51.552332785204364,0.705721279292334,0.5,0.5190138894628604,0.02609262965763215,0.029958540665674993,0.03327495607785447,0.730517210097491,0.47104390521199874,0.4921996177227119,0.7114560950758906,0.2624512752664773,0.4569321172223867,0.5131093421119383,0.47582169706145194,0.4909033468606936,29.276166392602182,22.276166392602182
market_residual,7993,2019,Conference,SF,GB,37.0,20.0,17.0,57.0,1.0,1.0,1.0,-8.0,46.5,0.6123712029321032,3.177579618131458,45.823017780146884,8.0,45.97554897272885,0.7317011456329319,0.5,0.4825308557991023,0.02501207053491783,0.029958540665674993,0.0,0.7549242519783926,0.47104390521199874,0.4619561031412045,0.736042033339389,0.23894589612569317,0.4569321172223867,0.5131093421119383,0.4619561031412045,0.5380438968587955,26.987774486364426,18.987774486364426
market_residual,7994,2019,Superbowl,KC,SF,31.0,20.0,11.0,51.0,1.0,1.0,0.0,-1.5,53.0,0.580350222839206,2.2528505392183105,44.01948522557273,1.5,53.855170561547226,0.5461972192562468,0.5,0.5294229320459788,0.029769080707153506,0.0,0.03322555199182031,0.5773812506828633,0.47104390521199874,0.5008654456574871,0.5601931416324879,0.4100377776603586,0.47104390521199874,0.5289560947880012,0.48422391475188803,0.48255053325629166,27.677585280773613,26.177585280773613
