game_index,season,week,home_team_id,away_team_id,home_score,away_score,home_margin,total_points,home_win,home_cover,over,home_spread,total_line,legacy_home_win_probability,legacy_expected_margin,legacy_expected_total,predicted_margin,predicted_total,raw_home_win_probability_no_tie,raw_home_cover_probability_no_push,raw_over_probability_no_push,tie_probability,ats_push_probability,total_push_probability,home_win_probability_no_tie,home_cover_probability_no_push,over_probability_no_push,home_win_probability,away_win_probability,home_cover_probability,away_cover_probability,over_probability,under_probability,predicted_home_points,predicted_away_points
554,2022,1,LAR,BUF,10,31,-21,41,0,0,0,1.0,51.5,0.47047572223260303,-1.0,51.5,-2.741744925675911,56.529493938193944,0.40009172745186844,0.43611513612381136,0.6762448465884541,0.03450984989821704,0.0351298612787857,0.0,0.43043310540467045,0.4697960057627725,0.4286702667860025,0.41557892354593184,0.5499112265558512,0.45329213725099865,0.5115780014702156,0.4286702667860025,0.5713297332139975,26.893874506259017,29.635619431934927
555,2022,1,ATL,NO,26,27,-1,53,0,1,1,6.0,43.5,0.3283606432818853,-6.0,43.5,-9.795970693897697,37.21997877727161,0.1837913549895129,0.3630485773785721,0.284031283526633,0.02428791913492323,0.03357801231917934,0.0,0.2629848807475519,0.4444158689920342,0.5005009906492616,0.2565975252302479,0.7191145556348288,0.4294932674681809,0.5369287202126397,0.5005009906492616,0.49949900935073843,13.712004041686958,23.507974735584654
556,2022,1,CAR,CLE,24,26,-2,50,0,0,1,-2.5,42.5,0.5734581056840342,2.5,42.5,-3.7700297038259794,43.419716274521484,0.36394602480960414,0.2880805877979039,0.5333167449240048,0.033604196871498515,0.0,0.0,0.4046894786761875,0.41627710004030616,0.45456352298329283,0.3910902137629288,0.5753055893655727,0.41627710004030616,0.5837228999596938,0.45456352298329283,0.5454364770167072,19.824843285347754,23.59487298917373
557,2022,1,CHI,SF,19,10,9,29,1,1,0,6.5,38.0,0.3150871690837551,-6.5,38.0,-5.5199858041949215,44.04986412354065,0.30535414907484076,0.5348123208884636,0.7153524321740448,0.03150303284063538,0.0,0.031169292533120396,0.3616562023446753,0.5029753562633357,0.4208004380510963,0.3502629351251915,0.618234032034173,0.5029753562633357,0.49702464373666433,0.4076843860994165,0.5611463213674631,19.264939159672863,24.784924963867788
558,2022,1,CIN,PIT,20,23,-3,43,0,0,0,-7.5,44.5,0.7107426392460281,7.5,44.5,9.040292215228762,55.32977754022312,0.7972829099381771,0.5546125876852058,0.837569704596157,0.025700534298631728,0.0,0.0,0.720375798434101,0.5096649074925284,0.39063236251993755,0.7018617555185412,0.27243771018282703,0.5096649074925284,0.49033509250747165,0.39063236251993755,0.6093676374800625,32.18503487772594,23.14474266249718
559,2022,1,DET,PHI,35,38,-3,73,0,1,1,6.0,49.0,0.3283606432818853,-6.0,49.0,-17.528138300279032,55.521166985273254,0.05456828031227066,0.1448161931043672,0.730147636185012,0.010494759172229973,0.020973914713960706,0.0304159788431006,0.12224165684095767,0.34750044847370143,0.4176691897479597,0.12095876009159744,0.8685464807361726,0.3402120037043509,0.6388140815816884,0.40496537250917075,0.5646186486477286,18.99651434249711,36.52465264277615
560,2022,1,HOU,IND,20,20,0,40,0,1,0,7.0,46.0,0.30204827147857694,-7.0,46.0,-14.583400166152371,47.17050494890879,0.09073906393355734,0.24241529421776956,0.5439103996634639,0.015278291992981474,0.028295427472283197,0.03605021818717685,0.16897029106986947,0.3972928941855661,0.45272346338262554,0.16638871362476493,0.8183329943822536,0.38605132191288494,0.5856532506148319,0.43640268374922747,0.5275470980635956,16.29355239137821,30.876952557530583
561,2022,1,MIA,NE,20,7,13,27,1,1,0,-3.0,47.0,0.5879295521290574,3.0,47.0,-9.982654842132687,47.18778951788517,0.17929501678284362,0.11680071117028669,0.5070591348294594,0.023934344280561737,0.018204808619606494,0.03624947203412787,0.25895112112370267,0.32895681899252316,0.45911061684015303,0.2527532958388905,0.7233123598805478,0.32296822305864975,0.6588269683217438,0.4424680993744347,0.5212824285914374,18.60256733787624,28.58522218000893
562,2022,1,NYJ,BAL,9,24,-15,33,0,0,0,6.5,44.0,0.3150871690837551,-6.5,44.0,-7.147396980813476,37.829780319853555,0.25508726265260406,0.4769865100404136,0.28083170714035943,0.029026484114098028,0.0,0.030980567793275182,0.3228332091710586,0.483575879029409,0.5011883429308556,0.3134624961535516,0.6575110197323504,0.483575879029409,0.516424120970591,0.48566124349548695,0.48335818871123787,15.34119166952004,22.488588650333515
563,2022,1,WAS,JAX,28,22,6,50,1,1,1,-3.0,43.5,0.5879295521290574,3.0,43.5,-6.83230550435832,40.868790594132086,0.2644620575223883,0.18291063569516683,0.40547554443418937,0.029538757084484946,0.02421922044638647,0.0,0.33024349724070834,0.3690020444293402,0.47692668726656323,0.32048851479698426,0.6499727281185308,0.36006510257013874,0.6157156769834747,0.47692668726656323,0.5230733127334368,17.01824254488688,23.850548049245205
564,2022,1,ARI,KC,21,44,-23,65,0,0,1,6.0,54.0,0.3283606432818853,-6.0,54.0,-14.429505541883476,53.534028342780786,0.0930362291589435,0.2188537077120678,0.4824886826553535,0.015551638728011463,0.02681309176543556,0.0362222596459601,0.17165896717522952,0.3866792175732515,0.4633651168226028,0.16898938893329676,0.8154589723386917,0.3763111522286731,0.5968757560058914,0.44658098525017387,0.5171967551038662,19.552261400448657,33.98176694233213
565,2022,1,LAC,LV,24,19,5,43,1,1,0,-3.5,52.5,0.6022823943305156,3.5,52.5,-0.0011437053721131546,58.94251757581084,0.4999578635056948,0.37746615198483047,0.7209545339738985,0.03555568738497167,0.0,0.0,0.4999418166720367,0.4495391391516904,0.41962610602910333,0.48216604172777094,0.4822782708872575,0.4495391391516904,0.5504608608483096,0.41962610602910333,0.5803738939708967,29.470686935219362,29.471830640591477
566,2022,1,MIN,GB,23,7,16,30,1,1,0,-2.5,47.0,0.5734581056840342,2.5,47.0,-11.008794103749851,45.000485703236336,0.1558561699974212,0.11422357797277827,0.42528991710206515,0.02197191556948619,0.0,0.03566112413855205,0.23726792560898058,0.3270932377235624,0.47338254356030457,0.23205469478015292,0.7459733896503609,0.3270932377235624,0.6729067622764375,0.45650118990937705,0.507837685952071,16.995845799743243,28.004639903493093
567,2022,1,TEN,NYG,20,21,-1,41,0,0,0,-5.5,43.5,0.6581456062996048,5.5,43.5,-0.392188888055234,37.43166216687982,0.48555420535870086,0.29968224680697875,0.29058950878836454,0.03553397381216028,0.0,0.0,0.4899854660367987,0.4208377559283248,0.49910651897027775,0.47257433531830795,0.4918916908695318,0.4208377559283248,0.5791622440716753,0.49910651897027775,0.5008934810297223,18.51973663941229,18.911925527467528
568,2022,1,DAL,TB,3,19,-16,22,0,0,0,2.5,49.5,0.4265418943159657,-2.5,49.5,-0.4426601662511257,57.705089109180896,0.4836961666334218,0.5727661182402514,0.7721397627746447,0.03552802777415631,0.0,0.0,0.4887006732495595,0.515846276900929,0.4081681800380597,0.47133810215710026,0.4931338700687434,0.515846276900929,0.484153723099071,0.4081681800380597,0.5918318199619403,28.631214471464887,29.07387463771601
569,2022,1,SEA,DEN,17,16,1,33,1,1,0,6.0,44.0,0.3283606432818853,-6.0,44.0,-10.587094816117832,37.93240457459529,0.16522694032953886,0.336072361438578,0.2840838017920442,0.022781174792642744,0.03270511460797021,0.031141650741896565,0.24607645648623402,0.43461662261150447,0.5004897475339276,0.24047054571866697,0.7367482794886903,0.4204024361584663,0.5468924492335635,0.48490367061632605,0.4839546786417774,13.672654879238728,24.25974969535656
570,2022,2,KC,LAC,27,24,3,51,1,0,0,-4.0,52.5,0.616498092917068,4.0,52.5,2.077601331791581,59.54587545695734,0.5760609257841981,0.42955719600185305,0.7390858950185969,0.03495134358266366,0.03503762683964795,0.0,0.5527536667058514,0.46756639021696844,0.4157283671759495,0.533434183384238,0.43161447303309836,0.4511839735137851,0.513778399646567,0.4157283671759495,0.5842716328240505,30.811738394374462,28.734137062582878
571,2022,2,BAL,MIA,38,42,-4,80,0,0,1,-3.0,44.0,0.5879295521290574,3.0,44.0,-8.117472927145144,49.57244644493342,0.2273818543543339,0.1535002793227305,0.6999699855404504,0.027368604571634814,0.0217630740598741,0.03189170039029027,0.30038101543462703,0.352719929469229,0.4239602023957752,0.2921600062023706,0.6804713892259946,0.34504365952179655,0.6331932664183294,0.4104393906435623,0.5576689089661474,20.727486758894138,28.84495968603928
572,2022,2,CLE,NYJ,30,31,-1,61,0,0,1,-6.5,38.5,0.6849128309162449,6.5,38.5,11.429475735956963,42.13925574575082,0.8531288821890383,0.6698447446750451,0.6296170265057826,0.021163446290806243,0.0,0.0,0.7713307078824934,0.5503974592865364,0.437477729788925,0.7550066918737727,0.2238298618354211,0.5503974592865364,0.4496025407134636,0.437477729788925,0.562522270211075,26.784365740853893,15.35489000489693
573,2022,2,DET,WAS,36,27,9,63,1,1,1,1.0,48.5,0.47047572223260303,-1.0,48.5,-0.18799977543280788,44.88598058440193,0.4930740551446873,0.5298868444035612,0.371249810298893,0.0355506968722733,0.03546270086735831,0.0,0.4951840001455361,0.5013175986992684,0.48319284847259464,0.4775798638603624,0.4868694392673643,0.4835395226570539,0.48099777647558783,0.48319284847259464,0.5168071515274053,22.34899040448456,22.536990179917368
574,2022,2,JAX,IND,24,0,24,24,1,1,0,3.0,43.5,0.4120704478709426,-3.0,43.5,-2.959366995709683,38.62995009884815,0.3923557949710887,0.5014970011050575,0.32898094437451375,0.03434021937882059,0.035555454420716615,0.0,0.42496258016825156,0.4917911658428988,0.49128266719779773,0.4103692719374842,0.5552905086836953,0.4743053074612605,0.49013923811802285,0.49128266719779773,0.5087173328022023,17.835291551569235,20.794658547278914
575,2022,2,NO,TB,10,20,-10,30,0,0,0,2.5,44.0,0.4265418943159657,-2.5,44.0,-5.013095244979609,43.10766509094479,0.32188828431356176,0.4113578280077817,0.4664955347882638,0.032178186643352924,0.0,0.03613574022914323,0.3740015132070112,0.46133919297277953,0.46614393333559834,0.3619668227101396,0.6058549906465076,0.46133919297277953,0.5386608070272205,0.44929947725119207,0.5145647825196646,19.04728492298259,24.0603801679622
576,2022,2,NYG,CAR,19,16,3,35,1,1,0,1.0,44.0,0.47047572223260303,-1.0,44.0,0.17519578930058813,42.96034178877714,0.5064542878255727,0.5432090252004336,0.4609809640796174,0.03555135347977262,0.03536119322729231,0.03609329406495354,0.5044318719725447,0.505806698167367,0.46710507655422956,0.4864986361855853,0.477950010334642,0.487920769777812,0.4767180369948956,0.4502457156669251,0.5136609902681214,21.567768789038865,21.392572999738277
577,2022,2,PIT,NE,14,17,-3,31,0,0,0,3.0,40.0,0.4120704478709426,-3.0,40.0,0.6256789993820929,44.74187884060159,0.5230380762347011,0.6310461159257055,0.6723256381689415,0.035500448972334286,0.03374698142865917,0.03304005858353254,0.5158993412393814,0.5361963365573188,0.4294315538891717,0.4975846830008519,0.4669148680268138,0.5181013287454038,0.44815168982593695,0.4152431101910561,0.5517168312254114,22.683778919991845,22.05809992060975
578,2022,2,LAR,ATL,31,27,4,58,1,0,1,-10.5,46.5,0.7816499846386211,10.5,46.5,11.689660755179432,42.08750868600191,0.8585051736483494,0.5422340157451488,0.34416114998232317,0.020663836527177015,0.0,0.0,0.7765990904553285,0.5054775498250057,0.4883236946128538,0.7605515738030053,0.21878458966981776,0.5054775498250057,0.4945224501749943,0.4883236946128538,0.5116763053871463,26.88858472059067,15.19892396541124
579,2022,2,SF,SEA,27,7,20,34,1,1,0,-8.5,40.0,0.73553153338876,8.5,40.0,9.226152142814856,41.32617858091873,0.8020450203602696,0.5258093598263732,0.5497208426291914,0.025356322868280434,0.0,0.03599240623197025,0.724495547681897,0.49994672031371606,0.45171194203314663,0.706125004658243,0.26851867247347644,0.49994672031371606,0.500053279686284,0.43545374231565737,0.5285538514523723,25.27616536186679,16.050013219051937
580,2022,2,DAL,CIN,20,17,3,37,1,1,0,7.5,42.0,0.2892573607539719,-7.5,42.0,-5.831839979350673,45.05510891188677,0.2953784525447482,0.5591142185426164,0.6132321360691347,0.0310631995258267,0.0,0.03488400944902503,0.35411638341293017,0.5111928014827929,0.4404651434431147,0.34311639553961015,0.6258204049345631,0.5111928014827929,0.4888071985172071,0.42509995321727895,0.5400160373336961,19.611634466268047,25.443474445618723
581,2022,2,DEN,HOU,16,9,7,25,1,0,0,-10.5,46.0,0.7816499846386211,10.5,46.0,11.214308964336686,42.08750868600191,0.8485785108334247,0.5253889955324035,0.35628702648955757,0.021576957524116147,0.0,0.0340340107994076,0.7669299316316341,0.4998054595552485,0.4860051780002665,0.7503819170728451,0.22804112540303878,0.4998054595552485,0.5001945404447514,0.46946447252363743,0.4965015166769549,26.6509088251693,15.436599860832612
582,2022,2,LV,ARI,23,29,-6,52,0,0,1,-5.5,51.5,0.6581456062996048,5.5,51.5,0.11236473250753057,61.0590695557501,0.5041396746485296,0.31549586721663536,0.8075765632058456,0.035553904672847636,0.0,0.0,0.5028320589764127,0.4269159339558604,0.39920113820578496,0.4849544158851136,0.4794916794420387,0.4269159339558604,0.5730840660441396,0.39920113820578496,0.600798861794215,30.585717144128814,30.473352411621285
583,2022,2,GB,CHI,27,10,17,37,1,1,0,-10.5,42.0,0.7816499846386211,10.5,42.0,12.222939116221916,35.39310372664465,0.8690955181021993,0.561040435861186,0.267204300836575,0.019643347306353698,0.0,0.03027495174216943,0.7872113068008203,0.5118475080233837,0.5041711430348738,0.7717478416978432,0.20860881099580306,0.5118475080233837,0.48815249197661625,0.4889073860096986,0.480817662248132,23.80802142143328,11.585082305211365
584,2022,2,BUF,TEN,41,7,34,48,1,1,1,-10.0,47.5,0.7705746740352664,10.0,47.5,11.255458751410693,43.961699007376765,0.8494560686277899,0.546146898273764,0.3738545509696496,0.021497866496223095,0.03533380492763627,0.0,0.7677746089074085,0.5067991341940665,0.4827082779694278,0.7512690928659271,0.22723304063784983,0.4888919924489584,0.4757742026234053,0.4827082779694278,0.5172917220305722,27.60857887939373,16.353120127983036
585,2022,2,PHI,MIN,24,7,17,31,1,1,0,-2.5,49.5,0.5734581056840342,2.5,49.5,4.0580124612338535,40.15127528852497,0.6459727248699146,0.5552368691272637,0.19769636439520727,0.033304668206111054,0.0,0.0,0.6024113104626483,0.5098766182306789,0.5212207996516183,0.5823482016440812,0.3843471301498077,0.5098766182306789,0.49012338176932113,0.5212207996516183,0.47877920034838173,22.10464387487941,18.04663141364556
586,2022,3,CLE,PIT,29,17,12,46,1,1,1,-4.5,38.0,0.6305586598182363,4.5,38.0,3.045644025540946,37.34603294245744,0.6106992219633468,0.44841682580240094,0.4754316854472523,0.03426963098520286,0.0,0.036190781589329424,0.5771464365266114,0.47396177152676855,0.46458989592154903,0.5573678411224195,0.4083625278923776,0.47396177152676855,0.5260382284732315,0.447776024469643,0.5160331939410275,20.195838483999193,17.150194458458248
587,2022,3,CAR,NO,22,14,8,36,1,1,0,2.0,41.0,0.44111292596172436,-2.0,41.0,2.2929979612631564,41.726718361553665,0.583831367080624,0.653991505081461,0.5272972521648818,0.03482090679248884,0.033046107879971476,0.036175773580215786,0.558197233815831,0.544514278412143,0.4556072000016214,0.5387602999653048,0.42641879324220633,0.5265202008255504,0.44043369129447807,0.4391252570928467,0.5246989693269376,22.00985816140841,19.716860200145256
588,2022,3,CHI,HOU,23,20,3,43,1,0,1,-3.0,40.0,0.5879295521290574,3.0,40.0,-3.6644419135758115,44.740968391328224,0.36760681154699676,0.26952904120394083,0.6722947557973434,0.03370912755058897,0.029805750916835905,0.033041236522345696,0.40731972542437683,0.40878097832304827,0.42943753527231693,0.39358933284617564,0.5727015396032354,0.39659695430361097,0.5735972947795531,0.4152483880978111,0.5517103753798431,20.538263238876205,24.20270515245202
589,2022,3,IND,KC,20,17,3,37,1,1,0,4.5,51.0,0.36944134018176367,-4.5,51.0,-10.833764526093125,58.07109103938004,0.1597012823654751,0.2861446865508563,0.7468962057048689,0.02230808034297649,0.0,0.029491513410880188,0.24090625214632508,0.4155070114602698,0.413999166106441,0.23553209611831952,0.742159823538704,0.4155070114602698,0.5844929885397302,0.4017897041471197,0.568718782442,23.61866325664346,34.452427782736585
590,2022,3,MIA,BUF,21,19,2,40,1,1,0,4.0,54.0,0.3835019070829321,-4.0,54.0,0.855030964261328,53.339033657358385,0.5314673411884872,0.6728785215372803,0.4751690848648417,0.0354525990279404,0.03237814699563041,0.036189406196306506,0.5217342808248389,0.5515376317186471,0.4646355098080849,0.503237444567625,0.4613099564044346,0.5336798652052389,0.43394198779913074,0.44782062661041216,0.5159899671932814,27.09703231080986,26.242001346548527
591,2022,3,MIN,DET,28,24,4,52,1,0,0,-6.5,52.0,0.6849128309162449,6.5,52.0,6.7730551947977835,59.81668556368264,0.7337551682881891,0.5097109215142477,0.7686761101163043,0.029633480271150425,0.0,0.028170235943704214,0.6683054613263332,0.49454405320289596,0.40899223740128954,0.6485012446230172,0.3218652751058324,0.49454405320289596,0.505455946797104,0.39747082957455176,0.5743589344817441,33.29487037924021,26.521815184442428
592,2022,3,NE,BAL,26,37,-11,63,0,0,1,2.5,45.5,0.4265418943159657,-2.5,45.5,-0.9873914220137238,51.43659898895273,0.4636744493870455,0.5536370270297947,0.7052936094585736,0.035418278558319694,0.0,0.0,0.4748419339517614,0.5093341782942337,0.4228769109383211,0.4580238500638867,0.5065578713777937,0.5093341782942337,0.49066582170576634,0.4228769109383211,0.577123089061679,25.224603783469504,26.211995205483227
593,2022,3,NYJ,CIN,12,27,-15,39,0,0,0,6.5,46.0,0.3150871690837551,-6.5,46.0,-13.909317773882252,44.7425355796474,0.10112403891565808,0.25444298110285946,0.4528425999336584,0.016489333835480235,0.0,0.03601880164711546,0.1809222131919184,0.40247487749791844,0.4685270846760043,0.17793892642034292,0.8055717397441768,0.40247487749791844,0.5975251225020816,0.451651300546758,0.5123298978061265,15.416608902882576,29.325926676764826
594,2022,3,TEN,LV,24,22,2,46,1,1,1,1.5,45.5,0.4557641189546886,-1.5,45.5,4.5758153938232935,51.150336594530856,0.6635486735348856,0.7059824910631615,0.6962563636305815,0.03271854204376334,0.0,0.0,0.6152107282598691,0.5643267730902572,0.4247098058277784,0.5950819301815243,0.3721995277747123,0.5643267730902572,0.43567322690974275,0.4247098058277784,0.5752901941722216,27.863075994177073,23.287260600353783
595,2022,3,WAS,PHI,8,24,-16,32,0,0,0,6.0,47.0,0.3283606432818853,-6.0,47.0,-17.12589549645845,39.946001717410674,0.05869285931594465,0.1533187088506853,0.2536157843877286,0.011092151643493087,0.021746886855792957,0.029520930288026492,0.12808590842165976,0.35261295806176124,0.5072430114385663,0.12666516010205214,0.8622426882544547,0.34494472395890563,0.6333083891853014,0.49226872585879977,0.47821034385317374,11.410053110476111,28.53594860693456
596,2022,3,LAC,JAX,10,38,-28,48,0,0,1,-6.5,46.0,0.6849128309162449,6.5,46.0,9.660654719667606,48.71546958527291,0.8129050068606579,0.6109463141742881,0.600942672155069,0.02454321716935981,0.0,0.03516747610270088,0.7340294310788581,0.5290699186727236,0.44267773923314213,0.7160139873431881,0.25944279548745214,0.5290699186727236,0.47093008132727643,0.42710988041746295,0.5377226434798361,29.18806215247026,19.527407432802654
597,2022,3,ARI,LAR,12,20,-8,32,0,0,0,3.5,49.0,0.39771760566948444,-3.5,49.0,-5.233476972518831,58.2747342334813,0.3146523909327962,0.4385891819346265,0.8080131684788945,0.03189088527071726,0.0,0.025415583942047015,0.3686209165464023,0.47063545162213,0.39908369074410655,0.3568652691884343,0.6112438455408484,0.47063545162213,0.52936454837787,0.3889407457020978,0.5856436703558552,26.520628630481234,31.754105603000063
598,2022,3,SEA,ATL,23,27,-4,50,0,0,1,-1.0,43.0,0.529524277767397,1.0,43.0,-0.6627902987842371,44.59532410891065,0.475597164264327,0.4389871006229326,0.5597399087992553,0.03549370771630689,0.0351673854989768,0.035875730875574274,0.48309825137058704,0.4707703835877058,0.4499629846049133,0.46595130323818046,0.49855498904551265,0.45421462002657575,0.5106179944744474,0.43382023366525724,0.5303040354591684,21.966266905063208,22.629057203847445
599,2022,3,TB,GB,12,14,-2,26,0,0,0,-1.0,41.5,0.529524277767397,1.0,41.5,-0.06857261342277288,44.79709401212654,0.4974736591619847,0.46069746166263786,0.6178098928758144,0.035555023560013,0.035394808053760274,0.0,0.49822488206578003,0.47810272260073094,0.4396350757801365,0.48051048464574647,0.48393449179424053,0.4611803685042979,0.5034248234419418,0.4396350757801365,0.5603649242198635,22.364260699351885,22.432833312774658
600,2022,3,DEN,SF,11,10,1,21,1,1,0,1.0,44.0,0.47047572223260303,-1.0,44.0,0.17519578930058813,42.96034178877714,0.5064542878255727,0.5432090252004336,0.4609809640796174,0.03555135347977262,0.03536119322729231,0.03609329406495354,0.5044318719725447,0.505806698167367,0.46710507655422956,0.4864986361855853,0.477950010334642,0.487920769777812,0.4767180369948956,0.4502457156669251,0.5136609902681214,21.567768789038865,21.392572999738277
601,2022,3,NYG,DAL,16,23,-7,39,0,0,1,-1.0,38.5,0.529524277767397,1.0,38.5,-0.06857261342277288,44.79709401212654,0.4974736591619847,0.46069746166263786,0.716494552674259,0.035555023560013,0.035394808053760274,0.0,0.49822488206578003,0.47810272260073094,0.4205620950921782,0.48051048464574647,0.48393449179424053,0.4611803685042979,0.5034248234419418,0.4205620950921782,0.5794379049078218,22.364260699351885,22.432833312774658
602,2022,4,CIN,MIA,27,15,12,42,1,1,0,-4.0,48.5,0.616498092917068,4.0,48.5,5.002832379743074,53.00102545366018,0.6777730202287144,0.5368919516688663,0.6587967196531885,0.03219132611825737,0.035413955958064514,0.0,0.625692993259058,0.5036759433049303,0.43202720422293106,0.6055511060631471,0.3622575678185955,0.4858387856315929,0.4787472584103426,0.43202720422293106,0.5679727957770689,29.00192891670163,23.999096536958554
603,2022,4,NO,MIN,25,28,-3,53,0,1,1,4.0,42.0,0.3835019070829321,-4.0,42.0,2.807349724938304,46.32936764570506,0.6022447830051971,0.734787813208811,0.6582117151558944,0.03445998960040281,0.029578717347112315,0.033554555588290014,0.5711602364921428,0.5760802806955465,0.43213837445896036,0.55147806068246,0.4140619497171373,0.5590405649036079,0.41138071774927987,0.4176381633513439,0.548807281060366,24.568358685321684,21.76100896038338
604,2022,4,ATL,CLE,23,20,3,43,1,1,0,1.0,48.0,0.47047572223260303,-1.0,48.0,-0.7550993534666637,43.10413546060211,0.47220383799159527,0.5090218566352259,0.3224688065326912,0.035475262098298765,0.035547219094902216,0.032838200484181956,0.48074965686305654,0.4943130518644359,0.4925732744129893,0.46369493678217244,0.5008298011195289,0.47674159750834105,0.4877111833967568,0.4763980544746656,0.4907637450411524,21.174518053567724,21.929617407034385
605,2022,4,BAL,BUF,20,23,-3,43,0,0,0,3.0,50.0,0.4120704478709426,-3.0,50.0,3.0583107131750884,59.23264472499639,0.6111471529206783,0.7117678853974336,0.8069397839337422,0.03425910930503934,0.030732758948163685,0.025497467598027568,0.5774642600512061,0.5666355211187031,0.39937209014367675,0.5576808488463582,0.4080600418486025,0.5492212482366949,0.4200459928151415,0.38918911321568184,0.5853134191862907,31.14547771908574,28.08716700591065
606,2022,4,DAL,WAS,25,10,15,35,1,1,0,-3.0,40.5,0.5879295521290574,3.0,40.5,-3.6644419135758115,44.740968391328224,0.36760681154699676,0.26952904120394083,0.6500813057583108,0.03370912755058897,0.029805750916835905,0.0,0.40731972542437683,0.40878097832304827,0.43367486476652245,0.39358933284617564,0.5727015396032354,0.39659695430361097,0.5735972947795531,0.43367486476652245,0.5663251352334775,20.538263238876205,24.20270515245202
607,2022,4,DET,SEA,45,48,-3,93,0,0,1,-3.0,48.5,0.5879295521290574,3.0,48.5,-0.6823050875879078,44.78837369802591,0.4748796299816031,0.36698660190225796,0.3679007955457999,0.03549000761472032,0.0336915622319961,0.0,0.48260170198165064,0.44582236218833243,0.48381797994245446,0.46547416390344487,0.4990358284818348,0.4308019103282487,0.5355065274397552,0.48381797994245446,0.5161820200575455,22.053034305219,22.735339392806907
608,2022,4,HOU,LAC,24,34,-10,58,0,0,1,5.5,45.0,0.34185439370039516,-5.5,45.0,-2.9790004345529444,48.01433057344016,0.3916599771907502,0.5889163182527974,0.611762521221221,0.03432432169194288,0.0,0.03491967969659193,0.4244695785726904,0.5213973042202499,0.44073091757921384,0.40989994820931797,0.5557757300987392,0.5213973042202499,0.4786026957797501,0.4253407351049626,0.5397395851984454,22.51766506944361,25.496665503996553
609,2022,4,IND,TEN,17,24,-7,41,0,0,0,-4.5,43.0,0.6305586598182363,4.5,43.0,2.4514263401794834,37.14426303924155,0.5895253449255858,0.42754049332184074,0.2908555223457568,0.03471711178283793,0.0,0.03146818728956069,0.562195706694124,0.46687933997216635,0.4990503535985098,0.5426778955009925,0.4226049927161695,0.46687933997216635,0.5331206600278336,0.4833461436045504,0.4851856691058889,19.797844689710516,17.346418349531035
610,2022,4,NYG,CHI,20,12,8,32,1,1,0,-3.0,39.0,0.5879295521290574,3.0,39.0,-3.6644419135758115,44.740968391328224,0.36760681154699676,0.26952904120394083,0.7054439229178446,0.03370912755058897,0.029805750916835905,0.03164160879700101,0.40731972542437683,0.40878097832304827,0.42284617105439837,0.39358933284617564,0.5727015396032354,0.39659695430361097,0.5735972947795531,0.4094666379285853,0.5588917532744136,20.538263238876205,24.20270515245202
611,2022,4,PHI,JAX,29,21,8,50,1,1,1,-6.5,44.0,0.6849128309162449,6.5,44.0,9.34348449586617,48.3666285741809,0.8050153910131853,0.6000626167253208,0.6594963787204765,0.02513784988137374,0.0,0.03350968996862186,0.7270836185921701,0.5252632240459644,0.43189413406711674,0.7088062997367941,0.26605585038183216,0.5252632240459644,0.47473677595403563,0.41742149553526126,0.5490688144961169,28.855056535023536,19.511572039157365
612,2022,4,PIT,NYJ,20,24,-4,44,0,0,1,-3.0,41.0,0.5879295521290574,3.0,41.0,-3.6644419135758115,44.740968391328224,0.36760681154699676,0.26952904120394083,0.6376831860809227,0.03370912755058897,0.029805750916835905,0.034219001716429054,0.40731972542437683,0.40878097832304827,0.4359891034144731,0.39358933284617564,0.5727015396032354,0.39659695430361097,0.5735972947795531,0.4210699915363889,0.544711006747182,20.538263238876205,24.20270515245202
613,2022,4,CAR,ARI,16,26,-10,42,0,0,0,-1.0,44.0,0.529524277767397,1.0,44.0,-3.8031770609318314,48.24840995187826,0.3627994052077885,0.32884598155816636,0.6554139922232548,0.03357071006399337,0.03244261288422767,0.033650913394870696,0.4038644483560302,0.43193678455961293,0.4326688726386431,0.3903064320551153,0.5761228578808913,0.41792362666768734,0.549633760448085,0.4181091698768238,0.5482399167283054,22.222616445473214,26.025793506405044
614,2022,4,GB,NE,27,24,3,51,1,0,1,-10.0,40.5,0.7705746740352664,10.0,40.5,12.222939116221916,35.39310372664465,0.8690955181021993,0.5813075421896493,0.32123067813059664,0.019643347306353698,0.034864688409377675,0.0,0.7872113068008203,0.5187752121057231,0.4928201939629896,0.7717478416978432,0.20860881099580306,0.5006882759811482,0.4644470356094741,0.4928201939629896,0.5071798060370104,23.80802142143328,11.585082305211365
615,2022,4,LV,DEN,32,23,9,55,1,1,1,-2.5,45.5,0.5734581056840342,2.5,45.5,-5.583676172890367,55.54180310233083,0.30330432503153965,0.23554847820554992,0.8193484974999014,0.031414673882482425,0.0,0.0,0.3601127897646408,0.39426652510980176,0.3959644032169034,0.3487999639132736,0.619785362204244,0.39426652510980176,0.6057334748901982,0.3959644032169034,0.6040355967830966,24.979063464720234,30.562739637610598
616,2022,4,TB,KC,31,41,-10,72,0,0,1,-1.0,46.5,0.529524277767397,1.0,46.5,-1.8041740559778419,52.71357090398121,0.43384673673023855,0.3978682318409999,0.7139176388120324,0.03509898893462149,0.03446242861569604,0.0,0.45410981582638243,0.45667845150965136,0.4210990950869188,0.43817102042558925,0.5267299906397893,0.4409402029741734,0.5245973684101306,0.4210990950869188,0.5789009049130812,25.454698424001684,27.258872479979523
617,2022,4,SF,LAR,24,9,15,33,1,1,0,-1.0,42.0,0.529524277767397,1.0,42.0,-0.06857261342277288,44.79709401212654,0.4974736591619847,0.46069746166263786,0.6039061287931782,0.035555023560013,0.035394808053760274,0.03510219443758167,0.49822488206578003,0.47810272260073094,0.4421461951613178,0.48051048464574647,0.48393449179424053,0.4611803685042979,0.5034248234419418,0.4266258934489283,0.53827191211349,22.364260699351885,22.432833312774658
618,2022,5,DEN,IND,9,12,-3,21,0,0,0,-3.5,42.0,0.6022823943305156,3.5,42.0,-0.851001590850534,44.740968391328224,0.4686806342717071,0.34904095648896,0.6018690864121778,0.03545356696432744,0.0,0.03514727732042122,0.47831018892579796,0.439365393708951,0.4425117020797003,0.4613523866129971,0.5031940464226755,0.439365393708951,0.560634606291049,0.42695862056917344,0.5378941021104053,21.944983400238844,22.79598499108938
619,2022,5,GB,NYG,22,27,-5,49,0,0,1,-8.5,42.0,0.73553153338876,8.5,42.0,9.226152142814856,41.32617858091873,0.8020450203602696,0.5258093598263732,0.47468681465787577,0.025356322868280434,0.0,0.03618684211012946,0.724495547681897,0.49994672031371606,0.4647192882189398,0.706125004658243,0.26851867247347644,0.49994672031371606,0.500053279686284,0.4479025647106293,0.5159105931792413,25.27616536186679,16.050013219051937
620,2022,5,BUF,PIT,38,3,35,41,1,1,0,-14.0,44.0,0.8501407016943955,14.0,44.0,10.98837086046255,43.202065183772824,0.8436984024764176,0.39050439326271086,0.47003266450390746,0.022011154292466306,0.034297685405088374,0.03615955728848108,0.7622667189681716,0.454115157680546,0.4655283387876862,0.7454883486049511,0.2325004971025826,0.4385400588647365,0.5271622557301751,0.4486950401518814,0.5151454025596375,27.095218022117688,16.106847161655136
621,2022,5,CLE,LAC,28,30,-2,58,0,0,1,1.0,47.0,0.47047572223260303,-1.0,47.0,-1.0484412623786308,40.84186225735867,0.4614354911304589,0.4982153288807909,0.2812136120888191,0.03540079962768983,0.03555535620521766,0.03099962873794926,0.47328996294487563,0.4906916052795991,0.5011060509213107,0.45653511980086736,0.5080640805714428,0.4732448904669729,0.49119975332780946,0.4855719493844101,0.4834284218776406,19.89671049749002,20.94515175986865
622,2022,5,JAX,HOU,6,13,-7,19,0,0,0,-7.0,44.0,0.6979517285214231,7.0,44.0,8.008142723310387,50.0495548109806,0.7695852039152152,0.5370867264700229,0.7153425927172462,0.027560913069385462,0.03541245398368248,0.03116977422802142,0.6970681706640353,0.5037415802036308,0.4208024890475929,0.6778563354089282,0.2945827515216863,0.48590285467500227,0.4786846913413153,0.40768617046938993,0.5611440553025886,29.028848767145494,21.02070604383511
623,2022,5,MIN,CHI,29,22,7,51,1,0,1,-10.0,44.0,0.7705746740352664,10.0,44.0,10.98837086046255,43.202065183772824,0.8436984024764176,0.536361480382566,0.47003266450390746,0.022011154292466306,0.03541800634736547,0.03615955728848108,0.7622667189681716,0.5034971990390277,0.4655283387876862,0.7454883486049511,0.2325004971025826,0.48566433204758264,0.4789176616050519,0.4486950401518814,0.5151454025596375,27.095218022117688,16.106847161655136
624,2022,5,NE,DET,29,0,29,29,1,1,0,-3.0,46.5,0.5879295521290574,3.0,46.5,-6.972427207005438,51.35370655466729,0.2602709309006299,0.17953950587977652,0.670481485216964,0.029312695661531496,0.023953752885209623,0.0,0.3269413646688622,0.3672307919472065,0.42978826669060544,0.31735783194715805,0.6533294723913105,0.35843423630506327,0.6176120108097272,0.42978826669060544,0.5702117333093946,22.190639673830926,29.163066880836364
625,2022,5,NO,SEA,39,32,7,71,1,1,1,-5.5,45.5,0.6581456062996048,5.5,45.5,1.857499212197419,50.447562293426344,0.5680890872386275,0.37268703383609125,0.6735637871673291,0.03507178035156766,0.0,0.0,0.5471832377155701,0.4478486833221092,0.42919152388297105,0.52799254739035,0.43693567225808233,0.4478486833221092,0.5521513166778909,0.42919152388297105,0.5708084761170289,26.15253075281188,24.295031540614463
626,2022,5,NYJ,MIA,40,17,23,57,1,1,1,3.0,46.0,0.4120704478709426,-3.0,46.0,-0.5053710689945693,48.71583054460839,0.48138805519520744,0.5910747435735005,0.6009557905233375,0.03551963986911488,0.03468766105362331,0.035167191406814124,0.4871044368360784,0.5221435332374895,0.4426753889029922,0.4698026626610129,0.4946776974698722,0.5040315953352061,0.4612807436111705,0.4271077387703548,0.5377250698228311,24.10522973780691,24.61060080680148
627,2022,5,TB,ATL,21,15,6,36,1,0,0,-10.5,46.0,0.7816499846386211,10.5,46.0,11.214308964336686,42.08750868600191,0.8485785108334247,0.5253889955324035,0.35628702648955757,0.021576957524116147,0.0,0.0340340107994076,0.7669299316316341,0.4998054595552485,0.4860051780002665,0.7503819170728451,0.22804112540303878,0.4998054595552485,0.5001945404447514,0.46946447252363743,0.4965015166769549,26.6509088251693,15.436599860832612
628,2022,5,WAS,TEN,17,21,-4,38,0,0,0,1.0,43.0,0.47047572223260303,-1.0,43.0,3.3155825514481783,41.524948458337775,0.6202112478349069,0.6547585284289257,0.4447328131641187,0.03403671297045402,0.03302060058544998,0.03593047905554081,0.5839108416248998,0.5447961781800758,0.46994899914875166,0.5640364359081769,0.40192685112136917,0.5268066811799118,0.4401727182346382,0.4530635064776651,0.5110060144667942,22.420265504892978,19.104682953444797
629,2022,5,CAR,SF,15,37,-22,52,0,0,1,6.0,40.0,0.3283606432818853,-6.0,40.0,-6.210924698805928,44.121464156581794,0.28346413205419363,0.492229601281309,0.6510093635765465,0.030505056596141555,0.03554940563283132,0.03379888107234019,0.34501199784886094,0.4886860608373659,0.433500267451144,0.33448738732813355,0.6350075560757249,0.47131356183354783,0.4931370325336208,0.4188484434667351,0.5473526754609247,18.955269728887934,25.16619442769386
630,2022,5,ARI,PHI,17,20,-3,37,0,1,0,5.5,48.5,0.34185439370039516,-5.5,48.5,-14.5451417980335,53.639553967918246,0.09130611389723577,0.2100020082041827,0.6798319876625766,0.01534606386602344,0.0,0.0,0.1696364724683936,0.38251027479023847,0.4279695607177962,0.16703322032788673,0.8176207158060899,0.38251027479023847,0.6174897252097615,0.4279695607177962,0.5720304392822038,19.547206084942374,34.09234788297587
631,2022,5,LAR,DAL,10,22,-12,32,0,0,0,-5.5,42.0,0.6581456062996048,5.5,42.0,2.531651641454155,40.57404086155858,0.5924013427366408,0.39564288287023375,0.4465605983967903,0.034662034071902825,0.0,0.0359516156007651,0.5642186084396782,0.4559053314362619,0.4696280612470394,0.5446616438099404,0.4206763221181567,0.4559053314362619,0.5440946685637381,0.45274417371375325,0.5113042106854817,21.552846251506367,19.021194610052213
632,2022,5,BAL,CIN,19,17,2,36,1,0,0,-3.0,47.5,0.5879295521290574,3.0,47.5,-6.1503859861140056,46.531952954360136,0.28535083135521866,0.19988785361311764,0.46493687399364314,0.030595856016316536,0.0254969258601887,0.0,0.3464613008509528,0.3776077577936392,0.46641541467813197,0.33586102077489133,0.6335431232087922,0.3679799207889427,0.6065231533508686,0.46641541467813197,0.533584585321868,20.190783484123067,26.34116947023707
633,2022,5,KC,LV,30,29,1,59,1,0,1,-7.5,51.5,0.7107426392460281,7.5,51.5,5.029882281403195,62.38998864703348,0.6786653935537653,0.4128491756537141,0.8389110586600117,0.03215664788390826,0.0,0.0,0.6263546242970787,0.46185193406652203,0.3902223532564809,0.6062131591930998,0.36163019292299187,0.46185193406652203,0.538148065933478,0.3902223532564809,0.6097776467435191,33.70993546421834,28.680053182815143
634,2022,6,CHI,WAS,7,12,-5,19,0,0,0,1.0,38.5,0.47047572223260303,-1.0,38.5,3.9098002368096423,41.726718361553665,0.6408802169201697,0.6746958600986955,0.6153673522151851,0.03346124056614508,0.03230944639506317,0.0,0.5987312472645552,0.552222974115639,0.4400783922937011,0.5786969569653678,0.3878418024684871,0.5343809555353274,0.4333095980696094,0.4400783922937011,0.559921607706299,22.818259299181655,18.90845906237201
635,2022,6,ATL,SF,28,14,14,42,1,1,0,3.5,46.0,0.39771760566948444,-3.5,46.0,0.730663955982345,48.196223284764706,0.526898097101219,0.6469809513686632,0.5819570373992847,0.035480377667211904,0.0,0.03553979436979354,0.5185706454843773,0.5419498138441005,0.44605661759735177,0.5001715631354617,0.4643480591973264,0.5419498138441005,0.45805018615589954,0.4302038571306563,0.5342563484995503,24.463443620373525,23.73277966439118
636,2022,6,CLE,NE,15,38,-23,53,0,0,1,-2.5,43.0,0.5734581056840342,2.5,43.0,-4.364247389187443,43.217946371305594,0.3435909335876266,0.2702761814591131,0.5081925979688451,0.03296525089356095,0.0,0.03624764056403884,0.38995246568903674,0.4090881347816087,0.4589145060395061,0.37709758482103495,0.5899371642854041,0.4090881347816087,0.5909118652183913,0.4422799379749627,0.5214724214609985,19.426849491059077,23.791096880246517
637,2022,6,GB,NYJ,10,27,-17,37,0,0,0,-7.5,44.5,0.7107426392460281,7.5,44.5,9.040292215228762,55.32977754022312,0.7972829099381771,0.5546125876852058,0.837569704596157,0.025700534298631728,0.0,0.0,0.720375798434101,0.5096649074925284,0.39063236251993755,0.7018617555185412,0.27243771018282703,0.5096649074925284,0.49033509250747165,0.39063236251993755,0.6093676374800625,32.18503487772594,23.14474266249718
638,2022,6,IND,JAX,34,27,7,61,1,1,1,-1.0,41.0,0.529524277767397,1.0,41.0,-0.06857261342277288,44.79709401212654,0.4974736591619847,0.46069746166263786,0.6396602204997607,0.035555023560013,0.035394808053760274,0.03415927225687854,0.49822488206578003,0.47810272260073094,0.43562226219656947,0.48051048464574647,0.48393449179424053,0.4611803685042979,0.5034248234419418,0.42074172274103955,0.5450990050020819,22.364260699351885,22.432833312774658
639,2022,6,MIA,MIN,16,24,-8,40,0,0,0,3.0,45.0,0.4120704478709426,-3.0,45.0,-0.2804971437112076,52.59338663964657,0.48966709334086056,0.5991152793808868,0.7622680413541962,0.03554457879666478,0.03452650253026751,0.028573371056770602,0.4928289525800574,0.5249334281266257,0.4104957196506312,0.47531155504179773,0.4891438661615375,0.5068093127921898,0.4586641846775428,0.39876647313583763,0.5726601558073918,26.15644474796768,26.436941891678888
640,2022,6,NO,CIN,26,30,-4,56,0,0,1,3.0,42.5,0.4120704478709426,-3.0,42.5,0.6256789993820929,44.74187884060159,0.5230380762347011,0.6310461159257055,0.5807473677829197,0.035500448972334286,0.03374698142865917,0.0,0.5158993412393814,0.5361963365573188,0.44627050029347154,0.4975846830008519,0.4669148680268138,0.5181013287454038,0.44815168982593695,0.44627050029347154,0.5537294997065285,22.683778919991845,22.05809992060975
641,2022,6,NYG,BAL,24,20,4,44,1,1,0,5.5,46.0,0.34185439370039516,-5.5,46.0,-10.630033360112149,48.250809244599104,0.16425609247022938,0.3237043236798619,0.583963066968326,0.022698895115230933,0.0,0.035504187959566946,0.2451729070079699,0.43001421468937867,0.44570158819227235,0.23960775290669972,0.7376933519780694,0.43001421468937867,0.5699857853106214,0.42987731523121636,0.5346184968092166,18.810387942243477,29.440421302355627
642,2022,6,PIT,TB,20,18,2,38,1,1,0,10.0,47.0,0.22942532596473364,-10.0,47.0,-14.52986439288041,41.816935766915755,0.09153329257084057,0.3379969508790122,0.31285573902368247,0.01537316064032257,0.032772958490462356,0.032448021035060726,0.16990290537937858,0.4353261357889949,0.49450395289756943,0.16729096072172386,0.8173358786379535,0.4210592104109688,0.5461678310985689,0.4784582782320284,0.48909370073291086,13.643535687017671,28.173400079898084
643,2022,6,LAR,CAR,24,10,14,34,1,1,0,-10.0,41.5,0.7705746740352664,10.0,41.5,12.222939116221916,35.39310372664465,0.8690955181021993,0.5813075421896493,0.28938965526561694,0.019643347306353698,0.034864688409377675,0.0,0.7872113068008203,0.5187752121057231,0.4993602313825551,0.7717478416978432,0.20860881099580306,0.5006882759811482,0.4644470356094741,0.4993602313825551,0.5006397686174449,23.80802142143328,11.585082305211365
644,2022,6,SEA,ARI,19,9,10,28,1,1,0,2.5,50.0,0.4265418943159657,-2.5,50.0,1.334280251152919,57.95122912311251,0.5490294740738151,0.6337654736107234,0.7724889211540105,0.03530517086013274,0.0,0.027924535200883283,0.5339141441997249,0.537171225150594,0.4080846509816522,0.5150642141141121,0.4496306150257552,0.537171225150594,0.462828774849406,0.3966890767803749,0.5753863880187419,29.642754687132715,28.308474435979797
645,2022,6,KC,BUF,20,24,-4,44,0,0,0,2.5,54.0,0.4265418943159657,-2.5,54.0,-2.707127972584934,55.86514034195797,0.4013261033169431,0.4926334020595556,0.5697444142165912,0.034535712323679024,0.0,0.035737677844402294,0.4313042750332416,0.4888213623776009,0.4482093117112125,0.4164088746667206,0.5490554130096003,0.4888213623776009,0.5111786376223991,0.43219135172241585,0.5320709704331819,26.579006184686516,29.28613415727145
646,2022,6,PHI,DAL,26,17,9,43,1,1,1,-6.5,42.5,0.6849128309162449,6.5,42.5,11.429475735956963,42.13925574575082,0.8531288821890383,0.6698447446750451,0.4869191478508007,0.021163446290806243,0.0,0.0,0.7713307078824934,0.5503974592865364,0.46259706113399407,0.7550066918737727,0.2238298618354211,0.5503974592865364,0.4496025407134636,0.46259706113399407,0.537402938866006,26.784365740853893,15.35489000489693
647,2022,6,LAC,DEN,19,16,3,35,1,0,0,-3.5,45.5,0.6022823943305156,3.5,45.5,-2.143266650432199,55.90699460300817,0.4215668065691039,0.30743921209684455,0.8279471398597253,0.034912890543751685,0.0,0.0,0.4455285345253177,0.42383808658298455,0.39350092092925376,0.4299738455653172,0.5351132638909312,0.42383808658298455,0.5761619134170155,0.39350092092925376,0.6064990790707463,26.88186397628799,29.025130626720184
648,2022,7,ARI,NO,42,34,8,76,1,1,1,-2.5,44.0,0.5734581056840342,2.5,44.0,-8.223060717395313,47.33841648119029,0.22447474947117954,0.1695340584760669,0.6233949529760063,0.02718170278974852,0.0,0.03462406444441468,0.2979721495421314,0.3618377809833318,0.43861765327472846,0.2898727591336547,0.6829455380765967,0.3618377809833318,0.6381622190166683,0.42343092738128635,0.541945008174299,19.55767788189749,27.780738599292803
649,2022,7,BAL,CLE,23,20,3,43,1,0,0,-6.5,46.0,0.6849128309162449,6.5,46.0,9.660654719667606,48.71546958527291,0.8129050068606579,0.6109463141742881,0.600942672155069,0.02454321716935981,0.0,0.03516747610270088,0.7340294310788581,0.5290699186727236,0.44267773923314213,0.7160139873431881,0.25944279548745214,0.5290699186727236,0.47093008132727643,0.42710988041746295,0.5377226434798361,29.18806215247026,19.527407432802654
650,2022,7,CAR,TB,21,3,18,24,1,1,0,13.0,39.5,0.1677830551154279,-13.0,39.5,-5.831839979350673,45.05510891188677,0.2953784525447482,0.7455241628930135,0.693222864572866,0.0310631995258267,0.028992238473221188,0.0,0.35411638341293017,0.5806433845922216,0.42531855122799544,0.34311639553961015,0.6258204049345631,0.5638092331182256,0.40719852840855314,0.42531855122799544,0.5746814487720046,19.611634466268047,25.443474445618723
651,2022,7,CIN,ATL,35,17,18,52,1,1,1,-6.5,47.5,0.6849128309162449,6.5,47.5,10.674054301666882,57.44357343756179,0.8367352986046281,0.6451039602998278,0.8169904036429946,0.022614505998137302,0.0,0.0,0.7557089513564806,0.5412668015137568,0.39662482335256183,0.7386189667431835,0.23876652725867925,0.5412668015137568,0.45873319848624317,0.39662482335256183,0.6033751766474382,34.05881386961433,23.384759567947455
652,2022,7,DAL,DET,24,6,18,30,1,1,0,-7.0,49.5,0.6979517285214231,7.0,49.5,10.402854189329155,53.712628527858996,0.8305643758339812,0.6232708372266315,0.6491266420037873,0.023133773212168418,0.03395754465843853,0.0,0.7499861792856465,0.5334235852829119,0.43385426171555186,0.7326361691017917,0.24423005768603995,0.515309830063803,0.4507326252777584,0.43385426171555186,0.5661457382844481,32.05774135859407,21.65488716926492
653,2022,7,JAX,NYG,17,23,-6,40,0,0,0,-3.0,44.0,0.5879295521290574,3.0,44.0,-8.117472927145144,49.57244644493342,0.2273818543543339,0.1535002793227305,0.6999699855404504,0.027368604571634814,0.0217630740598741,0.03189170039029027,0.30038101543462703,0.352719929469229,0.4239602023957752,0.2921600062023706,0.6804713892259946,0.34504365952179655,0.6331932664183294,0.4104393906435623,0.5576689089661474,20.727486758894138,28.84495968603928
654,2022,7,TEN,IND,19,10,9,29,1,1,0,-2.5,43.0,0.5734581056840342,2.5,43.0,-4.364247389187443,43.217946371305594,0.3435909335876266,0.2702761814591131,0.5081925979688451,0.03296525089356095,0.0,0.03624764056403884,0.38995246568903674,0.4090881347816087,0.4589145060395061,0.37709758482103495,0.5899371642854041,0.4090881347816087,0.5909118652183913,0.4422799379749627,0.5214724214609985,19.426849491059077,23.791096880246517
655,2022,7,WAS,GB,23,21,2,44,1,1,1,4.0,41.5,0.3835019070829321,-4.0,41.5,2.807349724938304,46.32936764570506,0.6022447830051971,0.734787813208811,0.6696802691591223,0.03445998960040281,0.029578717347112315,0.0,0.5711602364921428,0.5760802806955465,0.429942950970702,0.55147806068246,0.4140619497171373,0.5590405649036079,0.41138071774927987,0.429942950970702,0.570057049029298,24.568358685321684,21.76100896038338
656,2022,7,DEN,NYJ,9,16,-7,25,0,0,0,2.0,37.0,0.44111292596172436,-2.0,37.0,2.2929979612631564,41.726718361553665,0.583831367080624,0.653991505081461,0.6718112376440233,0.03482090679248884,0.033046107879971476,0.033059649185072426,0.558197233815831,0.544514278412143,0.4295311494676986,0.5387602999653048,0.42641879324220633,0.5265202008255504,0.44043369129447807,0.4153310003522356,0.551609350462692,22.00985816140841,19.716860200145256
657,2022,7,LV,HOU,38,20,18,58,1,1,1,-7.0,46.0,0.6979517285214231,7.0,46.0,8.820814377605453,49.57626952103728,0.7915700274236159,0.5667575228850077,0.6318599063789421,0.02610380288286024,0.0350905812017383,0.03438971443075761,0.7154796523172309,0.5137942175625355,0.4370650674600261,0.6968029125064445,0.27709328461069527,0.49576487985017376,0.4691445389480879,0.422034524602416,0.5435757609668265,29.198541949321367,20.377727571715916
658,2022,7,LAC,SEA,23,37,-14,60,0,0,1,-5.5,51.5,0.6581456062996048,5.5,51.5,0.11236473250753057,61.0590695557501,0.5041396746485296,0.31549586721663536,0.8075765632058456,0.035553904672847636,0.0,0.0,0.5028320589764127,0.4269159339558604,0.39920113820578496,0.4849544158851136,0.4794916794420387,0.4269159339558604,0.5730840660441396,0.39920113820578496,0.600798861794215,30.585717144128814,30.473352411621285
659,2022,7,SF,KC,23,44,-21,67,0,0,1,1.0,49.0,0.47047572223260303,-1.0,49.0,-2.5236632622787045,47.24384352234629,0.4078848052114085,0.44405581633894803,0.43429141320374837,0.03466759393039354,0.03522935950612982,0.03579596679742614,0.43592559419879084,0.472487257692285,0.47178817196466494,0.42081310271524164,0.5445193033543648,0.4558418342289781,0.5089288062648921,0.4549000582255994,0.5093039749769744,22.360090130033793,24.883753392312496
660,2022,7,MIA,PIT,16,10,6,26,1,0,0,-7.5,44.5,0.7107426392460281,7.5,44.5,9.040292215228762,55.32977754022312,0.7972829099381771,0.5546125876852058,0.837569704596157,0.025700534298631728,0.0,0.0,0.720375798434101,0.5096649074925284,0.39063236251993755,0.7018617555185412,0.27243771018282703,0.5096649074925284,0.49033509250747165,0.39063236251993755,0.6093676374800625,32.18503487772594,23.14474266249718
661,2022,7,NE,CHI,14,33,-19,47,0,0,1,-9.5,40.0,0.7591913433207376,9.5,40.0,12.222939116221916,35.39310372664465,0.8690955181021993,0.5959051242705636,0.3322661253352956,0.019643347306353698,0.0,0.03321267611485479,0.7872113068008203,0.523817619135492,0.4906366012151779,0.7717478416978432,0.20860881099580306,0.523817619135492,0.47618238086450804,0.474341246688925,0.49244607719622013,23.80802142143328,11.585082305211365
662,2022,8,TB,BAL,22,27,-5,49,0,0,1,-2.0,46.0,0.5588870740382756,2.0,46.0,-3.4711074886766036,50.2077316796125,0.3743418655536477,0.30693153597173534,0.6540049103460311,0.033894328157114684,0.031570321345533836,0.03369874552825858,0.4121441732395098,0.4236428581306179,0.4329353427461317,0.39817482338368715,0.5679308484591982,0.4102683169636939,0.5581613616907722,0.41834596480074043,0.5479552896710009,23.36831209546795,26.83941958414455
663,2022,8,JAX,DEN,17,21,-4,38,0,0,0,-1.0,41.0,0.529524277767397,1.0,41.0,-0.06857261342277288,44.79709401212654,0.4974736591619847,0.46069746166263786,0.6396602204997607,0.035555023560013,0.035394808053760274,0.03415927225687854,0.49822488206578003,0.47810272260073094,0.43562226219656947,0.48051048464574647,0.48393449179424053,0.4611803685042979,0.5034248234419418,0.42074172274103955,0.5450990050020819,22.364260699351885,22.432833312774658
664,2022,8,ATL,CAR,37,34,3,71,1,0,1,-4.5,41.0,0.6305586598182363,4.5,41.0,3.045644025540946,37.34603294245744,0.6106992219633468,0.44841682580240094,0.365388937048941,0.03426963098520286,0.0,0.03431003167057334,0.5771464365266114,0.47396177152676855,0.48428843992792525,0.5573678411224195,0.4083625278923776,0.47396177152676855,0.5260382284732315,0.4676724882163056,0.4980174801131211,20.195838483999193,17.150194458458248
665,2022,8,DAL,CHI,49,29,20,78,1,1,1,-10.5,43.0,0.7816499846386211,10.5,43.0,12.222939116221916,35.19133382342876,0.8690955181021993,0.561040435861186,0.23155229967674607,0.019643347306353698,0.0,0.028184815809129016,0.7872113068008203,0.5118475080233837,0.5124717896104247,0.7717478416978432,0.20860881099580306,0.5118475080233837,0.48815249197661625,0.4980278666128802,0.4737873175779908,23.707136469825336,11.48419735360342
666,2022,8,DET,MIA,27,31,-4,58,0,0,1,3.5,52.0,0.39771760566948444,-3.5,52.0,1.1473469938087069,57.27643876735862,0.5421890940697117,0.6606843183192124,0.6902420576458725,0.03537027814110982,0.0,0.03231742441243357,0.5291657606146278,0.546983204628717,0.4259136812356231,0.5104490204789365,0.45418070137995364,0.546983204628717,0.45301679537128303,0.41214924803606956,0.5555333275514969,29.21189288058366,28.064545886774958
667,2022,8,MIN,ARI,34,26,8,60,1,1,1,-4.0,48.5,0.616498092917068,4.0,48.5,5.002832379743074,53.00102545366018,0.6777730202287144,0.5368919516688663,0.6587967196531885,0.03219132611825737,0.035413955958064514,0.0,0.625692993259058,0.5036759433049303,0.43202720422293106,0.6055511060631471,0.3622575678185955,0.4858387856315929,0.4787472584103426,0.43202720422293106,0.5679727957770689,29.00192891670163,23.999096536958554
668,2022,8,NO,LV,24,0,24,24,1,1,0,1.0,48.5,0.47047572223260303,-1.0,48.5,-0.18799977543280788,44.88598058440193,0.4930740551446873,0.5298868444035612,0.371249810298893,0.0355506968722733,0.03546270086735831,0.0,0.4951840001455361,0.5013175986992684,0.48319284847259464,0.4775798638603624,0.4868694392673643,0.4835395226570539,0.48099777647558783,0.48319284847259464,0.5168071515274053,22.34899040448456,22.536990179917368
669,2022,8,NYJ,NE,17,22,-5,39,0,0,0,3.0,40.0,0.4120704478709426,-3.0,40.0,0.6256789993820929,44.74187884060159,0.5230380762347011,0.6310461159257055,0.6723256381689415,0.035500448972334286,0.03374698142865917,0.03304005858353254,0.5158993412393814,0.5361963365573188,0.4294315538891717,0.4975846830008519,0.4669148680268138,0.5181013287454038,0.44815168982593695,0.4152431101910561,0.5517168312254114,22.683778919991845,22.05809992060975
670,2022,8,PHI,PIT,35,13,22,48,1,1,1,-11.0,43.0,0.79241084025005,11.0,43.0,12.222939116221916,35.19133382342876,0.8690955181021993,0.5449568836449683,0.23155229967674607,0.019643347306353698,0.03534511706286081,0.028184815809129016,0.7872113068008203,0.5063970173009861,0.5124717896104247,0.7717478416978432,0.20860881099580306,0.4884983554441992,0.47615652749294,0.4980278666128802,0.4737873175779908,23.707136469825336,11.48419735360342
671,2022,8,HOU,TEN,10,17,-7,27,0,0,0,1.0,39.0,0.47047572223260303,-1.0,39.0,3.9098002368096423,41.726718361553665,0.6408802169201697,0.6746958600986955,0.6013514317384038,0.03346124056614508,0.03230944639506317,0.0351585872687345,0.5987312472645552,0.552222974115639,0.4426044935083025,0.5786969569653678,0.3878418024684871,0.5343809555353274,0.4333095980696094,0.4270431447977568,0.5377982679335087,22.818259299181655,18.90845906237201
672,2022,8,IND,WAS,16,17,-1,33,0,0,0,-3.0,40.5,0.5879295521290574,3.0,40.5,-3.6644419135758115,44.740968391328224,0.36760681154699676,0.26952904120394083,0.6500813057583108,0.03370912755058897,0.029805750916835905,0.0,0.40731972542437683,0.40878097832304827,0.43367486476652245,0.39358933284617564,0.5727015396032354,0.39659695430361097,0.5735972947795531,0.43367486476652245,0.5663251352334775,20.538263238876205,24.20270515245202
673,2022,8,LAR,SF,14,31,-17,45,0,0,1,1.0,42.0,0.47047572223260303,-1.0,42.0,3.9098002368096423,41.726718361553665,0.6408802169201697,0.6746958600986955,0.48972777804473544,0.03346124056614508,0.03230944639506317,0.0362435721966089,0.5987312472645552,0.552222974115639,0.462110446983209,0.5786969569653678,0.3878418024684871,0.5343809555353274,0.4333095980696094,0.44536191363516586,0.5183945141682252,22.818259299181655,18.90845906237201
674,2022,8,SEA,NYG,27,13,14,40,1,1,0,-3.0,44.5,0.5879295521290574,3.0,44.5,-6.651962639931551,50.35809245817624,0.2699077174437449,0.18730848064006997,0.7028275337203675,0.02982542922118714,0.024559585678120777,0.0,0.3345090728109835,0.37128025611181886,0.42338002669801467,0.3245321961360146,0.6456423746427983,0.362161766851246,0.6132786474706331,0.42338002669801467,0.5766199733019853,21.853064909122345,28.505027549053892
675,2022,8,BUF,GB,27,17,10,44,1,0,0,-10.5,47.0,0.7816499846386211,10.5,47.0,11.373502752615396,43.426458078466794,0.8519542601217817,0.531036902230592,0.3682368018511481,0.0212710000675293,0.0,0.03439248392788108,0.7701897014103622,0.501704487960577,0.48375515199001234,0.753806996219652,0.22492200371281862,0.501704487960577,0.498295512039423,0.46711761070016616,0.4984899053719528,27.399980415541094,16.0264776629257
676,2022,8,CLE,CIN,32,13,19,45,1,1,0,3.0,45.0,0.4120704478709426,-3.0,45.0,-0.2804971437112076,52.59338663964657,0.48966709334086056,0.5991152793808868,0.7622680413541962,0.03554457879666478,0.03452650253026751,0.028573371056770602,0.4928289525800574,0.5249334281266257,0.4104957196506312,0.47531155504179773,0.4891438661615375,0.5068093127921898,0.4586641846775428,0.39876647313583763,0.5726601558073918,26.15644474796768,26.436941891678888
677,2022,9,HOU,PHI,17,29,-12,46,0,1,1,14.0,45.5,0.14985929830560452,-14.0,45.5,-13.38508424560722,47.042085357114566,0.10978973240231392,0.5226422074117141,0.5557445238911365,0.017453536037376205,0.03550233169567096,0.0,0.1905266402959716,0.4988827090591157,0.45066122177300294,0.18720127671348566,0.7953451872491382,0.48117120964486404,0.483326458659465,0.45066122177300294,0.5493387782269971,16.82850055575367,30.213584801360895
678,2022,9,ATL,LAC,17,20,-3,37,0,0,0,2.5,49.5,0.4265418943159657,-2.5,49.5,-0.4426601662511257,57.705089109180896,0.4836961666334218,0.5727661182402514,0.7721397627746447,0.03552802777415631,0.0,0.0,0.4887006732495595,0.515846276900929,0.4081681800380597,0.47133810215710026,0.4931338700687434,0.515846276900929,0.484153723099071,0.4081681800380597,0.5918318199619403,28.631214471464887,29.07387463771601
679,2022,9,CHI,MIA,32,35,-3,67,0,1,1,4.0,46.0,0.3835019070829321,-4.0,46.0,1.144382305835718,48.72286801526606,0.5420804986455355,0.682430933055719,0.6012115302233182,0.03537123259427388,0.03200821057808945,0.03516163371295433,0.5290904259654288,0.5551602982546531,0.44262956505649936,0.5103758454452021,0.45425292196052397,0.5373906105235232,0.43060117889838734,0.4270659864194584,0.5377723798675873,24.93362516055089,23.78924285471517
680,2022,9,CIN,CAR,42,21,21,63,1,1,1,-7.0,43.0,0.6979517285214231,7.0,43.0,9.568374886157013,42.60263262983636,0.8106306488207922,0.5937161317297136,0.4850654940072932,0.024716795257505142,0.034636260536643426,0.03623111979331445,0.7320162070319458,0.5230582573444131,0.4629183347870929,0.7139231123175617,0.26136009242493313,0.5049414752671894,0.46042226419616716,0.44614628514490007,0.5176225950617854,26.085503757996683,16.517128871839674
681,2022,9,DET,GB,15,9,6,24,1,1,0,4.0,49.5,0.3835019070829321,-4.0,49.5,1.7753260258995682,58.58595101532696,0.5651053278214578,0.7028252397236553,0.7955951130779014,0.035113386537252045,0.03114423252371623,0.0,0.5451016798766402,0.5630768588619213,0.40235254694443723,0.5259613138890262,0.4389252995737217,0.5455402622408019,0.42331550523548195,0.40235254694443723,0.5976474530555628,30.180638520613265,28.405312494713698
682,2022,9,JAX,LV,27,20,7,47,1,1,0,2.5,47.5,0.4265418943159657,-2.5,47.5,-4.011033632453786,52.49338299102187,0.355638587629726,0.44641848325946754,0.6750642999592512,0.03335484748791484,0.0,0.0,0.398698664203891,0.4732863949981706,0.428900046337334,0.38540013106573484,0.5812450214463504,0.4732863949981706,0.5267136050018294,0.428900046337334,0.571099953662666,24.24117467928404,28.252208311737828
683,2022,9,NE,IND,26,3,23,29,1,1,0,-5.0,40.0,0.6444467262025981,5.0,40.0,3.045644025540946,39.87842237092021,0.6106992219633468,0.42839914023974973,0.4954296715800705,0.03426963098520286,0.03502039092636655,0.03625253830055902,0.5771464365266114,0.46717194750067703,0.46112309136459156,0.5573678411224195,0.4083625278923776,0.45081140326937136,0.5141682058042621,0.4444062088336246,0.5193412528658164,21.46203319823058,18.416389172689634
684,2022,9,NYJ,BUF,20,17,3,37,1,1,0,11.0,46.0,0.20758915974994996,-11.0,46.0,-14.221171949038006,46.62274312564428,0.09621512405782807,0.3831073808047825,0.523396716082977,0.01592471386548855,0.03412024073971642,0.0361967394904007,0.17533657106774436,0.45152523914381226,0.4562829412046905,0.17254438634333463,0.8115308997911768,0.43611908928416737,0.5297606699761163,0.4397669864479905,0.5240362740616088,16.200785588303134,30.421957537341143
685,2022,9,WAS,MIN,17,20,-3,37,0,0,0,3.0,43.5,0.4120704478709426,-3.0,43.5,-2.959366995709683,38.62995009884815,0.3923557949710887,0.5014970011050575,0.32898094437451375,0.03434021937882059,0.035555454420716615,0.0,0.42496258016825156,0.4917911658428988,0.49128266719779773,0.4103692719374842,0.5552905086836953,0.4743053074612605,0.49013923811802285,0.49128266719779773,0.5087173328022023,17.835291551569235,20.794658547278914
686,2022,9,ARI,SEA,21,31,-10,52,0,0,1,-1.5,49.5,0.5442358810453114,1.5,49.5,4.375112588451781,45.06750878946638,0.6567771572912506,0.6011515837367492,0.34349212402687557,0.03295282121766796,0.0,0.0,0.6102606108567343,0.5256426203048388,0.4884527308884947,0.5901508020509876,0.3768963767313445,0.5256426203048388,0.47435737969516123,0.4884527308884947,0.5115472691115053,24.72131068895908,20.3461981005073
687,2022,9,TB,LAR,16,13,3,29,1,0,0,-3.0,43.0,0.5879295521290574,3.0,43.0,-4.258659598937273,44.53919848811233,0.3471759508720186,0.2518200623155626,0.5576536406439302,0.03308467093720435,0.028842290229530776,0.03590180265936255,0.3925626148192653,0.40135711231461485,0.45032772120132475,0.3795748098857214,0.5873405191770742,0.38978105399555035,0.5813766557749188,0.4341601442227144,0.5299380531179231,20.14026944458753,24.398929043524802
688,2022,9,KC,TEN,20,17,3,37,1,0,0,-14.0,45.0,0.8501407016943955,14.0,45.0,11.919667239013036,45.24917467142727,0.8631433394090473,0.42384033944544863,0.509366259878976,0.020222948948479147,0.034949767098514495,0.03624545721029504,0.7812071814383762,0.465616948197385,0.458711438113341,0.7654088684899627,0.21436818256155823,0.44934374430076535,0.5157064886007201,0.44208523231133096,0.521669310478374,28.584420955220153,16.664753716207116
689,2022,9,NO,BAL,13,27,-14,40,0,0,0,1.0,46.0,0.47047572223260303,-1.0,46.0,3.6197768625352844,47.09641787680449,0.6308408611190327,0.6650247167025677,0.5411416427806766,0.03375271354222026,0.03266605341393497,0.03607522839705807,0.5915104834990974,0.5485957364846484,0.45320485635176727,0.5715453995923322,0.3947018868654476,0.5306752788539839,0.4366586677320811,0.4368553876482214,0.5270693839547207,25.358097369669885,21.738320507134603
690,2022,10,CAR,ATL,25,15,10,40,1,1,0,2.5,41.5,0.4265418943159657,-2.5,41.5,0.2322401210598656,41.75247617109292,0.5085555334082306,0.5962262993039957,0.5091558089273733,0.035548071953585114,0.0,0.0,0.5058842957394977,0.5239291362561627,0.45874785074854485,0.48790108439436125,0.47655084365205364,0.5239291362561627,0.47607086374383734,0.45874785074854485,0.5412521492514552,20.992358146076395,20.760118025016528
691,2022,10,TB,SEA,21,16,5,37,1,1,0,-2.5,45.0,0.5734581056840342,2.5,45.0,-5.583676172890367,54.89982285558189,0.30330432503153965,0.23554847820554992,0.8235118848074117,0.031414673882482425,0.0,0.02418830378685477,0.3601127897646408,0.39426652510980176,0.39478272261061803,0.3487999639132736,0.619785362204244,0.39426652510980176,0.6057334748901982,0.38523359818631076,0.5905780980268345,24.658073341345762,30.241749514236126
692,2022,10,BUF,MIN,30,33,-3,63,0,0,1,-6.5,47.0,0.6849128309162449,6.5,47.0,9.87317329349382,49.797120079518045,0.8180767339536048,0.6181910532852445,0.6039070742163816,0.02414188083963703,0.0,0.03510217330023535,0.7386416032569891,0.5316232504053903,0.44214602538922493,0.7208094056879605,0.25504871347240254,0.5316232504053903,0.46837674959460973,0.4266257389820021,0.5382720877177626,29.835146686505933,19.961973393012112
693,2022,10,CHI,DET,30,31,-1,61,0,0,1,-3.0,48.5,0.5879295521290574,3.0,48.5,-0.6823050875879078,44.78837369802591,0.4748796299816031,0.36698660190225796,0.3679007955457999,0.03549000761472032,0.0336915622319961,0.0,0.48260170198165064,0.44582236218833243,0.48381797994245446,0.46547416390344487,0.4990358284818348,0.4308019103282487,0.5355065274397552,0.48381797994245446,0.5161820200575455,22.053034305219,22.735339392806907
694,2022,10,KC,JAX,27,17,10,44,1,0,0,-10.0,51.5,0.7705746740352664,10.0,51.5,7.169214018252467,50.42060185237303,0.7455551797389399,0.39692144828778597,0.4609159450226714,0.028990498486442695,0.03444190982868833,0.0,0.6776270501305389,0.4563496800804301,0.46711641976447493,0.657982304159357,0.3130271973542004,0.44063212554874914,0.5249259646225625,0.46711641976447493,0.5328835802355251,28.79490793531275,21.625693917060282
695,2022,10,MIA,CLE,39,17,22,56,1,1,1,-3.0,49.0,0.5879295521290574,3.0,49.0,-0.5253079992742445,44.30079321418752,0.48065439601815796,0.37244962209239846,0.3291230977710519,0.03551674118722614,0.033843319136745764,0.033095069295804413,0.4865969968756531,0.4477645113780387,0.49125464304197586,0.46931465727513905,0.49516860153763476,0.43261067412136267,0.5335460067418916,0.474996536588616,0.4919083941155796,21.887742607456637,22.413050606730884
696,2022,10,NYG,HOU,24,16,8,40,1,1,0,-5.5,41.5,0.6581456062996048,5.5,41.5,2.531651641454155,40.57404086155858,0.5924013427366408,0.39564288287023375,0.4664576390215464,0.034662034071902825,0.0,0.0,0.5642186084396782,0.4559053314362619,0.4661505322595913,0.5446616438099404,0.4206763221181567,0.4559053314362619,0.5440946685637381,0.4661505322595913,0.5338494677404086,21.552846251506367,19.021194610052213
697,2022,10,PIT,NO,20,10,10,30,1,1,0,-1.0,39.5,0.529524277767397,1.0,39.5,-0.06857261342277288,44.79709401212654,0.4974736591619847,0.46069746166263786,0.6849374429098537,0.035555023560013,0.035394808053760274,0.0,0.49822488206578003,0.47810272260073094,0.42696555759016414,0.48051048464574647,0.48393449179424053,0.4611803685042979,0.5034248234419418,0.42696555759016414,0.5730344424098359,22.364260699351885,22.432833312774658
698,2022,10,TEN,DEN,17,10,7,27,1,1,0,-2.5,40.0,0.5734581056840342,2.5,40.0,-3.7700297038259794,43.419716274521484,0.36394602480960414,0.2880805877979039,0.6262954686822654,0.033604196871498515,0.0,0.03454559848164401,0.4046894786761875,0.41627710004030616,0.4380871325813293,0.3910902137629288,0.5753055893655727,0.41627710004030616,0.5837228999596938,0.42295315039919995,0.5425012511191559,19.824843285347754,23.59487298917373
699,2022,10,LV,IND,20,25,-5,45,0,0,1,-4.5,41.0,0.6305586598182363,4.5,41.0,3.045644025540946,37.34603294245744,0.6106992219633468,0.44841682580240094,0.365388937048941,0.03426963098520286,0.0,0.03431003167057334,0.5771464365266114,0.47396177152676855,0.48428843992792525,0.5573678411224195,0.4083625278923776,0.47396177152676855,0.5260382284732315,0.4676724882163056,0.4980174801131211,20.195838483999193,17.150194458458248
700,2022,10,GB,DAL,31,28,3,59,1,1,1,3.5,44.5,0.39771760566948444,-3.5,44.5,0.412939249690399,41.421077769311324,0.5152097355699453,0.6364012113663857,0.3897770615395103,0.03553161611498762,0.0,0.0,0.5104846670742177,0.5381187837318996,0.4797751160468518,0.4923463218511493,0.47212206203386303,0.5381187837318996,0.4618812162681004,0.4797751160468518,0.5202248839531483,20.91700850950086,20.504069259810464
701,2022,10,LAR,ARI,17,27,-10,44,0,0,1,-3.5,38.0,0.6022823943305156,3.5,38.0,-0.851001590850534,44.740968391328224,0.4686806342717071,0.34904095648896,0.7369098027267642,0.03545356696432744,0.0,0.0300520519162073,0.47831018892579796,0.439365393708951,0.41620450917793234,0.4613523866129971,0.5031940464226755,0.439365393708951,0.560634606291049,0.40369670966035753,0.5662512384234352,21.944983400238844,22.79598499108938
702,2022,10,SF,LAC,22,16,6,38,1,0,0,-8.5,45.5,0.73553153338876,8.5,45.5,8.892998641889637,51.48448246354003,0.7934595936612782,0.5139751054424893,0.7067930937133874,0.025971574681351306,0.0,0.0,0.71709364053337,0.4959739304746348,0.42256987490567516,0.6984695894947355,0.2755588358239132,0.4959739304746348,0.5040260695253652,0.42256987490567516,0.5774301250943248,30.188740552714833,21.2957419108252
703,2022,10,PHI,WAS,21,32,-11,53,0,0,1,-11.0,43.0,0.79241084025005,11.0,43.0,12.222939116221916,35.19133382342876,0.8690955181021993,0.5449568836449683,0.23155229967674607,0.019643347306353698,0.03534511706286081,0.028184815809129016,0.7872113068008203,0.5063970173009861,0.5124717896104247,0.7717478416978432,0.20860881099580306,0.4884983554441992,0.47615652749294,0.4980278666128802,0.4737873175779908,23.707136469825336,11.48419735360342
704,2022,11,GB,TEN,17,27,-10,44,0,0,1,-3.0,40.5,0.5879295521290574,3.0,40.5,-3.6644419135758115,44.740968391328224,0.36760681154699676,0.26952904120394083,0.6500813057583108,0.03370912755058897,0.029805750916835905,0.0,0.40731972542437683,0.40878097832304827,0.43367486476652245,0.39358933284617564,0.5727015396032354,0.39659695430361097,0.5735972947795531,0.43367486476652245,0.5663251352334775,20.538263238876205,24.20270515245202
705,2022,11,ATL,CHI,27,24,3,51,1,0,1,-3.0,48.5,0.5879295521290574,3.0,48.5,-0.6823050875879078,44.78837369802591,0.4748796299816031,0.36698660190225796,0.3679007955457999,0.03549000761472032,0.0336915622319961,0.0,0.48260170198165064,0.44582236218833243,0.48381797994245446,0.46547416390344487,0.4990358284818348,0.4308019103282487,0.5355065274397552,0.48381797994245446,0.5161820200575455,22.053034305219,22.735339392806907
706,2022,11,BAL,CAR,13,3,10,16,1,0,0,-13.0,42.0,0.8322169448845721,13.0,42.0,12.222939116221916,35.39310372664465,0.8690955181021993,0.4713968186005319,0.267204300836575,0.019643347306353698,0.03547052151962404,0.03027495174216943,0.7872113068008203,0.4816996650445796,0.5041711430348738,0.7717478416978432,0.20860881099580306,0.46461352670962014,0.4999159517707558,0.4889073860096986,0.480817662248132,23.80802142143328,11.585082305211365
707,2022,11,BUF,CLE,31,23,8,54,1,1,1,-7.5,50.5,0.7107426392460281,7.5,50.5,4.807178882936618,59.10424056066282,0.6712872412563365,0.40513532957596704,0.782951013226211,0.03243765783603014,0.0,0.0,0.6208988003178403,0.4591945648359708,0.4055409556920082,0.6007582974823286,0.3668040446816413,0.4591945648359708,0.5408054351640292,0.4055409556920082,0.5944590443079918,31.955709721799717,27.1485308388631
708,2022,11,HOU,WAS,10,23,-13,33,0,0,0,3.0,41.0,0.4120704478709426,-3.0,41.0,0.6256789993820929,44.74187884060159,0.5230380762347011,0.6310461159257055,0.6377152872382548,0.035500448972334286,0.03374698142865917,0.03421803907725662,0.5158993412393814,0.5361963365573188,0.4359831533844961,0.4975846830008519,0.4669148680268138,0.5181013287454038,0.44815168982593695,0.42106466480495985,0.5447172961177835,22.683778919991845,22.05809992060975
709,2022,11,IND,PHI,16,17,-1,33,0,1,0,6.5,45.5,0.3150871690837551,-6.5,45.5,-13.073230070451467,45.16187781111769,0.11519524989921562,0.2789268550106576,0.4877391736332438,0.018034970309896425,0.0,0.0,0.19636575740645146,0.4126115242804226,0.4624549652976789,0.19282430680174578,0.7891407228883578,0.4126115242804226,0.5873884757195774,0.4624549652976789,0.5375450347023212,16.044323870333113,29.11755394078458
710,2022,11,NE,NYJ,10,3,7,13,1,1,0,-3.5,38.5,0.6022823943305156,3.5,38.5,-0.851001590850534,44.740968391328224,0.4686806342717071,0.34904095648896,0.7147641510776575,0.03545356696432744,0.0,0.0,0.47831018892579796,0.439365393708951,0.4209229928682025,0.4613523866129971,0.5031940464226755,0.439365393708951,0.560634606291049,0.4209229928682025,0.5790770071317974,21.944983400238844,22.79598499108938
711,2022,11,NO,LAR,27,20,7,47,1,1,1,-2.5,39.5,0.5734581056840342,2.5,39.5,-3.7700297038259794,43.419716274521484,0.36394602480960414,0.2880805877979039,0.6392053153719388,0.033604196871498515,0.0,0.0,0.4046894786761875,0.41627710004030616,0.43570674152005906,0.3910902137629288,0.5753055893655727,0.41627710004030616,0.5837228999596938,0.43570674152005906,0.5642932584799409,19.824843285347754,23.59487298917373
712,2022,11,NYG,DET,18,31,-13,49,0,0,1,-3.0,44.0,0.5879295521290574,3.0,44.0,-8.117472927145144,49.57244644493342,0.2273818543543339,0.1535002793227305,0.6999699855404504,0.027368604571634814,0.0217630740598741,0.03189170039029027,0.30038101543462703,0.352719929469229,0.4239602023957752,0.2921600062023706,0.6804713892259946,0.34504365952179655,0.6331932664183294,0.4104393906435623,0.5576689089661474,20.727486758894138,28.84495968603928
713,2022,11,DEN,LV,16,22,-6,38,0,0,0,-2.5,41.5,0.5734581056840342,2.5,41.5,-3.7700297038259794,43.419716274521484,0.36394602480960414,0.2880805877979039,0.569270997968715,0.033604196871498515,0.0,0.0,0.4046894786761875,0.41627710004030616,0.4482924808419786,0.3910902137629288,0.5753055893655727,0.41627710004030616,0.5837228999596938,0.4482924808419786,0.5517075191580214,19.824843285347754,23.59487298917373
714,2022,11,MIN,DAL,3,40,-37,43,0,0,0,1.5,48.5,0.4557641189546886,-1.5,48.5,-0.18799977543280788,45.04844653380419,0.4930740551446873,0.5465583266142876,0.3768457864478166,0.0355506968722733,0.0,0.0,0.4951840001455361,0.5069381988133557,0.482153519843148,0.4775798638603624,0.4868694392673643,0.5069381988133557,0.49306180118664433,0.482153519843148,0.517846480156852,22.43022337918569,22.618223154618498
715,2022,11,PIT,CIN,30,37,-7,67,0,0,1,3.5,39.0,0.39771760566948444,-3.5,39.0,2.807349724938304,45.670280051521594,0.6022447830051971,0.7130537321718049,0.7347448320523988,0.03445998960040281,0.0,0.030169926763164767,0.5711602364921428,0.5671519833962195,0.4166758653531316,0.55147806068246,0.4140619497171373,0.5671519833962195,0.43284801660378047,0.4041047850114493,0.5657252882253859,24.23881488822995,21.431465163291644
716,2022,11,LAC,KC,27,30,-3,57,0,1,1,5.5,52.5,0.34185439370039516,-5.5,52.5,-11.887164248117086,52.01109506070249,0.1375055931012375,0.2845274798236095,0.4822746053184172,0.02028519401592166,0.0,0.0,0.21940135333383187,0.4148616194679085,0.4634022443494841,0.21495075431409932,0.764764051669979,0.4148616194679085,0.5851383805320916,0.4634022443494841,0.5365977556505159,20.0619654062927,31.949129654409788
717,2022,11,ARI,SF,10,38,-28,48,0,0,1,10.0,43.5,0.22942532596473364,-10.0,43.5,-6.668127033749094,38.451851438564326,0.2694172707554943,0.6207829574055593,0.3231459855466552,0.02979993536165959,0.03402207739550861,0.0,0.33412603771971355,0.532540785178186,0.4924384366585385,0.32416910339301863,0.6460309612453218,0.5144226413685888,0.4515552812359025,0.4924384366585385,0.5075615633414615,15.891862202407616,22.55998923615671
718,2022,12,DET,BUF,25,28,-3,53,0,1,0,10.0,54.0,0.22942532596473364,-10.0,54.0,-13.277610158676364,55.47792455885016,0.11163133674256337,0.3811224382882847,0.555374116450934,0.017653307260553253,0.03407057361825583,0.0359292203236844,0.19252848777991283,0.45082751801363397,0.450725899191409,0.18912972322872434,0.7932169695107224,0.4354675658720149,0.5304618605097293,0.4345316690537701,0.5295391106225456,21.100157200086898,34.377767358763265
719,2022,12,DAL,NYG,28,20,8,48,1,0,1,-10.5,45.5,0.7816499846386211,10.5,45.5,11.919667239013036,45.16929656204036,0.8631433394090473,0.5503594684327296,0.48800810691166874,0.020222948948479147,0.0,0.0,0.7812071814383762,0.5082239905356367,0.46240836781356603,0.7654088684899627,0.21436818256155823,0.5082239905356367,0.4917760094643633,0.46240836781356603,0.537591632186434,28.544481900526698,16.62481466151366
720,2022,12,MIN,NE,33,26,7,59,1,1,1,-2.5,42.5,0.5734581056840342,2.5,42.5,-3.7700297038259794,43.419716274521484,0.36394602480960414,0.2880805877979039,0.5333167449240048,0.033604196871498515,0.0,0.0,0.4046894786761875,0.41627710004030616,0.45456352298329283,0.3910902137629288,0.5753055893655727,0.41627710004030616,0.5837228999596938,0.45456352298329283,0.5454364770167072,19.824843285347754,23.59487298917373
721,2022,12,CAR,DEN,23,10,13,33,1,1,0,1.0,36.5,0.47047572223260303,-1.0,36.5,3.9098002368096423,41.726718361553665,0.6408802169201697,0.6746958600986955,0.682661042993995,0.03346124056614508,0.03230944639506317,0.0,0.5987312472645552,0.552222974115639,0.4274142112436543,0.5786969569653678,0.3878418024684871,0.5343809555353274,0.4333095980696094,0.4274142112436543,0.5725857887563457,22.818259299181655,18.90845906237201
722,2022,12,CLE,TB,23,17,6,40,1,1,0,3.0,42.0,0.4120704478709426,-3.0,42.0,0.6256789993820929,44.74187884060159,0.5230380762347011,0.6310461159257055,0.6019021536277727,0.035500448972334286,0.03374698142865917,0.03514655283645257,0.5158993412393814,0.5361963365573188,0.44250577341535635,0.4975846830008519,0.4669148680268138,0.5181013287454038,0.44815168982593695,0.42695322086957826,0.5379002262939693,22.683778919991845,22.05809992060975
723,2022,12,JAX,BAL,28,27,1,55,1,1,1,3.5,43.0,0.39771760566948444,-3.5,43.0,2.21313203957684,45.468510148305704,0.5809539700776024,0.694746862403189,0.5919405899390975,0.03487071302524769,0.0,0.03535388139848589,0.5561797869150771,0.5599094832379496,0.4442852674500382,0.536785401175118,0.4283438857996343,0.5599094832379496,0.44009051676205035,0.428578058797515,0.5360680598039992,23.840821093941273,21.62768905436443
724,2022,12,MIA,HOU,30,15,15,45,1,1,0,-14.0,47.0,0.8501407016943955,14.0,47.0,11.373502752615396,43.426458078466794,0.8519542601217817,0.404205168061621,0.3682368018511481,0.0212710000675293,0.03459475015597957,0.03439248392788108,0.7701897014103622,0.4588732207835807,0.48375515199001234,0.753806996219652,0.22492200371281862,0.4429986163573031,0.5224066334867173,0.46711761070016616,0.4984899053719528,27.399980415541094,16.0264776629257
725,2022,12,NYJ,CHI,31,10,21,41,1,1,1,-8.5,36.5,0.73553153338876,8.5,36.5,9.226152142814856,41.32617858091873,0.8020450203602696,0.5258093598263732,0.669575230108336,0.025356322868280434,0.0,0.0,0.724495547681897,0.49994672031371606,0.4299632169039708,0.706125004658243,0.26851867247347644,0.49994672031371606,0.500053279686284,0.4299632169039708,0.5700367830960291,25.27616536186679,16.050013219051937
726,2022,12,TEN,CIN,16,20,-4,36,0,0,0,1.0,43.0,0.47047572223260303,-1.0,43.0,3.3155825514481783,41.524948458337775,0.6202112478349069,0.6547585284289257,0.4447328131641187,0.03403671297045402,0.03302060058544998,0.03593047905554081,0.5839108416248998,0.5447961781800758,0.46994899914875166,0.5640364359081769,0.40192685112136917,0.5268066811799118,0.4401727182346382,0.4530635064776651,0.5110060144667942,22.420265504892978,19.104682953444797
727,2022,12,WAS,ATL,19,13,6,32,1,1,0,-3.5,40.5,0.6022823943305156,3.5,40.5,-0.851001590850534,44.740968391328224,0.4686806342717071,0.34904095648896,0.6500813057583108,0.03545356696432744,0.0,0.0,0.47831018892579796,0.439365393708951,0.43367486476652245,0.4613523866129971,0.5031940464226755,0.439365393708951,0.560634606291049,0.43367486476652245,0.5663251352334775,21.944983400238844,22.79598499108938
728,2022,12,ARI,LAC,24,25,-1,49,0,1,1,2.5,48.5,0.4265418943159657,-2.5,48.5,-5.23448644530675,53.32942272783268,0.31461941167837715,0.40369614209914567,0.6696820832959645,0.03188954688201817,0.0,0.0,0.36859631627461387,0.45869728088686446,0.4299426009297225,0.3568419467662354,0.6112685063517465,0.45869728088686446,0.5413027191131355,0.4299426009297225,0.5700573990702775,24.047468141262964,29.281954586569714
729,2022,12,SEA,LV,34,40,-6,74,0,0,1,-4.0,47.5,0.616498092917068,4.0,47.5,1.6577952630161938,54.67569608994394,0.5608310922676577,0.414398115032869,0.7429063651887953,0.035169702230155975,0.03478937816933769,0.0,0.5421228146287022,0.4623839794554435,0.41488654759543553,0.5230565166660366,0.44177378110380733,0.4462979283347248,0.5189126934959375,0.41488654759543553,0.5851134524045645,28.16674567648007,26.50895041346387
730,2022,12,KC,LAR,26,10,16,36,1,0,0,-16.5,42.0,0.8891881987703032,16.5,42.0,12.222939116221916,35.39310372664465,0.8690955181021993,0.3514833381544804,0.267204300836575,0.019643347306353698,0.0,0.03027495174216943,0.7872113068008203,0.440251609144073,0.5041711430348738,0.7717478416978432,0.20860881099580306,0.440251609144073,0.559748390855927,0.4889073860096986,0.480817662248132,23.80802142143328,11.585082305211365
731,2022,12,SF,NO,13,0,13,13,1,1,0,-9.5,44.0,0.7591913433207376,9.5,44.0,10.98837086046255,43.202065183772824,0.8436984024764176,0.5527826324132594,0.47003266450390746,0.022011154292466306,0.0,0.03615955728848108,0.7622667189681716,0.5090446345329539,0.4655283387876862,0.7454883486049511,0.2325004971025826,0.5090446345329539,0.4909553654670461,0.4486950401518814,0.5151454025596375,27.095218022117688,16.106847161655136
732,2022,12,PHI,GB,40,33,7,73,1,1,1,-6.5,46.0,0.6849128309162449,6.5,46.0,9.660654719667606,48.71546958527291,0.8129050068606579,0.6109463141742881,0.600942672155069,0.02454321716935981,0.0,0.03516747610270088,0.7340294310788581,0.5290699186727236,0.44267773923314213,0.7160139873431881,0.25944279548745214,0.5290699186727236,0.47093008132727643,0.42710988041746295,0.5377226434798361,29.18806215247026,19.527407432802654
733,2022,12,IND,PIT,17,24,-7,41,0,0,1,-2.5,40.0,0.5734581056840342,2.5,40.0,-3.7700297038259794,43.419716274521484,0.36394602480960414,0.2880805877979039,0.6262954686822654,0.033604196871498515,0.0,0.03454559848164401,0.4046894786761875,0.41627710004030616,0.4380871325813293,0.3910902137629288,0.5753055893655727,0.41627710004030616,0.5837228999596938,0.42295315039919995,0.5425012511191559,19.824843285347754,23.59487298917373
734,2022,13,NE,BUF,10,24,-14,34,0,0,0,3.5,43.5,0.39771760566948444,-3.5,43.5,-0.7776962701534726,38.76879467221141,0.47137347187458045,0.5958831812427585,0.3335590211297085,0.0354703823529775,0.0,0.0,0.4801748057207301,0.523810001119945,0.49038323094770875,0.46314282176554916,0.5013867958814734,0.523810001119945,0.476189998880055,0.49038323094770875,0.5096167690522913,18.99554920102897,19.77324547118244
735,2022,13,ATL,PIT,16,19,-3,35,0,0,0,1.0,43.0,0.47047572223260303,-1.0,43.0,3.3155825514481783,41.524948458337775,0.6202112478349069,0.6547585284289257,0.4447328131641187,0.03403671297045402,0.03302060058544998,0.03593047905554081,0.5839108416248998,0.5447961781800758,0.46994899914875166,0.5640364359081769,0.40192685112136917,0.5268066811799118,0.4401727182346382,0.4530635064776651,0.5110060144667942,22.420265504892978,19.104682953444797
736,2022,13,BAL,DEN,10,9,1,19,1,0,0,-9.5,40.5,0.7591913433207376,9.5,40.5,12.222939116221916,35.39310372664465,0.8690955181021993,0.5959051242705636,0.32123067813059664,0.019643347306353698,0.0,0.0,0.7872113068008203,0.523817619135492,0.4928201939629896,0.7717478416978432,0.20860881099580306,0.523817619135492,0.47618238086450804,0.4928201939629896,0.5071798060370104,23.80802142143328,11.585082305211365
737,2022,13,CHI,GB,19,28,-9,47,0,0,1,4.0,45.0,0.3835019070829321,-4.0,45.0,2.1138236827889996,48.68138402952952,0.5773698757145856,0.7135067258631099,0.6355801630267799,0.03493027480885641,0.030650392921377778,0.034281550301409336,0.5536696486005098,0.567334223280619,0.4363784513215781,0.534329815621571,0.43073990956957253,0.5499452064193234,0.4194044006592989,0.4214187214921463,0.5442997282064445,25.397603856159257,23.28378017337026
738,2022,13,DET,JAX,40,14,26,54,1,1,1,-1.0,51.5,0.529524277767397,1.0,51.5,-3.547783322543305,54.27346794300739,0.37166589320611976,0.3373938866264704,0.599530385659387,0.03382195826113943,0.032751792980076355,0.0,0.4102295404219063,0.43510399741927913,0.4429306331214225,0.3963547740282702,0.5698232677105904,0.4208535613709992,0.5463946456489244,0.4429306331214225,0.5570693668785776,25.362842310232043,28.910625632775346
739,2022,13,HOU,CLE,14,27,-13,41,0,0,0,7.5,47.0,0.2892573607539719,-7.5,47.0,-14.52986439288041,41.816935766915755,0.09153329257084057,0.26541372140247826,0.31285573902368247,0.01537316064032257,0.0,0.032448021035060726,0.16990290537937858,0.4070806900579935,0.49450395289756943,0.16729096072172386,0.8173358786379535,0.4070806900579935,0.5929193099420065,0.4784582782320284,0.48909370073291086,13.643535687017671,28.173400079898084
740,2022,13,MIN,NYJ,27,22,5,49,1,1,1,-3.0,44.0,0.5879295521290574,3.0,44.0,-8.117472927145144,49.57244644493342,0.2273818543543339,0.1535002793227305,0.6999699855404504,0.027368604571634814,0.0217630740598741,0.03189170039029027,0.30038101543462703,0.352719929469229,0.4239602023957752,0.2921600062023706,0.6804713892259946,0.34504365952179655,0.6331932664183294,0.4104393906435623,0.5576689089661474,20.727486758894138,28.84495968603928
741,2022,13,NYG,WAS,20,20,0,40,0,1,0,2.5,40.0,0.4265418943159657,-2.5,40.0,0.2322401210598656,41.75247617109292,0.5085555334082306,0.5962262993039957,0.5655721736718027,0.035548071953585114,0.0,0.03579787553946534,0.5058842957394977,0.5239291362561627,0.44894163130063697,0.48790108439436125,0.47655084365205364,0.5239291362561627,0.47607086374383734,0.43287047465885226,0.5313316498016825,20.992358146076395,20.760118025016528
742,2022,13,PHI,TEN,35,10,25,45,1,1,1,-5.0,44.5,0.6444467262025981,5.0,44.5,0.9445530088564544,46.804028487861665,0.5347537688392261,0.3541151981833742,0.5829537522592243,0.03542992236030118,0.03330742157291433,0.0,0.5240108895030342,0.4412038503474032,0.44588027171319466,0.5054452243719894,0.45912485326770947,0.4265084877042893,0.5401840907227965,0.44588027171319466,0.5541197282868053,23.87429074835906,22.929737739502606
743,2022,13,LAR,SEA,23,27,-4,50,0,1,1,7.0,41.0,0.30204827147857694,-7.0,41.0,-6.19406819646504,45.602870735151285,0.2839888496121844,0.5296639147038423,0.6675965321771543,0.030530401121372508,0.035464083746518604,0.03321776109643215,0.3454153636166215,0.5012426155316468,0.4303444185910878,0.3348696940119213,0.6345999048667061,0.4834665054371085,0.48106941081637294,0.416049340505146,0.5507328983984218,19.704401269343123,25.898469465808162
744,2022,13,SF,MIA,33,17,16,50,1,1,1,-4.5,46.0,0.6305586598182363,4.5,46.0,0.5431649723944556,42.671534898489114,0.5200026654143737,0.36213070359340394,0.3769605786709849,0.035514049924975866,0.0,0.03463355132089252,0.5137994113086598,0.44408723563203245,0.4821322661701427,0.49555231336402084,0.4689336367110033,0.44408723563203245,0.5559127643679675,0.46543431358628085,0.49993213509282663,21.607349935441786,21.064184963047328
745,2022,13,CIN,KC,27,24,3,51,1,1,0,2.5,53.0,0.4265418943159657,-2.5,53.0,-2.5017973881896487,54.68598428105576,0.40866831137927484,0.4999360714613139,0.5631062319317036,0.03468272707468634,0.0,0.03583168783489271,0.43647683940961846,0.49126814897205245,0.4493737890680313,0.42133863231395297,0.5439786406113607,0.49126814897205245,0.5087318510279475,0.4332719677369627,0.5308963444281445,26.092093446433054,28.593890834622705
746,2022,13,LV,LAC,27,20,7,47,1,1,0,-2.5,49.0,0.5734581056840342,2.5,49.0,-2.3169982560700464,40.47773206105109,0.41530485211063883,0.33379547227949213,0.2117382856094871,0.034805608964073476,0.0,0.026860614221666745,0.44113941718810534,0.4337749819514322,0.5174702346491944,0.4257852911348169,0.5394090999011096,0.4337749819514322,0.5662250180485677,0.5035706663050871,0.46956871947324624,19.080366902490525,21.397365158560568
747,2022,13,DAL,IND,54,19,35,73,1,1,1,-11.0,44.5,0.79241084025005,11.0,44.5,10.847043190098276,43.73498631762098,0.840592630987474,0.494364945300451,0.47227741775306126,0.022282587880355142,0.03555238391598503,0.0,0.7593281732466515,0.48940153463418523,0.465137996572749,0.7424083764962534,0.23530903562339142,0.47200214338579843,0.49244547269821654,0.465137996572749,0.534862003427251,27.291014753859628,16.44397156376135
748,2022,13,TB,NO,17,16,1,33,1,0,0,-3.5,41.0,0.6022823943305156,3.5,41.0,-0.851001590850534,44.740968391328224,0.4686806342717071,0.34904095648896,0.6376831860809227,0.03545356696432744,0.0,0.034219001716429054,0.47831018892579796,0.439365393708951,0.4359891034144731,0.4613523866129971,0.5031940464226755,0.439365393708951,0.560634606291049,0.4210699915363889,0.544711006747182,21.944983400238844,22.79598499108938
749,2022,14,LAR,LV,17,16,1,33,1,1,0,6.5,42.5,0.3150871690837551,-6.5,42.5,-5.5199858041949215,44.04986412354065,0.30535414907484076,0.5348123208884636,0.5560238657770381,0.03150303284063538,0.0,0.0,0.3616562023446753,0.5029753562633357,0.4506124394032682,0.3502629351251915,0.618234032034173,0.5029753562633357,0.49702464373666433,0.4506124394032682,0.5493875605967318,19.264939159672863,24.784924963867788
750,2022,14,BUF,NYJ,20,12,8,32,1,0,0,-10.0,43.5,0.7705746740352664,10.0,43.5,10.98837086046255,34.81504613966379,0.8436984024764176,0.536361480382566,0.2148994156313636,0.022011154292466306,0.03541800634736547,0.0,0.7622667189681716,0.5034971990390277,0.5166510611508642,0.7454883486049511,0.2325004971025826,0.48566433204758264,0.4789176616050519,0.5166510611508642,0.48334893884913577,22.901708500063172,11.91333763960062
751,2022,14,CIN,CLE,23,10,13,33,1,1,0,-4.5,47.0,0.6305586598182363,4.5,47.0,-0.7417133130119209,43.753185392734245,0.47269579228677405,0.3201348105060441,0.37988173719169516,0.03547808522554907,0.0,0.034710416781939424,0.48109020382288276,0.4286713917261058,0.4815922902593313,0.46402204457047774,0.5004998702039731,0.4286713917261058,0.5713286082738942,0.46487602114546117,0.5004135620725995,21.505736039861162,22.247449352873083
752,2022,14,DAL,HOU,27,23,4,50,1,0,1,-17.0,44.5,0.8960316482519415,17.0,44.5,10.847043190098276,43.73498631762098,0.840592630987474,0.2852705862536627,0.47227741775306126,0.022282587880355142,0.03059201276526724,0.0,0.7593281732466515,0.4151584138522091,0.465137996572749,0.7424083764962534,0.23530903562339142,0.4024578823560342,0.5669501048786986,0.465137996572749,0.534862003427251,27.291014753859628,16.44397156376135
753,2022,14,DET,MIN,34,23,11,57,1,1,1,-2.5,51.5,0.5734581056840342,2.5,51.5,-3.9968138586112483,52.752096371267015,0.3561268338248531,0.28122050182445063,0.5453122060713638,0.033369935555928265,0.0,0.0,0.3990516305319866,0.41353587085715326,0.4524795923712258,0.3857353033376461,0.5808947611064256,0.41353587085715326,0.5864641291428467,0.4524795923712258,0.5475204076287742,24.377641256327884,28.37445511493913
754,2022,14,NYG,PHI,22,48,-26,70,0,0,1,7.5,44.5,0.2892573607539719,-7.5,44.5,-6.570139023478808,39.913867021675344,0.2723973701324663,0.5330349526914431,0.33836905757823565,0.02995385944318385,0.0,0.0,0.3364500876593049,0.5023769102451378,0.489444904798125,0.32637210902391117,0.643674031532905,0.5023769102451378,0.49762308975486225,0.489444904798125,0.5105550952018749,16.671863999098267,23.242003022577077
755,2022,14,PIT,BAL,14,16,-2,30,0,0,0,-1.5,37.0,0.5442358810453114,1.5,37.0,-0.06857261342277288,44.79709401212654,0.4974736591619847,0.4443911634362342,0.7681178722755727,0.035555023560013,0.0,0.02820584179439839,0.49822488206578003,0.4726007266769086,0.409124288059176,0.48051048464574647,0.48393449179424053,0.4726007266769086,0.5273992733230914,0.39758459311593297,0.5742095650896686,22.364260699351885,22.432833312774658
756,2022,14,TEN,JAX,22,36,-14,58,0,0,1,-3.0,42.0,0.5879295521290574,3.0,42.0,-3.6644419135758115,44.740968391328224,0.36760681154699676,0.26952904120394083,0.6018690864121778,0.03370912755058897,0.029805750916835905,0.03514727732042122,0.40731972542437683,0.40878097832304827,0.4425117020797003,0.39358933284617564,0.5727015396032354,0.39659695430361097,0.5735972947795531,0.42695862056917344,0.5378941021104053,20.538263238876205,24.20270515245202
757,2022,14,DEN,KC,28,34,-6,62,0,1,1,8.5,44.5,0.26446846661124,-8.5,44.5,-6.570139023478808,39.913867021675344,0.2723973701324663,0.5683030973624564,0.33836905757823565,0.02995385944318385,0.0,0.0,0.3364500876593049,0.5143214449065924,0.489444904798125,0.32637210902391117,0.643674031532905,0.5143214449065924,0.4856785550934076,0.489444904798125,0.5105550952018749,16.671863999098267,23.242003022577077
758,2022,14,SEA,CAR,24,30,-6,54,0,0,1,-3.5,44.5,0.6022823943305156,3.5,44.5,-3.3171409077235503,50.35809245817624,0.3797340501432709,0.2716673033248608,0.7028275337203675,0.0340353157487463,0.0,0.0,0.4159936790657214,0.4096588059756737,0.42338002669801467,0.4018352028492369,0.5641294814020168,0.4096588059756737,0.5903411940243263,0.42338002669801467,0.5766199733019853,23.520475775226345,26.837616682949893
759,2022,14,SF,TB,35,7,28,42,1,1,1,-3.5,38.0,0.6022823943305156,3.5,38.0,-0.851001590850534,44.740968391328224,0.4686806342717071,0.34904095648896,0.7369098027267642,0.03545356696432744,0.0,0.0300520519162073,0.47831018892579796,0.439365393708951,0.41620450917793234,0.4613523866129971,0.5031940464226755,0.439365393708951,0.560634606291049,0.40369670966035753,0.5662512384234352,21.944983400238844,22.79598499108938
760,2022,14,LAC,MIA,23,17,6,40,1,1,0,3.0,54.5,0.4120704478709426,-3.0,54.5,4.416077503889807,58.08677097779182,0.6581635846478792,0.7527634463612561,0.6278135057331846,0.03290572242540679,0.028578880716901567,0.0,0.6112721276191344,0.5837840363890946,0.43780887157828413,0.5911577766613113,0.37593650091328185,0.5671001420486993,0.4043209772343991,0.43780887157828413,0.5621911284217158,31.251424240840816,26.835346736951006
761,2022,14,ARI,NE,13,27,-14,40,0,0,0,2.0,44.0,0.44111292596172436,-2.0,44.0,-2.0062008550671107,42.96034178877714,0.42652176474936826,0.4997715475625614,0.4609809640796174,0.034991843035810266,0.0355556821399336,0.03609329406495354,0.44899500637365664,0.4912130235988152,0.46710507655422956,0.433283843586767,0.5317243133774228,0.47374760946874,0.4906967083913263,0.4502457156669251,0.5136609902681214,20.477070466855015,22.48327132192213
762,2022,15,SEA,SF,13,21,-8,34,0,0,0,3.0,43.0,0.4120704478709426,-3.0,43.0,0.03146131402062872,44.5401089373857,0.5011590988264716,0.6101974998120416,0.5576874966769642,0.03555554779455283,0.03428136395026177,0.03590138703383733,0.5007720364756545,0.5288069228929655,0.45032180469052085,0.4829668123985688,0.48147763980687835,0.5106787003098537,0.45503993573988455,0.4341546272905503,0.5299439856756123,22.285785125703168,22.254323811682536
763,2022,15,MIN,IND,39,36,3,75,1,0,1,-3.5,46.5,0.6022823943305156,3.5,46.5,-3.8862201660073867,51.35370655466729,0.35993239830074436,0.25510391991620607,0.670481485216964,0.03348567974688188,0.0,0.0,0.4017989949631902,0.4027554978038186,0.42978826669060544,0.38834448249523384,0.5781698377578843,0.4027554978038186,0.5972445021961814,0.42978826669060544,0.5702117333093946,23.733743194329953,27.619963360337337
764,2022,15,CLE,BAL,13,3,10,16,1,1,0,-2.5,39.5,0.5734581056840342,2.5,39.5,-3.7700297038259794,43.419716274521484,0.36394602480960414,0.2880805877979039,0.6392053153719388,0.033604196871498515,0.0,0.0,0.4046894786761875,0.41627710004030616,0.43570674152005906,0.3910902137629288,0.5753055893655727,0.41627710004030616,0.5837228999596938,0.43570674152005906,0.5642932584799409,19.824843285347754,23.59487298917373
765,2022,15,BUF,MIA,32,29,3,61,1,0,1,-7.0,44.0,0.6979517285214231,7.0,44.0,8.008142723310387,50.0495548109806,0.7695852039152152,0.5370867264700229,0.7153425927172462,0.027560913069385462,0.03541245398368248,0.03116977422802142,0.6970681706640353,0.5037415802036308,0.4208024890475929,0.6778563354089282,0.2945827515216863,0.48590285467500227,0.4786846913413153,0.40768617046938993,0.5611440553025886,29.028848767145494,21.02070604383511
766,2022,15,CAR,PIT,16,24,-8,40,0,0,1,-2.5,36.5,0.5734581056840342,2.5,36.5,-3.7700297038259794,43.419716274521484,0.36394602480960414,0.2880805877979039,0.7353453995478906,0.033604196871498515,0.0,0.0,0.4046894786761875,0.41627710004030616,0.41654534265560084,0.3910902137629288,0.5753055893655727,0.41627710004030616,0.5837228999596938,0.41654534265560084,0.5834546573443992,19.824843285347754,23.59487298917373
767,2022,15,CHI,PHI,20,25,-5,45,0,1,0,8.5,48.0,0.26446846661124,-8.5,48.0,-13.006875748930517,49.73064036205512,0.1163698194887071,0.34391272311271304,0.5647626488224952,0.01815935167877636,0.0,0.03580912009809267,0.1976200916558234,0.43749644157816237,0.4490835541869372,0.1940314389126533,0.7878092094085704,0.43749644157816237,0.5625035584218376,0.43300226726097885,0.5311886126409285,18.3618823065623,31.36875805549282
768,2022,15,HOU,KC,24,30,-6,54,0,1,1,14.5,48.5,0.14139474166187105,-14.5,48.5,-13.471448322576347,50.269520702636534,0.10832599536998483,0.5365317686466831,0.5638999128773288,0.017293493390881376,0.0,0.0,0.1889260352131983,0.5035545753588276,0.44923474835772575,0.18565884407187344,0.7970476625372452,0.5035545753588276,0.49644542464117236,0.44923474835772575,0.5507652516422743,18.399036190030095,31.87048451260644
769,2022,15,JAX,DAL,40,34,6,74,1,1,1,4.0,48.5,0.3835019070829321,-4.0,48.5,-2.7030117904722895,53.969262156124294,0.4014729465943796,0.5476659924183281,0.6904768007615923,0.03453876695408076,0.03531893256518448,0.0,0.4314078801127687,0.507312696815427,0.4258669213386212,0.4165075838793998,0.5489536491665195,0.48939495388714105,0.47528611354767447,0.4258669213386212,0.5741330786613787,25.633125182826003,28.33613697329829
770,2022,15,NO,ATL,21,18,3,39,1,0,0,-5.0,43.5,0.6444467262025981,5.0,43.5,0.009036153553520287,36.65892682322803,0.5003329107278048,0.3226188552066342,0.2670000134973468,0.03555567603929277,0.03220649441072687,0.0,0.500201025958739,0.42960658595307344,0.504216573923834,0.4824160403252283,0.48202828363547895,0.4157704638437643,0.5520230417455088,0.504216573923834,0.495783426076166,18.333981488390776,18.324945334837253
771,2022,15,NYJ,DET,17,20,-3,37,0,0,0,-2.0,44.0,0.5588870740382756,2.0,44.0,-5.935156691115256,46.18145564083756,0.2921078656531177,0.23245235903039335,0.5814139465051771,0.03091357515853188,0.02768858149264175,0.03554928309054983,0.3516282741603361,0.39288474856412964,0.4461526608874805,0.3407581870792157,0.6283282377622524,0.3820063271862957,0.5903050913210627,0.4302922536439894,0.5341584632654608,20.123149474861155,26.058306165976408
772,2022,15,DEN,ARI,24,15,9,39,1,1,1,-1.5,37.5,0.5442358810453114,1.5,37.5,-0.06857261342277288,44.79709401212654,0.4974736591619847,0.4443911634362342,0.746452461090718,0.035555023560013,0.0,0.0,0.49822488206578003,0.4726007266769086,0.41409828509697855,0.48051048464574647,0.48393449179424053,0.4726007266769086,0.5273992733230914,0.41409828509697855,0.5859017149030215,22.364260699351885,22.432833312774658
773,2022,15,LV,NE,30,24,6,54,1,1,1,-1.0,45.0,0.529524277767397,1.0,45.0,-0.38308932720516525,56.28559240689101,0.4858892303167641,0.4491868604372497,0.8548984487966975,0.035534969437301556,0.03528657821366299,0.02142674424830232,0.490217112560615,0.47422189297293293,0.38512103162866584,0.47279726244813136,0.4916677681145672,0.4574882250559122,0.5072251967304248,0.3768691417793161,0.6017041139723817,27.951251539842925,28.334340867048088
774,2022,15,LAC,TEN,17,14,3,31,1,0,0,-3.0,46.5,0.5879295521290574,3.0,46.5,-6.972427207005438,51.35370655466729,0.2602709309006299,0.17953950587977652,0.670481485216964,0.029312695661531496,0.023953752885209623,0.0,0.3269413646688622,0.3672307919472065,0.42978826669060544,0.31735783194715805,0.6533294723913105,0.35843423630506327,0.6176120108097272,0.42978826669060544,0.5702117333093946,22.190639673830926,29.163066880836364
775,2022,15,TB,CIN,23,34,-11,57,0,0,1,3.5,47.0,0.39771760566948444,-3.5,47.0,-2.2300675927909417,42.92088770181096,0.41843549914496875,0.5450719594999911,0.35046483391943045,0.03486029323137996,0.0,0.03384738873058679,0.4433349416708732,0.5064358952089849,0.4871137200581845,0.4278801556045098,0.5372595511641103,0.5064358952089849,0.4935641047910151,0.4706261926193729,0.49552641865004027,20.345410054510012,22.57547764730095
776,2022,15,WAS,NYG,12,20,-8,32,0,0,0,-4.5,40.5,0.6305586598182363,4.5,40.5,3.045644025540946,37.34603294245744,0.6106992219633468,0.44841682580240094,0.38716246271728805,0.03426963098520286,0.0,0.0,0.5771464365266114,0.47396177152676855,0.4802535234168159,0.5573678411224195,0.4083625278923776,0.47396177152676855,0.5260382284732315,0.4802535234168159,0.5197464765831841,20.195838483999193,17.150194458458248
777,2022,15,GB,LAR,24,12,12,36,1,1,0,-8.0,39.5,0.7232730811922008,8.0,39.5,10.463245946726635,45.32681067297424,0.83195160802842,0.5899493825627964,0.7018422774288712,0.02301828248546045,0.03470910313761849,0.0,0.7512656515029347,0.5217543265473563,0.42358040276130954,0.7339728065150166,0.2430089109995229,0.5036447018147254,0.461646195047656,0.42358040276130954,0.5764195972386905,27.89502830985044,17.4317823631238
778,2022,16,NYJ,JAX,3,19,-16,22,0,0,0,-2.5,36.5,0.5734581056840342,2.5,36.5,-3.7700297038259794,43.419716274521484,0.36394602480960414,0.2880805877979039,0.7353453995478906,0.033604196871498515,0.0,0.0,0.4046894786761875,0.41627710004030616,0.41654534265560084,0.3910902137629288,0.5753055893655727,0.41627710004030616,0.5837228999596938,0.41654534265560084,0.5834546573443992,19.824843285347754,23.59487298917373
779,2022,16,BAL,ATL,17,9,8,26,1,1,0,-6.5,35.0,0.6849128309162449,6.5,35.0,11.429475735956963,42.13925574575082,0.8531288821890383,0.6698447446750451,0.7489324173254115,0.021163446290806243,0.0,0.02937378732075885,0.7713307078824934,0.5503974592865364,0.41354294728944496,0.7550066918737727,0.2238298618354211,0.5503974592865364,0.4496025407134636,0.401395624707765,0.5692305879714761,26.784365740853893,15.35489000489693
780,2022,16,CAR,DET,37,23,14,60,1,1,1,2.5,43.5,0.4265418943159657,-2.5,43.5,-3.3528058740319118,35.64054742933948,0.3784828055662912,0.46969705669697664,0.23746184806624604,0.03400317493918592,0.0,0.0,0.4151014062848282,0.48112877378904967,0.5110392851082252,0.4009866405494231,0.5650101845113911,0.48112877378904967,0.5188712262109503,0.5110392851082252,0.48896071489177484,16.14387077765378,19.496676651685696
781,2022,16,CHI,BUF,13,35,-22,48,0,0,1,8.0,40.0,0.2767269188077992,-8.0,40.0,-5.831839979350673,45.05510891188677,0.2953784525447482,0.5793317446086974,0.6828770369097494,0.0310631995258267,0.034898011811413276,0.03262402559026367,0.35411638341293017,0.5180963804180712,0.42737171042016725,0.34311639553961015,0.6258204049345631,0.5000158468147908,0.4650861413737959,0.413429124802865,0.5539468496068713,19.611634466268047,25.443474445618723
782,2022,16,CLE,NO,10,17,-7,27,0,0,0,-3.0,32.0,0.5879295521290574,3.0,32.0,-3.6644419135758115,44.740968391328224,0.36760681154699676,0.26952904120394083,0.8834895872701727,0.03370912755058897,0.029805750916835905,0.01854586296444488,0.40731972542437683,0.40878097832304827,0.3747683037410166,0.39358933284617564,0.5727015396032354,0.39659695430361097,0.5735972947795531,0.3678179021364183,0.613636234899137,20.538263238876205,24.20270515245202
783,2022,16,KC,SEA,24,10,14,34,1,1,0,-10.5,50.5,0.7816499846386211,10.5,50.5,7.169214018252467,43.87877647630724,0.7455551797389399,0.3832507155567857,0.2736119122454053,0.028990498486442695,0.0,0.0,0.6776270501305389,0.45157557638474083,0.5027571343861686,0.657982304159357,0.3130271973542004,0.45157557638474083,0.5484244236152591,0.5027571343861686,0.49724286561383135,25.523995247279853,18.354781229027385
784,2022,16,MIN,NYG,27,24,3,51,1,0,1,-4.5,48.0,0.6305586598182363,4.5,48.0,3.9877045186088687,49.921513621989426,0.6435602624732386,0.4817852821788112,0.5718290748325394,0.03337957654780843,0.0,0.03570618995681463,0.6006664564148404,0.4851854263304093,0.44784284710412536,0.5806164644532404,0.3860039589989512,0.4851854263304093,0.5148145736695907,0.43185208533462477,0.5324417247085605,26.95460907029915,22.966904551690277
785,2022,16,NE,CIN,18,22,-4,40,0,0,0,3.0,42.0,0.4120704478709426,-3.0,42.0,0.6256789993820929,44.74187884060159,0.5230380762347011,0.6310461159257055,0.6019021536277727,0.035500448972334286,0.03374698142865917,0.03514655283645257,0.5158993412393814,0.5361963365573188,0.44250577341535635,0.4975846830008519,0.4669148680268138,0.5181013287454038,0.44815168982593695,0.42695322086957826,0.5379002262939693,22.683778919991845,22.05809992060975
786,2022,16,TEN,HOU,14,19,-5,33,0,0,0,-3.0,34.0,0.5879295521290574,3.0,34.0,-3.6644419135758115,44.740968391328224,0.36760681154699676,0.26952904120394083,0.8430520633388002,0.03370912755058897,0.029805750916835905,0.022514873381156764,0.40731972542437683,0.40878097832304827,0.38893990675552115,0.39358933284617564,0.5727015396032354,0.39659695430361097,0.5735972947795531,0.38018297400204165,0.5973021526168015,20.538263238876205,24.20270515245202
787,2022,16,SF,WAS,37,20,17,57,1,1,1,-6.5,37.5,0.6849128309162449,6.5,37.5,11.429475735956963,42.13925574575082,0.8531288821890383,0.6698447446750451,0.6633954014883234,0.021163446290806243,0.0,0.0,0.7713307078824934,0.5503974592865364,0.4311503023698442,0.7550066918737727,0.2238298618354211,0.5503974592865364,0.4496025407134636,0.4311503023698442,0.5688496976301558,26.784365740853893,15.35489000489693
788,2022,16,DAL,PHI,40,34,6,74,1,1,1,-4.0,48.0,0.616498092917068,4.0,48.0,3.8740923363905204,52.63331275149256,0.6396493983800294,0.49536140671934653,0.6686345697521149,0.03349819877370619,0.03555344901495189,0.03317921646419425,0.5978435977467769,0.48973540140847044,0.4301445705689403,0.5778169140738677,0.3886848871524261,0.4723236187836774,0.4921229322013707,0.4158727107511356,0.5509480727846703,28.25370254394154,24.37961020755102
789,2022,16,PIT,LV,13,10,3,23,1,1,0,-2.5,38.5,0.5734581056840342,2.5,38.5,-3.7700297038259794,43.419716274521484,0.36394602480960414,0.2880805877979039,0.6726505240001116,0.033604196871498515,0.0,0.0,0.4046894786761875,0.41627710004030616,0.42936861282560557,0.3910902137629288,0.5753055893655727,0.41627710004030616,0.5837228999596938,0.42936861282560557,0.5706313871743944,19.824843285347754,23.59487298917373
790,2022,16,MIA,GB,20,26,-6,46,0,0,0,-3.5,49.0,0.6022823943305156,3.5,49.0,4.065805768961452,49.58045847075886,0.6462397656392613,0.5201157446101289,0.5218097608007058,0.03329629483158081,0.0,0.03620434478303208,0.602604621446009,0.4980343881908486,0.4565577703730876,0.5825401203034696,0.3841635848649496,0.4980343881908486,0.5019656118091513,0.440028395441128,0.5237672597758399,26.82313211986016,22.757326350898705
791,2022,16,LAR,DEN,51,14,37,65,1,1,1,3.0,36.5,0.4120704478709426,-3.0,36.5,0.6256789993820929,44.74187884060159,0.5230380762347011,0.6310461159257055,0.7731487396185233,0.035500448972334286,0.03374698142865917,0.0,0.5158993412393814,0.5361963365573188,0.4079265700254203,0.4975846830008519,0.4669148680268138,0.5181013287454038,0.44815168982593695,0.4079265700254203,0.5920734299745797,22.683778919991845,22.05809992060975
792,2022,16,ARI,TB,16,19,-3,35,0,1,0,7.5,41.5,0.2892573607539719,-7.5,41.5,-5.831839979350673,45.05510891188677,0.2953784525447482,0.5591142185426164,0.6267241498890783,0.0310631995258267,0.0,0.0,0.35411638341293017,0.5111928014827929,0.4380085964596895,0.34311639553961015,0.6258204049345631,0.5111928014827929,0.4888071985172071,0.4380085964596895,0.5619914035403105,19.611634466268047,25.443474445618723
793,2022,16,IND,LAC,3,20,-17,23,0,0,0,3.5,44.5,0.39771760566948444,-3.5,44.5,0.412939249690399,41.421077769311324,0.5152097355699453,0.6364012113663857,0.3897770615395103,0.03553161611498762,0.0,0.0,0.5104846670742177,0.5381187837318996,0.4797751160468518,0.4923463218511493,0.47212206203386303,0.5381187837318996,0.4618812162681004,0.4797751160468518,0.5202248839531483,20.91700850950086,20.504069259810464
794,2022,17,TEN,DAL,13,27,-14,40,0,0,0,14.0,41.0,0.14985929830560452,-14.0,41.0,-5.831839979350673,45.05510891188677,0.2953784525447482,0.7740163994413967,0.6486986137450934,0.0310631995258267,0.02727902458984449,0.033874689093524035,0.35411638341293017,0.5933385071310049,0.43393462796593335,0.34311639553961015,0.6258204049345631,0.5771528114048766,0.39556816400527894,0.41923522735667335,0.5468900835498027,19.611634466268047,25.443474445618723
795,2022,17,ATL,ARI,20,19,1,39,1,0,0,-7.0,41.0,0.6979517285214231,7.0,41.0,10.162592571518475,42.80440253305225,0.8249713012053806,0.6148290172857469,0.5674961066225177,0.0235922373031881,0.03417095431505873,0.035770583985078264,0.7448673731740073,0.530436306794346,0.4486041203653182,0.7272942853466838,0.24911347735012815,0.5123107919878278,0.45351825369711335,0.43255728900173845,0.5316721270131833,26.48349755228536,16.320904980766887
796,2022,17,DET,CHI,41,10,31,51,1,1,0,-4.5,52.5,0.6305586598182363,4.5,52.5,2.406534963322925,53.0503160895691,0.5879138511220021,0.4259708082355673,0.5199501210218522,0.034747194470654774,0.0,0.0,0.5610632067830472,0.46634409973517116,0.4568797601202744,0.5415678344266275,0.42368497110271774,0.46634409973517116,0.5336559002648289,0.4568797601202744,0.5431202398797256,27.728425526446014,25.321890563123088
797,2022,17,HOU,JAX,3,31,-28,34,0,0,0,3.5,43.0,0.39771760566948444,-3.5,43.0,2.21313203957684,45.468510148305704,0.5809539700776024,0.694746862403189,0.5919405899390975,0.03487071302524769,0.0,0.03535388139848589,0.5561797869150771,0.5599094832379496,0.4442852674500382,0.536785401175118,0.4283438857996343,0.5599094832379496,0.44009051676205035,0.428578058797515,0.5360680598039992,23.840821093941273,21.62768905436443
798,2022,17,KC,DEN,27,24,3,51,1,0,1,-13.5,46.0,0.8413447460685429,13.5,46.0,11.214308964336686,42.08750868600191,0.8485785108334247,0.4192629319165466,0.35628702648955757,0.021576957524116147,0.0,0.0340340107994076,0.7669299316316341,0.4640518213857734,0.4860051780002665,0.7503819170728451,0.22804112540303878,0.4640518213857734,0.5359481786142266,0.46946447252363743,0.4965015166769549,26.6509088251693,15.436599860832612
799,2022,17,NE,MIA,23,21,2,44,1,0,1,-3.0,41.5,0.5879295521290574,3.0,41.5,-3.6644419135758115,44.740968391328224,0.36760681154699676,0.26952904120394083,0.6158623040418817,0.03370912755058897,0.029805750916835905,0.0,0.40731972542437683,0.40878097832304827,0.439988637795981,0.39358933284617564,0.5727015396032354,0.39659695430361097,0.5735972947795531,0.439988637795981,0.560011362204019,20.538263238876205,24.20270515245202
800,2022,17,NYG,IND,38,10,28,48,1,1,1,-5.5,38.5,0.6581456062996048,5.5,38.5,2.531651641454155,40.57404086155858,0.5924013427366408,0.39564288287023375,0.574776414713364,0.034662034071902825,0.0,0.0,0.5642186084396782,0.4559053314362619,0.44732405953497656,0.5446616438099404,0.4206763221181567,0.4559053314362619,0.5440946685637381,0.44732405953497656,0.5526759404650234,21.552846251506367,19.021194610052213
801,2022,17,PHI,NO,10,20,-10,30,0,0,0,-5.5,41.5,0.6581456062996048,5.5,41.5,2.531651641454155,40.57404086155858,0.5924013427366408,0.39564288287023375,0.4664576390215464,0.034662034071902825,0.0,0.0,0.5642186084396782,0.4559053314362619,0.4661505322595913,0.5446616438099404,0.4206763221181567,0.4559053314362619,0.5440946685637381,0.4661505322595913,0.5338494677404086,21.552846251506367,19.021194610052213
802,2022,17,TB,CAR,30,24,6,54,1,1,1,-3.5,40.5,0.6022823943305156,3.5,40.5,-0.851001590850534,44.740968391328224,0.4686806342717071,0.34904095648896,0.6500813057583108,0.03545356696432744,0.0,0.0,0.47831018892579796,0.439365393708951,0.43367486476652245,0.4613523866129971,0.5031940464226755,0.439365393708951,0.560634606291049,0.43367486476652245,0.5663251352334775,21.944983400238844,22.79598499108938
803,2022,17,WAS,CLE,10,24,-14,34,0,0,0,-1.0,41.5,0.529524277767397,1.0,41.5,-0.06857261342277288,44.79709401212654,0.4974736591619847,0.46069746166263786,0.6178098928758144,0.035555023560013,0.035394808053760274,0.0,0.49822488206578003,0.47810272260073094,0.4396350757801365,0.48051048464574647,0.48393449179424053,0.4611803685042979,0.5034248234419418,0.4396350757801365,0.5603649242198635,22.364260699351885,22.432833312774658
804,2022,17,LV,SF,34,37,-3,71,0,1,1,10.0,41.5,0.22942532596473364,-10.0,41.5,-5.831839979350673,45.05510891188677,0.2953784525447482,0.6497400454554315,0.6267241498890783,0.0310631995258267,0.03318503146335022,0.0,0.35411638341293017,0.5429565309577686,0.4380085964596895,0.34311639553961015,0.6258204049345631,0.5249385013947037,0.4418764671419462,0.4380085964596895,0.5619914035403105,19.611634466268047,25.443474445618723
805,2022,17,SEA,NYJ,23,6,17,29,1,1,0,1.0,43.0,0.47047572223260303,-1.0,43.0,3.3155825514481783,41.524948458337775,0.6202112478349069,0.6547585284289257,0.4447328131641187,0.03403671297045402,0.03302060058544998,0.03593047905554081,0.5839108416248998,0.5447961781800758,0.46994899914875166,0.5640364359081769,0.40192685112136917,0.5268066811799118,0.4401727182346382,0.4530635064776651,0.5110060144667942,22.420265504892978,19.104682953444797
806,2022,17,GB,MIN,41,17,24,58,1,1,1,-3.0,47.5,0.5879295521290574,3.0,47.5,-6.1503859861140056,46.531952954360136,0.28535083135521866,0.19988785361311764,0.46493687399364314,0.030595856016316536,0.0254969258601887,0.0,0.3464613008509528,0.3776077577936392,0.46641541467813197,0.33586102077489133,0.6335431232087922,0.3679799207889427,0.6065231533508686,0.46641541467813197,0.533584585321868,20.190783484123067,26.34116947023707
807,2022,17,LAC,LAR,31,10,21,41,1,1,0,-6.5,41.5,0.6849128309162449,6.5,41.5,11.429475735956963,42.13925574575082,0.8531288821890383,0.6698447446750451,0.5231709958907224,0.021163446290806243,0.0,0.0,0.7713307078824934,0.5503974592865364,0.4563220347050173,0.7550066918737727,0.2238298618354211,0.5503974592865364,0.4496025407134636,0.4563220347050173,0.5436779652949827,26.784365740853893,15.35489000489693
808,2022,17,BAL,PIT,13,16,-3,29,0,0,0,-1.0,35.5,0.529524277767397,1.0,35.5,-0.06857261342277288,44.79709401212654,0.4974736591619847,0.46069746166263786,0.8009961305052151,0.035555023560013,0.035394808053760274,0.0,0.49822488206578003,0.47810272260073094,0.4009486292728109,0.48051048464574647,0.48393449179424053,0.4611803685042979,0.5034248234419418,0.4009486292728109,0.5990513707271892,22.364260699351885,22.432833312774658
809,2022,18,LV,KC,13,31,-18,44,0,0,0,9.0,51.5,0.2524925375469229,-9.0,51.5,-13.713885401269392,59.30288339600692,0.10429342942505243,0.3318243502808299,0.76094580593513,0.016846693714374306,0.032552293711154756,0.0,0.18447143687743503,0.4330443610203846,0.41080265798386717,0.18136370308131036,0.8017896032043154,0.41894777379048975,0.5484999324983555,0.41080265798386717,0.5891973420161328,22.794498997368763,36.50838439863816
810,2022,18,JAX,TEN,20,16,4,36,1,0,0,-6.0,39.5,0.6716393567181147,6.0,39.5,2.4257135608225737,40.57404086155858,0.5886025062290979,0.3707424173567178,0.5388906895682835,0.03473440731628408,0.03379661239577947,0.0,0.5615470837950837,0.4471586821735793,0.45359595852974605,0.5420420786592737,0.4232235140244422,0.4320462335127513,0.5341571540914691,0.45359595852974605,0.546404041470254,21.499877211190576,19.074163650368003
811,2022,18,ATL,TB,30,17,13,47,1,1,1,-6.0,40.5,0.6716393567181147,6.0,40.5,2.4257135608225737,40.57404086155858,0.5886025062290979,0.3707424173567178,0.5026852371061664,0.03473440731628408,0.03379661239577947,0.0,0.5615470837950837,0.4471586821735793,0.4598674032929356,0.5420420786592737,0.4232235140244422,0.4320462335127513,0.5341571540914691,0.4598674032929356,0.5401325967070645,21.499877211190576,19.074163650368003
812,2022,18,BUF,NE,35,23,12,58,1,1,1,-8.0,44.0,0.7232730811922008,8.0,44.0,8.308796098518549,53.09680172798222,0.7778697751927206,0.5113751002567456,0.8034499336406966,0.027029120342563773,0.03554222467542972,0.025760978089092168,0.7039300742301354,0.4951020127650237,0.40030188698964425,0.6849034635410193,0.28806741611641695,0.4775049857900717,0.48695278953449855,0.38998971884988176,0.5842493030610261,30.702798913250383,22.394002814731834
813,2022,18,CHI,MIN,13,29,-16,42,0,0,0,6.5,42.5,0.3150871690837551,-6.5,42.5,-5.5199858041949215,44.04986412354065,0.30535414907484076,0.5348123208884636,0.5560238657770381,0.03150303284063538,0.0,0.0,0.3616562023446753,0.5029753562633357,0.4506124394032682,0.3502629351251915,0.618234032034173,0.5029753562633357,0.49702464373666433,0.4506124394032682,0.5493875605967318,19.264939159672863,24.784924963867788
814,2022,18,CIN,BAL,27,16,11,43,1,0,1,-11.0,39.0,0.79241084025005,11.0,39.0,12.222939116221916,35.39310372664465,0.8690955181021993,0.5449568836449683,0.36705480211461405,0.019643347306353698,0.03534511706286081,0.03435848760595861,0.7872113068008203,0.5063970173009861,0.48397627622843437,0.7717478416978432,0.20860881099580306,0.4884983554441992,0.47615652749294,0.4673475833400617,0.49829392905397973,23.80802142143328,11.585082305211365
815,2022,18,IND,HOU,31,32,-1,63,0,0,1,-3.0,38.0,0.5879295521290574,3.0,38.0,-3.6644419135758115,44.740968391328224,0.36760681154699676,0.26952904120394083,0.7369098027267642,0.03370912755058897,0.029805750916835905,0.0300520519162073,0.40731972542437683,0.40878097832304827,0.41620450917793234,0.39358933284617564,0.5727015396032354,0.39659695430361097,0.5735972947795531,0.40369670966035753,0.5662512384234352,20.538263238876205,24.20270515245202
816,2022,18,MIA,NYJ,11,6,5,17,1,1,0,-3.5,37.5,0.6022823943305156,3.5,37.5,-0.851001590850534,44.740968391328224,0.4686806342717071,0.34904095648896,0.7448162029938648,0.03545356696432744,0.0,0.0,0.47831018892579796,0.439365393708951,0.41446284920138016,0.4613523866129971,0.5031940464226755,0.439365393708951,0.560634606291049,0.41446284920138016,0.5855371507986198,21.944983400238844,22.79598499108938
817,2022,18,NO,CAR,7,10,-3,17,0,0,0,-3.5,41.5,0.6022823943305156,3.5,41.5,-0.851001590850534,44.740968391328224,0.4686806342717071,0.34904095648896,0.6158623040418817,0.03545356696432744,0.0,0.0,0.47831018892579796,0.439365393708951,0.439988637795981,0.4613523866129971,0.5031940464226755,0.439365393708951,0.560634606291049,0.439988637795981,0.560011362204019,21.944983400238844,22.79598499108938
818,2022,18,PIT,CLE,28,14,14,42,1,1,1,-2.5,40.0,0.5734581056840342,2.5,40.0,-3.7700297038259794,43.419716274521484,0.36394602480960414,0.2880805877979039,0.6262954686822654,0.033604196871498515,0.0,0.03454559848164401,0.4046894786761875,0.41627710004030616,0.4380871325813293,0.3910902137629288,0.5753055893655727,0.41627710004030616,0.5837228999596938,0.42295315039919995,0.5425012511191559,19.824843285347754,23.59487298917373
819,2022,18,DEN,LAC,31,28,3,59,1,0,1,-6.0,38.5,0.6716393567181147,6.0,38.5,2.4257135608225737,40.57404086155858,0.5886025062290979,0.3707424173567178,0.574776414713364,0.03473440731628408,0.03379661239577947,0.0,0.5615470837950837,0.4471586821735793,0.44732405953497656,0.5420420786592737,0.4232235140244422,0.4320462335127513,0.5341571540914691,0.44732405953497656,0.5526759404650234,21.499877211190576,19.074163650368003
820,2022,18,PHI,NYG,22,16,6,38,1,0,0,-16.5,42.5,0.8891881987703032,16.5,42.5,12.222939116221916,35.39310372664465,0.8690955181021993,0.3514833381544804,0.2591147035234476,0.019643347306353698,0.0,0.0,0.7872113068008203,0.440251609144073,0.5059873969947546,0.7717478416978432,0.20860881099580306,0.440251609144073,0.559748390855927,0.5059873969947546,0.4940126030052454,23.80802142143328,11.585082305211365
821,2022,18,SEA,LAR,19,16,3,35,1,0,0,-5.5,41.5,0.6581456062996048,5.5,41.5,2.531651641454155,40.57404086155858,0.5924013427366408,0.39564288287023375,0.4664576390215464,0.034662034071902825,0.0,0.0,0.5642186084396782,0.4559053314362619,0.4661505322595913,0.5446616438099404,0.4206763221181567,0.4559053314362619,0.5440946685637381,0.4661505322595913,0.5338494677404086,21.552846251506367,19.021194610052213
822,2022,18,SF,ARI,38,13,25,51,1,1,1,-14.0,40.0,0.8501407016943955,14.0,40.0,12.222939116221916,35.39310372664465,0.8690955181021993,0.43483163818789666,0.3322661253352956,0.019643347306353698,0.03511252708937074,0.03321267611485479,0.7872113068008203,0.46936015835783385,0.4906366012151779,0.7717478416978432,0.20860881099580306,0.4528797370828231,0.5120077358278062,0.474341246688925,0.49244607719622013,23.80802142143328,11.585082305211365
823,2022,18,WAS,DAL,26,6,20,32,1,1,0,7.5,40.5,0.2892573607539719,-7.5,40.5,-5.831839979350673,45.05510891188677,0.2953784525447482,0.5591142185426164,0.6605988389826023,0.0310631995258267,0.0,0.0,0.35411638341293017,0.5111928014827929,0.43168420515006395,0.34311639553961015,0.6258204049345631,0.5111928014827929,0.4888071985172071,0.43168420515006395,0.568315794849936,19.611634466268047,25.443474445618723
824,2022,18,GB,DET,16,20,-4,36,0,0,0,-5.5,49.0,0.6581456062996048,5.5,49.0,3.244904447274917,54.39636523341263,0.6177276850192552,0.4203290691436834,0.6942003904375009,0.03409945181536361,0.0,0.03214706630936237,0.582141514197536,0.46441671159214376,0.4251227318354328,0.5622908076844343,0.40360974050020204,0.46441671159214376,0.5355832884078562,0.41145628318550187,0.5563966505051358,28.820634840343775,25.575730393068856
825,2022,23,SF,SEA,41,23,18,64,1,1,1,-10.0,42.0,0.7705746740352664,10.0,42.0,12.222939116221916,35.39310372664465,0.8690955181021993,0.5813075421896493,0.267204300836575,0.019643347306353698,0.034864688409377675,0.03027495174216943,0.7872113068008203,0.5187752121057231,0.5041711430348738,0.7717478416978432,0.20860881099580306,0.5006882759811482,0.4644470356094741,0.4889073860096986,0.480817662248132,23.80802142143328,11.585082305211365
826,2022,23,JAX,LAC,31,30,1,61,1,1,1,2.0,46.5,0.44111292596172436,-2.0,46.5,1.9830859577875917,46.720240410829206,0.5726414221965564,0.6434015778922995,0.5079869772781255,0.03500466048353068,0.03338445732087941,0.0,0.5503625700136094,0.5406485976709918,0.458950082431366,0.5310973151074396,0.43389802440902964,0.5225993376364513,0.44401620504266925,0.458950082431366,0.5410499175686341,24.3516631843084,22.368577226520806
827,2022,23,BUF,MIA,34,31,3,65,1,0,1,-14.0,44.0,0.8501407016943955,14.0,44.0,10.98837086046255,43.202065183772824,0.8436984024764176,0.39050439326271086,0.47003266450390746,0.022011154292466306,0.034297685405088374,0.03615955728848108,0.7622667189681716,0.454115157680546,0.4655283387876862,0.7454883486049511,0.2325004971025826,0.4385400588647365,0.5271622557301751,0.4486950401518814,0.5151454025596375,27.095218022117688,16.106847161655136
828,2022,23,MIN,NYG,24,31,-7,55,0,0,1,-2.5,48.0,0.5734581056840342,2.5,48.0,-5.6577860577294885,39.70986988076134,0.30092715921978314,0.23352030237372262,0.218069629082849,0.03131090164166983,0.0,0.027297004858275575,0.35831914840666795,0.3933626083025105,0.5158381881763131,0.3470998527945799,0.6215892455637504,0.3933626083025105,0.6066373916974894,0.5017573506475802,0.4709456444941442,17.026041911515925,22.683827969245414
829,2022,23,CIN,BAL,24,17,7,41,1,0,1,-7.5,40.0,0.7107426392460281,7.5,40.0,10.463245946726635,45.993042486243176,0.83195160802842,0.6041818717350684,0.7135420960807458,0.02301828248546045,0.0,0.03125749189059346,0.7512656515029347,0.5267000647455922,0.4211771266221452,0.7339728065150166,0.2430089109995229,0.5267000647455922,0.47329993525440783,0.40801218600225003,0.5607303221071566,28.228144216484907,17.76489826975827
830,2022,23,TB,DAL,14,31,-17,45,0,0,0,2.5,45.5,0.4265418943159657,-2.5,45.5,-0.9873914220137238,51.43659898895273,0.4636744493870455,0.5536370270297947,0.7052936094585736,0.035418278558319694,0.0,0.0,0.4748419339517614,0.5093341782942337,0.4228769109383211,0.4580238500638867,0.5065578713777937,0.5093341782942337,0.49066582170576634,0.4228769109383211,0.577123089061679,25.224603783469504,26.211995205483227
831,2022,23,KC,JAX,27,20,7,47,1,0,0,-10.0,52.5,0.7705746740352664,10.0,52.5,8.70879797597134,46.97457693026424,0.7886171792554671,0.4525456161252075,0.3077255099442719,0.02630817435734928,0.03532103332794634,0.0,0.7129679655930731,0.4753557135704978,0.4955475369600984,0.694211080043046,0.27948074559960484,0.4585656585688445,0.5061133081032092,0.4955475369600984,0.5044524630399017,27.841687453117792,19.13288947714645
832,2022,23,PHI,NYG,38,7,31,45,1,1,0,-8.0,48.0,0.7232730811922008,8.0,48.0,10.246780495248553,56.302771732426564,0.8269446009374338,0.5821668061837609,0.7822780156758824,0.023431788825085786,0.03484993564113792,0.02727337117260148,0.7466661749566763,0.5190706893061596,0.40570704488513526,0.729170450822257,0.24739776035265731,0.5009811091906389,0.4641689551682232,0.3946420460626437,0.5780845827647549,33.27477611383756,23.027995618589006
833,2022,23,BUF,CIN,10,27,-17,37,0,0,0,-6.0,48.5,0.6716393567181147,6.0,48.5,2.103141625424461,54.231403577475454,0.5769839542751669,0.3595657037915212,0.698828171006858,0.03493652457497726,0.03347467004370097,0.0,0.5533995462135441,0.4431672100510376,0.4241912016258924,0.5340656893674733,0.4309977860575493,0.4283323339203916,0.5381929960359075,0.4241912016258924,0.5758087983741076,28.16727260144996,26.064130976025496
834,2022,23,SF,DAL,19,12,7,31,1,1,0,-3.5,46.5,0.6022823943305156,3.5,46.5,-3.8862201660073867,51.35370655466729,0.35993239830074436,0.25510391991620607,0.670481485216964,0.03348567974688188,0.0,0.0,0.4017989949631902,0.4027554978038186,0.42978826669060544,0.38834448249523384,0.5781698377578843,0.4027554978038186,0.5972445021961814,0.42978826669060544,0.5702117333093946,23.733743194329953,27.619963360337337
835,2022,23,PHI,SF,31,7,24,38,1,1,0,-2.5,45.0,0.5734581056840342,2.5,45.0,-5.583676172890367,54.89982285558189,0.30330432503153965,0.23554847820554992,0.8235118848074117,0.031414673882482425,0.0,0.02418830378685477,0.3601127897646408,0.39426652510980176,0.39478272261061803,0.3487999639132736,0.619785362204244,0.39426652510980176,0.6057334748901982,0.38523359818631076,0.5905780980268345,24.658073341345762,30.241749514236126
836,2022,23,KC,CIN,23,20,3,43,1,1,0,-2.0,48.5,0.5588870740382756,2.0,48.5,1.2118447048357273,39.12244620268392,0.5445508018701809,0.4709891786616548,0.1969685556348521,0.03534890921168071,0.03546807527902118,0.0,0.5308044866350781,0.4815627692801091,0.5214204886861513,0.5120411270278619,0.45260996376045737,0.46448266472770827,0.5000492599932705,0.5214204886861513,0.4785795113138487,20.167145453759822,18.955300748924095
837,2022,23,PHI,KC,35,38,-3,73,0,0,1,-1.0,51.0,0.529524277767397,1.0,51.0,-3.224031819719622,46.04992778249966,0.3830067218948392,0.34835476253823944,0.3206447262806767,0.03411774299977044,0.03312329042084605,0.03276590712873961,0.4183246788915133,0.4391159629154025,0.4929372259869686,0.40405238500663115,0.5618298719935984,0.4245709973473262,0.5423057122318279,0.47678569061998105,0.4904484022512793,21.41294798139002,24.63697980110964
838,2023,1,KC,DET,20,21,-1,41,0,0,0,-4.0,53.0,0.616498092917068,4.0,53.0,-0.2637809385727781,61.12329869901186,0.490417188266894,0.3490093176095898,0.7629024521215538,0.03507091101966919,0.03269935291806614,0.026778178050337886,0.5335117603613583,0.4813102158514414,0.4826665637405188,0.5148010168857781,0.4501280720945528,0.4655716832402445,0.5017289638416893,0.46974163255773044,0.5034801893919317,30.42975888021954,30.69353981879232
839,2023,1,ATL,CAR,24,10,14,34,1,1,0,-3.5,40.5,0.6022823943305156,3.5,40.5,4.35803932053551,42.306235223007796,0.6541539775553873,0.5300814588778697,0.5612908999212852,0.032596775067024075,0.0,0.0,0.6373732439018258,0.47346891058817087,0.4457468755328295,0.6165969316366186,0.3508062932963574,0.47346891058817087,0.5265310894118291,0.4457468755328295,0.5542531244671705,23.332137271771654,18.974097951236143
840,2023,1,BAL,HOU,25,9,16,34,1,1,0,-9.5,43.5,0.7591913433207376,9.5,43.5,16.78217040034271,42.79970036114991,0.9349983012333555,0.739093221899467,0.4761567139873219,0.011807990799914653,0.0,0.0,0.8646287054019655,0.46378114634642315,0.4321910493548722,0.8544191776032369,0.1337728315968484,0.46378114634642315,0.5362188536535768,0.4321910493548722,0.5678089506451278,29.790935380746312,13.0087649804036
841,2023,1,CLE,CIN,24,3,21,27,1,1,0,1.0,46.5,0.47047572223260303,-1.0,46.5,6.51147008056208,50.35038036956028,0.723050661564588,0.7525222564773172,0.6288473590205683,0.029776504435025553,0.028205161409959545,0.0,0.6832958918273434,0.4630367707237142,0.4569463793000395,0.6629497286739118,0.30727376689106267,0.4499767438667054,0.5218180947233351,0.4569463793000395,0.5430536206999605,28.430925225061177,21.9194551444991
842,2023,1,IND,JAX,21,31,-10,52,0,0,1,4.0,45.5,0.3835019070829321,-4.0,45.5,8.910049722411834,48.72719732851424,0.7906845183776682,0.8786802700564754,0.608566799267329,0.025808712028299152,0.018416994480913496,0.0,0.7318255550395937,0.45393273061034,0.4535127213408081,0.7129380800346267,0.26125320793707424,0.4455726540159834,0.5360103515031032,0.4535127213408081,0.5464872786591919,28.818623525463035,19.9085738030512
843,2023,1,MIN,TB,17,20,-3,37,0,0,0,-4.0,45.0,0.616498092917068,4.0,45.0,6.885396731909414,45.84680578254153,0.7342745192631172,0.6036011730556261,0.529809857977023,0.029205364923712673,0.033969173276471976,0.03396833499179003,0.6910576233208726,0.4703097880794295,0.4406993531485592,0.670875033248473,0.29991960182781435,0.4543337533945386,0.5116970733289894,0.42572952989014373,0.5403021351180661,26.366101257225473,19.480704525316057
844,2023,1,NO,TEN,16,15,1,31,1,0,0,-3.0,41.0,0.5879295521290574,3.0,41.0,3.310098618280245,39.00542618062254,0.6184102579567257,0.5112650441865721,0.430091255083442,0.033625365522831796,0.03506730714356243,0.033567054878856695,0.6143637345574556,0.4742632277275223,0.4248551136210389,0.5937055294189891,0.372669105058179,0.45763209345390393,0.5073005994025336,0.41059397870655856,0.5558389664145847,21.157762399451393,17.84766378117115
845,2023,1,PIT,SF,7,30,-23,37,0,0,0,1.5,41.5,0.4557641189546886,-1.5,41.5,0.6325842207950488,37.5083415834018,0.5229701062164089,0.5743993265173111,0.3666020468618299,0.03502611629602359,0.0,0.0,0.5540644454588306,0.4715801245023492,0.4144494818369224,0.5346577197566977,0.4303161639472786,0.4715801245023492,0.5284198754976508,0.4144494818369224,0.5855505181630776,19.070462902098424,18.437878681303378
846,2023,1,WAS,ARI,20,16,4,36,1,0,0,-7.0,38.0,0.6979517285214231,7.0,38.0,7.586003091942242,44.76320070869984,0.754647933881234,0.521280397317443,0.7245076925130851,0.0280827238198193,0.03503380377377513,0.028828542651774813,0.7054127227107412,0.4738407339394219,0.4745607390287069,0.6856028120398686,0.28631446414031203,0.45724029064656657,0.5077259055796582,0.46087984452276004,0.5102916128254652,26.174601900321044,18.588598808378798
847,2023,1,CHI,GB,20,38,-18,58,0,0,1,-1.0,41.0,0.529524277767397,1.0,41.0,-0.024791213215711795,39.98812540082316,0.499099279423387,0.4628227376758534,0.4643939160973075,0.03508026327091468,0.034938201862520946,0.03393037997268966,0.5390051839152785,0.47630800117194416,0.4303260392635357,0.5200967401591428,0.44482299656994256,0.4596666560782649,0.5053951420592141,0.41572491323918137,0.550344706788129,19.981667093803722,20.006458307019436
848,2023,1,DEN,LV,16,17,-1,33,0,0,0,-3.0,43.0,0.5879295521290574,3.0,43.0,0.7651532574866554,45.39088109590674,0.5277765479461405,0.4193779183789472,0.5836050980140998,0.0350010331668103,0.03440945764058778,0.03335514392817296,0.5570913626261597,0.47816686958249066,0.4493774181452315,0.5375925893659379,0.4274063774672518,0.46171340693845947,0.5038771354209527,0.43438836968492656,0.5322564863869005,23.078017176696697,22.312863919210045
849,2023,1,LAC,MIA,34,36,-2,70,0,0,1,-3.0,50.5,0.5879295521290574,3.0,50.5,4.385714032364881,44.672653398002346,0.6550806466141721,0.5502085039035625,0.30937435266437296,0.03256629400568911,0.03482088232075309,0.0,0.6379755110508447,0.4726153479905021,0.40447329710999397,0.6171990129895332,0.3502346930047778,0.45615846457514303,0.5090206531041038,0.40447329710999397,0.595526702890006,24.529183715183613,20.143469682818733
850,2023,1,NE,PHI,20,25,-5,45,0,0,1,3.5,44.5,0.39771760566948444,-3.5,44.5,-0.6149790982837284,42.315899516785386,0.47766846302602706,0.6001639356373382,0.4260221780103943,0.03502909062939319,0.0,0.0,0.5254232845203797,0.4704607797131785,0.42420126784509465,0.5070181846681219,0.45795272470248494,0.4704607797131785,0.5295392202868214,0.42420126784509465,0.5757987321549054,20.85046020925083,21.465439307534556
851,2023,1,SEA,LAR,13,30,-17,43,0,0,0,-4.5,45.0,0.6305586598182363,4.5,45.0,6.872805410919338,41.57744184742346,0.7339004645240468,0.5826650599390681,0.3812678093713093,0.02922493167136947,0.0,0.03263408520705524,0.6907973702378327,0.4712232069014193,0.41689989444203246,0.6706088642938703,0.3001662040347602,0.4712232069014193,0.5287767930985807,0.4032947477639988,0.5640711670289459,24.2251236291714,17.35231821825206
852,2023,1,NYG,DAL,0,40,-40,40,0,0,0,3.5,44.5,0.39771760566948444,-3.5,44.5,-0.6149790982837284,42.315899516785386,0.47766846302602706,0.6001639356373382,0.4260221780103943,0.03502909062939319,0.0,0.0,0.5254232845203797,0.4704607797131785,0.42420126784509465,0.5070181846681219,0.45795272470248494,0.4704607797131785,0.5295392202868214,0.42420126784509465,0.5757987321549054,20.85046020925083,21.465439307534556
853,2023,1,NYJ,BUF,22,16,6,38,1,1,0,2.5,44.5,0.4265418943159657,-2.5,44.5,-2.129058563601318,44.67844800526021,0.4231439082505173,0.5130146400989921,0.5060790524827379,0.03447092654615791,0.0,0.0,0.49038794285604964,0.4741894561214453,0.4369297121233331,0.4734838160987373,0.49204525735510485,0.4741894561214453,0.5258105438785547,0.4369297121233331,0.5630702878766669,21.274694720829444,23.403753284430763
854,2023,2,PHI,MIN,34,28,6,62,1,0,1,-6.0,49.0,0.6716393567181147,6.0,49.0,-2.2425893855965793,50.862860798609496,0.41910257995463196,0.22706824762051458,0.5653365909170242,0.03440484611168737,0.026976723812990322,0.03362925776762021,0.48775332668155336,0.4876581611625034,0.4464012623239784,0.47097224853661096,0.49462290535170167,0.4745027416336718,0.4985205345533379,0.4313891192054943,0.5349816230268855,24.310135706506458,26.55272509210304
855,2023,2,ATL,GB,25,24,1,49,1,0,1,-3.0,40.5,0.5879295521290574,3.0,40.5,3.310098618280245,39.00542618062254,0.6184102579567257,0.5112650441865721,0.4492214131999965,0.033625365522831796,0.03506730714356243,0.0,0.6143637345574556,0.4742632277275223,0.4279137579932323,0.5937055294189891,0.372669105058179,0.45763209345390393,0.5073005994025336,0.4279137579932323,0.5720862420067677,21.157762399451393,17.84766378117115
856,2023,2,BUF,LV,38,10,28,48,1,1,1,-7.5,47.0,0.7107426392460281,7.5,47.0,11.040672831782844,47.13386625824956,0.841509341209873,0.6222683454858224,0.5047168754350235,0.021897495510704468,0.0,0.03405498568296228,0.772138539357131,0.4694815448980419,0.436713840737808,0.7552306391579162,0.22287186533137926,0.4694815448980419,0.5305184551019582,0.42184155714393046,0.5441034571731073,29.087269545016202,18.04659671323336
857,2023,2,CIN,BAL,24,27,-3,51,0,0,1,-3.5,45.5,0.6022823943305156,3.5,45.5,7.082945496488639,44.91209943233936,0.7401071071758841,0.6236807151206012,0.47998007341818566,0.028895448304750215,0.0,0.0,0.6951305038473679,0.4694182638175454,0.4327966615325866,0.6750443963083913,0.29606015538685854,0.4694182638175454,0.5305817361824545,0.4327966615325866,0.5672033384674133,25.997522464414,18.91457696792536
858,2023,2,DET,SEA,31,37,-6,68,0,0,1,-4.5,47.5,0.6305586598182363,4.5,47.5,1.2988068970017057,53.17955215794748,0.5470752414570988,0.3891318265637929,0.686163130685165,0.0348523044383775,0.0,0.0,0.5692383306065428,0.47949158595250124,0.4671510633986299,0.5493990630102498,0.4157486325513727,0.47949158595250124,0.5205084140474987,0.4671510633986299,0.5328489366013701,27.23917952747459,25.940372630472886
859,2023,2,HOU,IND,20,31,-11,51,0,0,1,1.0,40.0,0.47047572223260303,-1.0,40.0,4.170580832283283,36.980254609444984,0.647852233493111,0.6809443051461752,0.39488113405169156,0.03279888096178285,0.031635507949247965,0.032944140238601705,0.6332861411562206,0.46675760033015223,0.41914579434655175,0.6125150643976909,0.3546860546405262,0.4519914865545358,0.5163730054962162,0.4053373965171788,0.5617184632442195,20.575417720864134,16.40483688858085
860,2023,2,JAX,KC,9,17,-8,26,0,0,0,3.5,50.5,0.39771760566948444,-3.5,50.5,0.9696924335844659,56.74741296007439,0.5351839070181827,0.652900051773543,0.7031548535023954,0.03495304900381124,0.0,0.0,0.5617544084263906,0.46808608983139416,0.4703640221281736,0.542119379060556,0.4229275719356328,0.46808608983139416,0.5319139101686059,0.4703640221281736,0.5296359778718265,28.858552696829427,27.888860263244965
861,2023,2,TB,CHI,27,17,10,44,1,1,1,-2.5,41.0,0.5734581056840342,2.5,41.0,-0.9759061572102256,41.2199478253077,0.46459124723964573,0.37989873869534097,0.5077497056937392,0.03495141535890445,0.0,0.03405120639633852,0.5170932015879826,0.4799030253276842,0.4371945218346906,0.4990200623200153,0.4660285223210803,0.4799030253276842,0.5200969746723159,0.42230752093634905,0.5436412726673124,20.122020834048737,21.097926991258962
862,2023,2,TEN,LAC,27,24,3,51,1,1,1,2.5,45.5,0.4265418943159657,-2.5,45.5,3.766913439221238,51.57750899310899,0.6341413310893865,0.7092683654598517,0.6981151248959808,0.03320770496893438,0.0,0.0,0.6244414965523174,0.46535163268793167,0.4694002290915571,0.6037052275644482,0.36308706746661745,0.46535163268793167,0.5346483673120683,0.4694002290915571,0.5305997709084429,27.672211216165117,23.905297776943875
863,2023,2,ARI,NYG,28,31,-3,59,0,1,1,5.0,40.0,0.35555327379740187,-5.0,40.0,-5.782836698298145,42.860752320207894,0.29948363913110654,0.4715826185043569,0.5997078999394257,0.030825821122112518,0.034997329172033576,0.033056569257016666,0.40568972421580585,0.47593711462174837,0.4520347639051399,0.39318400534605025,0.5759901735318372,0.4592805867561432,0.5057220840718233,0.4370920454255305,0.5298513853174529,18.538957810954873,24.32179450925302
864,2023,2,LAR,SF,23,30,-7,53,0,1,1,7.5,45.0,0.2892573607539719,-7.5,45.0,-8.780016578383517,43.94131016924762,0.21270690916099189,0.45517682238309887,0.46275140867269965,0.02603925932099116,0.0,0.03391839723927925,0.3376713161206898,0.47663253196599337,0.43006532108857687,0.32887860515496276,0.645082135524046,0.47663253196599337,0.5233674680340066,0.41547819468905633,0.5506034080716644,17.580646795432052,26.36066337381557
865,2023,2,DAL,NYJ,30,10,20,40,1,1,1,-8.5,38.5,0.73553153338876,8.5,38.5,12.967712385586486,45.04903806119017,0.8797182782255756,0.6528357343500568,0.712005523421106,0.018311053089635154,0.0,0.0,0.8059823259061031,0.4680890753944653,0.47208041950440954,0.7912239407471289,0.19046500616323606,0.4680890753944653,0.5319109246055347,0.47208041950440954,0.5279195804955905,29.008375223388327,16.04066283780184
866,2023,2,DEN,WAS,33,35,-2,68,0,0,1,-4.0,38.5,0.616498092917068,4.0,38.5,5.620513097092469,43.72268729648863,0.6953819776194282,0.5586570058256901,0.6721977058588688,0.031047212782714717,0.03472598738294436,0.0,0.6645378450278585,0.47225518670060673,0.46458261704706105,0.6439057971511118,0.3250469900661734,0.4558556590457114,0.5094183535713441,0.46458261704706105,0.535417382952939,24.67160019679055,19.05108709969808
867,2023,2,NE,MIA,17,24,-7,41,0,0,0,2.0,46.5,0.44111292596172436,-2.0,46.5,5.558603196950604,51.43344917996473,0.6934131733412101,0.753867663059489,0.6632284919966192,0.03113039853254007,0.02812781297688649,0.0,0.6632211749939045,0.46296073835358736,0.4629636972942861,0.6425748355011248,0.32629476596633517,0.44993866528953635,0.5219335217335771,0.4629636972942861,0.5370363027057139,28.49602618845767,22.937422991507063
868,2023,2,CAR,NO,17,20,-3,37,0,0,0,3.0,39.5,0.4120704478709426,-3.0,39.5,-1.8891326934805084,36.47257404729929,0.43171148245050034,0.5402893625278858,0.39800043768328347,0.03459964707601071,0.03491337978307496,0.0,0.4959532045045267,0.47303668162541324,0.4196569668657708,0.4787933986624535,0.4866069542615358,0.45652137230849965,0.5085652479084254,0.4196569668657708,0.5803430331342292,17.291720676909392,19.180853370389897
869,2023,2,PIT,CLE,26,22,4,48,1,1,1,2.5,39.0,0.4265418943159657,-2.5,39.0,-1.6038706769441275,36.515668106542634,0.4419409602623236,0.5314141275406333,0.4131797795584677,0.03473319248993134,0.0,0.033299815678819455,0.5025647941334297,0.4734125479564096,0.4221284019649554,0.48510911440013055,0.4801576931099381,0.4734125479564096,0.5265874520435905,0.40807160398672776,0.5586285803344528,17.455898714799254,19.05976939174338
870,2023,3,SF,NYG,30,12,18,42,1,1,0,-10.5,43.5,0.7816499846386211,10.5,43.5,14.144179281591782,42.43032062045421,0.8995228081472688,0.6257236555061809,0.4636092496011359,0.016186693528437712,0.0,0.0,0.8253020555210933,0.46932656467181777,0.43020149854777806,0.8119431440799837,0.17187016239157865,0.46932656467181777,0.5306734353281822,0.43020149854777806,0.569798501452222,28.287249951022996,14.143070669431214
871,2023,3,BAL,IND,19,22,-3,41,0,0,0,-7.5,43.5,0.7107426392460281,7.5,43.5,11.663369984032663,48.86323706384677,0.8546569938486859,0.6428985182154935,0.6765209204069309,0.020732733365597944,0.0,0.0,0.7833612608095458,0.4685473619870697,0.4653712699205594,0.7671200406602429,0.21214722597415916,0.4685473619870697,0.5314526380129303,0.4653712699205594,0.5346287300794406,30.263303523939715,18.599933539907052
872,2023,3,CLE,TEN,27,3,24,30,1,1,0,-3.5,38.0,0.6022823943305156,3.5,38.0,4.35803932053551,42.306235223007796,0.6541539775553873,0.5300814588778697,0.64805040139977,0.032596775067024075,0.0,0.03183194232776543,0.6373732439018258,0.47346891058817087,0.4602730039593254,0.6165969316366186,0.3508062932963574,0.47346891058817087,0.5265310894118291,0.4456216202422648,0.5225464374299698,23.332137271771654,18.974097951236143
873,2023,3,DET,ATL,20,6,14,26,1,1,0,-3.0,47.5,0.5879295521290574,3.0,47.5,-6.034312847237035,45.39074986052618,0.29161002542050524,0.20610519434502286,0.42852965531534526,0.030473686017310042,0.025587176394798794,0.0,0.399903812137246,0.4889632980948019,0.42460433885297183,0.38771726892905023,0.5818090450536397,0.4764521079358676,0.4979607156693336,0.42460433885297183,0.5753956611470281,19.678218506644573,25.712531353881605
874,2023,3,GB,NO,18,17,1,35,1,1,0,1.5,41.5,0.4557641189546886,-1.5,41.5,0.6325842207950488,37.5083415834018,0.5229701062164089,0.5743993265173111,0.3666020468618299,0.03502611629602359,0.0,0.0,0.5540644454588306,0.4715801245023492,0.4144494818369224,0.5346577197566977,0.4303161639472786,0.4715801245023492,0.5284198754976508,0.4144494818369224,0.5855505181630776,19.070462902098424,18.437878681303378
875,2023,3,JAX,HOU,17,37,-20,54,0,0,1,-7.5,43.5,0.7107426392460281,7.5,43.5,11.663369984032663,48.86323706384677,0.8546569938486859,0.6428985182154935,0.6765209204069309,0.020732733365597944,0.0,0.0,0.7833612608095458,0.4685473619870697,0.4653712699205594,0.7671200406602429,0.21214722597415916,0.4685473619870697,0.5314526380129303,0.4653712699205594,0.5346287300794406,30.263303523939715,18.599933539907052
876,2023,3,MIA,DEN,70,20,50,90,1,1,1,-6.0,47.5,0.6716393567181147,6.0,47.5,-1.7042760285947445,52.938632159313656,0.43833549582401,0.24199969970733934,0.6788302869128529,0.03468861813419266,0.027887064616455404,0.0,0.5002383984983708,0.48677996321124883,0.46579487104246087,0.4828858197168007,0.4824255621490066,0.47320509892318097,0.49890783646036363,0.46579487104246087,0.5342051289575391,25.617178065359454,27.321454093954202
877,2023,3,MIN,LAC,24,28,-4,52,0,0,0,-1.0,54.0,0.529524277767397,1.0,54.0,-7.1817655866010375,51.95061449010386,0.2570009013837109,0.22872820574118025,0.42819138459955136,0.02873840032246089,0.02708111590597484,0.033539953849563764,0.37365853874458876,0.48755857321302637,0.424549991674016,0.36292019007424103,0.6083414096032981,0.4743549429808927,0.4985639411131325,0.41031060454643686,0.5561494416039994,22.38442445175141,29.56619003835245
878,2023,3,NYJ,NE,10,15,-5,25,0,0,0,2.5,35.5,0.4265418943159657,-2.5,35.5,-1.6038706769441275,36.515668106542634,0.4419409602623236,0.5314141275406333,0.5345579992072373,0.03473319248993134,0.0,0.0,0.5025647941334297,0.4734125479564096,0.44145645981978987,0.48510911440013055,0.4801576931099381,0.4734125479564096,0.5265874520435905,0.44145645981978987,0.5585435401802101,17.455898714799254,19.05976939174338
879,2023,3,WAS,BUF,3,37,-34,40,0,0,0,5.5,44.0,0.34185439370039516,-5.5,44.0,-6.831758245314705,42.97315568710372,0.26732083726495287,0.4533730624954281,0.46386863579622417,0.02928856019092363,0.0,0.033926606828788786,0.38163399106270524,0.476709220514337,0.43024266996963206,0.3704564809445628,0.6002549588645136,0.476709220514337,0.5232907794856629,0.415645996064604,0.5504273971066073,18.07069872089451,24.90245696620921
880,2023,3,SEA,CAR,37,27,10,64,1,1,1,-5.0,42.5,0.6444467262025981,5.0,42.5,2.291320511186227,43.211361533484265,0.5826294181050008,0.40260798180034907,0.5242194538091731,0.03437547022078852,0.03409925013718729,0.0,0.5916482524604348,0.47889735768432323,0.4398093896425171,0.5713100655767995,0.39431446420241184,0.46256731689460745,0.5033334329682053,0.4398093896425171,0.560190610357483,22.751341022335247,20.46002051114902
881,2023,3,ARI,DAL,28,16,12,44,1,1,1,11.5,43.5,0.19714816153420778,-11.5,43.5,-6.3097778309807255,46.83437147907828,0.2831009339675822,0.6759994894140777,0.6120774340746301,0.03007569202080973,0.0,0.0,0.39357862853155284,0.466995989247061,0.4541018916852326,0.3817414789138652,0.5881828290653252,0.466995989247061,0.533004010752939,0.4541018916852326,0.5458981083147674,20.262296824048775,26.572074655029503
882,2023,3,KC,CHI,41,10,31,51,1,1,1,-13.0,48.0,0.8322169448845721,13.0,48.0,23.204224487436203,41.848617055596264,0.9813868521625169,0.8226314410975479,0.29373521277008335,0.0043752848613335185,0.023454786376176595,0.02967063597086017,0.9358611513275864,0.4586047826081467,0.4015960420301724,0.9317664921998726,0.06385822293879383,0.4478483054009797,0.5286969082228437,0.3896804320597569,0.5806489319693829,32.526420771516236,9.32219628408003
883,2023,3,LV,PIT,18,23,-5,41,0,0,0,-3.0,43.5,0.5879295521290574,3.0,43.5,-2.1117020300253144,41.88853594411065,0.4237624922113877,0.320966770736949,0.44527412993900817,0.034480737225280444,0.031709640553378216,0.0,0.4907906592166882,0.4826387552899237,0.42728445538689075,0.4738678354636154,0.49165142731110417,0.4673344538425504,0.5009559056040714,0.42728445538689075,0.5727155446131093,19.88841695704267,22.00011898706798
884,2023,3,TB,PHI,11,25,-14,36,0,0,0,6.0,44.0,0.3283606432818853,-6.0,44.0,-7.85032829294911,37.52095156914895,0.23789535936435852,0.43310039361251995,0.28389360213023007,0.027643203905331926,0.03461906313363261,0.029226543804764082,0.3585115064108361,0.47757528416782674,0.39974315527409926,0.34860109973671366,0.6237556963579544,0.4610420752541582,0.5043388616122092,0.3880600444358262,0.5827134117594097,14.83531163809992,22.685639931049028
885,2023,3,CIN,LAR,19,16,3,35,1,0,0,-3.0,45.5,0.5879295521290574,3.0,45.5,3.6025526135028376,42.15095867067192,0.6285064558856619,0.5218807704234124,0.38744273991467537,0.03336357694524389,0.035031139656525434,0.0,0.6208237210497864,0.4738153890741784,0.4179217809877658,0.6001108210631093,0.36652560199164685,0.4572170960081099,0.5077517643353646,0.4179217809877658,0.5820782190122342,22.876755642087378,19.27420302858454
886,2023,4,GB,DET,20,34,-14,54,0,0,1,2.5,45.0,0.4265418943159657,-2.5,45.0,3.2917648021169756,48.35925358570838,0.6177744713147326,0.6947828776463334,0.6166022829330393,0.033641104105247455,0.0,0.03268517803185639,0.613957812540228,0.4660797637543329,0.45486435828261673,0.5933035938523321,0.3730553020424204,0.4660797637543329,0.5339202362456671,0.43999703575180327,0.5273177862163403,25.825509193912676,22.533744391795704
887,2023,4,JAX,ATL,23,7,16,30,1,1,0,-3.5,42.5,0.6022823943305156,3.5,42.5,6.109520803079706,47.237615411169806,0.7107252816862476,0.5907745998087448,0.6571021877617235,0.030366273314918812,0.0,0.0,0.6748782328004617,0.47087110879103716,0.46187058025111827,0.6543846959289534,0.31524903075612776,0.47087110879103716,0.5291288912089629,0.46187058025111827,0.5381294197488817,26.673568107124755,20.56404730404505
888,2023,4,BUF,MIA,48,20,28,68,1,1,1,-2.5,53.0,0.5734581056840342,2.5,53.0,-6.883432618628946,51.77445904309031,0.26578381129804274,0.2045770794256927,0.4569029808782738,0.029208418624451893,0.0,0.033871324350032594,0.38045470343665355,0.4890621719900065,0.4291362237104355,0.3693422231910341,0.6014493581845141,0.4890621719900065,0.5109378280099934,0.41460081148679123,0.5515278641631762,22.445513212230683,29.328945830859627
889,2023,4,CAR,MIN,13,21,-8,34,0,0,0,4.5,46.5,0.36944134018176367,-4.5,46.5,-10.44559452020456,51.555407076074964,0.17177769095873263,0.3004924055752845,0.6670220800876934,0.023007144181407813,0.0,0.0,0.3011467321135472,0.4836476663848366,0.4636456633860126,0.294218205828051,0.6827746499905412,0.4836476663848366,0.5163523336151634,0.4636456633860126,0.5363543366139873,20.554906277935203,31.00050079813976
890,2023,4,CHI,DEN,28,31,-3,59,0,0,1,3.0,47.0,0.4120704478709426,-3.0,47.0,-0.6556029218691625,41.686297582000485,0.4761950565139616,0.5845139795496206,0.3196058148445809,0.03502210112142157,0.03434278589969958,0.03072738549612586,0.5244865437030085,0.4711431064517969,0.4063155637229472,0.5061179229326168,0.45885997594596156,0.45496273961880346,0.510694474481497,0.3938305487633565,0.5754420657405176,20.515347330065662,21.170950251934823
891,2023,4,CLE,BAL,3,28,-25,31,0,0,0,2.0,38.5,0.44111292596172436,-2.0,38.5,4.170580832283283,37.16782838180432,0.647852233493111,0.712614603699566,0.4547138651122372,0.03279888096178285,0.030278371325219766,0.0,0.6332861411562206,0.465180461569918,0.4287881111810972,0.6125150643976909,0.3546860546405262,0.4510955548212669,0.5186260738535133,0.4287881111810972,0.5712118888189028,20.669204607043802,16.498623774760517
892,2023,4,HOU,PIT,30,6,24,36,1,1,0,3.0,41.5,0.4120704478709426,-3.0,41.5,-5.0791935967127735,37.00066102125611,0.32202402336323765,0.42492160804322027,0.3504078017655645,0.031750280716757784,0.03449890373018183,0.0,0.4219288722827869,0.4779272763609463,0.4117000775605448,0.4085325121453034,0.5597172071379388,0.461439309263742,0.5040617870060762,0.4117000775605448,0.5882999224394552,15.960733712271667,21.03992730898444
893,2023,4,IND,LAR,23,29,-6,52,0,0,1,1.0,44.5,0.47047572223260303,-1.0,44.5,4.958144116294694,41.73807730580022,0.6740261517017881,0.7060156586586559,0.406773148530894,0.031899775846124245,0.03058149489981077,0.0,0.6503664278406269,0.46551691624960123,0.4210883860578998,0.6296198845746663,0.33848033957920937,0.45128071304953843,0.5181377920506508,0.4210883860578998,0.5789116139421002,23.348110711047454,18.389966594752764
894,2023,4,NO,TB,9,26,-17,35,0,0,0,-4.0,41.0,0.616498092917068,4.0,41.0,5.620513097092469,43.72268729648863,0.6953819776194282,0.5586570058256901,0.5949930708482783,0.031047212782714717,0.03472598738294436,0.033149556064013874,0.6645378450278585,0.47225518670060673,0.45125300529854545,0.6439057971511118,0.3250469900661734,0.4558556590457114,0.5094183535713441,0.4362941685003466,0.5305562754356395,24.67160019679055,19.05108709969808
895,2023,4,PHI,WAS,34,31,3,65,1,0,1,-9.5,43.0,0.7591913433207376,9.5,43.0,17.34487764902157,44.32145320445009,0.9411079979272543,0.7549183363718885,0.5464546442939384,0.010963076142925167,0.0,0.03384118673643782,0.8722720973371715,0.462901168487031,0.44335931086340313,0.8627093119167151,0.1263276119403598,0.462901168487031,0.537098831512969,0.4283555056331363,0.5378033076304258,30.833165426735828,13.488287777714259
896,2023,4,TEN,CIN,27,3,24,30,1,1,0,2.5,41.5,0.4265418943159657,-2.5,41.5,-4.976278974577542,37.04375508049945,0.3253808141467885,0.4137855364912701,0.35177241059657527,0.03187756470928094,0.0,0.0,0.4243092490585954,0.47840947055621813,0.4119337044406042,0.41078330351498366,0.5573391317757355,0.47840947055621813,0.5215905294437819,0.4119337044406042,0.5880662955593958,16.033738052960956,21.010017027538495
897,2023,4,LAC,LV,24,17,7,41,1,0,0,-7.0,49.0,0.6979517285214231,7.0,49.0,3.858787110977335,52.464375978545284,0.6372782282468178,0.38745866594833833,0.6201371428275908,0.03311787955648732,0.033767304137565346,0.03259985583662778,0.6264596383115607,0.4795658700873726,0.4554625186083007,0.6057126234629578,0.3611694969805549,0.46337222349813617,0.5028604723642985,0.4406145061626827,0.5267856380006894,28.161581544761308,24.302794433783976
898,2023,4,DAL,NE,38,3,35,41,1,1,0,-6.5,43.0,0.6849128309162449,6.5,43.0,7.9367509267742715,44.56079081614629,0.7645147194491034,0.5502840808510739,0.5548177430839604,0.027497775130951918,0.0,0.033756227713744424,0.7125035221839803,0.4726121317902452,0.4447029392318758,0.692911260550954,0.2795909643180941,0.4726121317902452,0.5273878682097548,0.4296914455501932,0.5365523267360625,26.24877087146028,18.312019944686007
899,2023,4,SF,ARI,35,16,19,51,1,1,1,-15.0,44.0,0.8667397370974946,15.0,44.0,19.620897081732476,40.69777843529426,0.9613192133147508,0.6629164492680277,0.38531969936698324,0.0079189280202583,0.03230068898465632,0.03273045826231846,0.9004345237794754,0.4676179040159174,0.4175710534467476,0.8933040475987102,0.09877702438103152,0.45251352353464236,0.5151857874807013,0.4039037615103565,0.5633657802273251,30.159337758513367,10.538440676780892
900,2023,4,NYJ,KC,20,23,-3,43,0,1,1,9.5,41.5,0.24080865667926243,-9.5,41.5,-6.379226810968343,47.82416844623632,0.2809751514600512,0.6081531153384825,0.7054188941384076,0.029973398758381453,0.0,0.0,0.39198619389306893,0.47010914217504823,0.47080013623263306,0.3802370353957317,0.5897895658458868,0.47010914217504823,0.5298908578249517,0.47080013623263306,0.5291998637673669,20.72247081763399,27.10169762860233
901,2023,4,NYG,SEA,3,24,-21,27,0,0,0,2.5,46.5,0.4265418943159657,-2.5,46.5,-0.33496852332814997,50.11022277314115,0.4878317780704773,0.5755177954532106,0.6210706482253664,0.035065132212143746,0.0,0.0,0.5318737023594765,0.47153193648957076,0.45562086307963434,0.513223480666079,0.45171138712177716,0.47153193648957076,0.5284680635104293,0.45562086307963434,0.5443791369203657,24.8876271249065,25.222595648234652
902,2023,5,WAS,CHI,20,40,-20,60,0,0,1,-6.0,45.5,0.6716393567181147,6.0,45.5,0.7442027981667452,49.28439658714181,0.5270172243225726,0.31629851802326714,0.6267157756948946,0.035005312442164926,0.031527024574831586,0.0,0.5566132438844159,0.48286561739880995,0.4565818959428829,0.537128823372795,0.4278658641850401,0.4676423012127364,0.500830674212432,0.4565818959428829,0.5434181040571171,25.01429969265428,24.270096894487533
903,2023,5,BUF,JAX,20,25,-5,45,0,0,0,-5.5,48.5,0.6581456062996048,5.5,48.5,-3.9466182228212348,52.52409246099493,0.3597317535042745,0.2030034919116927,0.6344400455487403,0.03303021813167717,0.0,0.0,0.44817675001781876,0.48916456403689407,0.45790703292781254,0.43337337420318406,0.5335964076651388,0.48916456403689407,0.510835435963106,0.45790703292781254,0.5420929670721875,24.288737119086846,28.235355341908082
904,2023,5,ATL,HOU,21,19,2,40,1,0,0,-2.5,42.0,0.5734581056840342,2.5,42.0,-3.301771650729587,43.62920216725615,0.3818784668822879,0.3049087718173199,0.5572037728259739,0.03363252369278946,0.0,0.033729394846415905,0.46315319959437673,0.4834268874061647,0.4450873134651168,0.4475761886356276,0.5187912876715829,0.4834268874061647,0.5165731125938353,0.4300747877281214,0.5361958174254627,20.163715258263284,23.46548690899287
905,2023,5,DET,CAR,42,24,18,66,1,1,1,-9.5,43.5,0.7591913433207376,9.5,43.5,16.78217040034271,42.79970036114991,0.9349983012333555,0.739093221899467,0.4761567139873219,0.011807990799914653,0.0,0.0,0.8646287054019655,0.46378114634642315,0.4321910493548722,0.8544191776032369,0.1337728315968484,0.46378114634642315,0.5362188536535768,0.4321910493548722,0.5678089506451278,29.790935380746312,13.0087649804036
906,2023,5,IND,TEN,23,16,7,39,1,1,0,2.5,43.5,0.4265418943159657,-2.5,43.5,-4.613870202144399,42.729820351818276,0.3373166405458027,0.42624602555992286,0.47378076388917506,0.032308793598158525,0.0,0.0,0.4327002575313465,0.4778701607917892,0.4318145873034709,0.41872023422089616,0.5489709721809453,0.4778701607917892,0.5221298392082108,0.4318145873034709,0.5681854126965291,19.05797507483694,23.671845276981337
907,2023,5,MIA,NYG,31,16,15,47,1,1,0,-12.5,47.5,0.8227577615633441,12.5,47.5,23.332538847841136,42.30684362404432,0.9818970933778935,0.8296666945766291,0.328713611582097,0.004275433941236636,0.0,0.0,0.936933667018702,0.4580909048467111,0.4079314922114978,0.9329278690180429,0.06279669704072047,0.4580909048467111,0.5419090951532889,0.4079314922114978,0.5920685077885022,32.81969123594273,9.487152388101592
908,2023,5,NE,NO,0,34,-34,34,0,0,0,-2.5,38.5,0.5734581056840342,2.5,38.5,-0.9759061572102256,41.2199478253077,0.46459124723964573,0.37989873869534097,0.5918355098344522,0.03495141535890445,0.0,0.0,0.5170932015879826,0.4799030253276842,0.45073122058207576,0.4990200623200153,0.4660285223210803,0.4799030253276842,0.5200969746723159,0.45073122058207576,0.5492687794179243,20.122020834048737,21.097926991258962
909,2023,5,PIT,BAL,17,10,7,27,1,1,0,4.5,38.5,0.36944134018176367,-4.5,38.5,-5.9480192833664605,42.860752320207894,0.29430064162885766,0.44932366371141347,0.645196946847298,0.030595750883897654,0.0,0.0,0.4018880487717389,0.4768815813330932,0.45977349992393374,0.38959198214830304,0.5798122669677993,0.4768815813330932,0.5231184186669068,0.45977349992393374,0.5402265000760662,18.456366518420715,24.40438580178718
910,2023,5,ARI,CIN,20,34,-14,54,0,0,1,3.0,45.5,0.4120704478709426,-3.0,45.5,3.6521876599608922,51.59431504864851,0.6302111829159492,0.7273023375392016,0.698615340040126,0.03331716196033041,0.029564022473522078,0.0,0.6219172309631019,0.4644146302606059,0.46949546678019294,0.6011967138531841,0.3654861241864856,0.4506846656945489,0.519751311831929,0.46949546678019294,0.5305045332198071,27.623251354304703,23.97106369434381
911,2023,5,LAR,PHI,14,23,-9,37,0,0,0,3.5,50.5,0.39771760566948444,-3.5,50.5,0.9696924335844659,56.74741296007439,0.5351839070181827,0.652900051773543,0.7031548535023954,0.03495304900381124,0.0,0.0,0.5617544084263906,0.46808608983139416,0.4703640221281736,0.542119379060556,0.4229275719356328,0.46808608983139416,0.5319139101686059,0.4703640221281736,0.5296359778718265,28.858552696829427,27.888860263244965
912,2023,5,DEN,NYJ,21,31,-10,52,0,0,1,-2.5,42.5,0.5734581056840342,2.5,42.5,-0.7882495158556441,47.574486928916926,0.47138647749409807,0.3861988072076482,0.6676140417011025,0.03499617856045323,0.0,0.0,0.5214263303427308,0.4796218829939644,0.46375244016392936,0.5031784013799347,0.4618254200596121,0.4796218829939644,0.5203781170060355,0.46375244016392936,0.5362475598360706,23.39311870653064,24.181368222386286
913,2023,5,MIN,KC,20,27,-7,47,0,0,0,3.5,52.5,0.39771760566948444,-3.5,52.5,1.7415783952115493,53.88487916508286,0.5630026700043458,0.6776216274595334,0.5470697081945619,0.034671383979911374,0.0,0.0,0.5792667480303124,0.46691799657581196,0.4434579471711883,0.559182768182559,0.40614584783752977,0.46691799657581196,0.5330820034241881,0.4434579471711883,0.5565420528288116,27.813228780147202,26.071650384935655
914,2023,5,SF,DAL,42,10,32,52,1,1,1,-3.5,45.0,0.6022823943305156,3.5,45.0,5.557299620638698,44.69184629029666,0.6933716560609422,0.5718019462149657,0.48914310097313835,0.031132142569265775,0.0,0.03404542705186686,0.6631934332786387,0.4716919062391621,0.43424750256802075,0.6425468007628072,0.326321056667927,0.4716919062391621,0.528308093760838,0.41946336089688585,0.5464912120512473,25.124572955467677,19.567273334828982
915,2023,5,LV,GB,17,13,4,30,1,1,0,-1.0,45.0,0.529524277767397,1.0,45.0,1.7731094141988475,49.55804587826993,0.5641332180591001,0.5280648819028076,0.6562503967150356,0.034656532132579076,0.034999377084225125,0.0315740824864425,0.5799790517880945,0.4735541648523202,0.4617193719732508,0.5598789891435776,0.4054644787238432,0.45698006406684855,0.5080205588489263,0.4471410064369789,0.5212849110765785,25.66557764623439,23.89246823203554
916,2023,6,KC,DEN,19,8,11,27,1,1,0,-10.5,47.5,0.7816499846386211,10.5,47.5,16.9056559516151,45.99408980344108,0.9363799879785965,0.713436646658854,0.4488383669065783,0.011619601993627618,0.0,0.0,0.8663289283737282,0.465138231373414,0.4278527258733156,0.8562625310304596,0.13211786697591282,0.465138231373414,0.534861768626586,0.4278527258733156,0.5721472741266844,31.449872877528087,14.54421692591299
917,2023,6,TEN,BAL,16,24,-8,40,0,0,0,5.5,42.5,0.34185439370039516,-5.5,42.5,-6.513396956247194,45.74163763341613,0.27689089477558293,0.46448526158222375,0.6090403338443366,0.029773615370638495,0.0,0.0,0.3889124293351589,0.47623754150009334,0.45359207302814675,0.37733310025127326,0.5928932843780882,0.47623754150009334,0.5237624584999067,0.45359207302814675,0.5464079269718533,19.61412033858447,26.127517294831662
918,2023,6,ATL,WAS,16,24,-8,40,0,0,0,-1.5,42.0,0.5442358810453114,1.5,42.0,-1.5065527439162907,41.118736349999104,0.44544030715523203,0.39571212324340566,0.4689796077067511,0.034773863860884546,0.0,0.033960965378900254,0.5048188375504671,0.4792005499522815,0.4310535075825676,0.48726433601907715,0.4779618001200383,0.4792005499522815,0.5207994500477184,0.4164145143351025,0.5496245202859972,19.806091803041408,21.312644546957696
919,2023,6,CHI,MIN,13,19,-6,32,0,0,0,3.0,44.5,0.4120704478709426,-3.0,44.5,-1.9169372146516939,44.37210208948166,0.4307168203758739,0.5392843529803729,0.4956429171483659,0.03458549394321597,0.03492161469353905,0.0,0.49530844887302894,0.47307929213005534,0.43527658700375244,0.4781779615145071,0.48723654454227694,0.45655859937079735,0.5085197859356636,0.43527658700375244,0.5647234129962475,21.22758243741498,23.144519652066677
920,2023,6,CIN,SEA,17,13,4,30,1,1,0,-3.0,45.5,0.5879295521290574,3.0,45.5,3.6025526135028376,42.15095867067192,0.6285064558856619,0.5218807704234124,0.38744273991467537,0.03336357694524389,0.035031139656525434,0.0,0.6208237210497864,0.4738153890741784,0.4179217809877658,0.6001108210631093,0.36652560199164685,0.4572170960081099,0.5077517643353646,0.4179217809877658,0.5820782190122342,22.876755642087378,19.27420302858454
921,2023,6,CLE,SF,19,17,2,36,1,1,0,9.5,36.0,0.24080865667926243,-9.5,36.0,-5.030413585604946,47.914400231963,0.323613251152934,0.652896608089258,0.8524603884146502,0.03181087273186145,0.0,0.02030318253443697,0.42305698939335107,0.4680862496909554,0.506224546832322,0.4095991773454347,0.5585899499227038,0.4680862496909554,0.5319137503090445,0.4959465774545727,0.4837502400109903,21.441993323179027,26.472406908783974
922,2023,6,HOU,NO,20,13,7,33,1,1,0,2.0,42.5,0.44111292596172436,-2.0,42.5,5.851199709791722,44.26652034707689,0.7026665769785976,0.7621290110032731,0.5599535629449913,0.03073118077902559,0.02764174165292177,0.0,0.6694291794723866,0.46248762278568684,0.4455308977487636,0.6488568303392659,0.3204119888817085,0.44970365939897095,0.5226545989481073,0.4455308977487636,0.5544691022512365,25.058860028434307,19.207660318642585
923,2023,6,JAX,IND,37,20,17,57,1,1,1,-4.0,44.0,0.616498092917068,4.0,44.0,6.651389753830324,45.01727764971896,0.7272783235503113,0.5953735417245285,0.5357956818708924,0.029565235779287047,0.03413975689074045,0.0339290244660187,0.6862081854757204,0.47067050413067424,0.4416540158246379,0.6659202786784539,0.30451448554225896,0.4546019275440108,0.5112583155652488,0.4266691259162084,0.5394018496177729,25.834333701774643,19.18294394794432
924,2023,6,MIA,CAR,42,21,21,63,1,1,1,-14.0,47.5,0.8501407016943955,14.0,47.5,23.204224487436203,42.98823054457433,0.9813868521625169,0.798235701147969,0.350014538095347,0.0043752848613335185,0.025282447198701985,0.0,0.9358611513275864,0.4602729923314829,0.4116326789093117,0.9317664921998726,0.06385822293879383,0.4486361647058736,0.5260813880954244,0.4116326789093117,0.5883673210906883,33.096227516005264,9.892003028569063
925,2023,6,LV,NE,21,17,4,38,1,1,0,-3.0,41.5,0.5879295521290574,3.0,41.5,-1.569634314323545,39.28149317313751,0.44317150895925,0.3387854709182325,0.42487056600833817,0.03474778534584155,0.03235957709503934,0.0,0.5033578588461552,0.48178822513544156,0.42401597903749877,0.48586728801482665,0.4793849266393318,0.46619776192068907,0.5014426609842716,0.42401597903749877,0.5759840209625012,18.855929429406984,20.425563743730528
926,2023,6,LAR,ARI,26,9,17,35,1,1,0,-7.0,48.0,0.6979517285214231,7.0,48.0,6.377511013550377,47.58926522396425,0.7189724249162666,0.4773960586263491,0.4855303871147708,0.02997593527428022,0.0350278320920443,0.03403627966345657,0.6804989177050447,0.4756914156863997,0.43367553454382,0.6601003261937005,0.30992373853201927,0.45902897665010967,0.505943191257846,0.4189148327668875,0.5470488875696559,26.98338811875731,20.605877105206936
927,2023,6,NYJ,PHI,20,14,6,34,1,1,0,6.5,43.0,0.3150871690837551,-6.5,43.0,-7.596956497934801,40.12677388693796,0.2450405265440863,0.4615656283422851,0.39986685382733883,0.028064673586185473,0.0,0.03304795488313739,0.36423755645463624,0.4763613027154242,0.41996225464397235,0.35401534832490705,0.6179199780889074,0.4763613027154242,0.5236386972845758,0.4060833609998777,0.560868684116985,16.264908694501578,23.861865192436383
928,2023,6,TB,DET,6,20,-14,26,0,0,0,3.0,43.5,0.4120704478709426,-3.0,43.5,-4.721421594666724,42.32223971240056,0.333756126015953,0.4377203332682572,0.459944123592487,0.03218362377844608,0.03468074194542048,0.0,0.43020877026897464,0.47737716967199006,0.42961950528458387,0.41636309306045,0.5514532831611039,0.4608213752399606,0.5044978828146189,0.42961950528458387,0.5703804947154161,18.80040905886692,23.52183065353364
929,2023,6,BUF,NYG,14,9,5,23,1,0,0,-15.5,43.5,0.8745462947506933,15.5,43.5,19.589015445384607,40.41107995590291,0.961081619714984,0.640455617895024,0.3959757202107395,0.007957292599482753,0.0,0.0,0.9000706799736501,0.46865914879058446,0.41932530622486286,0.8929085542128844,0.0991341531876329,0.46865914879058446,0.5313408512094155,0.41932530622486286,0.5806746937751371,30.000047700643762,10.411032255259153
930,2023,6,LAC,DAL,17,20,-3,37,0,0,0,1.5,49.5,0.4557641189546886,-1.5,49.5,0.13395282957730897,50.79737883809265,0.5048666874065988,0.5571413161704855,0.5441082775343968,0.03507791313347741,0.0,0.0,0.5426488574721906,0.47231989915737665,0.4429832769078582,0.5236138679878003,0.44130821887872224,0.47231989915737665,0.5276801008426233,0.4429832769078582,0.5570167230921418,25.46566583383498,25.33171300425767
931,2023,7,NO,JAX,24,31,-7,55,0,0,1,-2.5,41.0,0.5734581056840342,2.5,41.0,-0.9759061572102256,41.2199478253077,0.46459124723964573,0.37989873869534097,0.5077497056937392,0.03495141535890445,0.0,0.03405120639633852,0.5170932015879826,0.4799030253276842,0.4371945218346906,0.4990200623200153,0.4660285223210803,0.4799030253276842,0.5200969746723159,0.42230752093634905,0.5436412726673124,20.122020834048737,21.097926991258962
932,2023,7,BAL,DET,38,6,32,44,1,1,1,-3.0,43.5,0.5879295521290574,3.0,43.5,-2.1117020300253144,41.88853594411065,0.4237624922113877,0.320966770736949,0.44527412993900817,0.034480737225280444,0.031709640553378216,0.0,0.4907906592166882,0.4826387552899237,0.42728445538689075,0.4738678354636154,0.49165142731110417,0.4673344538425504,0.5009559056040714,0.42728445538689075,0.5727155446131093,19.88841695704267,22.00011898706798
933,2023,7,CHI,LV,30,12,18,42,1,1,1,2.5,38.5,0.4265418943159657,-2.5,38.5,-1.6038706769441275,36.515668106542634,0.4419409602623236,0.5314141275406333,0.4327207847357749,0.03473319248993134,0.0,0.0,0.5025647941334297,0.4734125479564096,0.4252769709207794,0.48510911440013055,0.4801576931099381,0.4734125479564096,0.5265874520435905,0.4252769709207794,0.5747230290792207,17.455898714799254,19.05976939174338
934,2023,7,IND,CLE,38,39,-1,77,0,1,1,3.5,40.0,0.39771760566948444,-3.5,40.0,-1.7579962636633124,38.150917367765814,0.4364085986629368,0.5608914222355524,0.4351422230017098,0.03466368323833635,0.0,0.033635525615861694,0.4989933658294024,0.4721597043576522,0.42566500204644564,0.48169641785826073,0.483639898903403,0.4721597043576522,0.5278402956423478,0.4113475359663366,0.5550169384178018,18.19646055205125,19.954456815714565
935,2023,7,NE,BUF,29,25,4,54,1,1,1,7.5,41.0,0.2892573607539719,-7.5,41.0,-6.56131617406384,42.511606277625454,0.2754394670600463,0.532902580401804,0.5531010280492109,0.029701583421606004,0.0,0.03377482062426679,0.3878155117851685,0.4733495750905226,0.4444266809494036,0.3762967770096885,0.5940016395687056,0.4733495750905226,0.5266504249094774,0.42941624951969926,0.5368089298560341,17.975145051780807,24.536461225844647
936,2023,7,NYG,WAS,14,7,7,21,1,1,0,3.0,37.0,0.4120704478709426,-3.0,37.0,-1.8891326934805084,36.47257404729929,0.43171148245050034,0.5402893625278858,0.4814222478983283,0.03459964707601071,0.03491337978307496,0.03402270469971613,0.4959532045045267,0.47303668162541324,0.43302505091054455,0.4787933986624535,0.4866069542615358,0.45652137230849965,0.5085652479084254,0.41829236747583554,0.5476849278244483,17.291720676909392,19.180853370389897
937,2023,7,TB,ATL,13,16,-3,29,0,0,0,-3.0,37.5,0.5879295521290574,3.0,37.5,3.310098618280245,39.00542618062254,0.6184102579567257,0.5112650441865721,0.5511452795892132,0.033625365522831796,0.03506730714356243,0.0,0.6143637345574556,0.4742632277275223,0.4441122464197349,0.5937055294189891,0.372669105058179,0.45763209345390393,0.5073005994025336,0.4441122464197349,0.5558877535802651,21.157762399451393,17.84766378117115
938,2023,7,LAR,PIT,17,24,-7,41,0,0,0,-3.5,44.0,0.6022823943305156,3.5,44.0,2.7815699893699386,43.71902344648359,0.5999562787005214,0.4748058709304904,0.4901003963413634,0.034046533282453884,0.0,0.03404741339715822,0.602618647868402,0.4758008498499892,0.4343990592728516,0.5821015720171231,0.383851894700423,0.4758008498499892,0.5241991501500107,0.4196088949224522,0.5463436916803895,23.250296717926766,20.468726728556824
939,2023,7,SEA,ARI,20,10,10,30,1,1,0,-9.5,43.5,0.7591913433207376,9.5,43.5,16.78217040034271,42.79970036114991,0.9349983012333555,0.739093221899467,0.4761567139873219,0.011807990799914653,0.0,0.0,0.8646287054019655,0.46378114634642315,0.4321910493548722,0.8544191776032369,0.1337728315968484,0.46378114634642315,0.5362188536535768,0.4321910493548722,0.5678089506451278,29.790935380746312,13.0087649804036
940,2023,7,DEN,GB,19,17,2,36,1,1,0,-1.5,44.0,0.5442358810453114,1.5,44.0,-6.312919984713552,42.25596427485803,0.2830045837784108,0.24596637396501203,0.4387959496792903,0.030071080549315732,0.0,0.0336818190771897,0.39350656020096414,0.4865529640001787,0.42624974626091905,0.3816733927324768,0.5882555267182075,0.4865529640001787,0.5134470359998213,0.4118928794256608,0.5544253014971495,17.97152214507224,24.28444212978579
941,2023,7,KC,LAC,31,17,14,48,1,1,0,-5.5,48.5,0.6581456062996048,5.5,48.5,-3.9466182228212348,52.52409246099493,0.3597317535042745,0.2030034919116927,0.6344400455487403,0.03303021813167717,0.0,0.0,0.44817675001781876,0.48916456403689407,0.45790703292781254,0.43337337420318406,0.5335964076651388,0.48916456403689407,0.510835435963106,0.45790703292781254,0.5420929670721875,24.288737119086846,28.235355341908082
942,2023,7,PHI,MIA,31,17,14,48,1,1,0,-3.0,52.0,0.5879295521290574,3.0,52.0,2.491801519605552,54.64715421173546,0.589737144549778,0.48154279444144804,0.5924075881950325,0.0342482646505452,0.035045336686636674,0.033198586452247936,0.5961429085799204,0.4755163274266911,0.4508256538835062,0.5757260484773294,0.3900256868721253,0.4588516976320297,0.5061029656813335,0.4358588794381634,0.5309425341095886,28.569477865670507,26.077676346064955
943,2023,7,MIN,SF,22,17,5,39,1,1,0,7.0,44.5,0.30204827147857694,-7.0,44.5,-7.8131781700174,42.00294377691485,0.23893561886181924,0.4704832461333496,0.41557168798795907,0.027705463146184717,0.03499077760189495,0.0,0.3593499223679578,0.4759836143559712,0.42251562586352304,0.34939396633720804,0.6229005705166073,0.4593285775638953,0.5056806448342097,0.42251562586352304,0.577484374136477,17.094882803448723,24.908060973466124
944,2023,8,BUF,TB,24,18,6,42,1,0,0,-10.0,43.0,0.7705746740352664,10.0,43.0,15.877334113344324,43.95207346375439,0.924144023415081,0.7034866588980399,0.5335070603325297,0.013237143261418172,0.030694784595880098,0.03394490406610434,0.8517811804009964,0.4656446937437226,0.44128877937225913,0.8405060308886485,0.14625682584993333,0.45135183017104447,0.5179533852330754,0.4263092740910195,0.5397458218428761,29.914703788549357,14.037369675205031
945,2023,8,CAR,HOU,15,13,2,28,1,1,0,3.0,43.0,0.4120704478709426,-3.0,43.0,-1.2373562718710345,42.72094848700724,0.4551420776063602,0.563758029263959,0.4901682067786117,0.03487331044080977,0.034661490553373586,0.03404754714986913,0.5110492759064452,0.4720370547359488,0.434409794875022,0.4932272958572087,0.47189939370198153,0.45567554682237643,0.50966296262425,0.4196192069016497,0.5463332459484811,20.741796107568103,21.97915237943914
946,2023,8,DAL,LAR,43,20,23,63,1,1,1,-6.5,44.5,0.6849128309162449,6.5,44.5,4.508521748668143,46.217846352027436,0.6591811592172718,0.4304715005201367,0.558313609694367,0.03242905943178209,0.0,0.0,0.6406445831858004,0.47768824137985866,0.4452662674310644,0.6198690819230188,0.3477018586451991,0.47768824137985866,0.5223117586201413,0.4452662674310644,0.5547337325689357,25.36318405034779,20.854662301679646
947,2023,8,GB,MIN,10,24,-14,34,0,0,0,1.0,41.5,0.47047572223260303,-1.0,41.5,1.5579700825858667,37.5083415834018,0.5564091166822933,0.5920765064681227,0.3666020468618299,0.03475268655552072,0.03420405072278093,0.0,0.5751139663687072,0.47081439091668287,0.4144494818369224,0.5551272109617932,0.41012010248268604,0.4547106316087534,0.5110853176684657,0.4144494818369224,0.5855505181630776,19.533155832993835,17.975185750407967
948,2023,8,IND,NO,27,38,-11,65,0,0,1,2.0,43.5,0.44111292596172436,-2.0,43.5,1.0172746063439806,43.38198062707996,0.5369053832725237,0.608217343145172,0.4959794362390288,0.034940275260063436,0.03386709584234282,0.0,0.5628378962773738,0.4701063052892534,0.4353298723634767,0.5431721852546474,0.4218875394852893,0.4541851699919326,0.5119477341657247,0.4353298723634767,0.5646701276365234,22.19962761671197,21.18235301036799
949,2023,8,MIA,NE,31,17,14,48,1,1,1,-7.5,46.5,0.7107426392460281,7.5,46.5,8.052251734830964,50.76685059671437,0.7677140204682876,0.5193718091332055,0.6422078050182679,0.02730214664950703,0.0,0.0,0.7148240450725242,0.4739212893661941,0.4592522645139048,0.6953078141653602,0.27739003918513266,0.4739212893661941,0.5260787106338058,0.4592522645139048,0.5407477354860952,29.40955116577267,21.3572994309417
950,2023,8,NYG,NYJ,10,13,-3,23,0,0,0,3.0,35.0,0.4120704478709426,-3.0,35.0,-1.8891326934805084,36.47257404729929,0.43171148245050034,0.5402893625278858,0.5517379320502978,0.03459964707601071,0.03491337978307496,0.0337891590542066,0.4959532045045267,0.47303668162541324,0.44420749781691005,0.4787933986624535,0.4866069542615358,0.45652137230849965,0.5085652479084254,0.4291981000201034,0.5370127409256901,17.291720676909392,19.180853370389897
951,2023,8,PIT,JAX,10,20,-10,30,0,0,0,2.5,41.0,0.4265418943159657,-2.5,41.0,-1.6038706769441275,36.515668106542634,0.4419409602623236,0.5314141275406333,0.3461424241012426,0.03473319248993134,0.0,0.03165086436819797,0.5025647941334297,0.4734125479564096,0.4109673564324437,0.48510911440013055,0.4801576931099381,0.4734125479564096,0.5265874520435905,0.39795988437424357,0.5703892512575586,17.455898714799254,19.05976939174338
952,2023,8,TEN,ATL,28,23,5,51,1,1,1,2.5,35.0,0.4265418943159657,-2.5,35.0,-1.6038706769441275,36.515668106542634,0.4419409602623236,0.5314141275406333,0.5532428396565832,0.03473319248993134,0.0,0.03377330732548506,0.5025647941334297,0.4734125479564096,0.4444494925336679,0.48510911440013055,0.4801576931099381,0.4734125479564096,0.5265874520435905,0.4294389632316724,0.5367877294428424,17.455898714799254,19.05976939174338
953,2023,8,WAS,PHI,31,38,-7,69,0,0,1,7.0,42.5,0.30204827147857694,-7.0,42.5,-7.748653238641292,43.786276845066915,0.2407484650557919,0.47282146635960903,0.5437323541227926,0.027813227348256975,0.03500441330308002,0.0,0.3608070959918366,0.4758847299930458,0.4429230662432847,0.3507718862021513,0.6214148864495918,0.4592266642197446,0.5057689224771754,0.4429230662432847,0.5570769337567153,18.018811803212813,25.767465041854102
954,2023,8,SEA,CLE,24,20,4,44,1,0,1,-4.0,39.5,0.616498092917068,4.0,39.5,5.620513097092469,43.72268729648863,0.6953819776194282,0.5586570058256901,0.6407989353501785,0.031047212782714717,0.03472598738294436,0.0,0.6645378450278585,0.47225518670060673,0.45900729262142764,0.6439057971511118,0.3250469900661734,0.4558556590457114,0.5094183535713441,0.45900729262142764,0.5409927073785723,24.67160019679055,19.05108709969808
955,2023,8,ARI,BAL,24,31,-7,55,0,1,1,9.5,44.5,0.24080865667926243,-9.5,44.5,-5.359910655683671,48.78223917045951,0.31294415418835614,0.6421342626453512,0.6426982679393717,0.03139259685411255,0.0,0.0,0.4154423235717458,0.46858237011060677,0.4593376500599772,0.40240051019172224,0.5662068929541653,0.46858237011060677,0.5314176298893932,0.4593376500599772,0.5406623499400228,21.71116425738792,27.07107491307159
956,2023,8,DEN,KC,24,9,15,33,1,1,0,7.0,45.5,0.30204827147857694,-7.0,45.5,-14.433878134665354,45.79743228557532,0.09599363395353688,0.2497013505357678,0.5101317022507657,0.015676795462495674,0.0283318982173435,0.0,0.21966390443913328,0.486341473373633,0.43757219501762973,0.2162202783387478,0.7681029261987565,0.47256249625113833,0.49910560553151817,0.43757219501762973,0.5624278049823703,15.681777075454981,30.115655210120337
957,2023,8,SF,CIN,17,31,-14,48,0,0,1,-4.0,44.0,0.616498092917068,4.0,44.0,6.651389753830324,45.01727764971896,0.7272783235503113,0.5953735417245285,0.5357956818708924,0.029565235779287047,0.03413975689074045,0.0339290244660187,0.6862081854757204,0.47067050413067424,0.4416540158246379,0.6659202786784539,0.30451448554225896,0.4546019275440108,0.5112583155652488,0.4266691259162084,0.5394018496177729,25.834333701774643,19.18294394794432
958,2023,8,LAC,CHI,30,13,17,43,1,1,0,-9.5,46.0,0.7591913433207376,9.5,46.0,16.0151713478838,44.24583154000297,0.9258823351429241,0.7167066980181754,0.43844327450644005,0.013014072930946127,0.0,0.03367746889673351,0.8537822451333308,0.4649695229520082,0.4261933422780087,0.8426710607280187,0.1443148663410352,0.4649695229520082,0.5350304770479918,0.4118402292494462,0.5544823018538204,30.130501443943384,14.115330096059584
959,2023,8,DET,LV,26,14,12,40,1,1,0,-7.0,46.0,0.6979517285214231,7.0,46.0,5.459149446869344,50.78739794568058,0.6902383914526454,0.4442065147854709,0.6636538746555557,0.031262557512309996,0.03475981506538739,0.03132843835691035,0.6611025702742078,0.47709981061938284,0.4630399705793238,0.6404348131494745,0.3283026293382156,0.46051590943452175,0.5047242755000908,0.44853365140424384,0.5201379102388458,28.123273696274964,22.664124249405617
960,2023,9,PIT,TEN,20,16,4,36,1,1,0,-3.5,37.0,0.6022823943305156,3.5,37.0,4.35803932053551,42.306235223007796,0.6541539775553873,0.5300814588778697,0.6801591946275665,0.032596775067024075,0.0,0.03073626596244272,0.6373732439018258,0.47346891058817087,0.4660393783593447,0.6165969316366186,0.3508062932963574,0.47346891058817087,0.5265310894118291,0.4517150680771204,0.5175486659604368,23.332137271771654,18.974097951236143
961,2023,9,KC,MIA,21,14,7,35,1,1,0,-1.0,51.0,0.529524277767397,1.0,51.0,-5.1806446614822645,45.91590133063193,0.31872953825155637,0.2870745779670311,0.326865059832916,0.031622769400179496,0.03026382413723605,0.030995860871418257,0.4195835278640872,0.4843301920027786,0.40760525170171136,0.40631513471832736,0.5620620958814931,0.4696725082476527,0.5000636676151112,0.3949711760295057,0.574032963099076,20.367628334574835,25.548272996057097
962,2023,9,ATL,MIN,28,31,-3,59,0,0,1,-3.5,38.5,0.6022823943305156,3.5,38.5,4.35803932053551,42.306235223007796,0.6541539775553873,0.5300814588778697,0.6274216983969273,0.032596775067024075,0.0,0.0,0.6373732439018258,0.47346891058817087,0.4567025038457865,0.6165969316366186,0.3508062932963574,0.47346891058817087,0.5265310894118291,0.4567025038457865,0.5432974961542135,23.332137271771654,18.974097951236143
963,2023,9,BAL,SEA,37,3,34,40,1,1,0,-6.0,44.5,0.6716393567181147,6.0,44.5,-2.1702168464589024,45.95957117864768,0.42167781818889494,0.2290441727995189,0.5495955809862917,0.03444735248003028,0.02710089506013036,0.0,0.48943289676458585,0.48753967482034855,0.4438633070955919,0.47257322925441386,0.4929794182655559,0.4743269132553922,0.4985721916844774,0.4438633070955919,0.556136692904408,21.89467716609439,24.06489401255329
964,2023,9,CLE,ARI,27,0,27,27,1,1,0,-13.0,38.0,0.8322169448845721,13.0,38.0,21.0048352857,42.17908024617567,0.9705403191291467,0.7664036242014494,0.6438823089854481,0.0063718372915149875,0.027382630642741712,0.03195733913032661,0.9153923576697851,0.4622384144892579,0.45954400670713524,0.9095596265088169,0.08406853619966806,0.449581110716412,0.5230362586408462,0.44485820303948626,0.5231844578301872,31.591957765937835,10.587122480237836
965,2023,9,GB,LAR,20,3,17,23,1,1,0,-3.5,38.0,0.6022823943305156,3.5,38.0,4.35803932053551,42.306235223007796,0.6541539775553873,0.5300814588778697,0.64805040139977,0.032596775067024075,0.0,0.03183194232776543,0.6373732439018258,0.47346891058817087,0.4602730039593254,0.6165969316366186,0.3508062932963574,0.47346891058817087,0.5265310894118291,0.4456216202422648,0.5225464374299698,23.332137271771654,18.974097951236143
966,2023,9,HOU,TB,39,37,2,76,1,0,1,-2.5,39.5,0.5734581056840342,2.5,39.5,-0.9759061572102256,41.2199478253077,0.46459124723964573,0.37989873869534097,0.558384434644038,0.03495141535890445,0.0,0.0,0.5170932015879826,0.4799030253276842,0.44527769114453797,0.4990200623200153,0.4660285223210803,0.4799030253276842,0.5200969746723159,0.44527769114453797,0.554722308855462,20.122020834048737,21.097926991258962
967,2023,9,NE,WAS,17,20,-3,37,0,0,0,-2.5,40.5,0.5734581056840342,2.5,40.5,-0.9759061572102256,41.2199478253077,0.46459124723964573,0.37989873869534097,0.5245114220638201,0.03495141535890445,0.0,0.0,0.5170932015879826,0.4799030253276842,0.43985583410528467,0.4990200623200153,0.4660285223210803,0.4799030253276842,0.5200969746723159,0.43985583410528467,0.5601441658947153,20.122020834048737,21.097926991258962
968,2023,9,NO,CHI,24,17,7,41,1,0,0,-9.0,42.0,0.7475074624530771,9.0,42.0,11.49199000472763,44.10364540626925,0.8511153883689545,0.5897438130886613,0.5736876704964727,0.02105327288514619,0.034248140270045635,0.033512424481710434,0.780299089478375,0.4709159764360271,0.4477571929230241,0.7638712398155556,0.21507548729929812,0.45478798001964055,0.5109638797103138,0.4327517638090486,0.5337358117092409,27.79781770549844,16.305827700770813
969,2023,9,CAR,IND,13,27,-14,40,0,0,0,1.5,45.0,0.4557641189546886,-1.5,45.0,8.980210752187366,46.137525223041706,0.7925007900735429,0.8216985590411666,0.540013027753273,0.02568377153901935,0.0,0.033897004698202504,0.733197515129667,0.4586717185900279,0.4423278607995543,0.7143662376580999,0.25994999080288067,0.4586717185900279,0.541328281409972,0.4273342712238859,0.5387687240779117,27.558867987614537,18.57865723542717
970,2023,9,LV,NYG,30,6,24,36,1,1,0,-1.0,38.5,0.529524277767397,1.0,38.5,-0.024791213215711795,39.98812540082316,0.499099279423387,0.4628227376758534,0.5505606792228525,0.03508026327091468,0.034938201862520946,0.0,0.5390051839152785,0.47630800117194416,0.44401831604877184,0.5200967401591428,0.44482299656994256,0.4596666560782649,0.5053951420592141,0.44401831604877184,0.5559816839512282,19.981667093803722,20.006458307019436
971,2023,9,PHI,DAL,28,23,5,51,1,1,1,-3.5,46.5,0.6022823943305156,3.5,46.5,-0.2525990172671443,47.20551216947258,0.4908233370032324,0.3706678185201949,0.5240205445868898,0.03507169393585746,0.0,0.0,0.5337689906055149,0.48031828713450464,0.4397777505355176,0.5150488079345467,0.4498794981295958,0.48031828713450464,0.5196817128654954,0.4397777505355176,0.5602222494644824,23.476456576102716,23.72905559336986
972,2023,9,CIN,BUF,24,18,6,42,1,1,0,-1.5,51.0,0.5442358810453114,1.5,51.0,-5.0862733605663655,45.55703799267375,0.3217936456100211,0.2811798724418031,0.31554992514840785,0.031741447663807265,0.0,0.030572098802834402,0.42176516358656957,0.48463603409170686,0.40558881555455,0.40837772672016937,0.5598808256160234,0.48463603409170686,0.5153639659082931,0.39318911421209174,0.5762387869850739,20.23538231605369,25.321655676620058
973,2023,9,NYJ,LAC,6,27,-21,33,0,0,0,3.0,41.0,0.4120704478709426,-3.0,41.0,-1.8891326934805084,36.47257404729929,0.43171148245050034,0.5402893625278858,0.3447427775021006,0.03459964707601071,0.03491337978307496,0.0316061061086742,0.4959532045045267,0.47303668162541324,0.410726086148492,0.4787933986624535,0.4866069542615358,0.45652137230849965,0.5085652479084254,0.3977446338880823,0.5706492600032435,17.291720676909392,19.180853370389897
974,2023,10,CHI,CAR,16,13,3,29,1,0,0,-3.0,38.0,0.5879295521290574,3.0,38.0,3.310098618280245,39.00542618062254,0.6184102579567257,0.5112650441865721,0.5353797921026745,0.033625365522831796,0.03506730714356243,0.0339319883607444,0.6143637345574556,0.4742632277275223,0.44158762268194496,0.5937055294189891,0.372669105058179,0.45763209345390393,0.5073005994025336,0.4266036766088524,0.5394643350304031,21.157762399451393,17.84766378117115
975,2023,10,NE,IND,6,10,-4,16,0,0,0,1.0,42.0,0.47047572223260303,-1.0,42.0,3.3705125141842185,38.26102576677958,0.620502973094992,0.6545717522405542,0.3706785462881324,0.03357293806071848,0.03258305738683248,0.032365728714322084,0.6157005524760925,0.468008400298871,0.4151341057545322,0.5950296759638625,0.37139738597541905,0.4527592557344132,0.5146576868787545,0.4016979879076183,0.5659362833780597,20.8157691404819,17.44525662629768
976,2023,10,BAL,CLE,31,33,-2,64,0,0,1,-6.0,38.5,0.6716393567181147,6.0,38.5,-0.5535642769351372,39.65018187053179,0.47989654092758627,0.27567400362233774,0.5391209770166091,0.03503881104232198,0.029713259980520434,0.0,0.5268390135972247,0.4849252571957555,0.44218523860510767,0.5083792009500683,0.45658198800760974,0.4705165469575773,0.4997701930619023,0.44218523860510767,0.5578147613948923,19.548308796798327,20.10187307373346
977,2023,10,CIN,HOU,27,30,-3,57,0,0,1,-5.5,46.0,0.6581456062996048,5.5,46.0,-6.642090564748782,44.05371309718436,0.2730016267408843,0.14275137178648006,0.431766351161531,0.02957936917404902,0.0,0.033590338596651836,0.3859675919568135,0.4936524784594402,0.4251239094467337,0.3745509140651042,0.5958697167608468,0.4936524784594402,0.5063475215405597,0.4108438533828856,0.5555658080204626,18.705811266217786,25.34790183096657
978,2023,10,JAX,SF,3,34,-31,37,0,0,0,3.0,44.5,0.4120704478709426,-3.0,44.5,-1.9169372146516939,44.37210208948166,0.4307168203758739,0.5392843529803729,0.4956429171483659,0.03458549394321597,0.03492161469353905,0.0,0.49530844887302894,0.47307929213005534,0.43527658700375244,0.4781779615145071,0.48723654454227694,0.45655859937079735,0.5085197859356636,0.43527658700375244,0.5647234129962475,21.22758243741498,23.144519652066677
979,2023,10,MIN,NO,27,19,8,46,1,1,1,3.0,41.0,0.4120704478709426,-3.0,41.0,-1.8891326934805084,36.47257404729929,0.43171148245050034,0.5402893625278858,0.3447427775021006,0.03459964707601071,0.03491337978307496,0.0316061061086742,0.4959532045045267,0.47303668162541324,0.410726086148492,0.4787933986624535,0.4866069542615358,0.45652137230849965,0.5085652479084254,0.3977446338880823,0.5706492600032435,17.291720676909392,19.180853370389897
980,2023,10,PIT,GB,23,19,4,42,1,1,1,-3.0,38.5,0.5879295521290574,3.0,38.5,3.310098618280245,39.00542618062254,0.6184102579567257,0.5112650441865721,0.5172132912284688,0.033625365522831796,0.03506730714356243,0.0,0.6143637345574556,0.4742632277275223,0.438695927403533,0.5937055294189891,0.372669105058179,0.45763209345390393,0.5073005994025336,0.438695927403533,0.561304072596467,21.157762399451393,17.84766378117115
981,2023,10,TB,TEN,20,6,14,26,1,1,0,-2.5,39.5,0.5734581056840342,2.5,39.5,-0.9759061572102256,41.2199478253077,0.46459124723964573,0.37989873869534097,0.558384434644038,0.03495141535890445,0.0,0.0,0.5170932015879826,0.4799030253276842,0.44527769114453797,0.4990200623200153,0.4660285223210803,0.4799030253276842,0.5200969746723159,0.44527769114453797,0.554722308855462,20.122020834048737,21.097926991258962
982,2023,10,ARI,ATL,25,23,2,48,1,1,1,2.0,43.5,0.44111292596172436,-2.0,43.5,1.0172746063439806,43.38198062707996,0.5369053832725237,0.608217343145172,0.4959794362390288,0.034940275260063436,0.03386709584234282,0.0,0.5628378962773738,0.4701063052892534,0.4353298723634767,0.5431721852546474,0.4218875394852893,0.4541851699919326,0.5119477341657247,0.4353298723634767,0.5646701276365234,22.19962761671197,21.18235301036799
983,2023,10,LAC,DET,38,41,-3,79,0,0,1,2.5,48.5,0.4265418943159657,-2.5,48.5,-7.641441687990422,51.70776740890877,0.24377751489441274,0.3255443927017929,0.607929388589914,0.027991218245571936,0.0,0.0,0.3632309004952186,0.4824179881132434,0.45340596618141776,0.3530636250859213,0.6189451566685068,0.4824179881132434,0.5175820118867567,0.45340596618141776,0.5465940338185822,22.033162860459175,29.674604548449597
984,2023,10,DAL,NYG,49,17,32,66,1,1,1,-17.5,38.5,0.902563287948533,17.5,38.5,21.0048352857,42.17908024617567,0.9705403191291467,0.6210696967109969,0.6233055436771824,0.0063718372915149875,0.0,0.0,0.9153923576697851,0.4695351780626218,0.45600061139145603,0.9095596265088169,0.08406853619966806,0.4695351780626218,0.5304648219373782,0.45600061139145603,0.5439993886085439,31.591957765937835,10.587122480237836
985,2023,10,SEA,WAS,29,26,3,55,1,0,1,-6.0,44.0,0.6716393567181147,6.0,44.0,-0.6000321393285393,45.11282965883299,0.47821066247408534,0.2742696134003669,0.5391472628654366,0.03503155017464099,0.029643128652705242,0.03390386974038334,0.5257678884239397,0.48499960068093373,0.44218944050610404,0.5073494242604014,0.4576190255649576,0.4706226951214381,0.49973417622585664,0.42719750731461215,0.5388986229450047,22.256398759752226,22.856430899080767
986,2023,10,LV,NYJ,16,12,4,28,1,1,0,1.0,35.5,0.47047572223260303,-1.0,35.5,4.170580832283283,36.980254609444984,0.647852233493111,0.6809443051461752,0.5502946855870159,0.03279888096178285,0.031635507949247965,0.0,0.6332861411562206,0.46675760033015223,0.44397558642186585,0.6125150643976909,0.3546860546405262,0.4519914865545358,0.5163730054962162,0.44397558642186585,0.5560244135781341,20.575417720864134,16.40483688858085
987,2023,10,BUF,DEN,22,24,-2,46,0,0,0,-7.5,47.5,0.7107426392460281,7.5,47.5,8.45399391126953,53.611531348307444,0.7786467871898961,0.5334379784675816,0.6991273784282441,0.02661108796668049,0.0,0.0,0.7228382686466237,0.4733269178901389,0.4695930509775602,0.7036027558939854,0.2697861561393341,0.4733269178901389,0.5266730821098611,0.4695930509775602,0.5304069490224398,31.032762629788486,22.57876871851896
988,2023,11,BAL,CIN,34,20,14,54,1,1,1,-4.0,46.5,0.616498092917068,4.0,46.5,2.868530434407963,46.98410414440218,0.6030096982237783,0.45896612865612757,0.5164875496707884,0.03398192086811613,0.03490714464058242,0.0,0.6045571179728167,0.47647158996883593,0.43858069213170664,0.5840131058296082,0.38200497330227573,0.4598393272606655,0.5052535280987521,0.43858069213170664,0.5614193078682934,24.926317289405073,22.057786854997108
989,2023,11,CAR,DAL,10,33,-23,43,0,0,0,11.0,43.0,0.20758915974994996,-11.0,43.0,-6.439079919170643,46.124463892491285,0.27914947623906755,0.6609248784260159,0.6086714112017989,0.02988462450944973,0.03236953283519445,0.032866991907158694,0.3906145464538041,0.46771151837065705,0.4535302483374306,0.3789411774051032,0.5911741980854471,0.4525719150193594,0.5150585521454462,0.4386240733356726,0.5285089347571688,19.84269198666032,26.281771905830965
990,2023,11,CLE,PIT,13,10,3,23,1,1,0,-2.5,34.0,0.5734581056840342,2.5,34.0,-0.9759061572102256,41.2199478253077,0.46459124723964573,0.37989873869534097,0.7377434694647138,0.03495141535890445,0.0,0.02816536847394524,0.5170932015879826,0.4799030253276842,0.4772653555938934,0.4990200623200153,0.4660285223210803,0.4799030253276842,0.5200969746723159,0.46382300099374285,0.5080116305323119,20.122020834048737,21.097926991258962
991,2023,11,DET,CHI,31,26,5,57,1,0,1,-8.0,48.0,0.7232730811922008,8.0,48.0,12.232121607413816,51.68993255311977,0.86599414236594,0.6499257564104591,0.6276865714149937,0.01967149450376876,0.03273337444655744,0.03240872509503706,0.7933757570409244,0.4682238880519982,0.456747783011954,0.7777688701968705,0.20255963529936072,0.4528973401995692,0.5143692853538734,0.44194516967455194,0.525646105230411,31.961027080266792,19.728905472852976
992,2023,11,GB,LAC,23,20,3,43,1,1,0,3.0,44.0,0.4120704478709426,-3.0,44.0,-7.6907803183699475,41.83149030147135,0.24238093360515564,0.33476896094020225,0.42406830288801417,0.027909474100329845,0.03221952859793409,0.033478601861987145,0.3621150639251684,0.4819779265091404,0.4238868339687851,0.35200862292720964,0.6200819029724605,0.4664488249224062,0.5013316464796598,0.40969569541980594,0.556825702718207,17.0703549915507,24.761135309920647
993,2023,11,HOU,ARI,21,16,5,37,1,0,0,-5.5,48.0,0.6581456062996048,5.5,48.0,-5.41165086345878,55.06415903585745,0.31128305690580793,0.16857598398083556,0.7332668037815523,0.03132502841983986,0.0,0.02839468464709305,0.41424784760262134,0.491573380070054,0.4763409462753037,0.4012715220036117,0.5674034495765484,0.491573380070054,0.508426619929946,0.46281539532131855,0.5087899200315884,24.826254086199334,30.237904949658116
994,2023,11,JAX,TEN,34,14,20,48,1,1,1,-6.5,40.0,0.6849128309162449,6.5,40.0,6.11434299197553,39.1715729501695,0.7108747081874291,0.48646925197146235,0.4708359195965058,0.030359353853168902,0.0,0.033972146152890126,0.6749796642664065,0.4753084621956706,0.4313478320673047,0.6544877177952496,0.31515292835158154,0.4753084621956706,0.5246915378043294,0.41669402047358195,0.5493338333735279,22.642957971072512,16.528614979096986
995,2023,11,MIA,LV,20,13,7,33,1,0,0,-14.0,44.5,0.8501407016943955,14.0,44.5,15.035499987296374,40.42217315608979,0.9128376961882481,0.5375645724946955,0.36383567609548595,0.014638238604281484,0.03493522178225056,0.0,0.8392217069100562,0.47315217726591924,0.4139832523810375,0.8269369793224144,0.15842478207330415,0.45662250101637963,0.5084422772013698,0.4139832523810375,0.5860167476189625,27.728836571693083,12.693336584396707
996,2023,11,WAS,NYG,19,31,-12,50,0,0,1,-7.5,39.0,0.7107426392460281,7.5,39.0,10.904255819631478,46.52100469123004,0.8385258574637144,0.6176994516954618,0.7462812289401685,0.02215240759517828,0.0,0.027713563837997723,0.7696447542363123,0.46968563077787423,0.4790575093869246,0.7525952699369787,0.22525232246784305,0.46968563077787423,0.5303143692221257,0.4657811185184579,0.5065053176435445,28.71263025543076,17.80837443579928
997,2023,11,SF,TB,27,14,13,41,1,0,0,-13.5,41.5,0.8413447460685429,13.5,41.5,19.431132722591396,42.49088303441737,0.9598873097970055,0.6990648247371567,0.533716725674619,0.008149092667068626,0.0,0.0,0.8982560359798643,0.4658666143621588,0.44132222720133346,0.8909360643039106,0.10091484302902076,0.4658666143621588,0.5341333856378412,0.44132222720133346,0.5586777727986665,30.961007878504383,11.529875155912988
998,2023,11,BUF,NYJ,32,6,26,38,1,1,0,-8.0,39.5,0.7232730811922008,8.0,39.5,12.967712385586486,46.22849793392757,0.8797182782255756,0.6743391035415343,0.7172116629077804,0.018311053089635154,0.03188806503811625,0.0,0.8059823259061031,0.4670756122674648,0.47310500766602165,0.7912239407471289,0.19046500616323606,0.4521814747657619,0.5159304601961218,0.47310500766602165,0.5268949923339783,29.59810515975703,16.63039277417054
999,2023,11,LAR,SEA,17,16,1,33,1,0,0,-2.5,45.0,0.5734581056840342,2.5,45.0,-1.7929773006386895,46.32161829388645,0.4351546938795836,0.3528572901630401,0.546460420742919,0.03464704037224209,0.0,0.033841132929115225,0.4981825176585048,0.48113201952594337,0.4433602370915066,0.48092196785644536,0.4844309917713125,0.48113201952594337,0.5188679804740566,0.4283564243726089,0.5378024426982758,22.26432049662388,24.05729779726257
1000,2023,11,DEN,MIN,21,20,1,41,1,0,0,-2.5,43.5,0.5734581056840342,2.5,43.5,-5.170471048805119,44.15058504575378,0.31905925360034315,0.24993066125113994,0.5221524474579213,0.03163564680217712,0.0,0.0,0.4198186665723261,0.48632855813970693,0.4394806869862861,0.406537431515683,0.5618269216821399,0.48632855813970693,0.513671441860293,0.4394806869862861,0.5605193130137138,19.49005699847433,24.66052804727945
1001,2023,11,KC,PHI,17,21,-4,38,0,0,0,-2.5,46.0,0.5734581056840342,2.5,46.0,-6.67126890431109,50.931304170115716,0.27212370983795364,0.2099136921464847,0.6682662601450267,0.02953497881663336,0.0,0.031169185082729922,0.38530040341750094,0.48871921678144237,0.46387020042500426,0.37392056416452474,0.5965444570188418,0.48871921678144237,0.5112807832185576,0.44941174429359426,0.5194190706236758,22.130017632902312,28.801286537213404
1002,2023,12,DET,GB,22,29,-7,51,0,0,1,-8.5,47.0,0.73553153338876,8.5,47.0,11.7685362208126,41.11293297626729,0.8568014439749659,0.6131375944707473,0.3017905040519609,0.02053614809254206,0.0,0.03001666211187337,0.7852302161200069,0.4698884870707064,0.4030877889525488,0.7691046121150276,0.21035923979243032,0.4698884870707064,0.5301115129292936,0.390988438990138,0.5789948988979886,26.440734598539944,14.672198377727344
1003,2023,12,DAL,WAS,45,10,35,55,1,1,1,-13.0,48.0,0.8322169448845721,13.0,48.0,23.204224487436203,41.848617055596264,0.9813868521625169,0.8226314410975479,0.29373521277008335,0.0043752848613335185,0.023454786376176595,0.02967063597086017,0.9358611513275864,0.4586047826081467,0.4015960420301724,0.9317664921998726,0.06385822293879383,0.4478483054009797,0.5286969082228437,0.3896804320597569,0.5806489319693829,32.526420771516236,9.32219628408003
1004,2023,12,SEA,SF,13,31,-18,44,0,0,1,7.0,43.5,0.30204827147857694,-7.0,43.5,-7.961248013315967,43.7551245258588,0.2348046494034812,0.4651216758373127,0.5086907820549644,0.027456403263011797,0.03495525251390763,0.0,0.3560106626950699,0.47621057872161515,0.4373437162101623,0.346235890374182,0.6263077063628062,0.45956451769260703,0.5054802297934854,0.4373437162101623,0.5626562837898377,17.896938256271415,25.85818626958738
1005,2023,12,NYJ,MIA,13,34,-21,47,0,0,1,9.5,40.0,0.24080865667926243,-9.5,40.0,-5.030413585604946,47.914400231963,0.323613251152934,0.652896608089258,0.7572080269311899,0.03181087273186145,0.0,0.027107090211598794,0.42305698939335107,0.4680862496909554,0.4814111439914379,0.4095991773454347,0.5585899499227038,0.4680862496909554,0.5319137503090445,0.468361488682393,0.5045314211060081,21.441993323179027,26.472406908783974
1006,2023,12,ATL,NO,24,15,9,39,1,1,0,2.0,42.0,0.44111292596172436,-2.0,42.0,2.4451266523934008,38.83115342883538,0.5880849842686732,0.6570667973206562,0.38982571455293324,0.034278789217288386,0.032500302767370925,0.032833557041567096,0.595097513997318,0.4678921185685522,0.41831470868606335,0.5746982917512716,0.39102291903143993,0.4526854830526076,0.5148142141800215,0.404579948837093,0.56258649412134,20.63814004061439,18.19301338822099
1007,2023,12,CIN,PIT,10,16,-6,26,0,0,0,2.0,36.0,0.44111292596172436,-2.0,36.0,4.170580832283283,37.16782838180432,0.647852233493111,0.712614603699566,0.5410751131021536,0.03279888096178285,0.030278371325219766,0.03388837691060992,0.6332861411562206,0.465180461569918,0.44249773428793243,0.6125150643976909,0.3546860546405262,0.4510955548212669,0.5186260738535133,0.42750220428629204,0.5386094188030981,20.669204607043802,16.498623774760517
1008,2023,12,HOU,JAX,21,24,-3,45,0,0,0,1.0,48.0,0.47047572223260303,-1.0,48.0,-0.2628913755868922,49.175745358130406,0.49044949852341835,0.5267600815999739,0.5413525430676759,0.03507097454430791,0.03500673466793691,0.03388608582137659,0.5335322246826032,0.4736093075487316,0.44254211935375676,0.5148207296121917,0.4501082958435005,0.4570297921831078,0.5079634731489553,0.4275460991177615,0.5385678150608619,24.45642699127176,24.719318366858648
1009,2023,12,IND,TB,27,20,7,47,1,1,1,-2.5,45.0,0.5734581056840342,2.5,45.0,-1.7929773006386895,46.32161829388645,0.4351546938795836,0.3528572901630401,0.546460420742919,0.03464704037224209,0.0,0.033841132929115225,0.4981825176585048,0.48113201952594337,0.4433602370915066,0.48092196785644536,0.4844309917713125,0.48113201952594337,0.5188679804740566,0.4283564243726089,0.5378024426982758,22.26432049662388,24.05729779726257
1010,2023,12,NYG,NE,10,7,3,17,1,1,0,4.5,36.5,0.36944134018176367,-4.5,36.5,-5.9480192833664605,42.860752320207894,0.29430064162885766,0.44932366371141347,0.7064951900787989,0.030595750883897654,0.0,0.0,0.4018880487717389,0.4768815813330932,0.4710081587706266,0.38959198214830304,0.5798122669677993,0.4768815813330932,0.5231184186669068,0.4710081587706266,0.5289918412293735,18.456366518420715,24.40438580178718
1011,2023,12,TEN,CAR,17,10,7,27,1,1,0,-3.5,36.0,0.6022823943305156,3.5,36.0,4.35803932053551,42.306235223007796,0.6541539775553873,0.5300814588778697,0.710936073634669,0.032596775067024075,0.0,0.029462799433493503,0.6373732439018258,0.47346891058817087,0.47187135129719177,0.6165969316366186,0.3508062932963574,0.47346891058817087,0.5265310894118291,0.45796870031551107,0.5125685002509955,23.332137271771654,18.974097951236143
1012,2023,12,ARI,LAR,14,37,-23,51,0,0,1,3.0,45.0,0.4120704478709426,-3.0,45.0,3.3027675794344384,48.05290766992983,0.6181560689911381,0.7166840471749866,0.6062448777543528,0.03363166842467302,0.030085974640784885,0.03291997396805324,0.6142014340618266,0.46497069555134085,0.45312415604149375,0.5935448150855006,0.3728235164898264,0.4509815989962751,0.51893242636294,0.4382073206203117,0.528872705411635,25.677837624682134,22.375070045247696
1013,2023,12,DEN,CLE,29,12,17,41,1,1,1,-1.5,37.5,0.5442358810453114,1.5,37.5,-0.024791213215711795,39.98812540082316,0.499099279423387,0.44665254344036986,0.5841308755667863,0.03508026327091468,0.0,0.0,0.5390051839152785,0.47699543452391324,0.44946364245527964,0.5200967401591428,0.44482299656994256,0.47699543452391324,0.5230045654760868,0.44946364245527964,0.5505363575447204,19.981667093803722,20.006458307019436
1014,2023,12,LV,KC,17,31,-14,48,0,0,1,9.0,42.5,0.2524925375469229,-9.0,42.5,-4.545887250607095,43.469154037980125,0.3395750251356709,0.6573668132624295,0.5329790596767016,0.0323866698765779,0.03249025610423295,0.0,0.43427563543153846,0.4678781094353519,0.44120455833535893,0.4202108937913761,0.547402436332046,0.452676629834233,0.5148331140615341,0.44120455833535893,0.558795441664641,19.461633393686515,24.00752064429361
1015,2023,12,PHI,BUF,37,34,3,71,1,1,1,-2.5,49.0,0.5734581056840342,2.5,49.0,-7.132160424880304,44.37145736224563,0.2584504551746238,0.19842467007908382,0.341467228016687,0.028817399404880706,0.0,0.03149965904180407,0.37478707952577567,0.48946592092254154,0.41015979114753043,0.3639866905632926,0.6071959100318266,0.48946592092254154,0.5105340790774584,0.39723989757372563,0.5712604433844702,18.619648468682662,25.751808893562966
1016,2023,12,LAC,BAL,10,20,-10,30,0,0,0,3.0,49.0,0.4120704478709426,-3.0,49.0,-9.575815397663664,52.703878820753324,0.19246818848137429,0.27500105861848506,0.6281517352264705,0.024609450594812565,0.029679718769013652,0.032396549935245544,0.3200762647512589,0.4849608510488483,0.4568273347009488,0.3121993637272906,0.6631911856778967,0.47056734937573697,0.4997529318552493,0.44202770514052436,0.5255757449242301,21.56403171154483,31.139847109208496
1017,2023,12,MIN,CHI,10,12,-2,22,0,0,0,-3.0,43.5,0.5879295521290574,3.0,43.5,-2.1117020300253144,41.88853594411065,0.4237624922113877,0.320966770736949,0.44527412993900817,0.034480737225280444,0.031709640553378216,0.0,0.4907906592166882,0.4826387552899237,0.42728445538689075,0.4738678354636154,0.49165142731110417,0.4673344538425504,0.5009559056040714,0.42728445538689075,0.5727155446131093,19.88841695704267,22.00011898706798
1018,2023,13,DAL,SEA,41,35,6,76,1,0,1,-9.5,47.5,0.7591913433207376,9.5,47.5,18.94410073198032,43.79853763395433,0.9560128886915786,0.7969339505554911,0.3759688885427073,0.008759726074374738,0.0,0.0,0.8925236349150091,0.46035762831039934,0.41601848678685244,0.8847053723582484,0.10653490156737691,0.46035762831039934,0.5396423716896006,0.41601848678685244,0.5839815132131476,31.371319182967326,12.427218450987006
1019,2023,13,HOU,DEN,22,17,5,39,1,1,0,-3.5,47.5,0.6022823943305156,3.5,47.5,-1.2188885607563118,49.009879150416616,0.4558087322736529,0.33904106971716463,0.5512957293298701,0.03487942680807743,0.0,0.0,0.5114764378478285,0.4817761907104397,0.44413642416633703,0.493636432869859,0.4714841403220636,0.4817761907104397,0.5182238092895604,0.44413642416633703,0.555863575833663,23.895495294830152,25.114383855586464
1020,2023,13,NE,LAC,0,6,-6,6,0,0,0,4.5,38.5,0.36944134018176367,-4.5,38.5,-5.9480192833664605,42.860752320207894,0.29430064162885766,0.44932366371141347,0.645196946847298,0.030595750883897654,0.0,0.0,0.4018880487717389,0.4768815813330932,0.45977349992393374,0.38959198214830304,0.5798122669677993,0.4768815813330932,0.5231184186669068,0.45977349992393374,0.5402265000760662,18.456366518420715,24.40438580178718
1021,2023,13,NO,DET,28,33,-5,61,0,0,1,4.0,47.5,0.3835019070829321,-4.0,47.5,5.985249689927243,51.6579295163882,0.7068616413906927,0.8174588769376229,0.6387296117232558,0.030543243186309632,0.02385912480793373,0.0,0.6722606129703725,0.4589725382669818,0.45864828121683177,0.6517275935838409,0.3177291632298495,0.44802185519305576,0.5281190199990106,0.45864828121683177,0.5413517187831682,28.821589603157722,22.83633991323048
1022,2023,13,NYJ,ATL,8,13,-5,21,0,0,0,2.0,33.0,0.44111292596172436,-2.0,33.0,4.170580832283283,37.16782838180432,0.647852233493111,0.712614603699566,0.6435126138872915,0.03279888096178285,0.030278371325219766,0.031968277762706165,0.6332861411562206,0.465180461569918,0.4594795413486361,0.6125150643976909,0.3546860546405262,0.4510955548212669,0.5186260738535133,0.4447907717445221,0.5232409504927718,20.669204607043802,16.498623774760517
1023,2023,13,PIT,ARI,10,24,-14,34,0,0,0,-6.0,41.0,0.6716393567181147,6.0,41.0,-0.5535642769351372,39.65018187053179,0.47989654092758627,0.27567400362233774,0.45255302204559095,0.03503881104232198,0.029713259980520434,0.03383184444906373,0.5268390135972247,0.4849252571957555,0.428444290688419,0.5083792009500683,0.45658198800760974,0.4705165469575773,0.4997701930619023,0.41394923009075896,0.5522189254601774,19.548308796798327,20.10187307373346
1024,2023,13,TEN,IND,28,31,-3,59,0,0,1,1.5,42.0,0.4557641189546886,-1.5,42.0,2.4451266523934008,38.26102576677958,0.5880849842686732,0.6357119274693481,0.3706785462881324,0.034278789217288386,0.0,0.032365728714322084,0.595097513997318,0.4688752851461859,0.4151341057545322,0.5746982917512716,0.39102291903143993,0.4688752851461859,0.5311247148538141,0.4016979879076183,0.5659362833780597,20.35307620958649,17.907949557193092
1025,2023,13,WAS,MIA,15,45,-30,60,0,0,1,8.5,50.0,0.26446846661124,-8.5,50.0,-2.589340250812136,47.494288130882644,0.4068155912568694,0.6984375113713501,0.412445048116879,0.03418270471013396,0.0,0.033286872620024166,0.47970287547190477,0.46589794724656153,0.42200934384433675,0.4633053337310465,0.5025119615588195,0.46589794724656153,0.5341020527534385,0.4079619725713303,0.5587511548086455,22.452473940035254,25.04181419084739
1026,2023,13,TB,CAR,21,18,3,39,1,0,1,-4.0,37.0,0.616498092917068,4.0,37.0,5.620513097092469,43.72268729648863,0.6953819776194282,0.5586570058256901,0.7233175809182781,0.031047212782714717,0.03472598738294436,0.028885994156087336,0.6645378450278585,0.47225518670060673,0.4743216499573293,0.6439057971511118,0.3250469900661734,0.4558556590457114,0.5094183535713441,0.4606203975485562,0.5104936082953565,24.67160019679055,19.05108709969808
1027,2023,13,LAR,CLE,36,19,17,55,1,1,1,-3.5,39.5,0.6022823943305156,3.5,39.5,4.35803932053551,42.306235223007796,0.6541539775553873,0.5300814588778697,0.5946944034281844,0.032596775067024075,0.0,0.0,0.6373732439018258,0.47346891058817087,0.4512035911900328,0.6165969316366186,0.3508062932963574,0.47346891058817087,0.5265310894118291,0.4512035911900328,0.5487964088099673,23.332137271771654,18.974097951236143
1028,2023,13,PHI,SF,19,42,-23,61,0,0,1,3.0,46.5,0.4120704478709426,-3.0,46.5,-0.9604238932916891,49.72045057041384,0.4651514998601009,0.5736648913019987,0.6083455005852406,0.03495546653720549,0.034520674527234285,0.0,0.5174508603148228,0.47161174925884103,0.4534756501815525,0.4993631240824398,0.4656814093803547,0.45533139355945695,0.5101479319133088,0.4534756501815525,0.5465243498184476,24.380013338561074,25.340437231852764
1029,2023,13,GB,KC,27,19,8,46,1,1,1,5.5,43.5,0.34185439370039516,-5.5,43.5,-6.904633512669211,44.373206124428926,0.26515453630056374,0.450834205919524,0.5297204554105872,0.02917542745001367,0.0,0.0,0.37997104333544285,0.47681725295597394,0.44068510893260826,0.36888522572750365,0.6019393468224827,0.47681725295597394,0.523182747044026,0.44068510893260826,0.5593148910673917,18.734286305879856,25.63891981854907
1030,2023,13,JAX,CIN,31,34,-3,65,0,0,1,-10.0,41.0,0.7705746740352664,10.0,41.0,17.005009529076688,42.36529364104352,0.9374748003180539,0.7378141903337392,0.5479882530389941,0.011469231258056316,0.029018366165766585,0.033826664886263624,0.8676875617532059,0.4638507320640554,0.4436053032991701,0.8577358524477194,0.1307949162942243,0.4503905416747618,0.5205910921594716,0.42859961536269975,0.5375737197510367,29.685151585060105,12.680142055983417
1031,2023,14,PIT,NE,18,21,-3,39,0,0,1,-6.0,30.0,0.6716393567181147,6.0,30.0,-0.5535642769351372,39.65018187053179,0.47989654092758627,0.27567400362233774,0.8021676780089126,0.03503881104232198,0.029713259980520434,0.02425684140157247,0.5268390135972247,0.4849252571957555,0.49196928810328155,0.5083792009500683,0.45658198800760974,0.4705165469575773,0.4997701930619023,0.48003566710731577,0.49570749149111176,19.548308796798327,20.10187307373346
1032,2023,14,ATL,TB,25,29,-4,54,0,0,1,-1.5,41.5,0.5442358810453114,1.5,41.5,-2.94948179153036,40.32787220250293,0.39415371699719004,0.3477566523124101,0.4601350453546199,0.033920100878753745,0.0,0.0,0.47133756844360397,0.4813684223087941,0.4296498338079266,0.4553497505740504,0.5107301485471958,0.4813684223087941,0.5186315776912058,0.4296498338079266,0.5703501661920733,18.689195205486286,21.638676997016645
1033,2023,14,BAL,LAR,37,31,6,68,1,0,1,-7.5,42.0,0.7107426392460281,7.5,42.0,8.592573630016306,49.118442682804435,0.7823469194766736,0.5382812810314316,0.7348311606427017,0.02636915495002573,0.0,0.02831513818052972,0.725581789380622,0.4731218073739613,0.4766628235677463,0.7064488107475274,0.2671820343024468,0.4731218073739613,0.5268781926260386,0.4631660498529041,0.5085188119665661,28.85550815641037,20.262934526394066
1034,2023,14,CHI,DET,28,13,15,41,1,1,0,3.0,44.5,0.4120704478709426,-3.0,44.5,-1.9169372146516939,44.37210208948166,0.4307168203758739,0.5392843529803729,0.4956429171483659,0.03458549394321597,0.03492161469353905,0.0,0.49530844887302894,0.47307929213005534,0.43527658700375244,0.4781779615145071,0.48723654454227694,0.45655859937079735,0.5085197859356636,0.43527658700375244,0.5647234129962475,21.22758243741498,23.144519652066677
1035,2023,14,CIN,IND,34,14,20,48,1,1,1,-3.0,45.0,0.5879295521290574,3.0,45.0,0.8689249492564357,41.82601283459233,0.531536033290855,0.42307205363222045,0.3896517543168655,0.03497809451871248,0.034469781713540426,0.03282965621413936,0.5594582346024874,0.4780071174634266,0.4182860505348624,0.5398894515932896,0.4251324538879979,0.46153031646694365,0.5039999018195159,0.40455386329663273,0.5626164804892279,21.347468891924386,20.478543942667947
1036,2023,14,CLE,JAX,31,27,4,58,1,1,1,-2.5,37.5,0.5734581056840342,2.5,37.5,-0.9759061572102256,41.2199478253077,0.46459124723964573,0.37989873869534097,0.6246300297306456,0.03495141535890445,0.0,0.0,0.5170932015879826,0.4799030253276842,0.45622610913502776,0.4990200623200153,0.4660285223210803,0.4799030253276842,0.5200969746723159,0.45622610913502776,0.5437738908649723,20.122020834048737,21.097926991258962
1037,2023,14,NO,CAR,28,6,22,34,1,1,0,-5.5,39.0,0.6581456062996048,5.5,39.0,-0.554513649782814,38.53818206066129,0.47986209335911856,0.2971671793564187,0.48373177121646715,0.035038668536319206,0.0,0.034030751966580286,0.5268171327201926,0.48381512507007346,0.4333907563563287,0.5083581618275557,0.45660316963612513,0.48381512507007346,0.5161848749299265,0.4186421430221578,0.5473271050112619,18.99183420543924,19.546347855222052
1038,2023,14,NYJ,HOU,30,6,24,36,1,1,1,3.5,33.5,0.39771760566948444,-3.5,33.5,-1.7579962636633124,38.150917367765814,0.4364085986629368,0.5608914222355524,0.6543766299704801,0.03466368323833635,0.0,0.0,0.4989933658294024,0.4721597043576522,0.4613873949424715,0.48169641785826073,0.483639898903403,0.4721597043576522,0.5278402956423478,0.4613873949424715,0.5386126050575285,18.19646055205125,19.954456815714565
1039,2023,14,LV,MIN,0,3,-3,3,0,0,0,3.0,40.5,0.4120704478709426,-3.0,40.5,-1.8891326934805084,36.47257404729929,0.43171148245050034,0.5402893625278858,0.3654529068048443,0.03459964707601071,0.03491337978307496,0.0,0.4959532045045267,0.47303668162541324,0.41425597516513724,0.4787933986624535,0.4866069542615358,0.45652137230849965,0.5085652479084254,0.41425597516513724,0.5857440248348628,17.291720676909392,19.180853370389897
1040,2023,14,SF,SEA,28,16,12,44,1,0,0,-14.5,44.5,0.858605258338129,14.5,44.5,15.035499987296374,40.42217315608979,0.9128376961882481,0.5187846349323125,0.36383567609548595,0.014638238604281484,0.0,0.0,0.8392217069100562,0.47394606748272156,0.4139832523810375,0.8269369793224144,0.15842478207330415,0.47394606748272156,0.5260539325172784,0.4139832523810375,0.5860167476189625,27.728836571693083,12.693336584396707
1041,2023,14,KC,BUF,17,20,-3,37,0,0,0,-2.0,49.5,0.5588870740382756,2.0,49.5,1.2549862639230511,42.92805287800228,0.5454942151021244,0.4729533823257812,0.2873273709651363,0.03486738673196155,0.03500514900306273,0.0,0.5682432825436947,0.47587915280833476,0.4003935877629812,0.5484301242534044,0.416702489014634,0.45922093215682774,0.5057739188401095,0.4003935877629812,0.5996064122370188,22.091519570962667,20.836533307039616
1042,2023,14,LAC,DEN,7,24,-17,31,0,0,0,-3.0,45.0,0.5879295521290574,3.0,45.0,0.8689249492564357,41.82601283459233,0.531536033290855,0.42307205363222045,0.3896517543168655,0.03497809451871248,0.034469781713540426,0.03282965621413936,0.5594582346024874,0.4780071174634266,0.4182860505348624,0.5398894515932896,0.4251324538879979,0.46153031646694365,0.5039999018195159,0.40455386329663273,0.5626164804892279,21.347468891924386,20.478543942667947
1043,2023,14,DAL,PHI,33,13,20,46,1,1,0,-3.5,52.5,0.6022823943305156,3.5,52.5,2.2232704963444063,60.052480480558046,0.5802103393299081,0.45529144431360813,0.7405175600681903,0.03441632386454724,0.0,0.0,0.5901200349166131,0.4766276604550941,0.4778433768025204,0.5698102726759651,0.39577340345948775,0.4766276604550941,0.5233723395449059,0.4778433768025204,0.5221566231974796,31.137875488451225,28.91460499210682
1044,2023,14,MIA,TEN,27,28,-1,55,0,0,1,-14.0,45.0,0.8501407016943955,14.0,45.0,15.185461570888634,40.53127768595587,0.9149401347327871,0.5429842817001885,0.3466499413075885,0.01438399173771382,0.03489026631097725,0.03166698665078038,0.8415012228055166,0.47292235451878006,0.41105473890061395,0.8293970761694061,0.15621893209288018,0.4564219676252054,0.5086877660638173,0.3980378739711082,0.5702951393781114,27.858369628422253,12.672908057533618
1045,2023,14,NYG,GB,24,22,2,46,1,1,1,6.0,37.5,0.3283606432818853,-6.0,37.5,-6.680041106005834,39.01503217120375,0.271860054391048,0.47530885590439304,0.5514698220529288,0.02952160829306283,0.03501768183626697,0.0,0.38509985500708066,0.4757795945013393,0.4441644036279906,0.37373108793384635,0.5967473037730908,0.45911889603690326,0.5058634221268298,0.4441644036279906,0.5558355963720094,16.16749553259896,22.84753663860479
1046,2023,15,LV,LAC,63,21,42,84,1,1,1,-3.0,36.0,0.5879295521290574,3.0,36.0,3.310098618280245,39.00542618062254,0.6184102579567257,0.5112650441865721,0.6046323824138977,0.033625365522831796,0.03506730714356243,0.032954498881715644,0.6143637345574556,0.4742632277275223,0.45285481747583683,0.5937055294189891,0.372669105058179,0.45763209345390393,0.5073005994025336,0.4379312138997498,0.5291142872185345,21.157762399451393,17.84766378117115
1047,2023,15,CIN,MIN,27,24,3,51,1,0,1,-3.0,41.5,0.5879295521290574,3.0,41.5,-1.569634314323545,39.28149317313751,0.44317150895925,0.3387854709182325,0.42487056600833817,0.03474778534584155,0.03235957709503934,0.0,0.5033578588461552,0.48178822513544156,0.42401597903749877,0.48586728801482665,0.4793849266393318,0.46619776192068907,0.5014426609842716,0.42401597903749877,0.5759840209625012,18.855929429406984,20.425563743730528
1048,2023,15,IND,PIT,30,13,17,43,1,1,1,-1.5,41.5,0.5442358810453114,1.5,41.5,-2.94948179153036,40.32787220250293,0.39415371699719004,0.3477566523124101,0.4601350453546199,0.033920100878753745,0.0,0.0,0.47133756844360397,0.4813684223087941,0.4296498338079266,0.4553497505740504,0.5107301485471958,0.4813684223087941,0.5186315776912058,0.4296498338079266,0.5703501661920733,18.689195205486286,21.638676997016645
1049,2023,15,DET,DEN,42,17,25,59,1,1,1,-5.5,49.0,0.6581456062996048,5.5,49.0,-4.2374802904495725,55.2303754933466,0.3498939076522779,0.19585353411397366,0.7086521697424747,0.03272763128122336,0.0,0.02956507835186717,0.44142684096203755,0.48963744210224264,0.47142643035774845,0.42697998607339677,0.5402923826453799,0.48963744210224264,0.5103625578977573,0.45748867100708057,0.5129462506410523,25.496447601448512,29.733927891898087
1050,2023,15,CAR,ATL,9,7,2,16,1,1,0,3.0,32.0,0.4120704478709426,-3.0,32.0,-1.8891326934805084,36.47257404729929,0.43171148245050034,0.5402893625278858,0.6534753172062507,0.03459964707601071,0.03491337978307496,0.031663012867909346,0.4959532045045267,0.47303668162541324,0.4612280236501718,0.4787933986624535,0.4866069542615358,0.45652137230849965,0.5085652479084254,0.446624154802296,0.5217128323297946,17.291720676909392,19.180853370389897
1051,2023,15,CLE,CHI,20,17,3,37,1,0,0,-3.0,38.0,0.5879295521290574,3.0,38.0,3.310098618280245,39.00542618062254,0.6184102579567257,0.5112650441865721,0.5353797921026745,0.033625365522831796,0.03506730714356243,0.0339319883607444,0.6143637345574556,0.4742632277275223,0.44158762268194496,0.5937055294189891,0.372669105058179,0.45763209345390393,0.5073005994025336,0.4266036766088524,0.5394643350304031,21.157762399451393,17.84766378117115
1052,2023,15,GB,TB,20,34,-14,54,0,0,1,-4.0,41.5,0.616498092917068,4.0,41.5,2.4924985453007915,44.097545348714256,0.5897618049458765,0.44540617186125675,0.587771678026384,0.03424780464168736,0.03477347943465292,0.0,0.5961585153545261,0.47704860491659,0.4500616687675973,0.575741394985186,0.3900108003731267,0.4604599650641931,0.5047665555011539,0.4500616687675973,0.5499383312324027,23.295021947007523,20.802523401706733
1053,2023,15,MIA,NYJ,30,0,30,30,1,1,0,-7.5,36.0,0.7107426392460281,7.5,36.0,10.904255819631478,46.52100469123004,0.8385258574637144,0.6176994516954618,0.8226469793233268,0.02215240759517828,0.0,0.022752873380579297,0.7696447542363123,0.46968563077787423,0.4973826576433883,0.7525952699369787,0.22525232246784305,0.46968563077787423,0.5303143692221257,0.4860657730123323,0.4911813536070884,28.71263025543076,17.80837443579928
1054,2023,15,NE,KC,17,27,-10,44,0,0,1,10.0,39.5,0.22942532596473364,-10.0,39.5,-7.693702084295382,44.17892201454815,0.2422983697191593,0.5831614133346519,0.6552579058171343,0.027904624345172713,0.034366319866801054,0.0,0.3620490071557633,0.4712017133020608,0.4615434206370195,0.351946165616539,0.6201492100382883,0.45500824450093746,0.5106254356322615,0.4615434206370195,0.5384565793629805,18.242609965126384,25.936312049421765
1055,2023,15,NO,NYG,24,6,18,30,1,1,0,-6.0,39.5,0.6716393567181147,6.0,39.5,-0.5535642769351372,39.65018187053179,0.47989654092758627,0.27567400362233774,0.5051161893263902,0.03503881104232198,0.029713259980520434,0.0,0.5268390135972247,0.4849252571957555,0.436777118344297,0.5083792009500683,0.45658198800760974,0.4705165469575773,0.4997701930619023,0.436777118344297,0.563222881655703,19.548308796798327,20.10187307373346
1056,2023,15,TEN,HOU,16,19,-3,35,0,0,0,-3.0,38.0,0.5879295521290574,3.0,38.0,3.310098618280245,39.00542618062254,0.6184102579567257,0.5112650441865721,0.5353797921026745,0.033625365522831796,0.03506730714356243,0.0339319883607444,0.6143637345574556,0.4742632277275223,0.44158762268194496,0.5937055294189891,0.372669105058179,0.45763209345390393,0.5073005994025336,0.4266036766088524,0.5394643350304031,21.157762399451393,17.84766378117115
1057,2023,15,ARI,SF,29,45,-16,74,0,0,1,12.5,48.0,0.17724223843665587,-12.5,48.0,-6.784787007744979,42.079396528213515,0.2687219581957572,0.6924194510669518,0.30076280810867284,0.029361072477366745,0.0,0.02997338100620106,0.3827064691415853,0.46619669775633216,0.4028986540262379,0.37146979676356207,0.5991691307590711,0.46619669775633216,0.5338033022436679,0.39082241916222393,0.579204199831575,17.647304760234267,24.432091767979248
1058,2023,15,LAR,WAS,28,20,8,48,1,1,0,-6.5,48.5,0.6849128309162449,6.5,48.5,3.6049763905148526,48.49946102113095,0.6285897617715142,0.3994962132957914,0.4999816383061657,0.03336132366829081,0.0,0.0,0.6208771389206874,0.4790339544184285,0.43596367548077924,0.600163855730912,0.36647482060079717,0.4790339544184285,0.5209660455815714,0.43596367548077924,0.5640363245192208,26.0522187058229,22.44724231530805
1059,2023,15,BUF,DAL,31,10,21,41,1,1,0,-2.0,49.5,0.5588870740382756,2.0,49.5,1.2549862639230511,42.92805287800228,0.5454942151021244,0.4729533823257812,0.2873273709651363,0.03486738673196155,0.03500514900306273,0.0,0.5682432825436947,0.47587915280833476,0.4003935877629812,0.5484301242534044,0.416702489014634,0.45922093215682774,0.5057739188401095,0.4003935877629812,0.5996064122370188,22.091519570962667,20.836533307039616
1060,2023,15,JAX,BAL,7,23,-16,30,0,0,0,4.0,42.5,0.3835019070829321,-4.0,42.5,5.56696916399462,45.28275493718181,0.6936795581469056,0.8073136646992113,0.5939169426394736,0.031119198413599725,0.024625567631943235,0.0,0.6633991955941522,0.4596711362261973,0.4510750201681311,0.6427547443990353,0.326126057187365,0.4483514735726069,0.5270229587954498,0.4510750201681311,0.5489249798318689,25.424862050588214,19.857892886593593
1061,2023,15,SEA,PHI,20,17,3,37,1,1,0,5.0,46.0,0.35555327379740187,-5.0,46.0,-14.033395124470962,52.071686142525856,0.1022321538338955,0.20612879323619857,0.7038467310115922,0.016383228727927857,0.02558881671428659,0.02977614436250431,0.2273778842315668,0.48896177544484665,0.47049708600896717,0.22365270034652873,0.7599640709255434,0.4764498221926963,0.4979613610930171,0.45648749685382656,0.5137363587836691,19.019145509027446,33.05254063349841
1062,2023,16,LAR,NO,30,22,8,52,1,1,1,-4.0,45.5,0.616498092917068,4.0,45.5,8.230547923804528,46.223108855039065,0.7726036796357801,0.6498727905618994,0.5246189064079723,0.02699741992967103,0.03273505985178954,0.0,0.7183918638614226,0.4682263370580352,0.43987293296957347,0.6989971370386968,0.27400544303163227,0.45289891989025627,0.5143660202579543,0.43987293296957347,0.5601270670304266,27.226828389421797,18.996280465617268
1063,2023,16,PIT,CIN,34,11,23,45,1,1,1,3.0,39.5,0.4120704478709426,-3.0,39.5,-1.8891326934805084,36.47257404729929,0.43171148245050034,0.5402893625278858,0.39800043768328347,0.03459964707601071,0.03491337978307496,0.0,0.4959532045045267,0.47303668162541324,0.4196569668657708,0.4787933986624535,0.4866069542615358,0.45652137230849965,0.5085652479084254,0.4196569668657708,0.5803430331342292,17.291720676909392,19.180853370389897
1064,2023,16,LAC,BUF,22,24,-2,46,0,1,1,13.0,44.5,0.1677830551154279,-13.0,44.5,-7.873014867928695,45.84917621471064,0.2372613560553198,0.6795297572409736,0.5458616558092336,0.0276051078189824,0.031690462994599544,0.0,0.35799970781614354,0.4668259915338464,0.4432642404971455,0.3481170872827147,0.6242778048983029,0.45203205972422583,0.5162774772811747,0.4432642404971455,0.5567357595028545,18.98808067339097,26.861095541319667
1065,2023,16,ATL,IND,29,10,19,39,1,1,0,-3.0,44.0,0.5879295521290574,3.0,44.0,-5.8138859168379415,40.93554049091303,0.298506151582483,0.21182040298395685,0.3933630986211864,0.030782939033848433,0.025979338887888503,0.03291149804121396,0.4049747893745379,0.4885982418788729,0.41889658564750626,0.3925084751229759,0.5767085858431756,0.47590478257307517,0.4981158785390363,0.4051100714894971,0.561978430469289,17.560827287037544,23.374713203875483
1066,2023,16,CAR,GB,30,33,-3,63,0,1,1,3.5,39.5,0.39771760566948444,-3.5,39.5,-1.7579962636633124,38.150917367765814,0.4364085986629368,0.5608914222355524,0.4541415112292545,0.03466368323833635,0.0,0.0,0.4989933658294024,0.4721597043576522,0.4286970618916785,0.48169641785826073,0.483639898903403,0.4721597043576522,0.5278402956423478,0.4286970618916785,0.5713029381083214,18.19646055205125,19.954456815714565
1067,2023,16,HOU,CLE,22,36,-14,58,0,0,1,3.0,40.0,0.4120704478709426,-3.0,40.0,-1.8891326934805084,36.47257404729929,0.43171148245050034,0.5402893625278858,0.37774766044751806,0.03459964707601071,0.03491337978307496,0.0325475308784392,0.4959532045045267,0.47303668162541324,0.4163148420628679,0.4787933986624535,0.4866069542615358,0.45652137230849965,0.5085652479084254,0.40276482188567414,0.5646876472358866,17.291720676909392,19.180853370389897
1068,2023,16,MIN,DET,24,30,-6,54,0,0,1,2.5,47.5,0.4265418943159657,-2.5,47.5,-0.2969267629279484,48.83237635748363,0.4892133305867922,0.5768283344081666,0.5452930648611062,0.03506839117157101,0.0,0.0,0.5327491565646608,0.4714754315754632,0.4431731051373951,0.5140665007459267,0.45086510808250224,0.4714754315754632,0.5285245684245368,0.4431731051373951,0.556826894862605,24.267724797277843,24.56465156020579
1069,2023,16,NYJ,WAS,30,28,2,58,1,0,1,-3.0,36.5,0.5879295521290574,3.0,36.5,3.310098618280245,39.00542618062254,0.6184102579567257,0.5112650441865721,0.5847070252437898,0.033625365522831796,0.03506730714356243,0.0,0.6143637345574556,0.4742632277275223,0.4495581670482747,0.5937055294189891,0.372669105058179,0.45763209345390393,0.5073005994025336,0.4495581670482747,0.5504418329517253,21.157762399451393,17.84766378117115
1070,2023,16,TEN,SEA,17,20,-3,37,0,0,0,3.0,42.0,0.4120704478709426,-3.0,42.0,-3.1998231056069706,38.13589909433035,0.3854188248062796,0.49274038426084216,0.36651819883881287,0.03371882046193697,0.035074931615955596,0.032253723054991856,0.46552165981800725,0.4750440277227535,0.4144353702279488,0.449824818549461,0.5164563609886021,0.45838189093580983,0.5065431774482346,0.4010682865724235,0.5666779903725846,17.468037994361687,20.66786109996866
1071,2023,16,TB,JAX,30,12,18,42,1,1,0,2.0,43.0,0.44111292596172436,-2.0,43.0,4.29627534479614,43.73935479283034,0.6520824247691644,0.7164848451740632,0.5260332394571482,0.03266420752017568,0.03009549037056708,0.03398943752751643,0.6360280724573244,0.4649810055092414,0.44009797611069934,0.615252719509921,0.35208307296990327,0.4509871741354414,0.5189173354939915,0.4251392934456983,0.5408712690267853,24.017815068813242,19.7215397240171
1072,2023,16,CHI,ARI,27,16,11,43,1,1,1,-4.5,42.0,0.6305586598182363,4.5,42.0,4.70186439812036,42.938001597701316,0.665597562270673,0.5070833838807227,0.5330129949205246,0.03220656287022111,0.0,0.033948194054171044,0.6448348581675638,0.4744395079792322,0.4412099708657242,0.62406694376708,0.34372649336269884,0.4744395079792322,0.5255604920207678,0.42623168915613946,0.5398201167896894,23.81993299791084,19.118068599790476
1073,2023,16,MIA,DAL,22,20,2,42,1,1,0,-1.5,48.5,0.5442358810453114,1.5,48.5,0.10913953737989882,45.67577415501688,0.5039652210973199,0.4513138858087454,0.4047101577734765,0.035078731168871446,0.0,0.0,0.5420795998288633,0.47679683346323776,0.4207525619376348,0.5230641352743373,0.44185713355679135,0.47679683346323776,0.5232031665367622,0.4207525619376348,0.5792474380623652,22.89245684619839,22.783317308818493
1074,2023,16,DEN,NE,23,26,-3,49,0,0,1,-7.0,37.5,0.6979517285214231,7.0,37.5,7.586003091942242,44.76320070869984,0.754647933881234,0.521280397317443,0.7324497342497074,0.0280827238198193,0.03503380377377513,0.0,0.7054127227107412,0.4738407339394219,0.4761733139879589,0.6856028120398686,0.28631446414031203,0.45724029064656657,0.5077259055796582,0.4761733139879589,0.5238266860120411,26.174601900321044,18.588598808378798
1075,2023,16,KC,LV,14,20,-6,34,0,0,0,-11.0,40.5,0.79241084025005,11.0,40.5,16.457188148755275,42.64107345977128,0.9312494213542729,0.6901756343369478,0.5725367807245434,0.012311568135068493,0.03126514537140346,0.0,0.8600929597460065,0.4663072560029856,0.4475698934747058,0.8495038666696009,0.13818456519533065,0.451728091856312,0.5170067627722845,0.4475698934747058,0.5524301065252941,29.549130804263278,13.091942655508001
1076,2023,16,PHI,NYG,33,25,8,58,1,0,1,-14.0,41.0,0.8501407016943955,14.0,41.0,21.0048352857,42.17908024617567,0.9705403191291467,0.7378090520992905,0.5414693993846854,0.0063718372915149875,0.02901864003433613,0.033885116153187844,0.9153923576697851,0.4638510111702177,0.4425608162947885,0.9095596265088169,0.08406853619966806,0.4503906856475063,0.5205906743181575,0.42756459162978994,0.5385502922170222,31.591957765937835,10.587122480237836
1077,2023,16,SF,BAL,19,33,-14,52,0,0,1,-6.5,47.5,0.6849128309162449,6.5,47.5,5.020800828883092,51.3073568479325,0.6760731778324666,0.44823854014332065,0.6274579428168109,0.03182275777514182,0.0,0.0,0.6517147967820802,0.47692781768853076,0.4567086988944147,0.6309754346656083,0.3372018075592499,0.47692781768853076,0.5230721823114692,0.4567086988944147,0.5432913011055853,28.164078838407796,23.143278009524707
1078,2023,17,CLE,NYJ,37,20,17,57,1,1,1,-6.5,33.5,0.6849128309162449,6.5,33.5,6.11434299197553,39.1715729501695,0.7108747081874291,0.48646925197146235,0.6859214214339338,0.030359353853168902,0.0,0.0,0.6749796642664065,0.4753084621956706,0.46710608224217354,0.6544877177952496,0.31515292835158154,0.4753084621956706,0.5246915378043294,0.46710608224217354,0.5328939177578265,22.642957971072512,16.528614979096986
1079,2023,17,DAL,DET,20,19,1,39,1,0,0,-5.5,53.0,0.6581456062996048,5.5,53.0,-1.5157362192400785,54.45637435425283,0.4451098967140003,0.26857899179245764,0.5511720151337659,0.034770132645938645,0.0,0.03379500159000165,0.5046061688580473,0.48530330835033664,0.44411654277649354,0.4870609454328941,0.4781689219211673,0.48530330835033664,0.5146966916496634,0.4291076235072159,0.5370973749027824,26.470319067506377,27.986055286746453
1080,2023,17,BAL,MIA,56,19,37,75,1,1,1,-3.0,47.0,0.5879295521290574,3.0,47.0,-5.246960255356641,39.076636331671764,0.31658395296261854,0.22694922986021812,0.2425460872373471,0.03153833930091399,0.026969207879134482,0.027093071537383828,0.4180511093936959,0.48766532128663054,0.39152140771473537,0.404866471660514,0.5635951890385721,0.4745133738614065,0.498517418259459,0.3809138902071028,0.5919930382555134,16.914838038157562,22.161798293514202
1081,2023,17,BUF,NE,27,21,6,48,1,0,1,-15.0,40.0,0.8667397370974946,15.0,40.0,21.0048352857,42.17908024617567,0.9705403191291467,0.7074721971309469,0.5762971543703329,0.0063718372915149875,0.030515525648669273,0.0334729959669563,0.9153923576697851,0.46544303589419667,0.44818240831905504,0.9095596265088169,0.08406853619966806,0.4512397969943728,0.5182446773569579,0.43318040037293054,0.5333466036601131,31.591957765937835,10.587122480237836
1082,2023,17,CHI,ATL,37,17,20,54,1,1,1,-3.0,39.0,0.5879295521290574,3.0,39.0,3.310098618280245,39.00542618062254,0.6184102579567257,0.5112650441865721,0.5001912000287754,0.033625365522831796,0.03506730714356243,0.03405720587687433,0.6143637345574556,0.4742632277275223,0.43599686749559186,0.5937055294189891,0.372669105058179,0.45763209345390393,0.5073005994025336,0.42114803241762216,0.5447947617055034,21.157762399451393,17.84766378117115
1083,2023,17,HOU,TEN,26,3,23,29,1,1,0,-5.0,44.0,0.6444467262025981,5.0,44.0,0.3896456169379276,41.927000446162054,0.5141536469560192,0.33743328853127413,0.4273734059803544,0.03505976149826795,0.03231284478181673,0.03352805863425479,0.5485084651721888,0.4818519645684008,0.42441853663319556,0.5292778892034709,0.43566234929826125,0.4662819568294886,0.5014051983886947,0.4101886070514932,0.556283334314252,21.15832303154999,20.768677414612064
1084,2023,17,IND,LV,23,20,3,43,1,0,1,-3.5,42.5,0.6022823943305156,3.5,42.5,6.109520803079706,47.237615411169806,0.7107252816862476,0.5907745998087448,0.6571021877617235,0.030366273314918812,0.0,0.0,0.6748782328004617,0.47087110879103716,0.46187058025111827,0.6543846959289534,0.31524903075612776,0.47087110879103716,0.5291288912089629,0.46187058025111827,0.5381294197488817,26.673568107124755,20.56404730404505
1085,2023,17,JAX,CAR,26,0,26,26,1,1,0,-3.5,38.0,0.6022823943305156,3.5,38.0,4.35803932053551,42.306235223007796,0.6541539775553873,0.5300814588778697,0.64805040139977,0.032596775067024075,0.0,0.03183194232776543,0.6373732439018258,0.47346891058817087,0.4602730039593254,0.6165969316366186,0.3508062932963574,0.47346891058817087,0.5265310894118291,0.4456216202422648,0.5225464374299698,23.332137271771654,18.974097951236143
1086,2023,17,NYG,LAR,25,26,-1,51,0,1,1,6.0,43.5,0.3283606432818853,-6.0,43.5,-7.923203560303614,38.921002006474154,0.23586216190149173,0.43049271432176184,0.3478904213496048,0.027520626506752355,0.034582276485526475,0.0,0.3568680159040079,0.4776873291993228,0.41126809167705664,0.34704678452610793,0.6254325889671397,0.4611678139073191,0.5042499096071544,0.41126809167705664,0.5887319083229434,15.498899223085271,23.422102783388883
1087,2023,17,PHI,ARI,31,35,-4,66,0,0,1,-12.0,48.0,0.8129686012545587,12.0,48.0,23.332538847841136,41.167230135066255,0.9818970933778935,0.8477678913689272,0.27345471330314547,0.004275433941236636,0.021351595143653368,0.028729352310004508,0.936933667018702,0.45668643012237603,0.3977381432085208,0.9329278690180429,0.06279669704072047,0.4469354463588027,0.5317129584975439,0.3863113839651562,0.5849592637248394,32.2498844914537,8.91734564361256
1088,2023,17,TB,NO,13,23,-10,36,0,0,0,-2.5,42.5,0.5734581056840342,2.5,42.5,-0.7882495158556441,47.574486928916926,0.47138647749409807,0.3861988072076482,0.6676140417011025,0.03499617856045323,0.0,0.0,0.5214263303427308,0.4796218829939644,0.46375244016392936,0.5031784013799347,0.4618254200596121,0.4796218829939644,0.5203781170060355,0.46375244016392936,0.5362475598360706,23.39311870653064,24.181368222386286
1089,2023,17,WAS,SF,10,27,-17,37,0,0,0,14.0,49.0,0.14985929830560452,-14.0,49.0,-8.227458688846943,45.82715772413583,0.22748053148049235,0.7001919135202047,0.38969049597083216,0.027002727193880638,0.030840002517067755,0.03283052549566634,0.3500238800464903,0.46581022585501997,0.4182924331744106,0.3405722807022513,0.632424992103868,0.45144463731717527,0.517715360165757,0.4045596727824338,0.5626098017218998,18.799849517644443,27.027308206491387
1090,2023,17,SEA,PIT,23,30,-7,53,0,0,1,-4.5,40.5,0.6305586598182363,4.5,40.5,5.620513097092469,40.412120870302545,0.6953819776194282,0.5392570896899936,0.4970062007587256,0.031047212782714717,0.0,0.0,0.6645378450278585,0.47308044785724807,0.43549245895286726,0.6439057971511118,0.3250469900661734,0.47308044785724807,0.5269195521427519,0.43549245895286726,0.5645075410471327,23.016316983697507,17.395803886605037
1091,2023,17,DEN,LAC,16,9,7,25,1,1,0,-3.5,39.5,0.6022823943305156,3.5,39.5,4.35803932053551,42.306235223007796,0.6541539775553873,0.5300814588778697,0.5946944034281844,0.032596775067024075,0.0,0.0,0.6373732439018258,0.47346891058817087,0.4512035911900328,0.6165969316366186,0.3508062932963574,0.47346891058817087,0.5265310894118291,0.4512035911900328,0.5487964088099673,23.332137271771654,18.974097951236143
1092,2023,17,KC,CIN,25,17,8,42,1,1,0,-7.5,46.0,0.7107426392460281,7.5,46.0,6.90316030562736,52.94318020276791,0.73480176180217,0.4790655233850438,0.7297632627519987,0.02917772201291885,0.0,0.02857056268349295,0.6914246498613321,0.47562091044011967,0.47562446319123286,0.6712504536347984,0.29957182435228275,0.47562091044011967,0.5243790895598803,0.4620356046518251,0.509393832664682,29.923170254197636,23.020009948570276
1093,2023,17,MIN,GB,10,33,-23,43,0,0,1,-1.0,42.5,0.529524277767397,1.0,42.5,1.006969390957653,45.74156338442481,0.53653261008865,0.5002532138649303,0.6090378994425591,0.0349430932623353,0.03508034003918448,0.0,0.5626032792753467,0.4747273726841809,0.4535916649938305,0.5429441804179326,0.42211272631973207,0.4580737750245112,0.5068458849363042,0.4535916649938305,0.5464083350061695,23.37426638769123,22.36729699673358
1094,2023,18,BAL,PIT,10,17,-7,27,0,0,0,3.0,34.0,0.4120704478709426,-3.0,34.0,-1.8891326934805084,36.47257404729929,0.43171148245050034,0.5402893625278858,0.5864160234870578,0.03459964707601071,0.03491337978307496,0.03330688852718755,0.4959532045045267,0.47303668162541324,0.4498387957823438,0.4787933986624535,0.4866069542615358,0.45652137230849965,0.5085652479084254,0.434856065156017,0.5318370463167955,17.291720676909392,19.180853370389897
1095,2023,18,IND,HOU,19,23,-4,42,0,0,0,1.5,47.5,0.4557641189546886,-1.5,47.5,3.8709321532093757,49.31279959839504,0.6376921991593949,0.6816923815850825,0.5615118781509306,0.03310586178235775,0.0,0.0,0.6267261992259515,0.46672136740426845,0.44578257889681844,0.6059778882989948,0.3609162499186475,0.46672136740426845,0.5332786325957315,0.44578257889681844,0.5542174211031816,26.591865875802206,22.720933722592832
1096,2023,18,CAR,TB,0,9,-9,9,0,0,0,5.0,36.5,0.35555327379740187,-5.0,36.5,-5.782836698298145,42.860752320207894,0.29948363913110654,0.4715826185043569,0.7064951900787989,0.030825821122112518,0.034997329172033576,0.0,0.40568972421580585,0.47593711462174837,0.4710081587706266,0.39318400534605025,0.5759901735318372,0.4592805867561432,0.5057220840718233,0.4710081587706266,0.5289918412293735,18.538957810954873,24.32179450925302
1097,2023,18,CIN,CLE,31,14,17,45,1,1,1,-7.5,37.0,0.7107426392460281,7.5,37.0,10.904255819631478,46.52100469123004,0.8385258574637144,0.6176994516954618,0.7990098147446005,0.02215240759517828,0.0,0.02447672763232317,0.7696447542363123,0.46968563077787423,0.49117320473456105,0.7525952699369787,0.22525232246784305,0.46968563077787423,0.5303143692221257,0.47915089198197786,0.4963723803856989,28.71263025543076,17.80837443579928
1098,2023,18,DET,MIN,30,20,10,50,1,1,1,-3.5,47.5,0.6022823943305156,3.5,47.5,-1.2188885607563118,49.009879150416616,0.4558087322736529,0.33904106971716463,0.5512957293298701,0.03487942680807743,0.0,0.0,0.5114764378478285,0.4817761907104397,0.44413642416633703,0.493636432869859,0.4714841403220636,0.4817761907104397,0.5182238092895604,0.44413642416633703,0.555863575833663,23.895495294830152,25.114383855586464
1099,2023,18,NE,NYJ,3,17,-14,20,0,0,0,-2.5,28.5,0.5734581056840342,2.5,28.5,-0.9759061572102256,41.2199478253077,0.46459124723964573,0.37989873869534097,0.861308319441852,0.03495141535890445,0.0,0.0,0.5170932015879826,0.4799030253276842,0.5091291609455126,0.4990200623200153,0.4660285223210803,0.4799030253276842,0.5200969746723159,0.5091291609455126,0.49087083905448736,20.122020834048737,21.097926991258962
1100,2023,18,NO,ATL,48,17,31,65,1,1,1,-3.5,41.5,0.6022823943305156,3.5,41.5,0.7724221007109431,42.68109327523342,0.5280399740140351,0.40519517158925317,0.5401688487124595,0.03499952082219576,0.0,0.0,0.5572572266592993,0.4787840529825473,0.44235277880665563,0.5377534907515181,0.4272469884262861,0.4787840529825473,0.5212159470174527,0.44235277880665563,0.5576472211933443,21.72675768797218,20.95433558726124
1101,2023,18,TEN,JAX,28,20,8,48,1,1,1,3.5,41.5,0.39771760566948444,-3.5,41.5,-4.131349132174873,38.67900434172263,0.35347199244371724,0.4778562959534594,0.40481705162584936,0.03284020723625991,0.0,0.0,0.4438892391232278,0.47567197667118205,0.4207699742183531,0.4293118245204753,0.5378479682432648,0.47567197667118205,0.5243280233288179,0.4207699742183531,0.579230025781647,17.273827604773878,21.405176736948754
1102,2023,18,ARI,SEA,20,21,-1,41,0,1,0,2.5,48.0,0.4265418943159657,-2.5,48.0,-6.684999619476431,50.01283446436476,0.2717110801549616,0.356391938660253,0.5705418790780021,0.0295140454733811,0.0,0.03355810529195058,0.3849865017541563,0.4809691147229263,0.447245573402414,0.3736239926347462,0.5968619618918727,0.4809691147229263,0.5190308852770738,0.432236859358817,0.5342050353492325,21.663917422444165,28.348917041920593
1103,2023,18,GB,CHI,17,9,8,26,1,1,0,-2.5,45.5,0.5734581056840342,2.5,45.5,0.9406503636077111,47.80947304809477,0.5341328570206008,0.4454509368157268,0.5781710450175734,0.03496054704957996,0.0,0.0,0.5610928540568803,0.4770466947250136,0.44848823228644047,0.5414767409334416,0.4235627120169784,0.4770466947250136,0.5229533052749864,0.44848823228644047,0.5515117677135595,24.37506170585124,23.434411342243532
1104,2023,18,LAC,KC,12,13,-1,25,0,0,0,-3.5,35.0,0.6022823943305156,3.5,35.0,4.35803932053551,42.306235223007796,0.6541539775553873,0.5300814588778697,0.7402058729506069,0.032596775067024075,0.0,0.028037019953991604,0.6373732439018258,0.47346891058817087,0.4777782303802735,0.6165969316366186,0.3508062932963574,0.47346891058817087,0.5265310894118291,0.46438275260151896,0.5075802274444894,23.332137271771654,18.974097951236143
1105,2023,18,LV,DEN,27,14,13,41,1,1,1,-3.5,37.5,0.6022823943305156,3.5,37.5,4.35803932053551,42.306235223007796,0.6541539775553873,0.5300814588778697,0.6592536407246927,0.032596775067024075,0.0,0.0,0.6373732439018258,0.47346891058817087,0.46225333665843943,0.6165969316366186,0.3508062932963574,0.47346891058817087,0.5265310894118291,0.46225333665843943,0.5377466633415606,23.332137271771654,18.974097951236143
1106,2023,18,NYG,PHI,27,10,17,37,1,1,0,4.5,43.0,0.36944134018176367,-4.5,43.0,-5.6433315758744955,44.162014689544456,0.30389383132118286,0.45994613140792384,0.5408713741368034,0.031016376800992895,0.0,0.033890049572426084,0.4089038001151262,0.4764300009706309,0.4424651419723519,0.3962210857753976,0.5727625374236096,0.4764300009706309,0.5235699990293692,0.42746997637683837,0.5386399740507355,19.25934155683498,24.902673132709477
1107,2023,18,SF,LAR,20,21,-1,41,0,0,1,-5.5,40.0,0.6581456062996048,5.5,40.0,-0.554513649782814,38.53818206066129,0.47986209335911856,0.2971671793564187,0.44863780768449457,0.035038668536319206,0.0,0.03379304541920514,0.5268171327201926,0.48381512507007346,0.427820767086821,0.5083581618275557,0.45660316963612513,0.48381512507007346,0.5161848749299265,0.4133634004733769,0.5528435541074179,18.99183420543924,19.546347855222052
1108,2023,18,WAS,DAL,10,38,-28,48,0,0,1,13.0,47.5,0.1677830551154279,-13.0,47.5,-8.813763209784755,44.935508440401584,0.21182361075291714,0.6483801700603331,0.4133273618007026,0.025979556143712168,0.03278229474495126,0.0,0.3369203263942664,0.4682952827148671,0.42215231015989896,0.3281672858587487,0.6458531579975391,0.45294348872923806,0.5142742165258107,0.42215231015989896,0.577847689840101,18.060872615308416,26.87463582509317
1109,2023,18,MIA,BUF,14,21,-7,35,0,0,0,2.5,47.5,0.4265418943159657,-2.5,47.5,-0.2969267629279484,48.83237635748363,0.4892133305867922,0.5768283344081666,0.5452930648611062,0.03506839117157101,0.0,0.0,0.5327491565646608,0.4714754315754632,0.4431731051373951,0.5140665007459267,0.45086510808250224,0.4714754315754632,0.5285245684245368,0.4431731051373951,0.556826894862605,24.267724797277843,24.56465156020579
1110,2023,23,HOU,CLE,45,14,31,59,1,1,1,2.5,45.0,0.4265418943159657,-2.5,45.0,3.2917648021169756,48.35925358570838,0.6177744713147326,0.6947828776463334,0.6166022829330393,0.033641104105247455,0.0,0.03268517803185639,0.613957812540228,0.4660797637543329,0.45486435828261673,0.5933035938523321,0.3730553020424204,0.4660797637543329,0.5339202362456671,0.43999703575180327,0.5273177862163403,25.825509193912676,22.533744391795704
1111,2023,23,KC,MIA,26,7,19,33,1,1,0,-4.5,43.5,0.6305586598182363,4.5,43.5,9.99696176802303,40.30772114492059,0.8177379517776973,0.6856375392452672,0.3925789307562205,0.02383754671017857,0.0,0.0,0.7527477773526255,0.466529531835495,0.41876773657081984,0.7348041170489993,0.2413583362408222,0.466529531835495,0.533470468164505,0.41876773657081984,0.5812322634291802,25.15234145647181,15.15537968844878
1112,2023,23,DAL,GB,32,48,-16,80,0,0,1,-7.0,52.5,0.6979517285214231,7.0,52.5,8.713834416072773,49.34805368236987,0.7855544272946371,0.5620074668455682,0.3939034637148635,0.02615607602236547,0.03468423678501903,0.0,0.727973466610469,0.47211197440225283,0.4189853285786347,0.7089325372755406,0.26491138670209385,0.45573713089304224,0.5095786323219387,0.4189853285786347,0.5810146714213653,29.030944049221322,20.31710963314855
1113,2023,23,DET,LAR,24,23,1,47,1,0,0,-3.5,52.5,0.6022823943305156,3.5,52.5,2.2232704963444063,60.052480480558046,0.5802103393299081,0.45529144431360813,0.7405175600681903,0.03441632386454724,0.0,0.0,0.5901200349166131,0.4766276604550941,0.4778433768025204,0.5698102726759651,0.39577340345948775,0.4766276604550941,0.5233723395449059,0.4778433768025204,0.5221566231974796,31.137875488451225,28.91460499210682
1114,2023,23,BUF,PIT,31,17,14,48,1,1,1,-10.0,39.5,0.7705746740352664,10.0,39.5,17.005009529076688,42.36529364104352,0.9374748003180539,0.7378141903337392,0.5966482417536829,0.011469231258056316,0.029018366165766585,0.0,0.8676875617532059,0.4638507320640554,0.4515270805430242,0.8577358524477194,0.1307949162942243,0.4503905416747618,0.5205910921594716,0.4515270805430242,0.5484729194569757,29.685151585060105,12.680142055983417
1115,2023,23,TB,PHI,32,9,23,41,1,1,0,2.5,43.0,0.4265418943159657,-2.5,43.0,-1.3348694636922347,43.087194517568655,0.4516242159048943,0.5408148976484112,0.5030724050732258,0.03483950920014778,0.0,0.03405626601467138,0.5087931937150453,0.47301439457606376,0.43645327927757377,0.4910670885616374,0.47409340223821483,0.47301439457606376,0.5269856054239362,0.42158931029552105,0.5443544236898076,20.87616252693821,22.211031990630445
1116,2023,23,BAL,HOU,34,10,24,44,1,1,0,-10.0,44.0,0.7705746740352664,10.0,44.0,15.299890671571182,44.829352581740395,0.9165183277462426,0.6851240228844561,0.5291966029286823,0.01419130161354254,0.0314703444637594,0.03397195621661653,0.8432283800237679,0.4665545743900799,0.4406016532841715,0.8312618717537518,0.15454682663270575,0.45187194122288143,0.5166577143133592,0.42563355320983276,0.5403944905735507,30.06462162665579,14.764730955084605
1117,2023,23,SF,GB,24,21,3,45,1,0,0,-10.5,50.5,0.7816499846386211,10.5,50.5,-0.02221531337220372,53.85915677694237,0.49919286752305986,0.17733933354306614,0.6128880192061472,0.03508027969297528,0.0,0.0,0.539064342975605,0.4909263305232943,0.454238221300295,0.5201538150515108,0.4447659052555139,0.4909263305232943,0.5090736694767057,0.454238221300295,0.545761778699705,26.918470731785085,26.940686045157285
1118,2023,23,DET,TB,31,23,8,54,1,1,1,-6.0,49.5,0.6716393567181147,6.0,49.5,0.8206147650580209,50.63054668245902,0.529786171312939,0.31877034684503225,0.5384552184016065,0.03498913401711501,0.03162436462641183,0.0,0.5583566336339287,0.4827452732368147,0.4420788286454424,0.538820218550366,0.426190647432519,0.4674787606942969,0.5008968746792913,0.4420788286454424,0.5579211713545575,25.72558072375852,24.9049659587005
1119,2023,23,BUF,KC,24,27,-3,51,0,0,1,-2.5,45.5,0.5734581056840342,2.5,45.5,0.9406503636077111,47.80947304809477,0.5341328570206008,0.4454509368157268,0.5781710450175734,0.03496054704957996,0.0,0.0,0.5610928540568803,0.4770466947250136,0.44848823228644047,0.5414767409334416,0.4235627120169784,0.4770466947250136,0.5229533052749864,0.44848823228644047,0.5515117677135595,24.37506170585124,23.434411342243532
1120,2023,23,BAL,KC,10,17,-7,27,0,0,0,-4.5,44.0,0.6305586598182363,4.5,44.0,6.730461953676654,41.56018655583626,0.7296528467730709,0.5777713507326501,0.41471067758276,0.029444534758857333,0.0,0.03332642624642579,0.6878498237411478,0.4714347443395264,0.422376301854908,0.6675964056971276,0.302959059544015,0.4714347443395264,0.5285652556604736,0.4083000091829023,0.5583735645706719,24.145324254756456,17.414862301079804
1121,2023,23,SF,DET,34,31,3,65,1,0,1,-7.5,52.5,0.7107426392460281,7.5,52.5,8.715418038841314,52.80641707346428,0.7855961290871946,0.5425699224652998,0.5104376903052367,0.026153285037325613,0.0,0.0,0.728004645290103,0.4729399395557285,0.43762072058519264,0.7089649322933338,0.2648817826693406,0.4729399395557285,0.5270600604442714,0.43762072058519264,0.5623792794148074,30.760917556152798,22.045499517311484
1122,2023,23,KC,SF,25,22,3,47,1,1,0,1.5,47.0,0.4557641189546886,-1.5,47.0,4.248426438643392,42.0976149253086,0.65047435497122,0.6934458571925425,0.33265855882535783,0.03271588031041278,0.0,0.031201501233491413,0.6349849773155322,0.4661459761744952,0.4086248756664262,0.614210884798767,0.35307323489082015,0.4661459761744952,0.5338540238255047,0.3958751661042849,0.5729233326622237,23.173020681975995,18.924594243332603
1123,2024,1,KC,BAL,27,20,7,47,1,1,1,-3.0,46.0,0.5879295521290574,3.0,46.0,1.7039288841691265,40.48812363083004,0.5633806321985018,0.45170144453694167,0.3125827837023738,0.03561368040154195,0.03579192004345089,0.030596758098037524,0.5532302782022335,0.48223752093352423,0.4078946563810887,0.533527711885883,0.4308586077125751,0.4649773141423196,0.49923076581422954,0.3954144022503144,0.5739888396516482,21.09602625749958,19.392097373330458
1124,2024,1,PHI,GB,34,29,5,63,1,1,1,-2.0,49.5,0.5588870740382756,2.0,49.5,2.4854451663746446,42.075874751993624,0.5919972429675189,0.5181297459888297,0.2620983395208617,0.03514109597243714,0.036003438536750254,0.0,0.5660675709084108,0.4747605695620275,0.3934982459542247,0.5461753360722339,0.4186835679553289,0.4576675565761285,0.5063290048871213,0.3934982459542247,0.6065017540457753,22.280659959184135,19.79521479280949
1125,2024,1,ATL,PIT,10,18,-8,28,0,0,0,-4.0,43.0,0.616498092917068,4.0,43.0,7.14457514786848,45.82030698601085,0.7477737458504589,0.6157511007913677,0.5987844544494201,0.029262487896022704,0.03461303315460429,0.033227104672103214,0.6417724800490533,0.4635819822070904,0.4789589957320848,0.6229926206196174,0.3477448914843599,0.4475360036870792,0.5178509631583166,0.4630445750472494,0.5037283202806474,26.482441066939664,19.337865919071184
1126,2024,1,BUF,ARI,34,28,6,62,1,0,1,-6.5,46.0,0.6849128309162449,6.5,46.0,-0.015841843658971344,52.93490309329383,0.49940814995448707,0.2779968267978055,0.730476181126364,0.03603803590823751,0.0,0.02866736824082894,0.5248578406397648,0.5036220832524242,0.5151452594779239,0.505942994932069,0.45801896915969353,0.5036220832524242,0.4963779167475758,0.5003774006269529,0.4709552311322182,26.459530624817432,26.4753724684764
1127,2024,1,CHI,TEN,24,17,7,41,1,1,0,-4.0,43.0,0.616498092917068,4.0,43.0,7.14457514786848,45.82030698601085,0.7477737458504589,0.6157511007913677,0.5987844544494201,0.029262487896022704,0.03461303315460429,0.033227104672103214,0.6417724800490533,0.4635819822070904,0.4789589957320848,0.6229926206196174,0.3477448914843599,0.4475360036870792,0.5178509631583166,0.4630445750472494,0.5037283202806474,26.482441066939664,19.337865919071184
1128,2024,1,CIN,NE,10,16,-6,26,0,0,0,-8.0,40.5,0.7232730811922008,8.0,40.5,10.449948056821244,44.344967504143504,0.8349793216447255,0.5907071389644977,0.6292419512837218,0.023081260896756217,0.035166223989119616,0.0,0.6943208388751958,0.4665111810428399,0.48675075421301806,0.6782950384470627,0.298623700656181,0.45010574435685863,0.5147280316540217,0.48675075421301806,0.513249245786982,27.397457780482373,16.94750972366113
1129,2024,1,IND,HOU,27,29,-2,56,0,1,1,3.0,49.0,0.4120704478709426,-3.0,49.0,-9.532439789277744,50.06946822626822,0.18696524281937227,0.2707543601466411,0.5378045283603906,0.024874073122185925,0.030279349242889997,0.03406976858048999,0.3653973883313219,0.504645149111667,0.4639067151199189,0.3563084669753128,0.6188174599025011,0.48936482239798457,0.48035582835912544,0.4481015206928479,0.517828710726662,20.268514218495238,29.800954007772983
1130,2024,1,MIA,JAX,20,17,3,37,1,0,0,-3.5,49.5,0.6022823943305156,3.5,49.5,6.776353763630617,40.94639312852514,0.7367113615954437,0.6164105484536713,0.2315401980821682,0.029880946852747836,0.0,0.0,0.6358486570344437,0.4635039861147433,0.38400850395604463,0.6168488971072064,0.35327015604004575,0.4635039861147433,0.5364960138852567,0.38400850395604463,0.6159914960439554,23.861373446077877,17.08501968244726
1131,2024,1,NO,CAR,47,10,37,57,1,1,1,-3.5,41.5,0.6022823943305156,3.5,41.5,-3.636913580934312,35.64393030806841,0.3667888044481722,0.2594876720676041,0.3077030331538778,0.034144708942520974,0.0,0.0,0.46459582882864114,0.5062715194141023,0.4065583493372965,0.4487323394773779,0.5171229515801011,0.5062715194141023,0.4937284805858977,0.4065583493372965,0.5934416506627035,16.00350836356705,19.640421944501362
1132,2024,1,NYG,MIN,6,28,-22,34,0,0,0,1.0,42.5,0.47047572223260303,-1.0,42.5,6.252347354108462,37.25115628761225,0.7205404781363224,0.7509632464808316,0.32625430396605426,0.030724996126180737,0.029077822010801613,0.0,0.6273987091697363,0.44594898599206095,0.4115867642251854,0.6081218862609253,0.3611531176128939,0.4329817607514863,0.537940417237712,0.4115867642251854,0.5884132357748146,21.751751820860356,15.499404466751892
1133,2024,1,LAC,LV,22,10,12,32,1,1,0,-3.0,41.0,0.5879295521290574,3.0,41.0,2.4443257700834677,41.884720459353844,0.5905027095349183,0.4792497257532554,0.5312891771114479,0.03517017241785353,0.03599269939572225,0.03411503172790015,0.5653930350482093,0.4791273988388869,0.46232637451155717,0.5455080645217103,0.4193217630604363,0.4618823104002245,0.5021249902040532,0.4465540955764503,0.5193308726956495,22.164523114718655,19.72019734463519
1134,2024,1,SEA,DEN,26,20,6,46,1,0,1,-6.5,42.0,0.6849128309162449,6.5,42.0,1.6523190227901536,42.772317044393816,0.5614769344037526,0.3306715154401444,0.5273207846176412,0.035638858909305515,0.0,0.03413840652818373,0.5523812736968777,0.496611591036232,0.46136548524421545,0.5326950354194522,0.43166610567124225,0.496611591036232,0.503388408963768,0.4456152027508756,0.5202463907209405,22.212318033591984,20.559999010801832
1135,2024,1,CLE,DAL,17,33,-16,50,0,0,1,-2.5,42.0,0.5734581056840342,2.5,42.0,-2.173075558194183,41.10795050991752,0.41938925649852854,0.33640978524804765,0.4684521790521728,0.03535036017658133,0.0,0.03411339809425984,0.48903866551567804,0.4958856070655015,0.44718097334078727,0.47175097254942416,0.49289866727399456,0.4958856070655015,0.5041143929344984,0.4319261107770344,0.5339604911287058,19.46743747586167,21.640513034055854
1136,2024,1,TB,WAS,37,20,17,57,1,1,1,-4.0,42.0,0.616498092917068,4.0,42.0,0.22601681198014664,44.396307260606,0.5084433220970876,0.36197621748518877,0.5841830830245219,0.03603056227757584,0.034003484913312954,0.033498470890418464,0.5288579955897579,0.4927209592233442,0.4752996396414099,0.5098029446436672,0.454166493078757,0.47596672951992014,0.49002978556676696,0.45937782849865577,0.5071237006109257,22.311162036293073,22.085145224312928
1137,2024,1,DET,LAR,26,20,6,46,1,1,0,-5.0,54.0,0.6444467262025981,5.0,54.0,-3.2542253508545986,57.198689776908274,0.3803377972684684,0.22046745107274796,0.6116965276008782,0.03451408695585767,0.02729185362785813,0.032949981946672924,0.470995967753969,0.5122967685840055,0.48223351547290966,0.4547399719670502,0.5107459410770921,0.49831524016178613,0.47439290621035574,0.46634392984399664,0.5007060882093304,26.97223221302684,30.226457563881436
1138,2024,1,SF,NYJ,32,19,13,51,1,1,1,-3.5,43.0,0.6022823943305156,3.5,43.0,3.551834943502735,44.053345189420455,0.6302130772455806,0.5018686602382331,0.5372363205698462,0.03423002134177844,0.0,0.03407405699472632,0.5835251835057602,0.4765864691050764,0.4637687464754865,0.5635511040208928,0.4022188746373287,0.4765864691050764,0.5234135308949236,0.447966263775708,0.5179596792295657,23.802590066461594,20.25075512295886
1139,2024,2,MIA,BUF,10,31,-21,41,0,0,0,-2.5,48.5,0.5734581056840342,2.5,48.5,0.3650265579822928,52.37865184659265,0.5136346243440096,0.4235082952181297,0.630333201181658,0.03601848592518936,0.0,0.0,0.5311556423146094,0.4854569156304431,0.4870345586587526,0.5120242202878158,0.4519572937869949,0.4854569156304431,0.5145430843695569,0.4870345586587526,0.5129654413412474,26.37183920228747,26.00681264430518
1140,2024,2,BAL,LV,23,26,-3,49,0,0,1,-9.0,41.0,0.7475074624530771,9.0,41.0,7.850340242127168,41.099920254381054,0.7682536181384116,0.45713438262986333,0.5035374961009815,0.028025840668014224,0.035844250997931204,0.03421211433585142,0.6530920608712576,0.481622002611595,0.4556261898807284,0.6347886068317347,0.33718555250025106,0.4643586226638587,0.49979712633821016,0.44003825457812057,0.5257496310860281,24.47513024825411,16.624790006126943
1141,2024,2,CAR,LAC,3,26,-23,29,0,0,0,5.0,39.0,0.35555327379740187,-5.0,39.0,-6.988607721545816,44.1433631797487,0.25688099905084416,0.42614704952233495,0.6757870544134528,0.02952685811787925,0.035461261518334175,0.03104177092493754,0.40828839996656563,0.4851534573473407,0.49921787331559514,0.3962329263095769,0.5742402155725438,0.4679493037198227,0.49658943476184314,0.48372126645049796,0.48523696262456445,18.57737772910144,25.565985450647258
1142,2024,2,DAL,NO,19,44,-25,63,0,0,1,-6.5,47.0,0.6849128309162449,6.5,47.0,7.989833760834814,49.483778842985586,0.7721859758475698,0.5535472016397467,0.5872059242996702,0.02777431091253607,0.0,0.033445927248720475,0.6553236945323044,0.47076579062720414,0.47605374904382786,0.6371225304920124,0.33510315859545153,0.47076579062720414,0.5292342093727959,0.4601316899868274,0.5064223827644522,28.7368063019102,20.746972541075387
1143,2024,2,DET,TB,16,20,-4,36,0,0,0,-7.5,51.5,0.7107426392460281,7.5,51.5,4.733695776468742,61.19398793131916,0.6710538251627581,0.4013027623402795,0.7971863724875727,0.03288935787432745,0.0,0.0,0.6027888963104003,0.48803276648733307,0.5376366618639705,0.5829635565769767,0.3841470855486958,0.48803276648733307,0.5119672335126669,0.5376366618639705,0.4623633381360295,32.963841853893946,28.230146077425207
1144,2024,2,GB,IND,16,10,6,26,1,1,0,3.0,41.5,0.4120704478709426,-3.0,41.5,-3.1277485251927954,36.16139662399252,0.3848501760175421,0.4952274409023064,0.3234833697177709,0.03462794157121096,0.0360356732487489,0.0,0.4731096508298959,0.4773320239002706,0.4108443331697506,0.45672683748418225,0.5086452209446067,0.4601310430558364,0.5038332836954147,0.4108443331697506,0.5891556668302493,16.516824049399865,19.644572574592658
1145,2024,2,JAX,CLE,13,18,-5,31,0,0,0,-3.0,41.5,0.5879295521290574,3.0,41.5,-3.6922462505851357,37.18158513233214,0.36484339251666015,0.2658507453931478,0.35551925547335933,0.03408825777736102,0.030019376332901526,0.0,0.46366986782862957,0.5053475916990248,0.41926744939526445,0.4478641698504923,0.5180475723721467,0.49017737216488627,0.4798032515022122,0.41926744939526445,0.5807325506047356,16.7446694408735,20.436915691458637
1146,2024,2,MIN,SF,23,17,6,40,1,1,0,4.5,46.5,0.36944134018176367,-4.5,46.5,-6.4991657595656696,50.214446169987276,0.2717811751366559,0.42831950849726436,0.6250037814486824,0.030332966801993377,0.0,0.0,0.41653359297439563,0.48490399504167636,0.4856518221811453,0.40389889332678824,0.5657681398712183,0.48490399504167636,0.5150960049583236,0.4856518221811453,0.5143481778188548,21.857640205210803,28.356805964776473
1147,2024,2,NE,SEA,20,23,-3,43,0,1,1,3.5,39.0,0.39771760566948444,-3.5,39.0,-3.1313034672068514,45.55378658848388,0.3847231210527849,0.5132891748540107,0.7192482409650086,0.03462479801684826,0.0,0.029214470444534957,0.4730502511339689,0.47530430746669067,0.5117312608844911,0.4566709817366359,0.5087042202465158,0.47530430746669067,0.5246956925333093,0.49678130308783647,0.4740042264676286,21.211241560638516,24.342545027845365
1148,2024,2,TEN,NYJ,17,24,-7,41,0,0,0,3.5,41.5,0.39771760566948444,-3.5,41.5,-5.9720715654591885,43.74227913576773,0.28830814042540887,0.41161668407129304,0.5762688230793362,0.031157527582798106,0.0,0.0,0.42540627169969863,0.48683109794322477,0.4733331202087199,0.41215166405531994,0.5566908083618819,0.48683109794322477,0.5131689020567752,0.4733331202087199,0.5266668797912801,18.88510378515427,24.85717535061346
1149,2024,2,WAS,NYG,21,18,3,39,1,1,0,-1.5,42.5,0.5442358810453114,1.5,42.5,1.69817152782927,44.889845772100806,0.5631683387962773,0.5071437681199618,0.5812203848218089,0.03561652667995313,0.0,0.0,0.5531355748298947,0.47599431064336145,0.4745621750711616,0.5334348068713346,0.4309486664487123,0.47599431064336145,0.5240056893566385,0.4745621750711616,0.5254378249288384,23.294008649965036,21.59583712213577
1150,2024,2,ARI,LAR,41,10,31,51,1,1,1,1.0,47.5,0.47047572223260303,-1.0,47.5,4.338225273847624,48.11119946562339,0.6575910604157965,0.6911938594131126,0.5209080256817668,0.033374338288809646,0.0320823556409327,0.0,0.5963532139452692,0.45424778964420565,0.45981504928190275,0.5764503200434409,0.3901753416677495,0.4396744505077327,0.5282431938513347,0.45981504928190275,0.5401849507180972,26.22471236973551,21.886487095887883
1151,2024,2,DEN,PIT,6,13,-7,19,0,0,0,3.0,36.5,0.4120704478709426,-3.0,36.5,0.6831240368061567,36.05723927908271,0.5255034902880914,0.6348361298778104,0.484850660966233,0.03596952079346072,0.03409761660446875,0.0,0.5364093197167722,0.46130365541328977,0.45112893298937917,0.5171149335374137,0.44691554566912567,0.44557430023276745,0.5203280831627638,0.45112893298937917,0.5488710670106208,18.370181657944432,17.687057621138276
1152,2024,2,KC,CIN,26,25,1,51,1,0,1,-6.5,47.5,0.6849128309162449,6.5,47.5,6.47875303627057,55.43080528455603,0.7275879165730589,0.4992340403131066,0.7518604716411528,0.030365770935121772,0.0,0.0,0.6310524415608048,0.47688221800598046,0.5219027716536377,0.61189004767232,0.3577441813925582,0.47688221800598046,0.5231177819940196,0.5219027716536377,0.47809722834636226,30.9547791604133,24.47602612414273
1153,2024,2,HOU,CHI,19,13,6,32,1,0,0,-6.0,45.5,0.6716393567181147,6.0,45.5,-1.4174387438311942,50.26964943783044,0.4472048420792229,0.24419395047035664,0.6587931075563579,0.035743858197942235,0.028791905615127233,0.0,0.5016136530996668,0.5085544122736438,0.4945726864860654,0.48368404581312047,0.4805720959889373,0.4939121616353046,0.47729593274956816,0.4945726864860654,0.5054273135139347,24.426105346999623,25.843544090830814
1154,2024,2,PHI,ATL,21,22,-1,43,0,0,0,-5.5,46.5,0.6581456062996048,5.5,46.5,-3.2633019281316136,48.548783469784794,0.3800146046205827,0.21421126414731956,0.5697579519744634,0.03450575739937378,0.0,0.0,0.4708442501884627,0.5133305324207365,0.47172324631362195,0.45459741271856957,0.5108968298820568,0.5133305324207365,0.48666946757926355,0.47172324631362195,0.528276753686378,22.64274077082659,25.906042698958203
1155,2024,3,NYJ,NE,24,3,21,27,1,1,0,-6.5,39.0,0.6849128309162449,6.5,39.0,10.636597110401723,43.562256070981675,0.8392261345611426,0.6457244535770329,0.6570872804950093,0.022713571308710434,0.0,0.03169231844005238,0.6972477134113864,0.4599822466944844,0.49411282190249567,0.6814107277529815,0.295875700938308,0.4599822466944844,0.5400177533055156,0.4784532410054489,0.48985444055449867,27.0994265906917,16.462829480289976
1156,2024,3,CLE,NYG,15,21,-6,36,0,0,0,-6.5,38.0,0.6849128309162449,6.5,38.0,11.345458265268396,42.290988348580015,0.8546858333211642,0.6692556828057906,0.6482167862933766,0.02131445002359844,0.0,0.031973453698572185,0.7083153797068711,0.4570628353928819,0.4917388820465317,0.6932180269451629,0.28546752303123873,0.4570628353928819,0.5429371646071182,0.4760162916696293,0.49201025463179854,26.818223306924207,15.472765041655808
1157,2024,3,IND,CHI,21,16,5,37,1,1,0,-1.5,43.0,0.5442358810453114,1.5,43.0,-2.593178655674042,43.980909411355675,0.40409365950287635,0.3557362409717916,0.5346825897303694,0.03506273490594114,0.0,0.034092525914641236,0.48203474125041734,0.4934835956305549,0.46314901898356553,0.46513328490250005,0.4998039801915588,0.4934835956305549,0.5065164043694451,0.4473590990515277,0.5185483750338311,20.693865377840815,23.28704403351486
1158,2024,3,MIN,HOU,34,7,27,41,1,1,0,2.0,46.0,0.44111292596172436,-2.0,46.0,0.6202690148127958,51.3798162181756,0.5231597495447552,0.5968877739449432,0.6832706653170229,0.03598154608326953,0.03504253574287569,0.030759026223609043,0.5353716587994976,0.46579380175925117,0.501303165051884,0.516108158786727,0.44791029513000347,0.44947120581229266,0.5154862584448318,0.48588356785207487,0.4833574059243161,26.0000426164942,25.3797736016814
1159,2024,3,NO,PHI,12,15,-3,27,0,0,0,-2.5,49.0,0.5734581056840342,2.5,49.0,-1.5233282735953912,47.9708736742818,0.4432873932811513,0.35809060828326755,0.46361734719234626,0.035698473219554994,0.0,0.03408037730643154,0.4998532874745802,0.4931951586205621,0.4460154814701185,0.48200928827796236,0.4822922385024826,0.4931951586205621,0.5068048413794379,0.4308151055771071,0.5351045171164613,23.223772700343204,24.747100973938593
1160,2024,3,PIT,LAC,20,10,10,30,1,1,0,-3.0,36.0,0.5879295521290574,3.0,36.0,2.4834961825328525,33.392617953004155,0.5919264358387235,0.4807112242574172,0.40853171671674243,0.03514248454609642,0.03599886747026748,0.03336861844980721,0.5660356014213174,0.47896300823772814,0.43260952784179474,0.5461437040458283,0.4187138114080753,0.46172088238101755,0.502280250148715,0.41817394556949067,0.5484574359807022,17.938057067768504,15.45456088523565
1161,2024,3,TB,DEN,7,26,-19,33,0,0,0,-6.0,40.5,0.6716393567181147,6.0,40.5,3.5626776366268906,42.303105227868905,0.6305956260026905,0.4097519737190292,0.56146402358179,0.03421924939801391,0.035175078711522145,0.0,0.5837023255778525,0.4870476410717835,0.4696818911495127,0.5637284701247033,0.4020522804772828,0.46991570196082233,0.4949092193276556,0.4696818911495127,0.5303181088504874,22.9328914322479,19.370213795621005
1162,2024,3,TEN,GB,14,30,-16,44,0,0,1,-3.0,37.0,0.5879295521290574,3.0,37.0,2.4834961825328525,33.392617953004155,0.5919264358387235,0.4807112242574172,0.37449908201831467,0.03514248454609642,0.03599886747026748,0.03261465352359305,0.5660356014213174,0.47896300823772814,0.42411524037153703,0.5461437040458283,0.4187138114080753,0.46172088238101755,0.502280250148715,0.41028286875274395,0.557102477723663,17.938057067768504,15.45456088523565
1163,2024,3,LV,CAR,22,36,-14,58,0,0,1,-5.5,40.0,0.6581456062996048,5.5,40.0,4.193512029286877,40.22839597628408,0.652611432600271,0.4530098567397835,0.5080854849711446,0.033542887103225005,0.0,0.03420680792104769,0.5939955993884728,0.4820891673038732,0.4567217336665484,0.5740712720583727,0.39238584083840217,0.4820891673038732,0.5179108326961268,0.44109874104964886,0.5246944510293035,22.210954002785478,18.0174419734986
1164,2024,3,SEA,MIA,24,3,21,27,1,1,0,-4.0,41.5,0.616498092917068,4.0,41.5,-0.21618955014580352,43.13390834532013,0.4919237424294876,0.3466064021186592,0.5557360875877515,0.03603120113704,0.03351679671275254,0.0,0.5215418017956119,0.4946104185319046,0.46827767729651815,0.5027500242337399,0.46121877462921995,0.47803266168196135,0.48845054160528606,0.46827767729651815,0.5317223227034819,21.45885939758716,21.675048947732968
1165,2024,3,ARI,DET,13,20,-7,33,0,0,0,3.0,51.5,0.4120704478709426,-3.0,51.5,-2.307975668914826,58.528639996018484,0.4144627068619215,0.52583529307018,0.726733156866691,0.03526327915307936,0.03596772461013037,0.0,0.48679060099812477,0.47389430439551455,0.5139976271303528,0.4696247681460326,0.49511195270088804,0.4568494045607074,0.5071828708291621,0.5139976271303528,0.4860023728696472,28.110332163551828,30.418307832466656
1166,2024,3,DAL,BAL,25,28,-3,53,0,0,1,1.5,47.5,0.4557641189546886,-1.5,47.5,0.7295239212402805,48.11412813936142,0.527233070800369,0.5798346365652443,0.5210081178656529,0.03595990244838926,0.0,0.0,0.5371751838968558,0.4677655709457148,0.45983922890928675,0.5178584166862293,0.44618168086538146,0.4677655709457148,0.5322344290542852,0.45983922890928675,0.5401607710907133,24.42182603030085,23.69230210906057
1167,2024,3,LAR,SF,27,24,3,51,1,1,1,6.0,44.5,0.3283606432818853,-6.0,44.5,-9.265393885801844,38.7334930842903,0.1936847826734884,0.3799401278543004,0.3104100294924113,0.025388790380619364,0.034503834609954875,0.0,0.3698984604373828,0.4905561301731004,0.40730091205040364,0.36050718596322423,0.6141040236561565,0.4736300625907083,0.49186610279933685,0.40730091205040364,0.5926990879495964,14.73404959924423,23.999443485046072
1168,2024,3,ATL,KC,17,22,-5,39,0,0,0,3.0,46.0,0.4120704478709426,-3.0,46.0,5.993085335942443,53.48325902407969,0.7123599786520973,0.7993100768920763,0.7462157101247351,0.03112558017950523,0.02590908982920498,0.027845875642788842,0.6232096816748178,0.4382289916753132,0.5200838259523021,0.6038119187592044,0.36506250106129046,0.4268748773642356,0.5472160328065594,0.5056016364110084,0.46655248794620274,29.73817218001107,23.745086844068624
1169,2024,3,BUF,JAX,47,10,37,57,1,1,1,-4.0,46.5,0.616498092917068,4.0,46.5,6.664390079578285,49.61603048662879,0.7332978370576508,0.5984848472084261,0.6053860453010103,0.030064982420432096,0.035009214219092144,0.0,0.6340450949014409,0.4656078828093965,0.48062830352558766,0.6149825402694679,0.35495247731010005,0.44930731669802443,0.5156834690828834,0.48062830352558766,0.5193716964744124,28.140210283103535,21.475820203525252
1170,2024,3,CIN,WAS,33,38,-5,71,0,0,1,-7.5,46.0,0.7107426392460281,7.5,46.0,6.45395895483934,51.195111871285896,0.7268205861289326,0.4623459516919123,0.6774312723680238,0.030405524768263248,0.0,0.03098075871625472,0.6306525194298787,0.48103270286917316,0.49967383917247715,0.6114771986301858,0.35811727660155085,0.48103270286917316,0.5189672971308268,0.48419356452425,0.48482567675949534,28.82453541306262,22.370576458223276
1171,2024,4,NYG,DAL,15,20,-5,35,0,1,0,5.5,45.0,0.34185439370039516,-5.5,45.0,-4.875543480560907,46.585464719154935,0.32417138034814535,0.5224999252261647,0.5559407715655232,0.032706954627112705,0.0,0.03389856314565598,0.4438355770581778,0.4742693962532628,0.4683277826118534,0.42931906697743755,0.5379739783954497,0.4742693962532628,0.5257306037467372,0.4524521437001205,0.5136492931542235,20.854960619297014,25.73050409985792
1172,2024,4,ATL,NO,26,24,2,50,1,0,1,-2.5,41.5,0.5734581056840342,2.5,41.5,-4.142989223465753,38.68338497198554,0.3491335456417687,0.274155718897646,0.4045343882766765,0.033600579405843156,0.0,0.0,0.4561217385017823,0.504162586860844,0.43162270678249964,0.4407957838085219,0.5256036367856349,0.504162586860844,0.49583741313915597,0.43162270678249964,0.5683772932175004,17.270197874259893,21.413187097725647
1173,2024,4,CAR,CIN,24,34,-10,58,0,0,1,4.5,47.0,0.36944134018176367,-4.5,47.0,-9.324572604233555,43.800664665104485,0.19218283888950352,0.33142870960836845,0.3882815469650954,0.025275084010996873,0.0,0.032949481480615384,0.3689008808999808,0.4965154332282975,0.42758224754644214,0.35957688014350303,0.6151480358455002,0.4965154332282975,0.5034845667717025,0.4134936341994707,0.5535568843199139,17.238046030435463,26.562618634669022
1174,2024,4,CHI,LAR,24,18,6,42,1,1,1,-3.0,40.0,0.5879295521290574,3.0,40.0,2.8339409013278023,36.322361184286066,0.604606146132181,0.49379630109358447,0.3721420646348892,0.03487630338704578,0.036034018327581574,0.032553324698858965,0.5717803423625253,0.4774927152322872,0.4235181039502897,0.5518387576715409,0.41328493894141327,0.4602867339803203,0.5036792476920982,0.4097311815965508,0.5577154937045902,19.578151042806933,16.744210141479133
1175,2024,4,GB,MIN,29,31,-2,60,0,0,1,-2.5,44.0,0.5734581056840342,2.5,44.0,-4.1308826326631936,51.25702184184986,0.3495521790376421,0.27452032547409955,0.7397825343386565,0.033614314736095996,0.0,0.028189463546207827,0.45632459406642134,0.5041110806693053,0.5180424354966103,0.4409855555396514,0.5254001297242525,0.5041110806693053,0.4958889193306947,0.5034390971457899,0.46837143930800224,23.563069604593334,27.69395223725653
1176,2024,4,HOU,JAX,24,20,4,44,1,0,0,-5.5,44.5,0.6581456062996048,5.5,44.5,-2.461900450862533,44.40063174188515,0.40885835013963345,0.23592401105719157,0.4965992756405735,0.035157801382421194,0.0,0.0,0.48422436290217263,0.5098290187469445,0.4539559151742715,0.4672000989267286,0.4976420996908502,0.5098290187469445,0.49017098125305547,0.4539559151742715,0.5460440848257285,20.96936564551131,23.43126609637384
1177,2024,4,IND,PIT,27,24,3,51,1,1,1,2.5,40.0,0.4265418943159657,-2.5,40.0,1.5652119683135868,39.73662116914468,0.5582605630787448,0.6433217722401513,0.490676298280325,0.03567963645904593,0.0,0.0342046438980268,0.5509479765205152,0.46027531044384573,0.45253063895123175,0.5312903530104163,0.43303001053053786,0.46027531044384573,0.5397246895561543,0.4370519895929583,0.5287433665090148,20.65091656872913,19.085704600415546
1178,2024,4,NYJ,DEN,9,10,-1,19,0,0,0,-7.5,39.5,0.7107426392460281,7.5,39.5,10.227297930267717,43.48373510128888,0.8298171795379118,0.5973337058296018,0.6337307398367363,0.023518917432584552,0.0,0.0,0.6908228932925875,0.4657419130938063,0.48792045596230804,0.6745754867047,0.3019055958627155,0.4657419130938063,0.5342580869061937,0.48792045596230804,0.512079544037692,26.855516515778298,16.62821858551058
1179,2024,4,TB,PHI,33,16,17,49,1,1,1,1.0,42.0,0.47047572223260303,-1.0,42.0,1.9904406370245484,32.5361958796241,0.5739202113718717,0.6102327458871467,0.20129645707876428,0.03546020630005392,0.03474683627377739,0.02461251021917832,0.5579407124459973,0.46423279566686054,0.37380868839928916,0.5381560196794631,0.4263837740204829,0.4481021747229062,0.5171509890033164,0.364608318236044,0.6107791715447777,17.263318258324325,15.272877621299777
1180,2024,4,ARI,WAS,14,42,-28,56,0,0,1,-3.5,49.0,0.6022823943305156,3.5,49.0,1.7190267057360504,47.04112810851215,0.563937250740944,0.4360714017067616,0.4310074162632104,0.035606171791433716,0.0,0.03373398050375176,0.5534786147874934,0.4840164233925341,0.4381163268496365,0.5337713601464851,0.43062246806208115,0.4840164233925341,0.5159835766074659,0.4233369192213155,0.5429291002749328,24.380077407124098,22.66105070138805
1181,2024,4,SF,NE,30,13,17,43,1,1,1,-10.5,41.5,0.7816499846386211,10.5,41.5,14.31681969817845,42.887755693215134,0.9082690112206312,0.6349175198042404,0.5473824071987549,0.01561556696213623,0.0,0.0,0.7537026722124621,0.46129383980927796,0.46623705498139495,0.7419331776649873,0.24245125537287635,0.46129383980927796,0.538706160190722,0.46623705498139495,0.533762945018605,28.60228769569679,14.285467997518342
1182,2024,4,LAC,KC,10,17,-7,27,0,1,0,7.5,41.5,0.2892573607539719,-7.5,41.5,-5.117248959378245,44.704525526310775,0.3161038212091562,0.5852398316390003,0.6083053983102625,0.03238621824238985,0.0,0.0,0.4397769883038816,0.4671431047869783,0.48136971195003897,0.4255342747826912,0.542079506974919,0.4671431047869783,0.5328568952130217,0.48136971195003897,0.518630288049961,19.793638283466265,24.91088724284451
1183,2024,4,LV,CLE,20,16,4,36,1,1,0,2.5,36.5,0.4265418943159657,-2.5,36.5,1.10859775228685,36.058218456281594,0.5413403812300983,0.6278219342321384,0.48488414808026586,0.03585781501161317,0.0,0.0,0.54342753289458,0.4621462633905708,0.45113699059089457,0.5239414089478288,0.440200776040558,0.4621462633905708,0.5378537366094291,0.45113699059089457,0.5488630094091054,18.58340810428422,17.474810351997373
1184,2024,4,BAL,BUF,35,10,25,45,1,1,0,-2.5,46.5,0.5734581056840342,2.5,46.5,-2.278358871989179,53.42277476811379,0.41554315111991136,0.33294506525365963,0.7237040181570934,0.03528282793920323,0.0,0.0,0.48728423463512244,0.4963232006789925,0.513075934614341,0.4700914688270051,0.4946257032337916,0.4963232006789925,0.5036767993210075,0.513075934614341,0.486924065385659,25.572207948062307,27.850566820051483
1185,2024,4,MIA,TEN,12,31,-19,43,0,0,1,-2.5,37.0,0.5734581056840342,2.5,37.0,0.524159301242501,33.056369978780715,0.5195744334028726,0.42914693161334155,0.3632637528036238,0.03599769733111069,0.0,0.03231154842924422,0.5337845751220971,0.484809068406792,0.4212567253948423,0.5145695595468364,0.449432743122053,0.484809068406792,0.515190931593208,0.40764526831110204,0.5600431832596537,16.790264640011607,16.26610533876911
1186,2024,4,DET,SEA,42,29,13,71,1,1,1,-3.5,46.5,0.6022823943305156,3.5,46.5,5.087085149912831,46.80195079812735,0.6828941893082057,0.5570194188224765,0.5103327668963634,0.03242691658946656,0.0,0.0,0.6085306562883157,0.47037170707919446,0.45726333393486635,0.5887978834547212,0.37877519995581227,0.47037170707919446,0.5296282929208056,0.45726333393486635,0.5427366660651336,25.94451797402009,20.85743282410726
1187,2024,5,ATL,TB,36,30,6,66,1,1,1,-2.5,44.0,0.5734581056840342,2.5,44.0,-4.1308826326631936,51.25702184184986,0.3495521790376421,0.27452032547409955,0.7397825343386565,0.033614314736095996,0.0,0.028189463546207827,0.45632459406642134,0.5041110806693053,0.5180424354966103,0.4409855555396514,0.5254001297242525,0.5041110806693053,0.4958889193306947,0.5034390971457899,0.46837143930800224,23.563069604593334,27.69395223725653
1188,2024,5,MIN,NYJ,23,17,6,40,1,1,0,-2.5,42.0,0.5734581056840342,2.5,42.0,-2.173075558194183,41.10795050991752,0.41938925649852854,0.33640978524804765,0.4684521790521728,0.03535036017658133,0.0,0.03411339809425984,0.48903866551567804,0.4958856070655015,0.44718097334078727,0.47175097254942416,0.49289866727399456,0.4958856070655015,0.5041143929344984,0.4319261107770344,0.5339604911287058,19.46743747586167,21.640513034055854
1189,2024,5,CHI,CAR,36,10,26,46,1,1,1,-4.0,40.0,0.616498092917068,4.0,40.0,5.319430377639015,41.55633907942435,0.6905761241378601,0.5491645195536348,0.5549199026303109,0.03210858684866447,0.03578299895421527,0.03390997222084391,0.6123009015813976,0.4712624193780131,0.46807793272691806,0.5926407849054558,0.3752506282458798,0.45439923671824867,0.509817764327536,0.45220542303095823,0.513884604748198,23.43788472853168,18.118454350892666
1190,2024,5,CIN,BAL,38,41,-3,79,0,0,1,2.5,48.5,0.4265418943159657,-2.5,48.5,-6.9761529790734045,49.079077267562546,0.25725467359870335,0.3429274581769692,0.5198101121989437,0.02954781914399085,0.0,0.0,0.4084982782147652,0.4950683954080927,0.4595498610231529,0.39642804496944367,0.5740241358865654,0.4950683954080927,0.5049316045919072,0.4595498610231529,0.5404501389768471,21.05146214424457,28.027615123317975
1191,2024,5,HOU,BUF,23,20,3,43,1,1,0,-1.0,48.0,0.529524277767397,1.0,48.0,-0.8705909777852568,45.05924264022663,0.46751197750202955,0.4304823910194105,0.3970924106953059,0.03592679938122367,0.035527220123713676,0.03314242270897971,0.5106952483600666,0.4846559548743305,0.4297785077710115,0.4923476026272903,0.471725597991486,0.46743747608124153,0.49703530379504474,0.41553460679523013,0.5513229704957903,22.094325831220686,22.964916809005942
1192,2024,5,JAX,IND,37,34,3,71,1,0,1,-3.5,45.0,0.6022823943305156,3.5,45.0,5.953340183123624,43.887627541915954,0.7110956733839852,0.5877245594671344,0.46068383236947325,0.03118593796436936,0.0,0.0340580423306045,0.6225670310405392,0.46685621186324744,0.4453078227742371,0.6031516942318474,0.3656623678037833,0.46685621186324744,0.5331437881367526,0.4301415100960428,0.5358004475733527,24.920483862519788,18.967143679396166
1193,2024,5,NE,MIA,10,15,-5,25,0,0,0,2.0,37.0,0.44111292596172436,-2.0,37.0,1.10859775228685,32.89652689809563,0.5413403812300983,0.614465148861462,0.3579642970667151,0.03585781501161317,0.03464481960899757,0.03215907084867353,0.54342753289458,0.46373393874074686,0.41989725184492654,0.5239414089478288,0.440200776040558,0.4476679600865038,0.5176872203044987,0.40639374637368225,0.5614471827776443,17.00256232519124,15.89396457290439
1194,2024,5,WAS,CLE,34,13,21,47,1,1,1,-3.0,44.0,0.5879295521290574,3.0,44.0,-4.544746383711165,47.74598648300434,0.33535131920562,0.24049539099910844,0.6301461785316553,0.033125461738496176,0.028569007542471936,0.032492641071680484,0.4493863784175823,0.5091207601720842,0.486985894039002,0.43450024713350927,0.5323742911279946,0.49457568533469887,0.4768553071228292,0.4711624361770213,0.49634492275129827,21.600620049646587,26.14536643335775
1195,2024,5,DEN,LV,34,18,16,52,1,1,1,-3.0,36.0,0.5879295521290574,3.0,36.0,2.4834961825328525,33.392617953004155,0.5919264358387235,0.4807112242574172,0.40853171671674243,0.03514248454609642,0.03599886747026748,0.03336861844980721,0.5660356014213174,0.47896300823772814,0.43260952784179474,0.5461437040458283,0.4187138114080753,0.46172088238101755,0.502280250148715,0.41817394556949067,0.5484574359807022,17.938057067768504,15.45456088523565
1196,2024,5,SF,ARI,23,24,-1,47,0,0,0,-7.0,48.5,0.6979517285214231,7.0,48.5,6.572128828872488,45.028031985912975,0.7304678079867882,0.48401918022533075,0.3829095948698876,0.03021516150472514,0.03601116376095437,0.0,0.6325581118885751,0.47859107610670154,0.4262357420822074,0.6134452663767378,0.356339572118537,0.46135645449049173,0.5026323817485538,0.4262357420822074,0.5737642579177926,25.80008040739273,19.227951578520244
1197,2024,5,LAR,GB,19,24,-5,43,0,0,0,3.0,49.5,0.4120704478709426,-3.0,49.5,-2.575888153789022,45.660380861418126,0.4047203888157058,0.5158404870963843,0.370931412203561,0.03507552334836772,0.03601163436290683,0.0,0.482323183459839,0.4750177543840829,0.4232108819708742,0.46540544537693435,0.499519031274698,0.4579115886973142,0.5060767769397789,0.4232108819708742,0.5767891180291258,21.54224635381455,24.118134507603575
1198,2024,5,SEA,NYG,20,29,-9,49,0,0,1,-7.0,42.5,0.6979517285214231,7.0,42.5,6.358286643691918,50.374008875935445,0.7238494196305842,0.47604053564330406,0.7503157360741386,0.030557973368573577,0.035977573300890686,0.0,0.6291088763457264,0.4794885312730183,0.5214023433899143,0.6098845840564204,0.35955744257500594,0.4622376974922069,0.5017847292069023,0.5214023433899143,0.4785976566100857,28.366147759813682,22.007861116121763
1199,2024,5,PIT,DAL,17,20,-3,37,0,0,0,-2.5,43.5,0.5734581056840342,2.5,43.5,-0.4222386100926831,49.735226130702074,0.48422944011062824,0.3958639630570666,0.7036398825640652,0.03601186731140854,0.0,0.0,0.5181291009578163,0.48867053463111954,0.5071186395923972,0.49947030452394403,0.4645178281646475,0.48867053463111954,0.5113294653688805,0.5071186395923972,0.4928813604076028,24.656493760304695,25.07873237039738
1200,2024,5,KC,NO,26,13,13,39,1,1,0,-5.5,43.0,0.6581456062996048,5.5,43.0,0.6684955833883582,40.21244717985092,0.5249581022438152,0.33120150174774077,0.40233873894386124,0.03597242266377432,0.0,0.03324955612349456,0.5361678412972223,0.496544275182946,0.4310795747950778,0.5168805850913551,0.44714699224487053,0.496544275182946,0.5034557248170539,0.41674637027923667,0.5500040735972688,20.440471381619638,19.77197579823128
1201,2024,6,SEA,SF,24,36,-12,60,0,0,1,3.5,49.0,0.39771760566948444,-3.5,49.0,-10.243430017707505,50.79321896466052,0.16980528133913608,0.2711400634916426,0.5632111560713564,0.023487249362792118,0.0,0.033811173520912896,0.3534226376600513,0.504590238314364,0.4701110827190301,0.34512171203887393,0.6313910385983339,0.504590238314364,0.495409761685636,0.4542160753271128,0.5119727511519744,20.274894473476508,30.51832449118401
1202,2024,6,CHI,JAX,35,16,19,51,1,1,1,1.5,44.5,0.4557641189546886,-1.5,44.5,-0.2349117811836791,37.52247787929884,0.4912244424149967,0.5455077095559152,0.2747274315641758,0.03602995955364541,0.0,0.0,0.5212318096443707,0.47167617419667973,0.39723032950278403,0.5024518486248106,0.461518191821544,0.47167617419667973,0.5283238258033203,0.39723032950278403,0.602769670497216,18.643783049057582,18.87869483024126
1203,2024,6,BAL,WAS,30,23,7,53,1,1,1,-6.5,51.5,0.6849128309162449,6.5,51.5,2.394699873226014,57.3324823962986,0.5886971886103626,0.3553282331210642,0.6915850576864235,0.035204649182143,0.0,0.0,0.5645788218718077,0.493533668232335,0.5036511716144944,0.5447030225121432,0.42009232830571386,0.493533668232335,0.506466331767665,0.5036511716144944,0.49634882838550565,29.86359113476231,27.468891261536292
1204,2024,6,GB,ARI,34,13,21,47,1,1,0,-5.5,47.0,0.6581456062996048,5.5,47.0,-3.3478692232964393,44.29133544358357,0.37700757378778454,0.21198988885299336,0.40504734278077636,0.034427134313270935,0.0,0.03330261401386336,0.4694304941956599,0.5137028287169915,0.4317494816940025,0.45326934752124076,0.5123035181654882,0.5137028287169915,0.48629717128300853,0.4173710953544616,0.549326290631675,20.471733110143564,23.819602333440006
1205,2024,6,NE,HOU,21,41,-20,62,0,0,1,6.5,38.5,0.3150871690837551,-6.5,38.5,-6.189450215247059,38.04463774683913,0.2814334003567218,0.5111939544742794,0.48441970778503685,0.030823255120850712,0.0,0.0,0.4217480460548416,0.47553958749459024,0.4510252372503003,0.40874839843457295,0.5604283464445764,0.47553958749459024,0.5244604125054098,0.4510252372503003,0.5489747627496997,15.927593765796034,22.117043981043093
1206,2024,6,NO,TB,27,51,-24,78,0,0,1,3.5,42.5,0.39771760566948444,-3.5,42.5,-0.5345152435392051,48.873444540485565,0.48003916025708737,0.6056408741249436,0.7077266404388367,0.03599608709326585,0.0,0.0,0.5162685361001124,0.46477189586971906,0.50831233676201,0.4976848889111399,0.4663190239955943,0.46477189586971906,0.5352281041302809,0.50831233676201,0.49168766323798996,24.16946464847318,24.703979892012384
1207,2024,6,PHI,CLE,20,16,4,36,1,0,0,-8.0,42.0,0.7232730811922008,8.0,42.0,7.829372764265967,46.630477934464636,0.7676592018495403,0.4936256577039088,0.6593044221461597,0.028063459665132795,0.03603379220242686,0.03161931167112314,0.6527564540012094,0.47751187644598186,0.49471074618728156,0.6344378495831914,0.3374986907516758,0.46030531271593644,0.5036608950816368,0.479068332916532,0.48931235541234486,27.229925349365303,19.400552585099334
1208,2024,6,TEN,IND,17,20,-3,37,0,0,0,-2.5,42.0,0.5734581056840342,2.5,42.0,-2.173075558194183,41.10795050991752,0.41938925649852854,0.33640978524804765,0.4684521790521728,0.03535036017658133,0.0,0.03411339809425984,0.48903866551567804,0.4958856070655015,0.44718097334078727,0.47175097254942416,0.49289866727399456,0.4958856070655015,0.5041143929344984,0.4319261107770344,0.5339604911287058,19.46743747586167,21.640513034055854
1209,2024,6,DEN,LAC,16,23,-7,39,0,0,1,3.0,37.0,0.4120704478709426,-3.0,37.0,0.6831240368061567,36.05723927908271,0.5255034902880914,0.6348361298778104,0.46666294600731995,0.03596952079346072,0.03409761660446875,0.03410172764625263,0.5364093197167722,0.46130365541328977,0.44674976794705656,0.5171149335374137,0.44691554566912567,0.44557430023276745,0.5203280831627638,0.4315148290344995,0.5343834433192479,18.370181657944432,17.687057621138276
1210,2024,6,LV,PIT,13,32,-19,45,0,0,1,3.5,36.5,0.39771760566948444,-3.5,36.5,-2.422442312340181,44.913698011304476,0.4102932264915999,0.5387850154527356,0.7647856501688641,0.03518545857735622,0.0,0.0,0.484882324749207,0.4724355087745955,0.5261730768305317,0.4678215177968516,0.4969930236257922,0.4724355087745955,0.5275644912254045,0.5261730768305317,0.4738269231694683,21.245627849482148,23.668070161822328
1211,2024,6,CAR,ATL,20,38,-18,58,0,0,1,6.0,45.5,0.3283606432818853,-6.0,45.5,-8.812013170131147,43.093969453880746,0.20543313687707213,0.39618404864289075,0.4182373064137057,0.026252158254033486,0.03489392493721666,0.0,0.3775428215499373,0.4886329174574464,0.43499562153131427,0.367631507650934,0.6061163340950325,0.4715825971138331,0.49352347794895024,0.43499562153131427,0.5650043784686858,17.1409781418748,25.952991312005945
1212,2024,6,DAL,DET,9,47,-38,56,0,0,1,3.5,52.5,0.39771760566948444,-3.5,52.5,0.7519394275679444,52.9879418143876,0.5280684328137142,0.6495943800454649,0.5166943779367331,0.03595503051347526,0.0,0.0,0.5375451249839017,0.4595083786225431,0.4587976597914877,0.5182176736127356,0.44582729587378905,0.4595083786225431,0.5404916213774569,0.4587976597914877,0.5412023402085123,26.869940620977772,26.118001193409825
1213,2024,6,NYG,CIN,7,17,-10,24,0,0,0,4.5,46.0,0.36944134018176367,-4.5,46.0,-5.389395780359335,50.328602163988506,0.30712713501417416,0.4679714685543518,0.6494518741963026,0.03201058016741787,0.0,0.03193535534140268,0.43520460256063875,0.4803976945272814,0.49206771611161243,0.4212734507411422,0.5467159690914399,0.4803976945272814,0.5196023054727186,0.4763533587455556,0.49171128591304164,22.469603191814585,27.85899897217392
1214,2024,6,NYJ,BUF,20,23,-3,43,0,0,1,1.0,42.0,0.47047572223260303,-1.0,42.0,1.9904406370245484,32.5361958796241,0.5739202113718717,0.6102327458871467,0.20129645707876428,0.03546020630005392,0.03474683627377739,0.02461251021917832,0.5579407124459973,0.46423279566686054,0.37380868839928916,0.5381560196794631,0.4263837740204829,0.4481021747229062,0.5171509890033164,0.364608318236044,0.6107791715447777,17.263318258324325,15.272877621299777
1215,2024,7,NO,DEN,10,33,-23,43,0,0,1,2.5,37.0,0.4265418943159657,-2.5,37.0,1.10859775228685,36.058218456281594,0.5413403812300983,0.6278219342321384,0.46669748763782976,0.03585781501161317,0.0,0.03410195905862401,0.54342753289458,0.4621462633905708,0.4467580936487054,0.5239414089478288,0.440200776040558,0.4621462633905708,0.5378537366094291,0.43152276742998835,0.5343752735113876,18.58340810428422,17.474810351997373
1216,2024,7,JAX,NE,32,16,16,48,1,1,1,-6.5,42.0,0.6849128309162449,6.5,42.0,1.6523190227901536,42.772317044393816,0.5614769344037526,0.3306715154401444,0.5273207846176412,0.035638858909305515,0.0,0.03413840652818373,0.5523812736968777,0.496611591036232,0.46136548524421545,0.5326950354194522,0.43166610567124225,0.496611591036232,0.503388408963768,0.4456152027508756,0.5202463907209405,22.212318033591984,20.559999010801832
1217,2024,7,ATL,SEA,14,34,-20,48,0,0,0,-3.0,51.5,0.5879295521290574,3.0,51.5,1.119825636138257,57.79600783527935,0.5417575011531275,0.43013001493475944,0.7054402663639279,0.03585415459764796,0.035522010082131183,0.0,0.5436125988766295,0.48469634397891254,0.5076433328963923,0.5241218287152777,0.4400240166870744,0.46747895556132146,0.4969990343565474,0.5076433328963923,0.4923566671036077,29.457916735708803,28.338091099570544
1218,2024,7,BUF,TEN,34,10,24,44,1,1,1,-9.5,41.0,0.7591913433207376,9.5,41.0,9.707914154202234,41.099920254381054,0.8173687683054881,0.5074949339376035,0.5035374961009815,0.024533775607481045,0.0,0.03421211433585142,0.6826367219035058,0.47595488793833396,0.4556261898807284,0.6658890657468988,0.30957715864562024,0.47595488793833396,0.524045112061666,0.44003825457812057,0.5257496310860281,25.403917204291645,15.69600305008941
1219,2024,7,CLE,CIN,14,21,-7,35,0,0,0,5.5,42.0,0.34185439370039516,-5.5,42.0,-4.9175417871175355,43.96249780518393,0.32276331092177823,0.5209881225838293,0.5691189656204986,0.03265211430318271,0.0,0.03373221668875209,0.4431305272811042,0.4744393452050208,0.4715656126425637,0.42866137865309195,0.5386865070437253,0.4744393452050208,0.5255606547949792,0.45565865921394055,0.5106091240973073,19.522478009033197,24.440019796150732
1220,2024,7,GB,HOU,24,22,2,46,1,0,0,-3.0,48.0,0.5879295521290574,3.0,48.0,-1.3641697938311377,46.690372813344815,0.44917759935751156,0.34151912781351634,0.45374186717521486,0.03576547422083198,0.033343607761527116,0.03399825883894192,0.5024990008863561,0.49524433402685875,0.4436313769776305,0.4845268858241613,0.4797076399550067,0.47873110120694845,0.48792529103152443,0.4285486825940688,0.5374530585669892,22.66310150975684,24.027271303587977
1221,2024,7,IND,MIA,16,10,6,26,1,1,0,-3.0,44.0,0.5879295521290574,3.0,44.0,-4.544746383711165,47.74598648300434,0.33535131920562,0.24049539099910844,0.6301461785316553,0.033125461738496176,0.028569007542471936,0.032492641071680484,0.4493863784175823,0.5091207601720842,0.486985894039002,0.43450024713350927,0.5323742911279946,0.49457568533469887,0.4768553071228292,0.4711624361770213,0.49634492275129827,21.600620049646587,26.14536643335775
1222,2024,7,MIN,DET,29,31,-2,60,0,0,1,-1.0,50.5,0.529524277767397,1.0,50.5,1.8316924472189504,51.96270089950421,0.5680867461007604,0.5310395397509872,0.549928217524896,0.03554810176426515,0.03593650705542295,0.0,0.5553313809882849,0.4733085688222613,0.46685807993428846,0.5355904045440235,0.42886149369171134,0.45629951209938796,0.507763980845189,0.46685807993428846,0.5331419200657115,26.89719667336158,25.065504226142632
1223,2024,7,NYG,PHI,3,28,-25,31,0,0,0,3.0,42.0,0.4120704478709426,-3.0,42.0,-1.5078710092860441,37.969993507539044,0.4438588971130538,0.5555589467803752,0.36039659100340443,0.03570529835394942,0.03571217899835227,0.03222981469429753,0.5001102944597018,0.47053753545505544,0.42052214274024624,0.48225370718613664,0.48204099445991394,0.45373361476344093,0.5105542062382068,0.4069687920048792,0.5608013933008233,18.2310612491265,19.738932258412543
1224,2024,7,LAR,LV,20,15,5,35,1,0,0,-7.0,43.0,0.6979517285214231,7.0,43.0,9.1033974321745,51.030943889057674,0.8021664348166151,0.5780609246437739,0.7614279499307786,0.025698917777735475,0.03539336458711506,0.026989241826275545,0.6730651947838538,0.4679693670526926,0.5250489716190547,0.6557681476840481,0.31853293453821646,0.4514063566289952,0.5132002787838899,0.5108782979533908,0.46213246022033366,30.067170660616085,20.96377322844159
1225,2024,7,WAS,CAR,40,7,33,47,1,1,0,-10.0,51.0,0.7705746740352664,10.0,51.0,4.091816018933039,52.20775724989751,0.6490956526241222,0.2903440169319617,0.5426747153841532,0.0336584008662959,0.03125416622453547,0.03403033619741763,0.5923379779847402,0.501914810687032,0.46509050439081967,0.5724008288733986,0.39394077026030544,0.48622788176326326,0.48251795201220127,0.44926331816417353,0.5167063456384088,28.149786634415275,24.057970615482237
1226,2024,7,SF,KC,18,28,-10,46,0,0,0,-2.5,47.5,0.5734581056840342,2.5,47.5,-6.3132356668628695,50.62205055136214,0.277555297179317,0.2128979940182823,0.6055848303027898,0.030629231818604885,0.0,0.0,0.4196642731862051,0.5135502924352489,0.48067872372673354,0.4068102788767985,0.5625604893045967,0.5135502924352489,0.48644970756475114,0.48067872372673354,0.5193212762732664,22.154407442249635,28.467643109112508
1227,2024,7,PIT,NYJ,37,15,22,52,1,1,1,3.0,40.0,0.4120704478709426,-3.0,40.0,-0.35365249071567745,39.10354889454867,0.4867900614631815,0.5978319544546757,0.4682968512359051,0.036019687238809495,0.035022903903642544,0.03411241053897229,0.5192653208094327,0.4656839155660144,0.4471435440677877,0.5005615463599169,0.4634187664012737,0.4493743125416739,0.5156027835546836,0.4318903999226963,0.5339971895383313,19.3749482019165,19.728600692632174
1228,2024,7,TB,BAL,31,41,-10,72,0,0,1,4.5,51.0,0.36944134018176367,-4.5,51.0,-4.60502121026506,53.42221389109686,0.333302599109614,0.49621400703167096,0.585078908234282,0.03305100699387575,0.0,0.03348309672498978,0.44837529552928235,0.4772212582205493,0.47552294250367266,0.43355604050086294,0.5333929525052613,0.4772212582205493,0.5227787417794507,0.4596009618248705,0.5069159414501399,24.4085963404159,29.01361755068096
1229,2024,7,ARI,LAC,17,15,2,32,1,1,0,1.0,44.0,0.47047572223260303,-1.0,44.0,-1.3039342556761497,33.407184202652175,0.45140991900652233,0.48864661999536196,0.17460043021483074,0.03578893459169208,0.0360244924290688,0.022645996893144837,0.5034999542359418,0.4780710837084535,0.3639119513665257,0.4854802273068718,0.47873083810143613,0.46084881557284163,0.5031266919980896,0.35567080244650107,0.6216832006603541,16.051624973488014,17.35555922916416
1230,2024,8,LAR,MIN,30,20,10,50,1,1,1,3.0,47.5,0.4120704478709426,-3.0,47.5,1.567660282318147,47.99595246491634,0.558351020772835,0.6654281152517108,0.516968289296198,0.03567851986230053,0.03309725310975015,0.0,0.550988268108177,0.4575442136398982,0.45886376663985085,0.5313298222405849,0.43299165789711463,0.4424007569921569,0.5245019898980929,0.45886376663985085,0.5411362333601492,24.781806373617243,23.2141460912991
1231,2024,8,CIN,PHI,17,37,-20,54,0,0,1,-2.5,47.5,0.5734581056840342,2.5,47.5,-6.3132356668628695,50.62205055136214,0.277555297179317,0.2128979940182823,0.6055848303027898,0.030629231818604885,0.0,0.0,0.4196642731862051,0.5135502924352489,0.48067872372673354,0.4068102788767985,0.5625604893045967,0.5135502924352489,0.48644970756475114,0.48067872372673354,0.5193212762732664,22.154407442249635,28.467643109112508
1232,2024,8,CLE,BAL,29,24,5,53,1,1,1,7.5,44.5,0.2892573607539719,-7.5,44.5,-9.76690711934697,49.5192928739281,0.1811887050394128,0.41884521408018816,0.666615858877299,0.024419041230275274,0.0,0.0,0.3614467517179887,0.48599443858856417,0.4966961669597812,0.35262056858523805,0.6229603901844867,0.48599443858856417,0.5140055614114358,0.4966961669597812,0.5033038330402189,19.876192877290567,29.643099996637535
1233,2024,8,DET,TEN,52,14,38,66,1,1,1,-12.5,45.0,0.8227577615633441,12.5,45.0,13.52045210276039,43.622533856926935,0.895630262313497,0.5367355708544037,0.4513576717573578,0.017093858925240568,0.0,0.03397547564681924,0.7417202705031612,0.4726666912842045,0.4430549323398887,0.7290414088371889,0.2538647322375705,0.4726666912842045,0.5273333087157954,0.42800193027597166,0.5380225940772091,28.57149297984366,15.051040877083274
1234,2024,8,HOU,IND,23,20,3,43,1,0,0,-5.0,45.0,0.6444467262025981,5.0,45.0,4.987294124938132,45.19618750101898,0.6795694790700109,0.49952530943288,0.5069453958845006,0.032560201009976086,0.0360380490719151,0.034208528197594956,0.6069101713620956,0.4768495208939271,0.45644704000989267,0.5871490541875467,0.38029074480247715,0.45966479446003256,0.5042971564680523,0.44083265857100545,0.5249588132313995,25.091740812978557,20.104446688040426
1235,2024,8,JAX,GB,27,30,-3,57,0,1,1,3.5,49.0,0.39771760566948444,-3.5,49.0,-10.243430017707505,50.79321896466052,0.16980528133913608,0.2711400634916426,0.5632111560713564,0.023487249362792118,0.0,0.033811173520912896,0.3534226376600513,0.504590238314364,0.4701110827190301,0.34512171203887393,0.6313910385983339,0.504590238314364,0.495409761685636,0.4542160753271128,0.5119727511519744,20.274894473476508,30.51832449118401
1236,2024,8,MIA,ARI,27,28,-1,55,0,0,1,-4.0,46.5,0.616498092917068,4.0,46.5,6.664390079578285,49.61603048662879,0.7332978370576508,0.5984848472084261,0.6053860453010103,0.030064982420432096,0.035009214219092144,0.0,0.6340450949014409,0.4656078828093965,0.48062830352558766,0.6149825402694679,0.35495247731010005,0.44930731669802443,0.5156834690828834,0.48062830352558766,0.5193716964744124,28.140210283103535,21.475820203525252
1237,2024,8,NE,NYJ,25,22,3,47,1,1,1,7.0,41.0,0.30204827147857694,-7.0,41.0,-4.973706640098901,47.47293429606871,0.3208843702531316,0.5752354182067414,0.7168367246441154,0.032578186487784544,0.03543937665740848,0.029327843106212448,0.4421875472830013,0.468293559087227,0.5110088703042778,0.42778187890503966,0.5396399346071759,0.45169752726049633,0.5128630960820951,0.496022082330111,0.47465007456367647,21.249613827984902,26.223320468083806
1238,2024,8,TB,ATL,26,31,-5,57,0,0,1,1.5,47.0,0.4557641189546886,-1.5,47.0,-0.4760290571253154,42.992611800844,0.4822216709802399,0.5368618861698449,0.3611466043798979,0.036004768482926164,0.0,0.0322513682863973,0.5172378113866758,0.4726524463875963,0.420714510389518,0.4986147837370831,0.46538044777999077,0.4726524463875963,0.5273475536124037,0.40714589177151433,0.5606027399420883,21.258291371859343,21.73432042898466
1239,2024,8,LAC,NO,26,8,18,34,1,1,0,-7.0,41.5,0.6979517285214231,7.0,41.5,5.068625279016337,43.99589000656199,0.6822803015922528,0.42824838547727034,0.5847707912822436,0.03245172984053851,0.035493737070005915,0.0,0.6082309436753564,0.48491215686425326,0.47544612116503066,0.5884927974105479,0.3790554727489136,0.467700812266464,0.4968054506635301,0.47544612116503066,0.5245538788349693,24.532257642789165,19.463632363772827
1240,2024,8,SEA,BUF,10,31,-21,41,0,0,0,3.0,45.5,0.4120704478709426,-3.0,45.5,4.497721532009644,55.51806598854297,0.6630468058621604,0.758142095767214,0.8049441512481933,0.03318298269271902,0.028651581196053377,0.0,0.5989500483089906,0.4448717570636524,0.5405727975246066,0.5790750992221501,0.38774191808513087,0.4321254777943122,0.5392229410096343,0.5405727975246066,0.45942720247539337,30.007893760276307,25.510172228266665
1241,2024,8,DEN,CAR,28,14,14,42,1,1,1,-13.0,40.5,0.8322169448845721,13.0,40.5,17.977678645401255,40.52274914615196,0.9520515429841726,0.6792483312836602,0.5007785631426961,0.00963973445792455,0.03257293287351376,0.0,0.8064930908355844,0.45579291572820496,0.45496189220627287,0.7987187115977785,0.1916415539442969,0.440946403679967,0.5264806634465191,0.45496189220627287,0.5450381077937272,29.250213895776607,11.272535250375352
1242,2024,8,LV,KC,20,27,-7,47,0,1,1,9.0,42.0,0.2524925375469229,-9.0,42.0,-5.669405551277155,48.1827015046029,0.29801376910426136,0.6223787909310879,0.7080970190918644,0.03160869026617241,0.03444334364023932,0.029726673753020405,0.43049734606519924,0.46279582765952515,0.5084209967404897,0.41688988879301514,0.5515014209408124,0.4468555919321791,0.5187010644275815,0.4933073316411997,0.4769659946057799,21.256647976662876,26.926053527940027
1243,2024,8,WAS,CHI,18,15,3,33,1,1,0,-1.5,46.5,0.5442358810453114,1.5,46.5,-2.0088441326632163,59.45785372851908,0.42540457511826146,0.3755929833074459,0.8668468318903066,0.03544955919271453,0.0,0.0,0.49177426404480656,0.4910760893929547,0.5679021370321621,0.47434108316209656,0.49020935764518886,0.4910760893929547,0.5089239106070453,0.5679021370321621,0.4320978629678379,28.724504797927935,30.73334893059115
1244,2024,8,SF,DAL,30,24,6,54,1,1,1,-5.5,48.0,0.6581456062996048,5.5,48.0,-7.340556335842328,53.70341294373415,0.24644271486410718,0.12295639079488829,0.6933880380536733,0.02892550465915744,0.0,0.03035600886068801,0.4023564511333846,0.5319927730169656,0.5041648937603225,0.3907180877314838,0.5803564076093587,0.5319927730169656,0.46800722698303443,0.4888604597780863,0.4807835313612257,23.18142830394591,30.52198463978824
1245,2024,8,PIT,NYG,26,18,8,44,1,1,1,-6.0,37.5,0.6716393567181147,6.0,37.5,6.492712656962253,42.71557903773307,0.7280194558070536,0.51840096479593,0.6727163444975506,0.030343344538321437,0.036002394287860784,0.0,0.6312775842980677,0.4747300951480938,0.4983695278408352,0.6121225110583922,0.3575341444032864,0.4576386750822584,0.5063589306298808,0.4983695278408352,0.5016304721591648,24.604145847347663,18.11143319038541
1246,2024,9,NYJ,HOU,21,13,8,34,1,1,0,-2.5,43.5,0.5734581056840342,2.5,43.5,-0.4222386100926831,49.735226130702074,0.48422944011062824,0.3958639630570666,0.7036398825640652,0.03601186731140854,0.0,0.0,0.5181291009578163,0.48867053463111954,0.5071186395923972,0.49947030452394403,0.4645178281646475,0.48867053463111954,0.5113294653688805,0.5071186395923972,0.4928813604076028,24.656493760304695,25.07873237039738
1247,2024,9,ATL,DAL,27,21,6,48,1,1,0,-3.0,52.0,0.5879295521290574,3.0,52.0,3.7500405699160777,54.919497717423404,0.6371847400643915,0.5279976726962564,0.6021806973848159,0.03402848708740708,0.03595544891347524,0.03315761061017686,0.5867621831651338,0.4736510047895963,0.4798165551691908,0.5667955537919204,0.39917595912067266,0.4566206702840678,0.507423880802457,0.46390698466857433,0.5029354047212488,29.334769143669742,25.58472857375366
1248,2024,9,BAL,DEN,41,10,31,51,1,1,1,-9.0,46.5,0.7475074624530771,9.0,46.5,8.690211763849376,41.638367522453784,0.7913382088431608,0.48842800897497557,0.3383163705388332,0.026481494998541244,0.036023964359761684,0.0,0.6664980833205152,0.47809564267681526,0.4147863834865894,0.6488482176605257,0.3246702873409331,0.4608727422844683,0.50310329335577,0.4147863834865894,0.5852136165134105,25.16428964315158,16.474077879302204
1249,2024,9,BUF,MIA,30,27,3,57,1,0,1,-6.5,49.0,0.6849128309162449,6.5,49.0,4.094070327019425,50.80640157857439,0.6491737316032916,0.4139439025011642,0.5636717683356955,0.03365586673540427,0.0,0.033805273926554025,0.5923747300429835,0.4865612644293349,0.47022430550458,0.5724378450712357,0.39390628819336,0.4865612644293349,0.5134387355706651,0.45432824405007405,0.5118664820233719,27.450235952796906,23.356165625777482
1250,2024,9,CAR,NO,23,22,1,45,1,1,1,7.0,43.5,0.30204827147857694,-7.0,43.5,-7.136977160018134,44.01596802079435,0.2524519475990187,0.4948826870798292,0.5176526538730154,0.029275446384457893,0.03603531404823651,0.0,0.4057879587785904,0.4773707322408895,0.45902895105387176,0.3939083351479092,0.5768162184676329,0.4601685279871524,0.503796157964611,0.45902895105387176,0.5409710489461282,18.439495430388106,25.57647259040624
1251,2024,9,CIN,LV,41,24,17,65,1,1,1,-8.0,45.0,0.7232730811922008,8.0,45.0,12.399875989128459,44.7424065121423,0.8757396843998956,0.6597039928305743,0.4908810641972226,0.019244575494871574,0.033301061979124524,0.03420502301461248,0.7246231467441014,0.45825919378816693,0.4525799081717171,0.7106780818912531,0.2700773426138752,0.44299867597332354,0.5237002620475519,0.43709940199675235,0.5286955749886352,28.57114125063538,16.17126526150692
1252,2024,9,CLE,LAC,10,27,-17,37,0,0,0,2.0,42.5,0.44111292596172436,-2.0,42.5,4.611409751375118,40.15105355000095,0.6669142463404495,0.7316746035411699,0.42015072852923135,0.033043067918327174,0.030151386162375116,0.0,0.6008000118631679,0.44874750727371093,0.4354644932425944,0.5809477362658415,0.3860091958158314,0.43521714789249805,0.5346314659451269,0.4354644932425944,0.5645355067574056,22.381231650688036,17.769821899312916
1253,2024,9,NYG,WAS,22,27,-5,49,0,0,1,4.5,44.5,0.36944134018176367,-4.5,44.5,-4.216073682934706,44.137416269979994,0.3466103967586489,0.5102345159366812,0.48759298516587424,0.03351693032338354,0.0,0.0,0.4548970135605122,0.47564731477698824,0.45178876819078617,0.43965026205268926,0.5268328076239273,0.47564731477698824,0.5243526852230118,0.45178876819078617,0.5482112318092138,19.960671293522644,24.17674497645735
1254,2024,9,TEN,NE,20,17,3,37,1,0,0,-3.0,38.5,0.5879295521290574,3.0,38.5,1.7746350276661826,33.14489890824695,0.5659862523582427,0.45432406138733705,0.3229751327744064,0.03557795895567806,0.03581796484215094,0.0,0.5543931747589503,0.4819402341649651,0.41070784407550504,0.5346689971420684,0.4297530439022536,0.46467811580162643,0.4995039193562226,0.41070784407550504,0.589292155924495,17.45976696795657,15.685131940290384
1255,2024,9,ARI,CHI,29,9,20,38,1,1,0,-1.5,44.5,0.5442358810453114,1.5,44.5,-1.520521800138684,45.953286332695534,0.44339114844007266,0.3924462811432653,0.5496085251460052,0.03569971748871503,0.0,0.0,0.4998999514737387,0.4890728576799674,0.4667800541544737,0.4820536644335039,0.482246618077781,0.4890728576799674,0.5109271423200326,0.4667800541544737,0.5332199458455262,22.216382266278426,23.736904066417107
1256,2024,9,PHI,JAX,28,23,5,51,1,0,1,-7.5,46.0,0.7107426392460281,7.5,46.0,6.45395895483934,51.195111871285896,0.7268205861289326,0.4623459516919123,0.6774312723680238,0.030405524768263248,0.0,0.03098075871625472,0.6306525194298787,0.48103270286917316,0.49967383917247715,0.6114771986301858,0.35811727660155085,0.48103270286917316,0.5189672971308268,0.48419356452425,0.48482567675949534,28.82453541306262,22.370576458223276
1257,2024,9,GB,DET,14,24,-10,38,0,0,0,2.5,47.5,0.4265418943159657,-2.5,47.5,2.6615716509712026,47.14634934780732,0.5983828775354606,0.679544100731975,0.487898565340503,0.03501135846047709,0.0,0.0,0.5689556641509477,0.455755024788159,0.4518622930276378,0.54903575344524,0.4159528880942829,0.455755024788159,0.544244975211841,0.4518622930276378,0.5481377069723622,24.903960499389264,22.24238884841806
1258,2024,9,SEA,LAR,20,26,-6,46,0,0,0,1.5,48.5,0.4557641189546886,-1.5,48.5,-8.092110859833916,49.97492429772289,0.22495544840513346,0.27568959808846233,0.5503432416012389,0.027588540417911922,0.0,0.0,0.38968384764652636,0.5039461886934211,0.46695939030469985,0.3789330390655227,0.5934784205165654,0.5039461886934211,0.4960538113065789,0.46695939030469985,0.5330406096953002,20.94140671894449,29.033517578778405
1259,2024,9,MIN,IND,21,13,8,34,1,1,0,-6.5,47.0,0.6849128309162449,6.5,47.0,7.989833760834814,49.483778842985586,0.7721859758475698,0.5535472016397467,0.5872059242996702,0.02777431091253607,0.0,0.033445927248720475,0.6553236945323044,0.47076579062720414,0.47605374904382786,0.6371225304920124,0.33510315859545153,0.47076579062720414,0.5292342093727959,0.4601316899868274,0.5064223827644522,28.7368063019102,20.746972541075387
1260,2024,9,KC,TB,30,24,6,54,1,0,1,-9.0,45.5,0.7475074624530771,9.0,45.5,9.289390199186217,40.56390243196489,0.8069251200260593,0.5108102317095287,0.3359832909326348,0.02534270947829026,0.0360257608291078,0.0,0.676014846985475,0.47558267329002546,0.41417143911353077,0.6588827991153112,0.31577449140639846,0.4584494456476113,0.505524793523281,0.41417143911353077,0.5858285608864693,24.926646315575553,15.637256116389338
1261,2024,10,BAL,CIN,35,34,1,69,1,0,1,-6.0,53.0,0.6716393567181147,6.0,53.0,-3.2353886898716397,50.6805438513677,0.38100879538344246,0.1944491003515559,0.41847698876997286,0.034531305658320965,0.02544636001282652,0.03354314522827073,0.4713108152593742,0.5167482289988687,0.43505438051931306,0.4550358374375803,0.5104328569040988,0.503598867527773,0.4709547724594005,0.42046128825135837,0.545995566520371,23.72257758074803,26.95796627061967
1262,2024,10,CAR,NYG,20,17,3,37,1,1,0,6.5,40.5,0.3150871690837551,-6.5,40.5,-5.593001217150764,40.24770753016792,0.30048786738917055,0.5326610386557505,0.49136625140592194,0.03171986120062298,0.0,0.0,0.4317820507509904,0.4731259355158126,0.4526966510335389,0.41808598403224867,0.5501941547671284,0.4731259355158126,0.5268740644841874,0.4526966510335389,0.5473033489664612,17.32735315650858,22.920354373659343
1263,2024,10,CHI,NE,3,19,-16,22,0,0,0,-6.5,37.5,0.6849128309162449,6.5,37.5,11.345458265268396,42.290988348580015,0.8546858333211642,0.6692556828057906,0.6594645105887603,0.02131445002359844,0.0,0.0,0.7083153797068711,0.4570628353928819,0.49475399229258676,0.6932180269451629,0.28546752303123873,0.4570628353928819,0.5429371646071182,0.49475399229258676,0.5052460077074132,26.818223306924207,15.472765041655808
1264,2024,10,IND,BUF,20,30,-10,50,0,0,1,4.5,46.5,0.36944134018176367,-4.5,46.5,-6.4991657595656696,50.214446169987276,0.2717811751366559,0.42831950849726436,0.6250037814486824,0.030332966801993377,0.0,0.0,0.41653359297439563,0.48490399504167636,0.4856518221811453,0.40389889332678824,0.5657681398712183,0.48490399504167636,0.5150960049583236,0.4856518221811453,0.5143481778188548,21.857640205210803,28.356805964776473
1265,2024,10,JAX,MIN,7,12,-5,19,0,1,0,7.0,42.5,0.30204827147857694,-7.0,42.5,-6.4862945555894695,45.348465512732595,0.27217890605105655,0.5191843543441449,0.5965239469937764,0.03035365927731204,0.03599929091368115,0.0,0.41675034658223836,0.474642066874255,0.47838961212297204,0.4041004485583794,0.5655458921643085,0.45755528902897774,0.5064454200573411,0.47838961212297204,0.521610387877028,19.431085478571564,25.91738003416103
1266,2024,10,KC,DEN,16,14,2,30,1,0,0,-7.5,42.5,0.7107426392460281,7.5,42.5,6.890444588205292,52.55280196466474,0.7401659983674127,0.4780364303245366,0.8057648207296588,0.02969144910307897,0.0,0.0,0.6376853793386392,0.47926390501533206,0.5408883591238883,0.6187515763542284,0.35155697454269264,0.47926390501533206,0.520736094984668,0.5408883591238883,0.45911164087611167,29.721623276435015,22.831178688229723
1267,2024,10,NO,ATL,20,17,3,37,1,1,0,3.5,46.5,0.39771760566948444,-3.5,46.5,-1.4136191114640468,48.85966443540715,0.44734625368460207,0.574771503581492,0.5802086768111179,0.035745435279846305,0.0,0.0,0.5016771416755196,0.4683467356518136,0.4743107060436623,0.48374447387637903,0.48051009084377466,0.4683467356518136,0.5316532643481864,0.4743107060436623,0.5256892939563377,23.72302266197155,25.136641773435596
1268,2024,10,TB,SF,20,23,-3,43,0,1,0,6.5,50.5,0.3150871690837551,-6.5,50.5,-7.433639551104202,52.9902659119031,0.24372153993604007,0.4663818684699849,0.5845826652004849,0.028763655198957627,0.0,0.0,0.4007872359657585,0.4805770220454674,0.4753992252816064,0.3892591301022961,0.5819772146987462,0.4805770220454674,0.5194229779545326,0.4753992252816064,0.5246007747183936,22.77831318039945,30.21195273150365
1269,2024,10,WAS,PIT,27,28,-1,55,0,0,1,-1.5,45.0,0.5442358810453114,1.5,45.0,1.074798126208058,50.10316606445915,0.5400844308929259,0.48467510096842126,0.6745074250089232,0.035868613588366904,0.0,0.031088824069803622,0.5428703801976124,0.478517349788115,0.49886384635041564,0.5233983723017344,0.44073301410989874,0.478517349788115,0.521482650211885,0.483354755996442,0.4855564199337544,25.588982095333606,24.514183969125547
1270,2024,10,LAC,TEN,27,17,10,44,1,1,1,-8.0,40.0,0.7232730811922008,8.0,40.0,10.413769176979308,43.78878258234149,0.8341476363120993,0.5893912120000638,0.6315765613955285,0.02315245569058766,0.03519148077103834,0.032454133757964465,0.6937529287145364,0.466663499790135,0.48735835579671316,0.6776908447722577,0.2991566995371546,0.45024092021072504,0.5145675990182367,0.471541562529625,0.49600430371241055,27.1012758796604,16.68750670268109
1271,2024,10,ARI,NYJ,31,6,25,37,1,1,0,2.0,45.5,0.44111292596172436,-2.0,45.5,-0.5216161151592447,51.977762396715995,0.4805204622095651,0.5550505372249216,0.7107935818748826,0.03599808796199211,0.03571812883419295,0.0,0.5164823257700927,0.4705952383046265,0.5092145375749354,0.49788994957620664,0.46611196246180125,0.45378645695410413,0.5104954142117029,0.5092145375749354,0.4907854624250646,25.728073140778374,26.24968925593762
1272,2024,10,DAL,PHI,6,34,-28,40,0,0,0,7.5,44.5,0.2892573607539719,-7.5,44.5,-9.76690711934697,49.5192928739281,0.1811887050394128,0.41884521408018816,0.666615858877299,0.024419041230275274,0.0,0.0,0.3614467517179887,0.48599443858856417,0.4966961669597812,0.35262056858523805,0.6229603901844867,0.48599443858856417,0.5140055614114358,0.4966961669597812,0.5033038330402189,19.876192877290567,29.643099996637535
1273,2024,10,HOU,DET,23,26,-3,49,0,1,0,4.5,49.0,0.36944134018176367,-4.5,49.0,-6.946614908610001,53.520716727009614,0.25814205189014683,0.4125120194262557,0.6557345542124265,0.029597440713507228,0.0,0.031736321667451994,0.40899601994740975,0.4867272322139476,0.4937489323642667,0.39689078449495585,0.5735117747915369,0.4867272322139476,0.5132727677860525,0.4780791574237933,0.49018452090875464,23.287050909199806,30.233665817809808
1274,2024,10,LAR,MIA,15,23,-8,38,0,0,0,-2.5,49.5,0.5734581056840342,2.5,49.5,1.9023574603049231,41.59646529740138,0.5706854249013197,0.4784652549685493,0.24888059052367584,0.03550985099748111,0.0,0.0,0.5564930774391644,0.479215654949635,0.38947967049131843,0.53673209117817,0.4277580578243489,0.479215654949635,0.5207843450503651,0.38947967049131843,0.6105203295086816,21.74941137885315,19.84705391854823
1275,2024,11,PHI,WAS,26,18,8,44,1,1,0,-4.5,49.5,0.6305586598182363,4.5,49.5,7.924801666297447,45.39941083880379,0.7703575165324199,0.6215223506067438,0.3625034324112185,0.02789184340990336,0.0,0.0,0.6542835444401808,0.46289770396879665,0.42106213809224263,0.6360343702729787,0.33607378631711793,0.46289770396879665,0.5371022960312033,0.42106213809224263,0.5789378619077574,26.66210625255062,18.73730458625317
1276,2024,11,CHI,GB,19,20,-1,39,0,1,0,6.0,41.0,0.3283606432818853,-6.0,41.0,-5.5560552232361475,43.214963539874546,0.30168765630948635,0.516580811688659,0.5779000216244655,0.03177321614685036,0.036009104858420016,0.033601641882496536,0.4324032099105368,0.4749345904906761,0.4737375416706175,0.41866436925945744,0.5495624145936923,0.4578326210208066,0.5061582741207734,0.45781918244910713,0.5085791756683963,18.829454158319198,24.385509381555348
1277,2024,11,DET,JAX,52,6,46,58,1,1,1,-14.0,47.5,0.8501407016943955,14.0,47.5,22.95489559702011,43.75068180755369,0.9829039711068662,0.7983153333562077,0.37386238329585486,0.004198172147855447,0.025981649419786812,0.0,0.8698241443712492,0.43840042308835553,0.4239540645909412,0.8661724728748177,0.12962935497732692,0.4270100569901876,0.5470082935900255,0.4239540645909412,0.5760459354090588,33.3527887022869,10.39789310526679
1278,2024,11,MIA,LV,34,19,15,53,1,1,1,-8.0,43.5,0.7232730811922008,8.0,43.5,12.37464632329487,47.69219439907602,0.875262708769888,0.658839925802762,0.64043945502289,0.019293717402283084,0.03333115474823012,0.0,0.7242352975778389,0.4583666250524554,0.48968026856646873,0.7102621064136136,0.2704441761841032,0.44308873614140803,0.5235801091103618,0.48968026856646873,0.5103197314335313,30.033420361185446,17.658774037890577
1279,2024,11,NE,LAR,22,28,-6,50,0,0,1,4.0,42.5,0.3835019070829321,-4.0,42.5,2.894265976737782,49.32244489707637,0.6067777403829808,0.7402812915177154,0.7208181415928083,0.03482716580003453,0.0296850682827427,0.0,0.572768487061291,0.44751512209519606,0.5122035451216023,0.5528205839973725,0.412352250202593,0.4342306051382402,0.5360843265790171,0.5122035451216023,0.48779645487839773,26.10835543690708,23.214089460169294
1280,2024,11,NO,CLE,35,14,21,49,1,1,1,1.0,44.0,0.47047572223260303,-1.0,44.0,-1.3039342556761497,33.407184202652175,0.45140991900652233,0.48864661999536196,0.17460043021483074,0.03578893459169208,0.0360244924290688,0.022645996893144837,0.5034999542359418,0.4780710837084535,0.3639119513665257,0.4854802273068718,0.47873083810143613,0.46084881557284163,0.5031266919980896,0.35567080244650107,0.6216832006603541,16.051624973488014,17.35555922916416
1281,2024,11,NYJ,IND,27,28,-1,55,0,0,1,-4.0,43.0,0.616498092917068,4.0,43.0,7.14457514786848,45.82030698601085,0.7477737458504589,0.6157511007913677,0.5987844544494201,0.029262487896022704,0.03461303315460429,0.033227104672103214,0.6417724800490533,0.4635819822070904,0.4789589957320848,0.6229926206196174,0.3477448914843599,0.4475360036870792,0.5178509631583166,0.4630445750472494,0.5037283202806474,26.482441066939664,19.337865919071184
1282,2024,11,PIT,BAL,18,16,2,34,1,1,0,3.0,48.0,0.4120704478709426,-3.0,48.0,-6.578725321142783,47.800504610897136,0.2693293381514561,0.36883842914665527,0.4929375113562032,0.030204468788880612,0.03420325242557587,0.03420836354333673,0.41519370204066114,0.4918888439988317,0.45307472818045763,0.40265299682603417,0.5671425343850852,0.47506464570221496,0.49073210187220917,0.43757578316656204,0.5282158532901011,20.610889644877176,27.18961496601996
1283,2024,11,TEN,MIN,13,23,-10,36,0,0,0,6.0,40.0,0.3283606432818853,-6.0,40.0,-7.4249498897141795,41.45415684203003,0.2439748647578347,0.4469267823689183,0.5513354343885184,0.028778812150353605,0.035740744724985896,0.03394835426478543,0.40093373322345144,0.4827795782980593,0.4672016723732056,0.38939533663027376,0.5818258512193726,0.465524676631672,0.4987345786433421,0.4513409444863798,0.5147107012488349,17.014603476157927,24.439553365872104
1284,2024,11,DEN,ATL,38,6,32,44,1,1,0,-2.0,44.5,0.5588870740382756,2.0,44.5,-1.3917031489314007,41.94228175990406,0.4481577663350826,0.37545194479340444,0.4131623433283664,0.03575440319105527,0.034385662330357336,0.0,0.5020414060930164,0.49109299893620123,0.43374963796256005,0.4840912152409624,0.48015438156798235,0.4742064409019785,0.4914078967676642,0.43374963796256005,0.56625036203744,20.275289305486332,21.66699245441773
1285,2024,11,SF,SEA,17,20,-3,37,0,0,0,-6.0,49.0,0.6716393567181147,6.0,49.0,-4.2711746658709755,47.77106374794909,0.3447127262170942,0.1691572584106404,0.45657997864722283,0.033453037929943585,0.023432768582796748,0.03402387857014799,0.4539734955730112,0.5215295370111684,0.44431709952837145,0.4387867030064182,0.5277602590636382,0.5093086560612926,0.46725857535591064,0.42919970848737776,0.5367764129424742,21.74994454103906,26.021119206910033
1286,2024,11,BUF,KC,30,21,9,51,1,1,1,-2.5,46.5,0.5734581056840342,2.5,46.5,-2.278358871989179,53.42277476811379,0.41554315111991136,0.33294506525365963,0.7237040181570934,0.03528282793920323,0.0,0.0,0.48728423463512244,0.4963232006789925,0.513075934614341,0.4700914688270051,0.4946257032337916,0.4963232006789925,0.5036767993210075,0.513075934614341,0.486924065385659,25.572207948062307,27.850566820051483
1287,2024,11,LAC,CIN,34,27,7,61,1,1,1,-1.0,48.0,0.529524277767397,1.0,48.0,-0.8705909777852568,45.05924264022663,0.46751197750202955,0.4304823910194105,0.3970924106953059,0.03592679938122367,0.035527220123713676,0.03314242270897971,0.5106952483600666,0.4846559548743305,0.4297785077710115,0.4923476026272903,0.471725597991486,0.46743747608124153,0.49703530379504474,0.41553460679523013,0.5513229704957903,22.094325831220686,22.964916809005942
1288,2024,11,DAL,HOU,10,34,-24,44,0,0,1,7.5,41.5,0.2892573607539719,-7.5,41.5,-5.117248959378245,44.704525526310775,0.3161038212091562,0.5852398316390003,0.6083053983102625,0.03238621824238985,0.0,0.0,0.4397769883038816,0.4671431047869783,0.48136971195003897,0.4255342747826912,0.542079506974919,0.4671431047869783,0.5328568952130217,0.48136971195003897,0.518630288049961,19.793638283466265,24.91088724284451
1289,2024,12,CLE,PIT,24,19,5,43,1,1,1,3.5,36.5,0.39771760566948444,-3.5,36.5,-2.422442312340181,44.913698011304476,0.4102932264915999,0.5387850154527356,0.7647856501688641,0.03518545857735622,0.0,0.0,0.484882324749207,0.4724355087745955,0.5261730768305317,0.4678215177968516,0.4969930236257922,0.4724355087745955,0.5275644912254045,0.5261730768305317,0.4738269231694683,21.245627849482148,23.668070161822328
1290,2024,12,CAR,KC,27,30,-3,57,0,1,1,11.0,43.0,0.20758915974994996,-11.0,43.0,-6.20831042987224,43.608935705173636,0.2808407909738677,0.6730095147873613,0.5215477369875087,0.030793862780235326,0.03281531162498863,0.03416674918878815,0.4214305857975446,0.45658806474484837,0.45996959695747613,0.40845311016710084,0.5607530270526638,0.44160498511599566,0.5255797032590157,0.4442539311037621,0.5215793197074498,18.700312637650697,24.90862306752294
1291,2024,12,CHI,MIN,27,30,-3,57,0,0,1,3.0,39.5,0.4120704478709426,-3.0,39.5,2.220799482803588,34.229720969916855,0.5823551564089886,0.6873253365607975,0.3255917032999355,0.03532012831750281,0.03224506985373954,0.0,0.5617244826655411,0.4547515713351949,0.41140949165476626,0.5418843018587113,0.42279556982378586,0.4400880751513937,0.5276668549948668,0.41140949165476626,0.5885905083452337,18.22526022636022,16.004460743556635
1292,2024,12,HOU,TEN,27,32,-5,59,0,0,1,-8.0,40.5,0.7232730811922008,8.0,40.5,10.449948056821244,44.344967504143504,0.8349793216447255,0.5907071389644977,0.6292419512837218,0.023081260896756217,0.035166223989119616,0.0,0.6943208388751958,0.4665111810428399,0.48675075421301806,0.6782950384470627,0.298623700656181,0.45010574435685863,0.5147280316540217,0.48675075421301806,0.513249245786982,27.397457780482373,16.94750972366113
1293,2024,12,IND,DET,6,24,-18,30,0,0,0,7.0,50.5,0.30204827147857694,-7.0,50.5,-7.972476666051341,50.915968792374294,0.22830121673474627,0.4637201696043971,0.5142330377657109,0.027805725728831554,0.03589928374527662,0.0,0.3917014223622976,0.4808774817604066,0.4582037994207512,0.38080988004449834,0.59138439422667,0.4636143245959757,0.5004863916587476,0.4582037994207512,0.5417962005792488,21.471746063161476,29.444222729212818
1294,2024,12,MIA,NE,34,15,19,49,1,1,1,-7.5,46.0,0.7107426392460281,7.5,46.0,6.45395895483934,51.195111871285896,0.7268205861289326,0.4623459516919123,0.6774312723680238,0.030405524768263248,0.0,0.03098075871625472,0.6306525194298787,0.48103270286917316,0.49967383917247715,0.6114771986301858,0.35811727660155085,0.48103270286917316,0.5189672971308268,0.48419356452425,0.48482567675949534,28.82453541306262,22.370576458223276
1295,2024,12,NYG,TB,7,30,-23,37,0,0,0,6.5,40.5,0.3150871690837551,-6.5,40.5,-5.593001217150764,40.24770753016792,0.30048786738917055,0.5326610386557505,0.49136625140592194,0.03171986120062298,0.0,0.0,0.4317820507509904,0.4731259355158126,0.4526966510335389,0.41808598403224867,0.5501941547671284,0.4731259355158126,0.5268740644841874,0.4526966510335389,0.5473033489664612,17.32735315650858,22.920354373659343
1296,2024,12,WAS,DAL,26,34,-8,60,0,0,1,-10.5,45.0,0.7816499846386211,10.5,45.0,10.912999014760024,45.343962754233175,0.845380063559425,0.5148852972689616,0.512175593365327,0.022168225476645598,0.0,0.03419848831827599,0.7015725263676534,0.4751250455876486,0.4577076090944173,0.6860199084149154,0.291811866108439,0.4751250455876486,0.5248749544123514,0.44205470077161585,0.5237468109101081,28.1284808844966,17.215481869736575
1297,2024,12,LV,DEN,19,29,-10,48,0,0,1,6.5,41.5,0.3150871690837551,-6.5,41.5,-6.179328442438789,36.76705046810381,0.281751693747872,0.5115586993896921,0.34236278622967203,0.030839003859295055,0.0,0.0,0.4219184142964053,0.4754986315665921,0.41584866584873625,0.4089068706896108,0.5602541254510941,0.4754986315665921,0.5245013684334079,0.41584866584873625,0.5841513341512637,15.293861012832512,21.4731894552713
1298,2024,12,GB,SF,38,10,28,48,1,1,1,-6.5,44.5,0.6849128309162449,6.5,44.5,3.4920078308736007,46.78426155486615,0.6280998920073078,0.3928815292623142,0.5776787947100961,0.03428892757055396,0.0,0.0,0.5825476271481448,0.4890215522409553,0.4736826665706331,0.562572693754464,0.40313837867498203,0.4890215522409553,0.5109784477590447,0.4736826665706331,0.5263173334293669,25.138134692869876,21.646126861996272
1299,2024,12,SEA,ARI,16,6,10,22,1,1,0,1.0,46.5,0.47047572223260303,-1.0,46.5,4.241274958544865,53.174487735030674,0.6542580280366367,0.6880014375609367,0.7165357666459192,0.03348779598851748,0.03221689911158049,0.0,0.5947738888649938,0.4546637662719323,0.5109189746491052,0.5748562222153858,0.3916559817960968,0.4400159095842582,0.5277671913041613,0.5109189746491052,0.4890810253508948,28.70788134678777,24.466606388242905
1300,2024,12,LAR,PHI,20,37,-17,57,0,0,1,3.0,49.0,0.4120704478709426,-3.0,49.0,-9.532439789277744,50.06946822626822,0.18696524281937227,0.2707543601466411,0.5378045283603906,0.024874073122185925,0.030279349242889997,0.03406976858048999,0.3653973883313219,0.504645149111667,0.4639067151199189,0.3563084669753128,0.6188174599025011,0.48936482239798457,0.48035582835912544,0.4481015206928479,0.517828710726662,20.268514218495238,29.800954007772983
1301,2024,12,LAC,BAL,23,30,-7,53,0,0,1,3.0,51.0,0.4120704478709426,-3.0,51.0,-0.4612071748475172,55.407322849482185,0.4827748646759385,0.5939341657382331,0.652031474777459,0.03600680926997085,0.03510268667613542,0.03185469463363794,0.5174834207240976,0.4661370367023734,0.4927562682668022,0.49885049389371294,0.46514269683631626,0.4497743743548677,0.5151229389689969,0.4770596678123522,0.4910856375540098,27.473057837317334,27.93426501216485
1302,2024,13,DET,CHI,23,20,3,43,1,0,0,-9.5,47.5,0.7591913433207376,9.5,47.5,19.225642625052544,42.41392738637765,0.9623662480639423,0.8102602234921625,0.3313036038579952,0.007976183609429442,0.0,0.0,0.8234223422282158,0.43629918876525137,0.41293238405246835,0.8168545744384971,0.1751692419520735,0.43629918876525137,0.5637008112347486,0.41293238405246835,0.5870676159475317,30.819785005715097,11.594142380662554
1303,2024,13,DAL,NYG,27,20,7,47,1,1,1,-4.5,39.0,0.6305586598182363,4.5,39.0,8.160866750650447,41.52140368916781,0.7769544538377356,0.6296072997711015,0.5885045358943571,0.027463037211268748,0.0,0.03342277308669772,0.6580572284087615,0.46193239784575824,0.47637824848330107,0.6399849782578273,0.332551984530904,0.46193239784575824,0.5380676021542418,0.46045636638080517,0.5061208605324972,24.84113521990913,16.68026846925868
1304,2024,13,GB,MIA,30,17,13,47,1,1,0,-3.5,47.5,0.6022823943305156,3.5,47.5,1.2192207640253678,51.22745380919816,0.5454479400388034,0.41835556603587976,0.6254268411239128,0.03582015996256066,0.0,0.0,0.5452505878337713,0.48605097850683526,0.4857612867443228,0.5257196245578853,0.4384602154795539,0.48605097850683526,0.5139490214931648,0.4857612867443228,0.5142387132556772,26.223337286611763,25.004116522586397
1305,2024,13,KC,LV,19,17,2,36,1,0,0,-13.5,42.0,0.8413447460685429,13.5,42.0,17.45136186155554,42.09658263697936,0.9470660261233763,0.6394780452939572,0.5034193368239532,0.010401761463735885,0.0,0.034212196849820575,0.7991729960734669,0.4607423822248673,0.45559773538428855,0.7908601892000516,0.19873804933621253,0.4607423822248673,0.5392576177751327,0.4400107359769888,0.5257770671731906,29.77397224926745,12.322610387711912
1306,2024,13,ATL,LAC,13,17,-4,30,0,0,0,1.0,47.0,0.47047572223260303,-1.0,47.0,3.1298924977487674,42.98968312710598,0.6152264518967983,0.6504135747624855,0.36104945968263485,0.034626046098268026,0.033615436546901356,0.03224858349921422,0.5766260019332349,0.4594077715702048,0.4206896026250438,0.5566597234088347,0.4087142304928973,0.44396457877583323,0.5224199846772655,0.4071229588475388,0.560628457653247,23.059787812427373,19.929895314678603
1307,2024,13,CIN,PIT,38,44,-6,82,0,0,1,-3.0,46.0,0.5879295521290574,3.0,46.0,1.7039288841691265,40.48812363083004,0.5633806321985018,0.45170144453694167,0.3125827837023738,0.03561368040154195,0.03579192004345089,0.030596758098037524,0.5532302782022335,0.48223752093352423,0.4078946563810887,0.533527711885883,0.4308586077125751,0.4649773141423196,0.49923076581422954,0.3954144022503144,0.5739888396516482,21.09602625749958,19.392097373330458
1308,2024,13,JAX,HOU,20,23,-3,43,0,1,0,3.5,44.5,0.39771760566948444,-3.5,44.5,-1.696773684707283,43.31967642257234,0.4368832072946079,0.5647203762876337,0.4596736898127178,0.035617216315920075,0.0,0.0,0.49696855824444386,0.46949549291628384,0.44506404531552995,0.47926792160324055,0.48511486208083937,0.46949549291628384,0.5305045070837162,0.44506404531552995,0.5549359546844701,20.81145136893253,22.508225053639812
1309,2024,13,MIN,ARI,23,22,1,45,1,0,0,-3.5,45.5,0.6022823943305156,3.5,45.5,6.63928396593677,43.60934724709192,0.7325292620030092,0.6116724690930246,0.4355771398185312,0.03010598214509641,0.0,0.0,0.6336405282626704,0.4640633167493485,0.43922859128733843,0.6145641578323849,0.35532986002251865,0.4640633167493485,0.5359366832506516,0.43922859128733843,0.5607714087126616,25.124315606514344,18.485031640577574
1310,2024,13,NE,IND,24,25,-1,49,0,1,1,2.5,41.5,0.4265418943159657,-2.5,41.5,-1.3451258667162584,36.933836287864764,0.4498831881788685,0.5415581506136965,0.34763432772740477,0.035773004230667094,0.0,0.0,0.5028154807981174,0.47212247396903473,0.4172247637070413,0.48482826047628147,0.47939873529305144,0.47212247396903473,0.5278775260309653,0.4172247637070413,0.5827752362929587,17.794355210574253,19.13948107729051
1311,2024,13,NYJ,SEA,21,26,-5,47,0,0,1,-1.0,41.5,0.529524277767397,1.0,41.5,-3.747662692663341,35.96799627684949,0.36289862718926613,0.3284747328918682,0.31754630567679154,0.034030962508294293,0.03287159218337221,0.0,0.4627423631381782,0.4968912004055874,0.4092436662689027,0.44699479512722334,0.5189742423644824,0.48055759550634863,0.4865708123102791,0.4092436662689027,0.5907563337310973,16.110166792093075,19.857829484756415
1312,2024,13,WAS,TEN,42,19,23,61,1,1,1,-6.0,45.0,0.6716393567181147,6.0,45.0,-0.14279388721385172,47.0759324286378,0.4946653937966537,0.2829020572032594,0.5730689967089687,0.03603507478208573,0.03089570105005701,0.03367543884605739,0.5227568603059004,0.5029384578548834,0.47254107977945686,0.503919277751929,0.46004564746598536,0.48739982161442225,0.48170447733552074,0.45662805154509384,0.5096965096088487,23.466569270711975,23.609363157925824
1313,2024,13,CAR,TB,23,26,-3,49,0,1,1,6.5,46.0,0.3150871690837551,-6.5,46.0,-11.486330375845446,44.30100079507039,0.14236757733565164,0.3261430094971052,0.44008350299751453,0.021036564756910736,0.0,0.033852109758400806,0.3325419465154167,0.4971890346924781,0.44032342342146247,0.32554640632315596,0.6534170289199333,0.4971890346924781,0.5028109653075219,0.42541754656260433,0.5407303436789949,16.40733520961247,27.893665585457917
1314,2024,13,NO,LAR,14,21,-7,35,0,0,0,2.5,48.5,0.4265418943159657,-2.5,48.5,-6.9761529790734045,49.079077267562546,0.25725467359870335,0.3429274581769692,0.5198101121989437,0.02954781914399085,0.0,0.0,0.4084982782147652,0.4950683954080927,0.4595498610231529,0.39642804496944367,0.5740241358865654,0.4950683954080927,0.5049316045919072,0.4595498610231529,0.5404501389768471,21.05146214424457,28.027615123317975
1315,2024,13,BAL,PHI,19,24,-5,43,0,0,0,-3.0,50.0,0.5879295521290574,3.0,50.0,11.428799492290288,43.366732142879144,0.8564340796577465,0.7843061329049457,0.2783911237448825,0.021150023953814656,0.026969462648187947,0.02910208360354094,0.7096113620621959,0.44075218069201716,0.3982950178845911,0.6946030647566813,0.2842469112895039,0.4288653312177364,0.5441652061340756,0.3867038029752399,0.5841941134212192,27.397765817584716,15.968966325294428
1316,2024,13,BUF,SF,35,10,25,45,1,1,0,-6.5,45.0,0.6849128309162449,6.5,45.0,5.562948151231807,46.98610857038566,0.6985363537740652,0.4662592926221912,0.5699417440045796,0.031763281880087146,0.0,0.03372065381228867,0.6162482222892669,0.48059085355185976,0.47176859822032235,0.5966741562965903,0.37156256182332253,0.48059085355185976,0.5194091464481403,0.4558602526402261,0.5104190935474852,26.274528360808734,20.711580209576926
1317,2024,13,DEN,CLE,41,32,9,73,1,1,1,-6.5,41.5,0.6849128309162449,6.5,41.5,5.619211170737886,42.29523375659227,0.7003619302838743,0.4682807611613937,0.5271948744399311,0.031681850887689544,0.0,0.0,0.617159596901925,0.4803628115298903,0.46133501688586825,0.5976068385789717,0.37071131053333883,0.4803628115298903,0.5196371884701096,0.46133501688586825,0.5386649831141317,23.957222463665076,18.33801129292719
1318,2024,14,DET,GB,34,31,3,65,1,0,1,-3.0,53.0,0.5879295521290574,3.0,53.0,-2.6840276617979892,54.88510136825961,0.4008048651396308,0.297541372742965,0.5664197344407026,0.03499421476062181,0.03158728751330164,0.03376917695027065,0.48051894088230895,0.5009394436024486,0.470900412883539,0.4637035578685269,0.5013022273708513,0.48511612537062465,0.4832965871160737,0.4549984935149193,0.5112323295348101,26.10053685323081,28.7845645150288
1319,2024,14,MIA,NYJ,32,26,6,58,1,0,1,-6.5,45.0,0.6849128309162449,6.5,45.0,5.562948151231807,46.98610857038566,0.6985363537740652,0.4662592926221912,0.5699417440045796,0.031763281880087146,0.0,0.03372065381228867,0.6162482222892669,0.48059085355185976,0.47176859822032235,0.5966741562965903,0.37156256182332253,0.48059085355185976,0.5194091464481403,0.4558602526402261,0.5104190935474852,26.274528360808734,20.711580209576926
1320,2024,14,MIN,ATL,42,21,21,63,1,1,1,-6.0,46.5,0.6716393567181147,6.0,46.5,-2.399223193491881,49.11146310606837,0.4111381600512393,0.2164982571670557,0.5886323507918266,0.03520153458315334,0.027024285698973194,0.0,0.4852694651198598,0.5129501458289476,0.47641020476182006,0.46818723526129474,0.4966112301555519,0.4990880345387362,0.4738876797622906,0.47641020476182006,0.52358979523818,23.356119956288246,25.755343149780124
1321,2024,14,NYG,NO,11,14,-3,25,0,1,0,5.5,41.0,0.34185439370039516,-5.5,41.0,-4.491198147422469,48.71700635905755,0.3371756513752356,0.5363173370780403,0.7527713888262161,0.0331909226980307,0.0,0.02748441073566371,0.45028449871135506,0.4727138530949529,0.5221988276150797,0.43533914072250496,0.5314699365794644,0.4727138530949529,0.5272861469050472,0.5078465005512248,0.4646690887131114,22.11290410581754,26.604102253240008
1322,2024,14,PHI,CAR,22,16,6,38,1,0,0,-14.0,44.5,0.8501407016943955,14.0,44.5,11.367605692793068,45.0266733061806,0.8551518383417996,0.4026731529031178,0.5180186638610795,0.02127074810452162,0.035033430661867815,0.0,0.7086598908512495,0.48787253255183305,0.45911730474898343,0.6935861648211749,0.28514308707430364,0.47078068401084855,0.49418588532728364,0.45911730474898343,0.5408826952510166,28.197139499486834,16.829533806693764
1323,2024,14,PIT,CLE,27,14,13,41,1,1,0,-6.0,43.0,0.6716393567181147,6.0,43.0,0.7987291389128731,45.1254847544353,0.5298117363978495,0.31332010484421363,0.5747921684175357,0.03594438816050549,0.032271857970878726,0.03364966682826542,0.5383172421207234,0.49884725441371486,0.47296740024514317,0.5189677582164433,0.4450878536230512,0.48274852667011264,0.4849796153590087,0.45705220480626324,0.5092981283654714,22.962106946674087,22.16337780776121
1324,2024,14,TB,LV,28,13,15,41,1,1,0,-7.0,47.0,0.6979517285214231,7.0,47.0,14.025945101500715,47.88498506132812,0.9037931210780593,0.744237477479173,0.5312985152374683,0.016149766463317117,0.02946388579092407,0.03411497298153021,0.7493434873312927,0.4469399939674658,0.4623286370200409,0.7372417650100848,0.24660846852659815,0.4337714050298121,0.5367647091792638,0.4465563080595145,0.5193287189589553,30.95546508141442,16.929519979913703
1325,2024,14,TEN,JAX,6,10,-4,16,0,0,0,-3.0,40.0,0.5879295521290574,3.0,40.0,2.8339409013278023,36.322361184286066,0.604606146132181,0.49379630109358447,0.3721420646348892,0.03487630338704578,0.036034018327581574,0.032553324698858965,0.5717803423625253,0.4774927152322872,0.4235181039502897,0.5518387576715409,0.41328493894141327,0.4602867339803203,0.5036792476920982,0.4097311815965508,0.5577154937045902,19.578151042806933,16.744210141479133
1326,2024,14,ARI,SEA,18,30,-12,48,0,0,1,-3.0,45.5,0.5879295521290574,3.0,45.5,7.286622230320394,39.935973486121,0.7519729670120964,0.65581856607773,0.31656771934801553,0.029018760723053594,0.03343499889211288,0.0,0.6440544648140786,0.4587412831683164,0.4089784970912406,0.6253648024070244,0.3456164368699219,0.4434032688738173,0.5231617322340698,0.4089784970912406,0.5910215029087593,23.6112978582207,16.3246756279003
1327,2024,14,LAR,BUF,44,42,2,86,1,1,1,3.5,49.5,0.39771760566948444,-3.5,49.5,-4.359564823036873,46.21703867786405,0.34167699707497257,0.4690435317449238,0.3891121748999987,0.033349073520071104,0.0,0.0,0.45249176135340113,0.4802767963638615,0.42778992856027276,0.4374015803368001,0.5292493461431288,0.4802767963638615,0.5197232036361386,0.42778992856027276,0.5722100714397272,20.92873692741359,25.288301750450465
1328,2024,14,SF,CHI,38,13,25,51,1,1,1,-3.0,43.5,0.5879295521290574,3.0,43.5,0.21621701156976153,44.89293847294152,0.5080772833102365,0.3972020089401963,0.5475585247405923,0.03603119939135058,0.03491642264546868,0.0,0.5286959774060699,0.48851335461924816,0.46627999390047276,0.5096464272267468,0.4543223733819026,0.4714562158614068,0.49362736149312453,0.46627999390047276,0.5337200060995273,22.554577742255642,22.33836073068588
1329,2024,14,KC,LAC,19,17,2,36,1,0,0,-5.0,43.5,0.6444467262025981,5.0,43.5,7.630569863254192,38.1702510907012,0.7619801860335487,0.5972607896130533,0.3237562808244343,0.028417596143075985,0.03503480320198238,0.0,0.649572271590599,0.46575039885753466,0.41091758402348455,0.6311129891107969,0.3404694147461271,0.44943292529231615,0.5155322715057015,0.41091758402348455,0.5890824159765154,22.900410476977697,15.269840613723504
1330,2024,14,DAL,CIN,20,27,-7,47,0,0,0,5.0,51.0,0.35555327379740187,-5.0,51.0,-5.795283638569102,53.920247959165316,0.2939586083318492,0.47031661726052976,0.6022063552663787,0.031423117656952715,0.03594519363721416,0.03315707639474175,0.4283803382632288,0.48013327336688694,0.4798230436529974,0.41491929249205817,0.5536575898509892,0.4628747898840447,0.5011800164787411,0.4639135143386374,0.5029294092666209,24.062482160298106,29.85776579886721
1331,2024,15,SF,LAR,6,12,-6,18,0,0,0,-3.0,48.5,0.5879295521290574,3.0,48.5,2.9566028457605573,51.912101955936286,0.6090181567571632,0.4983786896950986,0.6151289603004397,0.03477537730262187,0.036037795889243995,0.0,0.5737893532452374,0.4769782390009078,0.4831107591633866,0.553835611993907,0.4113890107034713,0.4597889945801821,0.504173209530574,0.4831107591633866,0.5168892408366135,27.43435240084842,24.477749555087865
1332,2024,15,CAR,DAL,14,30,-16,44,0,0,1,-2.5,42.0,0.5734581056840342,2.5,42.0,-2.173075558194183,41.10795050991752,0.41938925649852854,0.33640978524804765,0.4684521790521728,0.03535036017658133,0.0,0.03411339809425984,0.48903866551567804,0.4958856070655015,0.44718097334078727,0.47175097254942416,0.49289866727399456,0.4958856070655015,0.5041143929344984,0.4319261107770344,0.5339604911287058,19.46743747586167,21.640513034055854
1333,2024,15,CLE,KC,7,21,-14,28,0,0,0,4.5,41.5,0.36944134018176367,-4.5,41.5,-6.844921415766364,43.96157813192143,0.2612095424789244,0.41609317741854496,0.5836227575339715,0.029767294844347703,0.0,0.0,0.4107095058029795,0.48631246553911694,0.47516004256477884,0.3984837948483659,0.5717489103072865,0.48631246553911694,0.5136875344608831,0.47516004256477884,0.5248399574352212,18.55832835807753,25.403249773843896
1334,2024,15,HOU,MIA,20,12,8,32,1,1,0,-2.5,46.5,0.5734581056840342,2.5,46.5,-2.278358871989179,53.42277476811379,0.41554315111991136,0.33294506525365963,0.7237040181570934,0.03528282793920323,0.0,0.0,0.48728423463512244,0.4963232006789925,0.513075934614341,0.4700914688270051,0.4946257032337916,0.4963232006789925,0.5036767993210075,0.513075934614341,0.486924065385659,25.572207948062307,27.850566820051483
1335,2024,15,JAX,NYJ,25,32,-7,57,0,0,1,3.5,41.5,0.39771760566948444,-3.5,41.5,-5.9720715654591885,43.74227913576773,0.28830814042540887,0.41161668407129304,0.5762688230793362,0.031157527582798106,0.0,0.0,0.42540627169969863,0.48683109794322477,0.4733331202087199,0.41215166405531994,0.5566908083618819,0.48683109794322477,0.5131689020567752,0.4733331202087199,0.5266668797912801,18.88510378515427,24.85717535061346
1336,2024,15,NO,WAS,19,20,-1,39,0,1,0,7.5,44.5,0.2892573607539719,-7.5,44.5,-9.76690711934697,49.5192928739281,0.1811887050394128,0.41884521408018816,0.666615858877299,0.024419041230275274,0.0,0.0,0.3614467517179887,0.48599443858856417,0.4966961669597812,0.35262056858523805,0.6229603901844867,0.48599443858856417,0.5140055614114358,0.4966961669597812,0.5033038330402189,19.876192877290567,29.643099996637535
1337,2024,15,NYG,BAL,14,35,-21,49,0,0,1,16.5,43.5,0.1108118012296968,-16.5,43.5,-6.280861273756987,44.97127132565897,0.2785669636231367,0.8221137084633734,0.5502192170815996,0.03068022815823812,0.0,0.0,0.4202092967209133,0.43411377493413394,0.46692911295327805,0.4073171796233029,0.562002592218459,0.43411377493413394,0.565886225065866,0.46692911295327805,0.533070887046722,19.34520502595099,25.62606629970798
1338,2024,15,TEN,CIN,27,37,-10,64,0,0,1,6.0,46.5,0.3283606432818853,-6.0,46.5,-11.503268409801608,45.21186919909711,0.14201608421252926,0.30340569971486997,0.45600474652173895,0.021003168543404116,0.03184898757258914,0.0,0.33225803136102816,0.5001547455179158,0.44417815566715446,0.3252795599284528,0.6537172715281431,0.4842253232435442,0.48392568918386664,0.44417815566715446,0.5558218443328455,16.85430039464775,28.357568804449357
1339,2024,15,ARI,NE,30,17,13,47,1,1,1,-6.0,46.5,0.6716393567181147,6.0,46.5,-2.399223193491881,49.11146310606837,0.4111381600512393,0.2164982571670557,0.5886323507918266,0.03520153458315334,0.027024285698973194,0.0,0.4852694651198598,0.5129501458289476,0.47641020476182006,0.46818723526129474,0.4966112301555519,0.4990880345387362,0.4738876797622906,0.47641020476182006,0.52358979523818,23.356119956288246,25.755343149780124
1340,2024,15,DEN,IND,31,13,18,44,1,1,1,-4.5,43.5,0.6305586598182363,4.5,43.5,9.295036854695088,40.43247725482309,0.8070684636725696,0.6676024860876804,0.39621669744815974,0.0253318608831965,0.0,0.0,0.6761043322014599,0.45727108276513906,0.42956086556962986,0.6589773513156061,0.3156907878011974,0.45727108276513906,0.5427289172348609,0.42956086556962986,0.5704391344303701,24.86375705475909,15.568720200064002
1341,2024,15,DET,BUF,42,48,-6,90,0,0,1,-2.5,55.5,0.5734581056840342,2.5,55.5,-0.7908683870445998,49.458243276972105,0.47048110127631765,0.38308872981327624,0.3021240808173967,0.035946220754932146,0.0,0.0,0.512017875174502,0.49018098194593973,0.40501776727964534,0.4936127676030081,0.47044101164205976,0.49018098194593973,0.5098190180540603,0.40501776727964534,0.5949822327203547,24.333687444963754,25.12455583200835
1342,2024,15,LAC,TB,17,40,-23,57,0,0,1,-3.0,46.0,0.5879295521290574,3.0,46.0,1.7039288841691265,40.48812363083004,0.5633806321985018,0.45170144453694167,0.3125827837023738,0.03561368040154195,0.03579192004345089,0.030596758098037524,0.5532302782022335,0.48223752093352423,0.4078946563810887,0.533527711885883,0.4308586077125751,0.4649773141423196,0.49923076581422954,0.3954144022503144,0.5739888396516482,21.09602625749958,19.392097373330458
1343,2024,15,PHI,PIT,27,13,14,40,1,1,0,-5.5,43.0,0.6581456062996048,5.5,43.0,0.6684955833883582,40.21244717985092,0.5249581022438152,0.33120150174774077,0.40233873894386124,0.03597242266377432,0.0,0.03324955612349456,0.5361678412972223,0.496544275182946,0.4310795747950778,0.5168805850913551,0.44714699224487053,0.496544275182946,0.5034557248170539,0.41674637027923667,0.5500040735972688,20.440471381619638,19.77197579823128
1344,2024,15,SEA,GB,13,30,-17,43,0,0,0,3.0,48.0,0.4120704478709426,-3.0,48.0,-6.578725321142783,47.800504610897136,0.2693293381514561,0.36883842914665527,0.4929375113562032,0.030204468788880612,0.03420325242557587,0.03420836354333673,0.41519370204066114,0.4918888439988317,0.45307472818045763,0.40265299682603417,0.5671425343850852,0.47506464570221496,0.49073210187220917,0.43757578316656204,0.5282158532901011,20.610889644877176,27.18961496601996
1345,2024,15,MIN,CHI,30,12,18,42,1,1,0,-7.0,43.5,0.6979517285214231,7.0,43.5,7.516840398689082,46.08345408984055,0.758696570206808,0.5193013351918344,0.5876972788717503,0.028618042818872313,0.035998816384919696,0.0,0.6477489849641009,0.47462892115314564,0.4761764913433338,0.6292116767765172,0.3421702804046105,0.45754284176958104,0.5064583418454993,0.4761764913433338,0.5238235086566663,26.800147244264817,19.283306845575733
1346,2024,15,LV,ATL,9,15,-6,24,0,1,0,6.5,44.5,0.3150871690837551,-6.5,44.5,-9.06749406897659,38.999398746904426,0.19876045339920018,0.40826471213777044,0.31850717539056284,0.02576741568470342,0.0,0.0,0.37323488376997976,0.4872205715554147,0.40950366117571746,0.36361758537184674,0.61061499894345,0.4872205715554147,0.5127794284445852,0.40950366117571746,0.5904963388242825,14.965952338963918,24.03344640794051
1347,2024,16,LAC,DEN,34,27,7,61,1,1,1,-3.0,41.5,0.5879295521290574,3.0,41.5,-3.6922462505851357,37.18158513233214,0.36484339251666015,0.2658507453931478,0.35551925547335933,0.03408825777736102,0.030019376332901526,0.0,0.46366986782862957,0.5053475916990248,0.41926744939526445,0.4478641698504923,0.5180475723721467,0.49017737216488627,0.4798032515022122,0.41926744939526445,0.5807325506047356,16.7446694408735,20.436915691458637
1348,2024,16,KC,HOU,27,19,8,46,1,1,1,-3.5,42.5,0.6022823943305156,3.5,42.5,2.2918345324579295,45.05923932009916,0.5849485339832524,0.4565315996756363,0.5868884750134032,0.03527396319122422,0.0,0.0,0.5628906427560608,0.48169023180167675,0.47597447359153533,0.543035258942799,0.4216907778659768,0.48169023180167675,0.5183097681983233,0.47597447359153533,0.5240255264084647,23.675536926278543,21.383702393820617
1349,2024,16,BAL,PIT,34,17,17,51,1,1,1,-7.0,44.5,0.6979517285214231,7.0,44.5,4.397840664803686,46.24094942448379,0.6596343189023121,0.4037682367272696,0.5593612516603977,0.0333034950260066,0.035056060687948865,0.0,0.597324040281588,0.48774461865769225,0.46916588966199013,0.577431062077156,0.3892654428968374,0.4706462137058077,0.4942977256062434,0.46916588966199013,0.5308341103380099,25.319395044643738,20.92155437984005
1350,2024,16,ATL,NYG,34,7,27,41,1,1,0,-9.5,42.5,0.7591913433207376,9.5,42.5,10.663014872786714,41.66665544171113,0.839821275618316,0.5418500219864647,0.47150400575112317,0.022661484509097052,0.0,0.0,0.6976615624538466,0.4720895118861684,0.4479162019151709,0.6818515157637063,0.29548699972719666,0.4720895118861684,0.5279104881138317,0.4479162019151709,0.5520837980848291,26.164835157248923,15.501820284462207
1351,2024,16,CAR,ARI,36,30,6,66,1,1,1,5.5,47.0,0.34185439370039516,-5.5,47.0,-10.663361881485828,43.777917807368745,0.16017091674678588,0.32039801492214826,0.3875092179586404,0.022660800263194503,0.0,0.03293178748902592,0.3463586748844709,0.49792760452944146,0.4273890202519662,0.3385099101334892,0.6388292896033163,0.49792760452944146,0.5020723954705586,0.41331433586188543,0.5537538766490887,16.55727796294146,27.220639844427286
1352,2024,16,CHI,DET,17,34,-17,51,0,0,1,7.0,47.5,0.30204827147857694,-7.0,47.5,-10.984331936911497,42.56319992199739,0.15305789094168423,0.35463458919536756,0.33596131034923304,0.022027393291110475,0.03377782281280717,0.0,0.3409651676487989,0.49361885500247354,0.41416563684642366,0.3334545938024294,0.6445180129064602,0.47694548478113924,0.48927669240605354,0.41416563684642366,0.5858343631535763,15.789433992542946,26.77376592945444
1353,2024,16,CIN,CLE,24,6,18,30,1,1,0,-10.0,46.5,0.7705746740352664,10.0,46.5,11.246911793354485,47.537623805007954,0.8525998463670103,0.5464753721619292,0.5354646535599281,0.021508952004477222,0.03581018076858622,0.0,0.7067814828692949,0.47156673876561234,0.4633387461967681,0.691579353876606,0.2869116941189168,0.4546798486059631,0.5095099706254507,0.4633387461967681,0.5366612538032318,29.39226779918122,18.145356005826734
1354,2024,16,IND,TEN,38,30,8,68,1,1,1,-4.0,42.5,0.616498092917068,4.0,42.5,5.600581371967932,46.5848366600536,0.6997580169455803,0.5595670467324075,0.6369896812616651,0.03170888186077009,0.03566333957981804,0.0,0.6168578489798074,0.47008218416843267,0.4887735501567119,0.597297976321618,0.37099314181761195,0.4533174836040113,0.5110191768161707,0.4887735501567119,0.5112264498432881,26.092709016010765,20.49212764404283
1355,2024,16,NYJ,LAR,9,19,-10,28,0,0,0,3.0,47.0,0.4120704478709426,-3.0,47.0,0.8217209182286195,42.515714517515605,0.5306681560877599,0.6396946535505617,0.3454535189256852,0.03593892455607184,0.033953215369280365,0.03177463218039012,0.5386966040490284,0.4607161175376106,0.41665652697749156,0.5193364274374983,0.44472464800642986,0.44507332397475746,0.5209734606559622,0.40341741908722295,0.5648079487323869,21.668717717872113,20.84699679964349
1356,2024,16,WAS,PHI,36,33,3,69,1,1,1,4.0,47.0,0.3835019070829321,-4.0,47.0,2.3397308460528023,45.07267386532565,0.5866950048129386,0.7232712735238672,0.43210725548653445,0.035242050711800255,0.03058736487281355,0.03374919203420268,0.5636767732048805,0.4499274318018066,0.43838422372974856,0.5438116477785302,0.42094630150966955,0.4361653372789968,0.5332472978481896,0.4235891103783284,0.5426616975874688,23.706202355689225,21.366471509636423
1357,2024,16,SEA,MIN,24,27,-3,51,0,0,1,2.5,43.0,0.4265418943159657,-2.5,43.0,-1.2680789404099342,41.99525588736523,0.45273947044597906,0.544319608314022,0.46447694733984685,0.03580240343021357,0.0,0.034086592890502976,0.5040956819654877,0.4718104902455693,0.4462227691434245,0.48604784499233067,0.47814975157745576,0.4718104902455693,0.5281895097544307,0.43101255527315974,0.5349008518363373,20.363588473477648,21.631667413887584
1358,2024,16,BUF,NE,24,21,3,45,1,0,0,-14.0,48.0,0.8501407016943955,14.0,48.0,22.95489559702011,42.69327055080873,0.9829039711068662,0.7983153333562077,0.31903445361285454,0.004198172147855447,0.025981649419786812,0.030847499902412978,0.8698241443712492,0.43840042308835553,0.4096461775070988,0.8661724728748177,0.12962935497732692,0.4270100569901876,0.5470082935900255,0.39700961708642474,0.5721428830111623,32.824083073914416,9.869187476894309
1359,2024,16,LV,JAX,19,14,5,33,1,1,0,-2.5,41.5,0.5734581056840342,2.5,41.5,-4.142989223465753,38.68338497198554,0.3491335456417687,0.274155718897646,0.4045343882766765,0.033600579405843156,0.0,0.0,0.4561217385017823,0.504162586860844,0.43162270678249964,0.4407957838085219,0.5256036367856349,0.504162586860844,0.49583741313915597,0.43162270678249964,0.5683772932175004,17.270197874259893,21.413187097725647
1360,2024,16,MIA,SF,29,17,12,46,1,1,1,2.0,44.0,0.44111292596172436,-2.0,44.0,-7.799949408322098,36.37403188819155,0.23317639983405075,0.29380880664373005,0.24977077416956733,0.0281161649309547,0.03141618216830522,0.02762595012329716,0.3946108581797881,0.501443531853112,0.389754206970747,0.38351591420765957,0.5883679208613858,0.48569009050929624,0.48289372732239855,0.3789868766886279,0.593387173188075,14.287041239934727,22.086990648256826
1361,2024,16,DAL,TB,26,24,2,50,1,1,1,4.5,47.5,0.36944134018176367,-4.5,47.5,-6.180369515205609,49.80060985598396,0.2817189475143511,0.43965410686534867,0.5782275811893547,0.03083738484446641,0.0,0.0,0.4219008912429642,0.4836074809309129,0.4738188078839487,0.40889057109348154,0.560272044062052,0.4836074809309129,0.5163925190690871,0.4738188078839487,0.5261811921160513,21.810120170389176,27.99048968559478
1362,2024,16,GB,NO,34,0,34,34,1,1,0,-14.0,44.0,0.8501407016943955,14.0,44.0,17.3118269352964,45.67400188808245,0.9456768921049029,0.6217117690552498,0.5590416665783623,0.010609677113201488,0.034460867180430454,0.033862607708234294,0.7972154681086002,0.46287517956159163,0.46908751828466355,0.7887572694023182,0.20063305348448032,0.4469240994776017,0.5186150333419678,0.4532029916721608,0.5129344006196049,31.492914411689426,14.181087476393026
1363,2024,17,PIT,KC,10,29,-19,39,0,0,0,3.0,43.5,0.4120704478709426,-3.0,43.5,-1.1486203904453651,40.4267300378589,0.45717298167894665,0.5688110450612852,0.39602671162771436,0.03584460035265824,0.03553758654235445,0.0,0.5060799635714658,0.46902871413499064,0.42951362994822434,0.48793972953075876,0.476215670116583,0.4523605656155692,0.5121018478420764,0.42951362994822434,0.5704863700517757,19.63905482370677,20.787675214152134
1364,2024,17,HOU,BAL,2,31,-29,33,0,0,0,5.5,46.5,0.34185439370039516,-5.5,46.5,-7.36515749109919,50.27852470961463,0.2457219080856445,0.4330774445973081,0.6270864039682338,0.028882839338587707,0.0,0.0,0.40194173227122276,0.48435876350063484,0.48619118431008773,0.3903325137945594,0.5807846468668529,0.48435876350063484,0.5156412364993652,0.48619118431008773,0.5138088156899123,21.45668360925772,28.82184110035691
1365,2024,17,CHI,SEA,3,6,-3,9,0,1,0,3.5,43.5,0.39771760566948444,-3.5,43.5,-6.142486871544284,41.13821434707962,0.2829117340293398,0.4056350778889418,0.41972020049272896,0.030896176516602702,0.0,0.0,0.4225385014867898,0.4875268187718252,0.4353590368384805,0.40948367735979313,0.5596201461236042,0.4875268187718252,0.5124731812281749,0.4353590368384805,0.5646409631615195,17.497863737767666,23.64035060931195
1366,2024,17,NE,LAC,7,40,-33,47,0,0,1,6.0,42.0,0.3283606432818853,-6.0,42.0,-6.12762036889639,37.995752127855816,0.2833805068667035,0.49523222845961384,0.36125077990924803,0.03091918015203743,0.03603567806061503,0.03225435233485319,0.42278871116077177,0.47733148636751427,0.420741218061985,0.40971643083414416,0.5593643890138185,0.46013052259657966,0.5038337993428054,0.40717048257281846,0.5605751650923284,15.934065879479713,22.061686248376102
1367,2024,17,CIN,DEN,30,24,6,54,1,1,1,-3.5,50.5,0.6022823943305156,3.5,50.5,7.128477146520014,53.02751195137622,0.7472954353176108,0.6285012860024886,0.5858281829809701,0.029289933740389185,0.0,0.0,0.6415137509928316,0.462064933081184,0.47570982982301163,0.6227238557327031,0.3479862105269078,0.462064933081184,0.537935066918816,0.47570982982301163,0.5242901701769884,30.077994548948116,22.949517402428103
1368,2024,17,LAR,ARI,13,9,4,22,1,0,0,-6.5,48.0,0.6849128309162449,6.5,48.0,3.2938450735653784,48.895293919823445,0.6210723188466892,0.3860138835457311,0.5316623135293042,0.034477572548088475,0.0,0.0341126706356758,0.5793081070449043,0.489833513294428,0.4624167860490059,0.5593349697565678,0.4061874576953437,0.489833513294428,0.510166486705572,0.4466425145301084,0.5192448148342159,26.09456949669441,22.800724423129033
1369,2024,17,BUF,NYJ,40,14,26,54,1,1,1,-10.0,44.5,0.7705746740352664,10.0,44.5,11.071623414522579,43.69328367436052,0.8488390402289355,0.5399664412756598,0.47241307433766366,0.021855036213083934,0.035869610858622336,0.0,0.704049218546658,0.4723021796249103,0.4481351519648121,0.6886621973795274,0.2894827664073887,0.4553608842340856,0.5087695049072921,0.4481351519648121,0.551864848035188,27.38245354444155,16.310830129918973
1370,2024,17,JAX,TEN,20,13,7,33,1,1,0,1.0,38.0,0.47047572223260303,-1.0,38.0,2.566340013545818,31.258239691537153,0.594933411142991,0.6307248108057661,0.2751849632306974,0.03508255068445987,0.03421560426812453,0.028947201360275843,0.5673943018156666,0.4617983247561065,0.3973637155785687,0.5474886624641447,0.41742878685139534,0.4459976160245687,0.5197867797073068,0.38586114809044847,0.5851916505492756,16.912289852541484,14.345949838995667
1371,2024,17,NO,LV,10,25,-15,35,0,0,0,2.0,37.5,0.44111292596172436,-2.0,37.5,1.10859775228685,32.89652689809563,0.5413403812300983,0.614465148861462,0.3464524978760511,0.03585781501161317,0.03464481960899757,0.0,0.54342753289458,0.46373393874074686,0.41691700444114066,0.5239414089478288,0.440200776040558,0.4476679600865038,0.5176872203044987,0.41691700444114066,0.5830829955588593,17.00256232519124,15.89396457290439
1372,2024,17,NYG,IND,45,33,12,78,1,1,1,7.5,40.5,0.2892573607539719,-7.5,40.5,-4.594594113447606,45.64662813406887,0.33365664812690693,0.6035498870103118,0.6705785276410187,0.03306394524860934,0.0,0.0,0.4485502161342435,0.4650166806149568,0.4977813322373788,0.43371937634672897,0.5332166784046617,0.4650166806149568,0.5349833193850432,0.4977813322373788,0.5022186677626213,20.526017010310632,25.120611123758238
1373,2024,17,PHI,DAL,41,7,34,48,1,1,1,-7.5,37.5,0.7107426392460281,7.5,37.5,10.93615908513439,42.89424904516126,0.845888396695323,0.6219125816369678,0.6782295553773627,0.022122502949833256,0.0,0.0,0.7019343810504126,0.46285129558077454,0.49989565358334787,0.6864058356350354,0.29147166141513126,0.46285129558077454,0.5371487044192255,0.49989565358334787,0.5001043464166521,26.915204065147826,15.979044980013434
1374,2024,17,TB,CAR,48,14,34,62,1,1,1,-9.5,47.5,0.7591913433207376,9.5,47.5,19.225642625052544,42.41392738637765,0.9623662480639423,0.8102602234921625,0.3313036038579952,0.007976183609429442,0.0,0.0,0.8234223422282158,0.43629918876525137,0.41293238405246835,0.8168545744384971,0.1751692419520735,0.43629918876525137,0.5637008112347486,0.41293238405246835,0.5870676159475317,30.819785005715097,11.594142380662554
1375,2024,17,CLE,MIA,3,20,-17,23,0,0,0,3.0,32.5,0.4120704478709426,-3.0,32.5,0.6831240368061567,36.05723927908271,0.5255034902880914,0.6348361298778104,0.619879035428667,0.03596952079346072,0.03409761660446875,0.0,0.5364093197167722,0.46130365541328977,0.4843297925226699,0.5171149335374137,0.44691554566912567,0.44557430023276745,0.5203280831627638,0.4843297925226699,0.5156702074773301,18.370181657944432,17.687057621138276
1376,2024,17,MIN,GB,27,25,2,52,1,1,1,1.0,49.0,0.47047572223260303,-1.0,49.0,-6.779066365437824,50.147706595525406,0.26320622263468485,0.2944795713155379,0.5405606516797671,0.029876464213898224,0.03144719247248762,0.03404804197182615,0.4118190141833774,0.5013526712421545,0.4645763628242558,0.39951531814352487,0.5706082176425769,0.4855865372930067,0.48296627023450567,0.44875844732369724,0.5171935107044766,21.68432011504379,28.463386480481617
1377,2024,17,WAS,ATL,30,24,6,54,1,1,1,-3.5,46.5,0.6022823943305156,3.5,46.5,5.087085149912831,46.80195079812735,0.6828941893082057,0.5570194188224765,0.5103327668963634,0.03242691658946656,0.0,0.0,0.6085306562883157,0.47037170707919446,0.45726333393486635,0.5887978834547212,0.37877519995581227,0.47037170707919446,0.5296282929208056,0.45726333393486635,0.5427366660651336,25.94451797402009,20.85743282410726
1378,2024,17,SF,DET,34,40,-6,74,0,0,1,4.0,50.5,0.3835019070829321,-4.0,50.5,6.877679509541916,54.767685103984775,0.7397806730804132,0.8446026711265298,0.6428584155450766,0.02971274805967422,0.022237947716197304,0.0,0.637479933128426,0.4296381613326984,0.49031836805189016,0.6185386524822831,0.3517485994580427,0.42008389036409866,0.557678161919704,0.49031836805189016,0.5096816319481099,30.822682306763344,23.94500279722143
1379,2024,18,BAL,CLE,35,10,25,45,1,1,1,-19.5,42.5,0.9256930017723941,19.5,42.5,17.203084215889668,44.36600650643028,0.9445742356209154,0.41778614890472754,0.5635902502555207,0.010773400874503201,0.0,0.0,0.7956851525200493,0.4861167532291698,0.470204265416685,0.7871129174020607,0.20211368172343616,0.4861167532291698,0.5138832467708302,0.470204265416685,0.5297957345833151,30.784545361159974,13.581461145270307
1380,2024,18,PIT,CIN,17,19,-2,36,0,1,0,2.5,48.5,0.4265418943159657,-2.5,48.5,-6.9761529790734045,49.079077267562546,0.25725467359870335,0.3429274581769692,0.5198101121989437,0.02954781914399085,0.0,0.0,0.4084982782147652,0.4950683954080927,0.4595498610231529,0.39642804496944367,0.5740241358865654,0.4950683954080927,0.5049316045919072,0.4595498610231529,0.5404501389768471,21.05146214424457,28.027615123317975
1381,2024,18,ATL,CAR,38,44,-6,82,0,0,1,-7.5,48.5,0.7107426392460281,7.5,48.5,6.126648380434511,50.22005011118685,0.7165888309042231,0.45061700833892604,0.558653834832198,0.030920682809437494,0.0,0.0,0.6253683929098045,0.4823605388375042,0.46899242903282556,0.6060315751935927,0.36304774199696976,0.4823605388375042,0.5176394611624958,0.46899242903282556,0.5310075709671744,28.17334924581068,22.04670086537617
1382,2024,18,DAL,WAS,19,23,-4,42,0,1,0,7.0,43.5,0.30204827147857694,-7.0,43.5,-7.136977160018134,44.01596802079435,0.2524519475990187,0.4948826870798292,0.5176526538730154,0.029275446384457893,0.03603531404823651,0.0,0.4057879587785904,0.4773707322408895,0.45902895105387176,0.3939083351479092,0.5768162184676329,0.4601685279871524,0.503796157964611,0.45902895105387176,0.5409710489461282,18.439495430388106,25.57647259040624
1383,2024,18,GB,CHI,22,24,-2,46,0,0,1,-10.0,41.5,0.7705746740352664,10.0,41.5,11.063488426421985,42.65335709950144,0.8486629362168538,0.5396640841323054,0.5394080254500466,0.02187109906630441,0.03587215295806029,0.0,0.7039222979845144,0.4723363063613643,0.46429622576342905,0.6885267436703144,0.2896021572633811,0.4553925861319242,0.5087352609100154,0.46429622576342905,0.5357037742365709,26.858422762961712,15.794934336539729
1384,2024,18,IND,JAX,26,23,3,49,1,0,1,-3.5,45.5,0.6022823943305156,3.5,45.5,6.63928396593677,43.60934724709192,0.7325292620030092,0.6116724690930246,0.4355771398185312,0.03010598214509641,0.0,0.0,0.6336405282626704,0.4640633167493485,0.43922859128733843,0.6145641578323849,0.35532986002251865,0.4640633167493485,0.5359366832506516,0.43922859128733843,0.5607714087126616,25.124315606514344,18.485031640577574
1385,2024,18,NE,BUF,23,16,7,39,1,1,1,3.0,36.5,0.4120704478709426,-3.0,36.5,0.6831240368061567,36.05723927908271,0.5255034902880914,0.6348361298778104,0.484850660966233,0.03596952079346072,0.03409761660446875,0.0,0.5364093197167722,0.46130365541328977,0.45112893298937917,0.5171149335374137,0.44691554566912567,0.44557430023276745,0.5203280831627638,0.45112893298937917,0.5488710670106208,18.370181657944432,17.687057621138276
1386,2024,18,PHI,NYG,20,13,7,33,1,1,0,-3.0,36.5,0.5879295521290574,3.0,36.5,2.4834961825328525,33.392617953004155,0.5919264358387235,0.4807112242574172,0.39489957773697665,0.03514248454609642,0.03599886747026748,0.0,0.5660356014213174,0.47896300823772814,0.42923325935527706,0.5461437040458283,0.4187138114080753,0.46172088238101755,0.502280250148715,0.42923325935527706,0.570766740644723,17.938057067768504,15.45456088523565
1387,2024,18,TB,NO,27,19,8,46,1,0,1,-14.5,44.5,0.858605258338129,14.5,44.5,11.367605692793068,45.0266733061806,0.8551518383417996,0.3885661309214907,0.5180186638610795,0.02127074810452162,0.0,0.0,0.7086598908512495,0.48953114745208925,0.45911730474898343,0.6935861648211749,0.28514308707430364,0.48953114745208925,0.5104688525479107,0.45911730474898343,0.5408826952510166,28.197139499486834,16.829533806693764
1388,2024,18,TEN,HOU,14,23,-9,37,0,0,1,-2.5,36.5,0.5734581056840342,2.5,36.5,0.524159301242501,33.056369978780715,0.5195744334028726,0.42914693161334155,0.3838376868915648,0.03599769733111069,0.0,0.0,0.5337845751220971,0.484809068406792,0.4264687974400502,0.5145695595468364,0.449432743122053,0.484809068406792,0.515190931593208,0.4264687974400502,0.5735312025599498,16.790264640011607,16.26610533876911
1389,2024,18,ARI,SF,47,24,23,71,1,1,1,-4.5,42.5,0.6305586598182363,4.5,42.5,6.495069743774096,42.917024415409394,0.7280922868394091,0.5715352139109862,0.5142691422095599,0.030339554707265015,0.0,0.0,0.6313155981368362,0.46871730347564783,0.45821250840002614,0.612161764009614,0.357498681283121,0.46871730347564783,0.5312826965243522,0.45821250840002614,0.5417874915999739,24.706047079591745,18.21097733581765
1390,2024,18,DEN,KC,38,0,38,38,1,1,0,-10.5,40.5,0.7816499846386211,10.5,40.5,12.330700021374932,41.90133994042403,0.8744287804421464,0.5656975517344129,0.5478439975526199,0.01937937471644524,0.0,0.0,0.7235594333324212,0.4693840781815219,0.46634960177620777,0.7095373039442534,0.2710833213393013,0.4693840781815219,0.530615921818478,0.46634960177620777,0.5336503982237922,27.11601998089948,14.78531995952455
1391,2024,18,LAR,SEA,25,30,-5,55,0,1,1,7.5,38.5,0.2892573607539719,-7.5,38.5,-5.363991671753271,44.33304603479338,0.307960176582296,0.5765283245543014,0.6916020777802397,0.032046279310822046,0.0,0.0,0.43563153598252574,0.4681452820250173,0.5036560133690619,0.4216711661038273,0.5462825545853506,0.4681452820250173,0.5318547179749826,0.5036560133690619,0.49634398663093815,19.484527181520054,24.848518853273323
1392,2024,18,LV,LAC,20,34,-14,54,0,0,1,7.0,42.5,0.30204827147857694,-7.0,42.5,-6.4862945555894695,45.348465512732595,0.27217890605105655,0.5191843543441449,0.5965239469937764,0.03035365927731204,0.03599929091368115,0.0,0.41675034658223836,0.474642066874255,0.47838961212297204,0.4041004485583794,0.5655458921643085,0.45755528902897774,0.5064454200573411,0.47838961212297204,0.521610387877028,19.431085478571564,25.91738003416103
1393,2024,18,NYJ,MIA,32,20,12,52,1,1,1,-1.5,39.5,0.5442358810453114,1.5,39.5,2.6380254011476856,32.54400637685106,0.5975307135239182,0.5409539990361197,0.27534371410889036,0.035029188694932434,0.0,0.0,0.5685696641962915,0.47219069354282484,0.3974099682722943,0.5486531301429453,0.4163176811621223,0.47219069354282484,0.5278093064571752,0.3974099682722943,0.6025900317277058,17.591015888999372,14.952990487851686
1394,2024,18,DET,MIN,31,9,22,40,1,1,0,-3.0,56.5,0.5879295521290574,3.0,56.5,0.7324304675408994,52.64430124243619,0.5273413965609152,0.41593691921666,0.37041028188681824,0.03595927900253926,0.03528988944346512,0.0,0.5372231545555093,0.48633054110796226,0.4230785288218589,0.5179049972542235,0.4461357237432373,0.4691679900792817,0.49554212047725316,0.4230785288218589,0.5769214711781411,26.688365854988547,25.955935387447646
1395,2024,23,HOU,LAC,32,12,20,44,1,1,1,3.0,41.5,0.4120704478709426,-3.0,41.5,-3.1277485251927954,36.16139662399252,0.3848501760175421,0.4952274409023064,0.3234833697177709,0.03462794157121096,0.0360356732487489,0.0,0.4731096508298959,0.4773320239002706,0.4108443331697506,0.45672683748418225,0.5086452209446067,0.4601310430558364,0.5038332836954147,0.4108443331697506,0.5891556668302493,16.516824049399865,19.644572574592658
1396,2024,23,BAL,PIT,28,14,14,42,1,1,0,-9.5,44.5,0.7591913433207376,9.5,44.5,9.687450481348408,37.386995407264756,0.8168666706614471,0.5067573294797253,0.2708647416083466,0.024573537823265768,0.0,0.0,0.6823134590603682,0.47603769259151973,0.39609928019549134,0.6655466034668249,0.30987985870990925,0.47603769259151973,0.5239623074084803,0.39609928019549134,0.6039007198045087,23.53722294430658,13.849772462958175
1397,2024,23,BUF,DEN,31,7,24,38,1,1,0,-7.5,48.5,0.7107426392460281,7.5,48.5,6.126648380434511,50.22005011118685,0.7165888309042231,0.45061700833892604,0.558653834832198,0.030920682809437494,0.0,0.0,0.6253683929098045,0.4823605388375042,0.46899242903282556,0.6060315751935927,0.36304774199696976,0.4823605388375042,0.5176394611624958,0.46899242903282556,0.5310075709671744,28.17334924581068,22.04670086537617
1398,2024,23,PHI,GB,22,10,12,32,1,1,0,-5.5,45.5,0.6581456062996048,5.5,45.5,-2.203242009773602,49.34868234158878,0.4182864146560006,0.24318252823598574,0.6293623496750675,0.03533132386213722,0.0,0.0,0.48853603278219526,0.5087087077183687,0.48678204924883783,0.47127540798964385,0.49339326814821893,0.5087087077183687,0.49129129228163126,0.48678204924883783,0.5132179507511622,23.572720165907587,25.77596217568119
1399,2024,23,TB,WAS,20,23,-3,43,0,0,0,-3.0,51.5,0.5879295521290574,3.0,51.5,1.119825636138257,57.79600783527935,0.5417575011531275,0.43013001493475944,0.7054402663639279,0.03585415459764796,0.035522010082131183,0.0,0.5436125988766295,0.48469634397891254,0.5076433328963923,0.5241218287152777,0.4400240166870744,0.46747895556132146,0.4969990343565474,0.5076433328963923,0.4923566671036077,29.457916735708803,28.338091099570544
1400,2024,23,LAR,MIN,27,9,18,36,1,1,0,2.5,47.5,0.4265418943159657,-2.5,47.5,2.6615716509712026,47.14634934780732,0.5983828775354606,0.679544100731975,0.487898565340503,0.03501135846047709,0.0,0.0,0.5689556641509477,0.455755024788159,0.4518622930276378,0.54903575344524,0.4159528880942829,0.455755024788159,0.544244975211841,0.4518622930276378,0.5481377069723622,24.903960499389264,22.24238884841806
1401,2024,23,KC,HOU,23,14,9,37,1,0,0,-9.5,41.5,0.7591913433207376,9.5,41.5,9.7396683751074,39.443296540507994,0.818146148479858,0.5086394497856681,0.4299751657062153,0.024472036916952877,0.0,0.0,0.6831382338230156,0.4758263979992851,0.43786477513626343,0.6664204497455168,0.3091075133375303,0.4758263979992851,0.5241736020007148,0.43786477513626343,0.5621352248637366,24.591482457807697,14.851814082700297
1402,2024,23,DET,WAS,31,45,-14,76,0,0,1,-8.5,55.5,0.73553153338876,8.5,55.5,10.071638692114545,50.14301422227849,0.8261460701230664,0.5564682112448708,0.3229170931979348,0.023824086811525313,0.0,0.0,0.6883733035714912,0.47043430582111956,0.41069225104702056,0.6719734382284674,0.3042024749600072,0.47043430582111956,0.5295656941788804,0.41069225104702056,0.5893077489529794,30.107326457196518,20.03568776508197
1403,2024,23,PHI,LAR,28,22,6,50,1,0,1,-7.0,43.5,0.6979517285214231,7.0,43.5,7.516840398689082,46.08345408984055,0.758696570206808,0.5193013351918344,0.5876972788717503,0.028618042818872313,0.035998816384919696,0.0,0.6477489849641009,0.47462892115314564,0.4761764913433338,0.6292116767765172,0.3421702804046105,0.45754284176958104,0.5064583418454993,0.4761764913433338,0.5238235086566663,26.800147244264817,19.283306845575733
1404,2024,23,BUF,BAL,27,25,2,52,1,1,1,1.5,51.5,0.4557641189546886,-1.5,51.5,-7.139119695303352,49.08322998780264,0.2523882938687139,0.3051736191169242,0.4178775411503906,0.029271793071805274,0.0,0.0,0.40575184808569553,0.499919872724093,0.4349074094408806,0.39387476395002846,0.5768534429781662,0.499919872724093,0.500080127275907,0.4349074094408806,0.5650925905591194,20.972055146249645,28.111174841552995
1405,2024,23,PHI,WAS,55,23,32,78,1,1,1,-6.0,46.5,0.6716393567181147,6.0,46.5,-2.399223193491881,49.11146310606837,0.4111381600512393,0.2164982571670557,0.5886323507918266,0.03520153458315334,0.027024285698973194,0.0,0.4852694651198598,0.5129501458289476,0.47641020476182006,0.46818723526129474,0.4966112301555519,0.4990880345387362,0.4738876797622906,0.47641020476182006,0.52358979523818,23.356119956288246,25.755343149780124
1406,2024,23,KC,BUF,32,29,3,61,1,1,1,-1.5,49.5,0.5442358810453114,1.5,49.5,-0.6222408259054721,48.10833208641875,0.4767667124576548,0.4239588967913778,0.45248464964130397,0.03598118640373993,0.0,0.0,0.5148143356201411,0.4854050603906584,0.4433274567795367,0.4962907050468753,0.4677281085493848,0.4854050603906584,0.5145949396093417,0.4433274567795367,0.5566725432204633,23.74304563025664,24.36528645616211
1407,2024,23,PHI,KC,40,22,18,62,1,1,1,1.5,48.5,0.4557641189546886,-1.5,48.5,-8.092110859833916,49.97492429772289,0.22495544840513346,0.27568959808846233,0.5503432416012389,0.027588540417911922,0.0,0.0,0.38968384764652636,0.5039461886934211,0.46695939030469985,0.3789330390655227,0.5934784205165654,0.5039461886934211,0.4960538113065789,0.46695939030469985,0.5330406096953002,20.94140671894449,29.033517578778405
1408,2025,1,PHI,DAL,24,20,4,44,1,0,0,-8.5,47.5,0.73553153338876,8.5,47.5,10.310641892487146,50.35612191370837,0.822008831128861,0.562485124611349,0.596021504038454,0.02320258483343557,0.0,0.0,0.8026026940438649,0.50013604041727,0.5219234217613518,0.7839802369477681,0.19281717821879626,0.50013604041727,0.49986395958273,0.5219234217613518,0.47807657823864824,30.33338190309776,20.02274001061061
1409,2025,1,LAC,KC,27,21,6,48,1,1,1,3.0,47.5,0.4120704478709426,-3.0,47.5,-3.6528539115281577,50.38430034624857,0.37138930732446457,0.4766012885053333,0.5969500687779598,0.032941861431602826,0.03458574533354686,0.0,0.3876502802336867,0.5166019592896879,0.5217731046961037,0.3748803584183066,0.5921777801500905,0.4987348954868834,0.46667935917956976,0.5217731046961037,0.4782268953038963,23.36572321736021,27.018577128888364
1410,2025,1,ATL,TB,20,23,-3,43,0,0,0,1.5,47.5,0.4557641189546886,-1.5,47.5,-3.5773818720940644,46.23520613099383,0.37395254150907264,0.42840277117292175,0.4571418857372714,0.03300969946662646,0.0,0.0,0.3900068635938139,0.5258834474447812,0.5437167521531667,0.37713285423666054,0.589857446296713,0.5258834474447812,0.4741165525552188,0.5437167521531667,0.4562832478468333,21.328912129449883,24.906294001543948
1411,2025,1,CLE,CIN,16,17,-1,33,0,1,0,5.5,47.5,0.34185439370039516,-5.5,47.5,-9.824640022994005,47.792299699446,0.18947391768789948,0.3535924179726053,0.5099228137759478,0.024074566823806265,0.0,0.0,0.21487309092854626,0.540854522040002,0.5355103164133116,0.20970011434234917,0.7662253188338446,0.540854522040002,0.45914547795999805,0.5355103164133116,0.4644896835866884,18.983829838225997,28.80846986122
1412,2025,1,IND,MIA,33,8,25,41,1,1,0,-1.5,47.5,0.5442358810453114,1.5,47.5,-0.9381148791496738,47.223037580601606,0.4663985402783818,0.4161411159367934,0.49059774786980276,0.03452662056538247,0.0,0.0,0.4742821782028467,0.528276836767767,0.5385117765770838,0.4579068173951139,0.5075665620395037,0.528276836767767,0.47172316323223296,0.5385117765770838,0.4614882234229162,23.142461350725966,24.08057622987564
1413,2025,1,JAX,CAR,26,10,16,36,1,1,0,-4.5,45.5,0.6305586598182363,4.5,45.5,4.108025794005249,45.42974471005744,0.6439414336654791,0.4864198340001909,0.49761478406360093,0.03250606303627662,0.0,0.0,0.6352246223937723,0.5147255801462183,0.5374222080401742,0.6145759707760454,0.35291796618767807,0.5147255801462183,0.4852744198537817,0.5374222080401742,0.46257779195982585,24.768885252031346,20.660859458026096
1414,2025,1,NE,LV,13,20,-7,33,0,0,0,-2.5,44.5,0.5734581056840342,2.5,44.5,1.1176046087222775,43.72657254330703,0.5400099315588921,0.4522117471083297,0.4737603915080508,0.03447862564438592,0.0,0.0,0.5408707432958175,0.5212789188595247,0.5411278376605033,0.5222222634157203,0.4432991109398938,0.5212789188595247,0.4787210811404753,0.5411278376605033,0.4588721623394967,22.42208857601465,21.304483967292377
1415,2025,1,NO,ARI,13,20,-7,33,0,0,0,6.0,44.5,0.3283606432818853,-6.0,44.5,-8.657097953417495,40.068252874378686,0.21891061267176753,0.40563804186414515,0.3530304052094898,0.026114886449849495,0.03373148609013066,0.0,0.24384353350112475,0.5303419782675258,0.5604693702928292,0.2374755873122128,0.7364095262379377,0.5124527552045824,0.45381575870528695,0.5604693702928292,0.43953062970717083,15.705577460480596,24.36267541389809
1416,2025,1,NYJ,PIT,32,34,-2,66,0,1,1,3.0,37.5,0.4120704478709426,-3.0,37.5,3.172245514734078,32.52778563500048,0.6121922139920437,0.7101959821708022,0.33609408773018756,0.033351759935892344,0.030006821212412216,0.0,0.6062820942152257,0.4693676194157207,0.5633524656625947,0.5860615193555294,0.3805867207085782,0.4552833891770176,0.5147097896105701,0.5633524656625947,0.43664753433740533,17.850015574867278,14.677770060133199
1417,2025,1,WAS,NYG,21,6,15,27,1,1,0,-6.0,45.5,0.6716393567181147,6.0,45.5,-0.40211871310353037,54.66798912608449,0.4855825026748803,0.28280718103033253,0.7823683547035731,0.03462025255407736,0.029681606629177515,0.0,0.4916538077790943,0.5563359840274634,0.48717301203162694,0.47463262878460827,0.49074711866131443,0.5398230381959038,0.4304953551749186,0.48717301203162694,0.5128269879683731,27.13293520649048,27.535053919594013
1418,2025,1,DEN,TEN,20,12,8,32,1,0,0,-8.5,42.5,0.73553153338876,8.5,42.5,6.357661022976852,49.00274796129983,0.7158461496934228,0.42618934714837947,0.7100047770545115,0.029745151681605464,0.0,0.0,0.7015042997437663,0.5263142254216825,0.5021651537459176,0.6806379479425896,0.28961690037580506,0.5263142254216825,0.4736857745783175,0.5021651537459176,0.49783484625408236,27.68020449213834,21.32254346916149
1419,2025,1,SEA,SF,13,17,-4,30,0,0,0,2.5,43.5,0.4265418943159657,-2.5,43.5,2.296661103443794,44.31435407356746,0.5817628330263477,0.6615289495970608,0.5276259355310087,0.033959311332954545,0.0,0.0,0.5786600414925707,0.4801431643716115,0.5327546699718851,0.559009144987584,0.40703154367946137,0.4801431643716115,0.5198568356283886,0.5327546699718851,0.46724533002811486,23.305507588505627,21.00884648506183
1420,2025,1,GB,DET,27,13,14,40,1,1,0,-1.5,48.5,0.5442358810453114,1.5,48.5,2.471875196874181,50.55593613284281,0.5878991600598326,0.5336377093671703,0.5694463740714526,0.03385251189245897,0.0,0.0,0.5842230599562824,0.5056994012629744,0.5261812205932364,0.5644456418712636,0.4017018462362774,0.5056994012629744,0.4943005987370256,0.5261812205932364,0.47381877940676365,26.513905664858495,24.042030467984315
1421,2025,1,LAR,HOU,14,9,5,23,1,1,0,-3.5,43.5,0.6022823943305156,3.5,43.5,6.864728526067762,41.22911431687899,0.7310157661378868,0.61495661344535,0.42337863552468463,0.029002723304709654,0.0,0.0,0.7156651847578919,0.4897770984152922,0.5490213841105244,0.6949089454255448,0.2760883312697455,0.4897770984152922,0.5102229015847077,0.5490213841105244,0.45097861588947563,24.046921421473378,17.182192895405613
1422,2025,1,BUF,BAL,41,40,1,81,1,1,1,1.5,50.5,0.4557641189546886,-1.5,50.5,-3.702024141952584,46.86570888159439,0.36972250270718,0.42415761130893564,0.3785518152867552,0.03289697969847616,0.0,0.0,0.38611710723900244,0.5267101151305181,0.5562319730776741,0.37341502060092663,0.5936879997005973,0.5267101151305181,0.47328988486948187,0.5562319730776741,0.44376802692232586,21.5818423698209,25.283866511773486
1423,2025,1,CHI,MIN,24,27,-3,51,0,0,1,1.5,43.5,0.4557641189546886,-1.5,43.5,-1.2863807906886666,41.70109992524706,0.45397385160793696,0.5074019623551733,0.4391634548620888,0.03442592685956347,0.0,0.0,0.463017066712157,0.5107193275682899,0.5465318157577573,0.44707727503879463,0.518496798101642,0.5107193275682899,0.48928067243171014,0.5465318157577573,0.45346818424224267,20.207359567279195,21.493740357967862
1424,2025,2,GB,WAS,27,18,9,45,1,1,0,-3.5,48.5,0.6022823943305156,3.5,48.5,2.873182157441061,51.63687528882431,0.6018680574167877,0.4782900753292154,0.6052481871733164,0.03357986224980092,0.0,0.0,0.5968997093456038,0.5162790488460857,0.5204244792413191,0.5768558993288322,0.3895642384213669,0.5162790488460857,0.48372095115391434,0.5204244792413191,0.47957552075868093,27.255028723132682,24.381846565691625
1425,2025,2,BAL,CLE,41,17,24,58,1,1,1,-12.5,46.5,0.8227577615633441,12.5,46.5,18.07704111313541,45.76665340314232,0.9461495364403927,0.6859573540788292,0.47511837798836554,0.010105647094686789,0.0,0.0,0.9315769230260376,0.4748448153154773,0.5409166620139207,0.9221627354003823,0.06773161750493098,0.4748448153154773,0.5251551846845227,0.5409166620139207,0.45908333798607925,31.921847258138868,13.844806145003455
1426,2025,2,CIN,JAX,31,27,4,58,1,1,1,-3.5,49.5,0.6022823943305156,3.5,49.5,8.611233013691328,42.11316916406282,0.7798804534529513,0.6714654529929402,0.2647936462493319,0.02619297865159148,0.0,0.0,0.761861813757029,0.4780119351773017,0.5763825944312877,0.7419063835338283,0.23190063781458015,0.4780119351773017,0.5219880648226983,0.5763825944312877,0.4236174055687123,25.36220108887707,16.750968075185746
1427,2025,2,DAL,NYG,40,37,3,77,1,0,1,-4.5,44.5,0.6305586598182363,4.5,44.5,5.700245995307992,41.09468991849788,0.6955732290310849,0.5415160102926979,0.38598475755550127,0.03064749771523767,0.0,0.0,0.6826887135144176,0.5041860108681951,0.5550183632218362,0.6617660127267659,0.3075864895579964,0.5041860108681951,0.49581398913180486,0.5550183632218362,0.4449816367781638,23.397467956902936,17.69722196159494
1428,2025,2,DET,CHI,52,21,31,73,1,1,1,-6.0,46.5,0.6716393567181147,6.0,46.5,1.654329621807977,51.96614024725571,0.5591024677866983,0.34814683349236497,0.6790990765257973,0.03428578121194442,0.03226079829399253,0.0,0.5581401130634246,0.5419885255386552,0.5078551587075715,0.5390038432613221,0.4267103755267335,0.5245035430385943,0.44323565866741327,0.5078551587075715,0.4921448412924285,26.81023493453184,25.155905312723867
1429,2025,2,MIA,NE,27,33,-6,60,0,0,1,-1.5,43.5,0.5442358810453114,1.5,43.5,-0.25016862257044636,42.97424150439093,0.4910292599380926,0.43958549944656167,0.4821559812379228,0.03463319126662634,0.0,0.0,0.49658225702031605,0.5237146228928685,0.5398228822409242,0.4793840287333184,0.4859827800000553,0.5237146228928685,0.4762853771071315,0.5398228822409242,0.46017711775907577,21.36203644091024,21.61220506348069
1430,2025,2,NO,SF,21,26,-5,47,0,0,1,3.0,40.5,0.4120704478709426,-3.0,40.5,-1.3095026799493317,32.841104010517824,0.45315046180257385,0.560384471527507,0.25726848551342285,0.03441813780408265,0.0342701479601491,0.0,0.4622700490664542,0.5005434707584517,0.5778693747032351,0.44635957481498495,0.5192222873809325,0.48338977195507304,0.4823400800847779,0.5778693747032351,0.4221306252967649,15.765800665284246,17.07530334523358
1431,2025,2,NYJ,BUF,10,30,-20,40,0,0,0,6.0,47.5,0.3283606432818853,-6.0,47.5,-12.812963988569082,47.36205717294707,0.12611801984607074,0.27051350650222605,0.49531682478383476,0.01865514616937336,0.029080241470814228,0.0,0.1503295108187885,0.5592309168758478,0.5377790259780195,0.14752509182089363,0.833819762009733,0.5429683467751533,0.42795141175403245,0.5377790259780195,0.4622209740219805,17.274546592188994,30.087510580758074
1432,2025,2,PIT,SEA,17,31,-14,48,0,0,1,-3.5,40.5,0.6022823943305156,3.5,40.5,4.556695052188237,37.0990419683823,0.658822168611076,0.5365655173189859,0.386126445063763,0.032033122666465685,0.0,0.0,0.6488466467258307,0.505137408695559,0.5549953090647112,0.6280620624995372,0.3399048148339971,0.505137408695559,0.494862591304441,0.5549953090647112,0.4450046909352888,20.82786851028527,16.27117345809703
1433,2025,2,TEN,LAR,19,33,-14,52,0,0,1,5.5,41.5,0.34185439370039516,-5.5,41.5,-3.654729767994533,41.84704072119542,0.37132567244494763,0.5636700436980946,0.5117806313078994,0.03294015907672265,0.0,0.0,0.3875917580066139,0.49990602952325874,0.5352215312697537,0.3748244238410494,0.5922354170822278,0.49990602952325874,0.5000939704767413,0.5352215312697537,0.4647784687302463,19.096155476600444,22.750885244594976
1434,2025,2,ARI,CAR,27,22,5,49,1,0,1,-7.0,45.5,0.6979517285214231,7.0,45.5,8.402398290070947,50.63469272376679,0.774326492926491,0.550155496906769,0.6689349182813857,0.026546191367440963,0.0343854647336459,0.0,0.7565600798935731,0.5025216925097331,0.5096605992794476,0.7364762912317518,0.23697751740080716,0.48524225057404763,0.4803722846923065,0.5096605992794476,0.4903394007205524,29.51854550691887,21.11614721684792
1435,2025,2,IND,DEN,29,28,1,57,1,1,1,2.5,43.5,0.4265418943159657,-2.5,43.5,2.296661103443794,44.31435407356746,0.5817628330263477,0.6615289495970608,0.5276259355310087,0.033959311332954545,0.0,0.0,0.5786600414925707,0.4801431643716115,0.5327546699718851,0.559009144987584,0.40703154367946137,0.4801431643716115,0.5198568356283886,0.5327546699718851,0.46724533002811486,23.305507588505627,21.00884648506183
1436,2025,2,KC,PHI,17,20,-3,37,0,0,0,1.5,46.5,0.4557641189546886,-1.5,46.5,-2.7664172633478623,47.819905435145785,0.4018359594585485,0.4562041290508338,0.544717917510804,0.03365617347575722,0.0,0.0,0.4155593670648195,0.5205111589828796,0.5300820302571769,0.40157322891741004,0.5647705976068328,0.5205111589828796,0.4794888410171204,0.5300820302571769,0.46991796974282307,22.52674408589896,25.293161349246823
1437,2025,2,MIN,ATL,6,22,-16,28,0,0,0,-3.5,44.5,0.6022823943305156,3.5,44.5,5.052767086601754,44.57296350997024,0.6749830755785056,0.5536441905289653,0.5024771607293887,0.03146258243053074,0.0,0.0,0.6636902796434685,0.5018480134790022,0.5366671047849962,0.6428088695118438,0.32572854805762536,0.5018480134790022,0.4981519865209978,0.5366671047849962,0.46333289521500376,24.812865298286,19.760098211684245
1438,2025,2,HOU,TB,19,20,-1,39,0,0,0,-2.5,42.5,0.5734581056840342,2.5,42.5,-2.3726298118915823,47.07030279404463,0.41557398233176995,0.33606074561939714,0.651340912777106,0.033913928251962155,0.0,0.0,0.4280995363288371,0.5445340193444821,0.5127209138266282,0.41358099936908266,0.5525050723789552,0.5445340193444821,0.4554659806555179,0.5127209138266282,0.4872790861733718,22.348836491076522,24.721466302968107
1439,2025,2,LV,LAC,9,20,-11,29,0,0,0,3.5,46.5,0.39771760566948444,-3.5,46.5,-4.453018239070213,48.46217375634573,0.34459492813481757,0.4670134473026268,0.566309255095411,0.03214612738801059,0.0,0.0,0.3629272283755065,0.5184371252394805,0.5266788897959009,0.3512605234595699,0.6165933491524196,0.5184371252394805,0.4815628747605195,0.5266788897959009,0.47332111020409906,22.004577758637758,26.45759599770797
1440,2025,3,BUF,MIA,31,21,10,52,1,0,1,-12.5,50.5,0.8227577615633441,12.5,50.5,15.759426135107654,47.4677317221521,0.919982230728945,0.6114555799764559,0.39818302400828826,0.013581877990977487,0.0,0.0,0.9027005510400189,0.49048175118282866,0.553043734200761,0.8904401822934052,0.0959779397156173,0.49048175118282866,0.5095182488171713,0.553043734200761,0.44695626579923897,31.613578928629877,15.854152793522225
1441,2025,3,CAR,ATL,30,0,30,30,1,1,0,5.5,44.5,0.34185439370039516,-5.5,44.5,-7.067863362537746,42.5811302607575,0.26302642222050465,0.4458374719217435,0.4351410425211521,0.028694915207208016,0.0,0.0,0.28636887785864523,0.5225070169858403,0.5471644035838972,0.2781515471905081,0.6931535376022838,0.5225070169858403,0.47749298301415966,0.5471644035838972,0.4528355964161028,17.756633449109877,24.82449681164762
1442,2025,3,CLE,GB,13,10,3,23,1,1,0,8.5,41.5,0.26446846661124,-8.5,41.5,-5.814555961461001,46.16417255814938,0.300854482672939,0.592219669639348,0.6542910927456836,0.030495793278596528,0.0,0.0,0.32215398177797866,0.4943150114307908,0.5122130880094286,0.31232964054580065,0.6571745661756029,0.4943150114307908,0.5056849885692092,0.5122130880094286,0.48778691199057145,20.17480829834419,25.989364259805193
1443,2025,3,JAX,HOU,17,10,7,27,1,1,0,-1.5,43.5,0.5442358810453114,1.5,43.5,-0.25016862257044636,42.97424150439093,0.4910292599380926,0.43958549944656167,0.4821559812379228,0.03463319126662634,0.0,0.0,0.49658225702031605,0.5237146228928685,0.5398228822409242,0.4793840287333184,0.4859827800000553,0.5237146228928685,0.4762853771071315,0.5398228822409242,0.46017711775907577,21.36203644091024,21.61220506348069
1444,2025,3,MIN,CIN,48,10,38,58,1,1,1,-3.0,41.5,0.5879295521290574,3.0,41.5,1.1613624486255294,41.618659028549,0.541570695363511,0.4343714986816144,0.5040285120483426,0.03446566573351367,0.03420266888620638,0.0,0.5422820388167381,0.5247243453534669,0.5364261434844381,0.5235919273335922,0.44194240693289427,0.5067773723128108,0.45901995880098273,0.5364261434844381,0.46357385651556193,21.390010738587264,20.228648289961733
1445,2025,3,NE,PIT,14,21,-7,35,0,0,0,1.5,44.5,0.4557641189546886,-1.5,44.5,-2.6722235957679383,40.534248141386676,0.40511142124120064,0.459449887881184,0.3678720699216316,0.03372123677088634,0.0,0.0,0.41855192905230054,0.5198877096438014,0.5579910632670444,0.4044378403518167,0.5618409228772969,0.5198877096438014,0.4801122903561986,0.5579910632670444,0.4420089367329556,18.93101227280937,21.603235868577308
1446,2025,3,PHI,LAR,33,26,7,59,1,1,1,-3.5,45.5,0.6022823943305156,3.5,45.5,5.946725125724537,44.33475946492272,0.7032515076545099,0.5841506091942674,0.46050378044343265,0.03031759949160956,0.0,0.0,0.6898012924869655,0.4959057838314785,0.5431921942421135,0.668888173172551,0.3007942273358393,0.4959057838314785,0.5040942161685216,0.5431921942421135,0.4568078057578865,25.140742295323626,19.194017169599093
1447,2025,3,TB,NYJ,29,27,2,56,1,0,1,-6.5,43.5,0.6849128309162449,6.5,43.5,9.327094054949018,41.939634057196166,0.7982989051404336,0.5969894593491527,0.4471794552678708,0.024955136418923884,0.0,0.0,0.779552884870967,0.4933701630366202,0.5452743877005172,0.7600990362832463,0.2149458272978298,0.4933701630366202,0.5066298369633798,0.5452743877005172,0.45472561229948283,25.633364056072594,16.306270001123572
1448,2025,3,TEN,IND,20,41,-21,61,0,0,1,6.0,43.5,0.3283606432818853,-6.0,43.5,-6.379929420373274,40.12330706177962,0.28347892364714183,0.4863777452812549,0.38691670949201845,0.029713360985386794,0.03462251751733808,0.0,0.3057848779372782,0.5147336191490935,0.554866777218492,0.2966989814752554,0.6735876575393577,0.4969122454033413,0.4684652370793207,0.554866777218492,0.445133222781508,16.871688820703174,23.251618241076446
1449,2025,3,WAS,LV,41,24,17,65,1,1,1,-2.5,43.5,0.5734581056840342,2.5,43.5,-0.5561938524357838,44.23006514560293,0.4800624104805733,0.39532679954444994,0.5247704295820688,0.03460098667209499,0.0,0.0,0.48665749461709124,0.5323849556490355,0.5331998439683661,0.4698186651319701,0.49558034819593494,0.5323849556490355,0.46761504435096446,0.5331998439683661,0.46680015603163394,21.836935646583573,22.393129499019356
1450,2025,3,LAC,DEN,23,20,3,43,1,1,0,-2.5,45.5,0.5734581056840342,2.5,45.5,3.1104295365642116,45.91665753735531,0.6100646482065835,0.5211428522300939,0.5141429336131036,0.033400627631238466,0.0,0.0,0.6043475861138002,0.5080930922073208,0.5348542191763811,0.5841619974301754,0.3824373749385862,0.5080930922073208,0.4919069077926792,0.5348542191763811,0.4651457808236189,24.513543536959762,21.40311400039555
1451,2025,3,SEA,NO,44,13,31,57,1,1,1,-7.5,41.5,0.7107426392460281,7.5,41.5,5.417473844941285,48.27907918535167,0.6866540263334243,0.4282273957845244,0.7180015926305647,0.031012893341254455,0.0,0.0,0.67444620300596,0.5259175599554392,0.5006363265150245,0.6535296748477222,0.3154574318110234,0.5259175599554392,0.4740824400445608,0.5006363265150245,0.49936367348497546,26.848276515146477,21.430802670205193
1452,2025,3,CHI,DAL,31,14,17,45,1,1,0,1.5,49.5,0.4557641189546886,-1.5,49.5,-4.075007116273308,42.55716062705467,0.3571630002112952,0.41150862483162803,0.2773099766538256,0.032539191351013685,0.0,0.0,0.374544760152637,0.5291858490660125,0.5739652333511762,0.3623573765325108,0.6051034321164754,0.5291858490660125,0.4708141509339875,0.5739652333511762,0.4260347666488238,19.241076755390683,23.316083871663988
1453,2025,3,SF,ARI,16,15,1,31,1,0,0,-1.5,44.5,0.5442358810453114,1.5,44.5,0.9722619858886139,42.334704979071915,0.5348213883134647,0.48171909068469687,0.4269002187913139,0.03451813045350699,0.0,0.0,0.5361794464410581,0.5156236344056537,0.5484642190142054,0.5176715343623165,0.44781033518417657,0.5156236344056537,0.48437636559434627,0.5484642190142054,0.4515357809857946,21.653483482480265,20.68122149659165
1454,2025,3,NYG,KC,9,22,-13,31,0,0,0,6.0,44.5,0.3283606432818853,-6.0,44.5,-8.657097953417495,40.068252874378686,0.21891061267176753,0.40563804186414515,0.3530304052094898,0.026114886449849495,0.03373148609013066,0.0,0.24384353350112475,0.5303419782675258,0.5604693702928292,0.2374755873122128,0.7364095262379377,0.5124527552045824,0.45381575870528695,0.5604693702928292,0.43953062970717083,15.705577460480596,24.36267541389809
1455,2025,3,BAL,DET,30,38,-8,68,0,0,1,-4.5,53.5,0.6305586598182363,4.5,53.5,-1.4132202995770307,54.600952318384024,0.4494595995402656,0.30375737665342684,0.5373237037595386,0.03438151496670805,0.0,0.0,0.45892073960895485,0.5515635612028845,0.5312401187315791,0.44314234933155683,0.5224761357017351,0.5515635612028845,0.4484364387971155,0.5312401187315791,0.46875988126842094,26.5938660094035,28.007086308980526
1456,2025,4,ARI,SEA,20,23,-3,43,0,0,0,1.5,43.5,0.4557641189546886,-1.5,43.5,-1.2863807906886666,41.70109992524706,0.45397385160793696,0.5074019623551733,0.4391634548620888,0.03442592685956347,0.0,0.0,0.463017066712157,0.5107193275682899,0.5465318157577573,0.44707727503879463,0.518496798101642,0.5107193275682899,0.48928067243171014,0.5465318157577573,0.45346818424224267,20.207359567279195,21.493740357967862
1457,2025,4,PIT,MIN,24,21,3,45,1,1,1,2.5,41.5,0.4265418943159657,-2.5,41.5,4.25854075553518,34.77045996805835,0.6489600967192705,0.7214146042018428,0.283424190492079,0.0323521056259532,0.0,0.0,0.6398142336869544,0.466744450224664,0.5728076761443781,0.6191148960177257,0.348532998356321,0.466744450224664,0.533255549775336,0.5728076761443781,0.4271923238556219,19.514500361796763,15.255959606261584
1458,2025,4,ATL,WAS,34,27,7,61,1,1,1,-2.5,43.5,0.5734581056840342,2.5,43.5,-0.5561938524357838,44.23006514560293,0.4800624104805733,0.39532679954444994,0.5247704295820688,0.03460098667209499,0.0,0.0,0.48665749461709124,0.5323849556490355,0.5331998439683661,0.4698186651319701,0.49558034819593494,0.5323849556490355,0.46761504435096446,0.5331998439683661,0.46680015603163394,21.836935646583573,22.393129499019356
1459,2025,4,BUF,NO,31,19,12,50,1,0,1,-15.5,48.5,0.8745462947506933,15.5,48.5,18.331630197128433,42.710766714146956,0.9485489571018492,0.5971419709800395,0.31112043350943674,0.0097586047252562,0.0,0.0,0.9342991865874879,0.4933398937654161,0.5677315298431963,0.9251817301304521,0.06505966514429158,0.4933398937654161,0.5066601062345839,0.5677315298431963,0.4322684701568037,30.521198455637695,12.189568258509262
1460,2025,4,DET,CLE,34,10,24,44,1,1,0,-10.0,44.5,0.7705746740352664,10.0,44.5,14.292542734956918,43.93894589083549,0.8989633900433839,0.6500901754811799,0.48095894461193667,0.016037467982433773,0.03231666269059941,0.0,0.8803490982673944,0.48256006955902314,0.5400088626306603,0.8662305277905666,0.11773200422699963,0.466965338563132,0.5007179987462687,0.5400088626306603,0.4599911373693397,29.115744312896204,14.823201577939287
1461,2025,4,HOU,TEN,26,0,26,26,1,1,0,-7.5,39.5,0.7107426392460281,7.5,39.5,10.90162287657207,43.61946127683666,0.835354260981145,0.6161810583422509,0.6370465972682096,0.02213152284458808,0.0,0.0,0.815732800457672,0.48953010215987014,0.5151538109441798,0.7976793913492632,0.18018908580614865,0.48953010215987014,0.5104698978401299,0.5151538109441798,0.4848461890558202,27.260542076704365,16.358919200132295
1462,2025,4,NE,CAR,42,13,29,55,1,1,1,-5.5,42.5,0.6581456062996048,5.5,42.5,2.5762519089143163,41.04169278176585,0.5915442235314878,0.3997641212098779,0.4506159633227328,0.03378533292905356,0.0,0.0,0.5875291136138989,0.5315037668632363,0.5447365001796437,0.5676792469049415,0.3985354201660048,0.5315037668632363,0.4684962331367637,0.5447365001796437,0.4552634998203563,21.808972345340084,19.23272043642577
1463,2025,4,NYG,LAC,21,18,3,39,1,1,0,6.0,43.5,0.3283606432818853,-6.0,43.5,-6.379929420373274,40.12330706177962,0.28347892364714183,0.4863777452812549,0.38691670949201845,0.029713360985386794,0.03462251751733808,0.0,0.3057848779372782,0.5147336191490935,0.554866777218492,0.2966989814752554,0.6735876575393577,0.4969122454033413,0.4684652370793207,0.554866777218492,0.445133222781508,16.871688820703174,23.251618241076446
1464,2025,4,TB,PHI,25,31,-6,56,0,0,1,3.5,44.5,0.39771760566948444,-3.5,44.5,-7.4459238153056715,43.59930402178896,0.2521253703067598,0.36589545251278677,0.46945048129977146,0.02810742244340325,0.0,0.0,0.2759480630796155,0.5383194101624216,0.5417983732126886,0.26819187429819785,0.7037007032583988,0.5383194101624216,0.4616805898375784,0.5417983732126886,0.45820162678731136,18.076690103241646,25.522613918547314
1465,2025,4,LAR,IND,27,20,7,47,1,1,0,-3.5,49.5,0.6022823943305156,3.5,49.5,8.611233013691328,42.11316916406282,0.7798804534529513,0.6714654529929402,0.2647936462493319,0.02619297865159148,0.0,0.0,0.761861813757029,0.4780119351773017,0.5763825944312877,0.7419063835338283,0.23190063781458015,0.4780119351773017,0.5219880648226983,0.5763825944312877,0.4236174055687123,25.36220108887707,16.750968075185746
1466,2025,4,SF,JAX,21,26,-5,47,0,0,1,-3.5,45.5,0.6022823943305156,3.5,45.5,5.946725125724537,44.33475946492272,0.7032515076545099,0.5841506091942674,0.46050378044343265,0.03031759949160956,0.0,0.0,0.6898012924869655,0.4959057838314785,0.5431921942421135,0.668888173172551,0.3007942273358393,0.4959057838314785,0.5040942161685216,0.5431921942421135,0.4568078057578865,25.140742295323626,19.194017169599093
1467,2025,4,KC,BAL,37,20,17,57,1,1,1,2.5,48.5,0.4265418943159657,-2.5,48.5,-5.5066671322088965,51.19880161135938,0.3105201461321297,0.39698453544492873,0.5908275158697114,0.030899181908318973,0.0,0.0,0.3312143617249542,0.5320553840142411,0.5227621391833988,0.3209801089113671,0.648120709180314,0.5320553840142411,0.46794461598575887,0.5227621391833988,0.47723786081660124,22.84606723957524,28.352734371784138
1468,2025,4,LV,CHI,24,25,-1,49,0,0,1,-1.5,47.5,0.5442358810453114,1.5,47.5,-0.9381148791496738,47.223037580601606,0.4663985402783818,0.4161411159367934,0.49059774786980276,0.03452662056538247,0.0,0.0,0.4742821782028467,0.528276836767767,0.5385117765770838,0.4579068173951139,0.5075665620395037,0.528276836767767,0.47172316323223296,0.5385117765770838,0.4614882234229162,23.142461350725966,24.08057622987564
1469,2025,4,DAL,GB,40,40,0,80,0,1,1,7.0,47.5,0.30204827147857694,-7.0,47.5,-11.84418053703839,43.534593191999114,0.1447658558308217,0.33177322102574325,0.36788313622543345,0.020413110159908543,0.03170839993294483,0.0,0.16969595404534132,0.5454471765310946,0.5579892305245352,0.166231931841723,0.8133549579983684,0.5281519193153511,0.440139680751704,0.5579892305245352,0.4420107694754648,15.845206327480362,27.689386864518752
1470,2025,4,MIA,NYJ,27,21,6,48,1,1,1,-2.5,44.5,0.5734581056840342,2.5,44.5,1.1176046087222775,43.72657254330703,0.5400099315588921,0.4522117471083297,0.4737603915080508,0.03447862564438592,0.0,0.0,0.5408707432958175,0.5212789188595247,0.5411278376605033,0.5222222634157203,0.4432991109398938,0.5212789188595247,0.4787210811404753,0.5411278376605033,0.4588721623394967,22.42208857601465,21.304483967292377
1471,2025,4,DEN,CIN,28,3,25,31,1,1,0,-7.5,44.5,0.7107426392460281,7.5,44.5,5.343053584347163,46.69079606155836,0.6842875688491511,0.4256919137499649,0.573950818389305,0.03110666304708204,0.0,0.0,0.6722626509243662,0.5264111094441846,0.5254649902128709,0.6513508031629238,0.31754253378999414,0.5264111094441846,0.47358889055581543,0.5254649902128709,0.47453500978712915,26.01692482295276,20.6738712386056
1472,2025,5,LAR,SF,23,26,-3,49,0,0,1,-8.5,43.5,0.73553153338876,8.5,43.5,10.235058157229005,41.732417505542436,0.820253060895764,0.5598968529274165,0.44021454105826535,0.02333882255683495,0.0,0.0,0.8008840823775949,0.5006379857806219,0.5463667015732927,0.7821923908903906,0.19446878655277441,0.5006379857806219,0.4993620142193781,0.5463667015732927,0.4536332984267073,25.98373783138572,15.748679674156715
1473,2025,5,CLE,MIN,17,21,-4,38,0,0,1,3.5,35.5,0.39771760566948444,-3.5,35.5,3.1718831199516373,33.693154850080525,0.6121797512301109,0.7188814630168439,0.4388968687353474,0.0333520490134242,0.0,0.0,0.6062707607302722,0.4673421080188314,0.5465737054771717,0.5860503886029902,0.3805975623835856,0.4673421080188314,0.5326578919811686,0.5465737054771717,0.45342629452282834,18.43251898501608,15.260635865064444
1474,2025,5,BAL,HOU,10,44,-34,54,0,0,1,2.5,41.5,0.4265418943159657,-2.5,41.5,4.25854075553518,34.77045996805835,0.6489600967192705,0.7214146042018428,0.283424190492079,0.0323521056259532,0.0,0.0,0.6398142336869544,0.466744450224664,0.5728076761443781,0.6191148960177257,0.348532998356321,0.466744450224664,0.533255549775336,0.5728076761443781,0.4271923238556219,19.514500361796763,15.255959606261584
1475,2025,5,CAR,MIA,27,24,3,51,1,1,1,1.5,44.5,0.4557641189546886,-1.5,44.5,-2.6722235957679383,40.534248141386676,0.40511142124120064,0.459449887881184,0.3678720699216316,0.03372123677088634,0.0,0.0,0.41855192905230054,0.5198877096438014,0.5579910632670444,0.4044378403518167,0.5618409228772969,0.5198877096438014,0.4801122903561986,0.5579910632670444,0.4420089367329556,18.93101227280937,21.603235868577308
1476,2025,5,IND,LV,40,6,34,46,1,1,0,-7.0,46.5,0.6979517285214231,7.0,46.5,10.947405993648502,47.86615809565075,0.8363597738822046,0.6385573727715654,0.5462780124518708,0.022048218056898383,0.03266500980543624,0.0,0.8167270944704416,0.484960987781838,0.5298372675343425,0.7987197173985802,0.1792320645445214,0.4691197323606902,0.4982152578338736,0.5298372675343425,0.47016273246565754,29.406782044649628,18.459376051001126
1477,2025,5,NO,NYG,26,14,12,40,1,1,0,-1.5,41.5,0.5442358810453114,1.5,41.5,-1.083280402729332,42.23123306720393,0.46121479820994915,0.41122904135249283,0.5248100049886111,0.03448844650221561,0.0,0.0,0.4695837882012842,0.5292408011121514,0.533193676306508,0.45338857284359646,0.5121229806541879,0.5292408011121514,0.47075919888784856,0.533193676306508,0.46680632369349195,20.5739763322373,21.65725673496663
1478,2025,5,NYJ,DAL,22,37,-15,59,0,0,1,-1.5,48.5,0.5442358810453114,1.5,48.5,2.471875196874181,50.55593613284281,0.5878991600598326,0.5336377093671703,0.5694463740714526,0.03385251189245897,0.0,0.0,0.5842230599562824,0.5056994012629744,0.5261812205932364,0.5644456418712636,0.4017018462362774,0.5056994012629744,0.4943005987370256,0.5261812205932364,0.47381877940676365,26.513905664858495,24.042030467984315
1479,2025,5,PHI,DEN,17,21,-4,38,0,0,0,-3.5,44.5,0.6022823943305156,3.5,44.5,5.052767086601754,44.57296350997024,0.6749830755785056,0.5536441905289653,0.5024771607293887,0.03146258243053074,0.0,0.0,0.6636902796434685,0.5018480134790022,0.5366671047849962,0.6428088695118438,0.32572854805762536,0.5018480134790022,0.4981519865209978,0.5366671047849962,0.46333289521500376,24.812865298286,19.760098211684245
1480,2025,5,ARI,TEN,21,22,-1,43,0,0,1,-7.5,41.5,0.7107426392460281,7.5,41.5,5.417473844941285,48.27907918535167,0.6866540263334243,0.4282273957845244,0.7180015926305647,0.031012893341254455,0.0,0.0,0.67444620300596,0.5259175599554392,0.5006363265150245,0.6535296748477222,0.3154574318110234,0.5259175599554392,0.4740824400445608,0.5006363265150245,0.49936367348497546,26.848276515146477,21.430802670205193
1481,2025,5,SEA,TB,35,38,-3,73,0,0,1,-3.5,44.5,0.6022823943305156,3.5,44.5,5.052767086601754,44.57296350997024,0.6749830755785056,0.5536441905289653,0.5024771607293887,0.03146258243053074,0.0,0.0,0.6636902796434685,0.5018480134790022,0.5366671047849962,0.6428088695118438,0.32572854805762536,0.5018480134790022,0.4981519865209978,0.5366671047849962,0.46333289521500376,24.812865298286,19.760098211684245
1482,2025,5,CIN,DET,24,37,-13,61,0,0,1,10.5,49.5,0.21835001536137888,-10.5,49.5,-10.07017715732499,49.23977528099626,0.18361547644671347,0.5148908709059868,0.4911658593379752,0.02363526544962047,0.0,0.0,0.20904046464903367,0.5092885885525378,0.5384235611135364,0.20409973777734175,0.7722649967730377,0.5092885885525378,0.4907114114474622,0.5384235611135364,0.4615764388864636,19.584799061835636,29.654976219160627
1483,2025,5,LAC,WAS,10,27,-17,37,0,0,0,-2.5,47.5,0.5734581056840342,2.5,47.5,-2.6230578512703246,50.31435913103701,0.40682383930974975,0.3281633306427091,0.594644299481753,0.03375435050009257,0.0,0.0,0.4201157562867795,0.5462203855547006,0.5221461532577703,0.4059350217984641,0.5603106277014435,0.5462203855547006,0.45377961444529935,0.5221461532577703,0.47785384674222975,23.845650639883342,26.468708491153667
1484,2025,5,BUF,NE,20,23,-3,43,0,0,0,-7.5,49.5,0.7107426392460281,7.5,49.5,5.018835558291795,51.13838076132737,0.6738879541654625,0.414683012032317,0.5554447917068828,0.03150314411241989,0.0,0.0,0.6626826428211329,0.5285626527877907,0.5283957622534087,0.6418060560235395,0.3266907998640407,0.5285626527877907,0.4714373472122093,0.5283957622534087,0.4716042377465913,28.078608159809583,23.059772601517786
1485,2025,5,JAX,KC,31,28,3,59,1,1,1,3.5,45.5,0.39771760566948444,-3.5,45.5,-1.7778687890971723,49.743046198933634,0.4365212722628257,0.5594539260193786,0.6409850011510917,0.03423101864218692,0.0,0.0,0.44716870834138184,0.5007238187591061,0.5144878836555044,0.43186166794994535,0.5339073134078678,0.5007238187591061,0.4992761812408939,0.5144878836555044,0.48551211634449565,23.982588704918232,25.7604574940154
1486,2025,6,NYG,PHI,34,17,17,51,1,1,1,7.0,40.5,0.30204827147857694,-7.0,40.5,-4.000182598163187,45.303640311807996,0.35967034314368873,0.6062491702531754,0.6586570519408753,0.032613397165978,0.03348584131847665,0.0,0.3768578998119885,0.49152546603725383,0.5114577377375543,0.3645672834502838,0.6028193193837382,0.4750663222775401,0.4914478364039832,0.5114577377375543,0.4885422622624457,20.651728856822405,24.65191145498559
1487,2025,6,NYJ,DEN,11,13,-2,24,0,1,0,7.5,43.5,0.2892573607539719,-7.5,43.5,-5.993374704342408,49.921880103350055,0.2953055930297674,0.5520593263709831,0.7076445723334318,0.03025400282104096,0.0,0.0,0.3169382645124323,0.5021541797185545,0.5026115628684734,0.30734961336377736,0.6623963838151816,0.5021541797185545,0.49784582028144553,0.5026115628684734,0.4973884371315266,21.964252699503824,27.95762740384623
1488,2025,6,BAL,LAR,3,17,-14,20,0,0,0,7.0,43.5,0.30204827147857694,-7.0,43.5,-6.359951177138598,47.50354240072036,0.28408440223614156,0.522940296497191,0.6333392652760353,0.029741885784997257,0.03458790406648099,0.0,0.3063571469651288,0.507749151382454,0.5157777821482126,0.2972455076906743,0.6730126065243285,0.4901871724446006,0.4752249234889185,0.5157777821482126,0.48422221785178743,20.571795611790883,26.93174678892948
1489,2025,6,CAR,DAL,30,27,3,57,1,1,1,3.0,47.5,0.4120704478709426,-3.0,47.5,-3.6528539115281577,50.38430034624857,0.37138930732446457,0.4766012885053333,0.5969500687779598,0.032941861431602826,0.03458574533354686,0.0,0.3876502802336867,0.5166019592896879,0.5217731046961037,0.3748803584183066,0.5921777801500905,0.4987348954868834,0.46667935917956976,0.5217731046961037,0.4782268953038963,23.36572321736021,27.018577128888364
1490,2025,6,IND,ARI,31,27,4,58,1,0,1,-8.5,46.5,0.73553153338876,8.5,46.5,4.901613655441601,42.616576708916156,0.6700928369896362,0.37730863029403816,0.37051556317508627,0.03164156006113894,0.0,0.0,0.6591927643437994,0.5359980336417736,0.5575538664587492,0.6383348768989469,0.3300235630399142,0.5359980336417736,0.46400196635822644,0.5575538664587492,0.44244613354125084,23.75909518217888,18.857481526737278
1491,2025,6,JAX,SEA,12,20,-8,32,0,0,0,1.5,47.5,0.4557641189546886,-1.5,47.5,-3.5773818720940644,46.23520613099383,0.37395254150907264,0.42840277117292175,0.4571418857372714,0.03300969946662646,0.0,0.0,0.3900068635938139,0.5258834474447812,0.5437167521531667,0.37713285423666054,0.589857446296713,0.5258834474447812,0.4741165525552188,0.5437167521531667,0.4562832478468333,21.328912129449883,24.906294001543948
1492,2025,6,MIA,LAC,27,29,-2,56,0,1,1,3.5,45.5,0.39771760566948444,-3.5,45.5,-1.7778687890971723,49.743046198933634,0.4365212722628257,0.5594539260193786,0.6409850011510917,0.03423101864218692,0.0,0.0,0.44716870834138184,0.5007238187591061,0.5144878836555044,0.43186166794994535,0.5339073134078678,0.5007238187591061,0.4992761812408939,0.5144878836555044,0.48551211634449565,23.982588704918232,25.7604574940154
1493,2025,6,NO,NE,19,25,-6,44,0,0,0,3.5,46.5,0.39771760566948444,-3.5,46.5,-4.453018239070213,48.46217375634573,0.34459492813481757,0.4670134473026268,0.566309255095411,0.03214612738801059,0.0,0.0,0.3629272283755065,0.5184371252394805,0.5266788897959009,0.3512605234595699,0.6165933491524196,0.5184371252394805,0.4815628747605195,0.5266788897959009,0.47332111020409906,22.004577758637758,26.45759599770797
1494,2025,6,PIT,CLE,23,9,14,32,1,1,0,-5.5,37.5,0.6581456062996048,5.5,37.5,10.5742684538727,42.268069842932015,0.8280459043272511,0.6703039364930592,0.6575455257281747,0.02272593608112461,0.0,0.0,0.8085273798593352,0.4782626792564799,0.5116504825656887,0.7901528383048128,0.1871212256140626,0.4782626792564799,0.5217373207435201,0.5116504825656887,0.4883495174343113,26.421169148402356,15.846900694529658
1495,2025,6,LV,TEN,20,10,10,30,1,1,0,-3.5,41.5,0.6022823943305156,3.5,41.5,3.162399252068894,39.65966991421544,0.6118535585446503,0.4883030495412483,0.4377736334744248,0.033359603316387265,0.0,0.0,0.6059741318349772,0.5143659116083319,0.5467502577359471,0.5857590751769702,0.3808813215066426,0.5143659116083319,0.4856340883916681,0.5467502577359471,0.4532497422640529,21.41103458314217,18.248635331073274
1496,2025,6,GB,CIN,27,18,9,45,1,0,1,-14.0,44.5,0.8501407016943955,14.0,44.5,10.544340019190608,43.98065660296162,0.8273673368645471,0.3780986325695632,0.48237356433603085,0.022780152198763337,0.033116406797158215,0.0,0.8078602348781467,0.5358383482707227,0.5397890792226961,0.7894570557722939,0.1877627920289428,0.5180933075518721,0.4487902856509696,0.5397890792226961,0.46021092077730386,27.262498311076115,16.71815829188551
1497,2025,6,TB,SF,30,19,11,49,1,1,1,-3.5,46.5,0.6022823943305156,3.5,46.5,5.866942022876191,46.04431679042304,0.7007761050340984,0.5814457100533021,0.4845330228635916,0.03042551952674516,0.0,0.0,0.6875065029630406,0.4964370283470242,0.5394536270426536,0.6665887604323744,0.30298572004088054,0.4964370283470242,0.5035629716529758,0.5394536270426536,0.46054637295734635,25.955629406649614,20.088687383773426
1498,2025,6,KC,DET,30,17,13,47,1,1,0,-2.5,51.5,0.5734581056840342,2.5,51.5,0.2867819597490348,54.50365315016318,0.5102833683771012,0.4237767837608992,0.6008769867957429,0.034630624479628114,0.0,0.0,0.5139954845111133,0.5267843719573827,0.521136108412549,0.49619549990278444,0.4691738756175874,0.5267843719573827,0.4732156280426173,0.521136108412549,0.478863891587451,27.39521755495611,27.108435595207073
1499,2025,6,ATL,BUF,24,14,10,38,1,1,0,3.5,49.5,0.39771760566948444,-3.5,49.5,-4.12303583311299,44.48710289650508,0.35555690960054037,0.4784209375479437,0.33483208126878705,0.03249092600538728,0.0,0.0,0.37306228924163776,0.5162540303592121,0.5635699008805065,0.3609411500064873,0.6065679239881254,0.5162540303592121,0.48374596964078787,0.5635699008805065,0.4364300991194935,20.182033531696042,24.305069364809036
1500,2025,6,WAS,CHI,24,25,-1,49,0,0,0,-5.5,49.5,0.6581456062996048,5.5,49.5,2.652060718248591,46.97915146937149,0.5941865405071122,0.4023098163634131,0.4150669044012943,0.0337348871563119,0.0,0.0,0.5899264494541405,0.5309996222146566,0.5503409285678303,0.5700253472512814,0.39623976559240676,0.5309996222146566,0.4690003777853434,0.5503409285678303,0.44965907143216965,24.81560609381004,22.163545375561448
1501,2025,7,CIN,PIT,33,31,2,64,1,1,1,5.5,45.5,0.34185439370039516,-5.5,45.5,-5.274173271108854,45.08733077379777,0.3179096795906388,0.5078249033700497,0.48599238884465334,0.031192544275602474,0.0,0.0,0.3381207653134989,0.5106385530387536,0.5392269591675444,0.32757391837095695,0.6412335373534406,0.5106385530387536,0.4893614469612464,0.5392269591675444,0.4607730408324556,19.906578751344455,25.180752022453312
1502,2025,7,JAX,LAR,7,35,-28,42,0,0,0,3.0,44.5,0.4120704478709426,-3.0,44.5,-5.778385005389022,42.372460407835426,0.30198275352123244,0.40142030029347076,0.4281608412528615,0.030544040983755405,0.03364775470894554,0.0,0.32321320822110317,0.5311756675173979,0.5482650287449132,0.3133409707427067,0.6561149882735379,0.513302798949412,0.4530494463416424,0.5482650287449132,0.45173497125508677,18.297037701223203,24.075422706612223
1503,2025,7,CHI,NO,26,14,12,40,1,1,0,-4.5,43.5,0.6305586598182363,4.5,43.5,7.164017796100184,37.14973758017969,0.7397693844248362,0.5914969719913182,0.29445308578809837,0.028547257348643773,0.0,0.0,0.7238720405258656,0.49445786968606553,0.5707551007565613,0.7032074790974858,0.26824526355387035,0.49445786968606553,0.5055421303139345,0.5707551007565613,0.42924489924343867,22.156877688139936,14.992859892039753
1504,2025,7,CLE,MIA,31,6,25,37,1,1,1,-2.5,34.5,0.5734581056840342,2.5,34.5,-2.8236634959468305,33.49893481607588,0.3998487493185251,0.3218918319220466,0.4660540059198139,0.03361559389415447,0.0,0.0,0.4137429280306082,0.5475736088451029,0.5423271846709967,0.3998347137853529,0.5665496923204927,0.5475736088451029,0.45242639115489713,0.5423271846709967,0.4576728153290033,15.337635660064525,18.161299156011356
1505,2025,7,KC,LV,31,0,31,31,1,1,0,-13.5,44.5,0.8413447460685429,13.5,44.5,9.843309253337624,45.0732791238621,0.8109756145769731,0.37538609738259454,0.5194556223963576,0.024041263834182203,0.0,0.0,0.7918350665095258,0.5363871624497263,0.5340276326452295,0.7727983507624131,0.20316038540340467,0.5363871624497263,0.4636128375502737,0.5340276326452295,0.46597236735477054,27.45829418859986,17.61498493526224
1506,2025,7,MIN,PHI,22,28,-6,50,0,0,1,2.5,43.5,0.4265418943159657,-2.5,43.5,2.296661103443794,44.31435407356746,0.5817628330263477,0.6615289495970608,0.5276259355310087,0.033959311332954545,0.0,0.0,0.5786600414925707,0.4801431643716115,0.5327546699718851,0.559009144987584,0.40703154367946137,0.4801431643716115,0.5198568356283886,0.5327546699718851,0.46724533002811486,23.305507588505627,21.00884648506183
1507,2025,7,NYJ,CAR,6,13,-7,19,0,0,0,-1.5,39.5,0.5442358810453114,1.5,39.5,6.340787068654614,38.46826702030447,0.7153341962194498,0.6629297739013769,0.46501669481021246,0.0297691897142614,0.0,0.0,0.7010276680082899,0.47984456423325106,0.5424887644307089,0.6801586423644048,0.2900721679213338,0.47984456423325106,0.5201554357667489,0.5424887644307089,0.4575112355692911,22.40452704447954,16.063739975824927
1508,2025,7,TEN,NE,13,31,-18,44,0,0,1,6.5,40.5,0.3150871690837551,-6.5,40.5,-3.7166138821276324,40.938877611222495,0.36922841350774743,0.5955191827341102,0.5148968252376762,0.03288355888173089,0.0,0.0,0.38566251569673843,0.4936617841799874,0.534736969422773,0.37298055965334825,0.5941358814649209,0.4936617841799874,0.5063382158200126,0.534736969422773,0.46526303057722695,18.61113186454743,22.327745746675063
1509,2025,7,DEN,NYG,33,32,1,65,1,0,1,-7.5,39.5,0.7107426392460281,7.5,39.5,10.90162287657207,43.61946127683666,0.835354260981145,0.6161810583422509,0.6370465972682096,0.02213152284458808,0.0,0.0,0.815732800457672,0.48953010215987014,0.5151538109441798,0.7976793913492632,0.18018908580614865,0.48953010215987014,0.5104698978401299,0.5151538109441798,0.4848461890558202,27.260542076704365,16.358919200132295
1510,2025,7,LAC,IND,24,38,-14,62,0,0,1,-2.5,48.5,0.5734581056840342,2.5,48.5,0.6648339535525819,54.05483295460091,0.5238275613552769,0.4366756446943262,0.6817967141738301,0.034583687098897975,0.0,0.0,0.5262403461301663,0.5242778249562391,0.5073709493455674,0.5080410146607849,0.4573752982403171,0.5242778249562391,0.4757221750437609,0.5073709493455674,0.49262905065443263,27.359833454076746,26.694999500524165
1511,2025,7,ARI,GB,23,27,-4,50,0,1,1,7.0,44.5,0.30204827147857694,-7.0,44.5,-8.010125524582723,47.223363350116614,0.23632274192000471,0.4638263064047228,0.5916395069185929,0.02719840035100829,0.0345083640344781,0.0,0.26074357931942943,0.5190480199623301,0.5226312492849031,0.2536517710601447,0.7191498285888469,0.5011365219380949,0.46435511402742696,0.5226312492849031,0.4773687507150969,19.606618912766947,27.616744437349666
1512,2025,7,DAL,WAS,44,22,22,66,1,1,1,-1.5,54.5,0.5442358810453114,1.5,54.5,3.28613810794658,54.43413733843382,0.616103013632303,0.5616463101143118,0.4977639152369923,0.033259401655950815,0.0,0.0,0.609839487063596,0.5002987832889123,0.5373990509217842,0.5895565906176888,0.3771840077263603,0.5002987832889123,0.4997012167110877,0.5373990509217842,0.4626009490782158,28.8601377231902,25.573999615243622
1513,2025,7,SF,ATL,20,10,10,30,1,1,0,-1.5,46.5,0.5442358810453114,1.5,46.5,-1.0886024380562813,50.25983438950028,0.46102487628115835,0.41104921485752666,0.625504644734324,0.03448694364369487,0.0,0.0,0.4694116077635104,0.5292761515309293,0.5170876394100816,0.453223036100874,0.5122900202554311,0.5292761515309293,0.47072384846907067,0.5170876394100816,0.4829123605899184,24.585615975721996,25.67421841377828
1514,2025,7,DET,TB,24,9,15,33,1,1,0,-6.0,54.5,0.6716393567181147,6.0,54.5,5.48004743963903,55.973948218640814,0.6886376804620568,0.48136052275177066,0.5499109452444845,0.030933269560633747,0.034606074532969266,0.0,0.6762776066669011,0.5156921563702369,0.529266681163804,0.6553581291620536,0.3137086012773127,0.49784607517082086,0.4675478502962099,0.529266681163804,0.47073331883619596,30.726997829139922,25.246950389500892
1515,2025,7,SEA,HOU,27,19,8,46,1,1,1,-3.0,41.5,0.5879295521290574,3.0,41.5,1.1613624486255294,41.618659028549,0.541570695363511,0.4343714986816144,0.5040285120483426,0.03446566573351367,0.03420266888620638,0.0,0.5422820388167381,0.5247243453534669,0.5364261434844381,0.5235919273335922,0.44194240693289427,0.5067773723128108,0.45901995880098273,0.5364261434844381,0.46357385651556193,21.390010738587264,20.228648289961733
1516,2025,8,LAC,MIN,37,10,27,47,1,1,1,-3.0,45.5,0.5879295521290574,3.0,45.5,5.566275278503627,40.41134437192532,0.6913619835421019,0.5911961651865938,0.3324869730543633,0.03082239004518944,0.033791868303364614,0.0,0.678794428734101,0.49451730844245995,0.5639749673860082,0.6578723620911571,0.3113052478636536,0.477806644681838,0.4884014870147974,0.5639749673860082,0.43602503261399184,22.98880982521447,17.422534546710846
1517,2025,8,ATL,MIA,10,34,-24,44,0,0,0,-7.0,44.5,0.6979517285214231,7.0,44.5,6.5806614847741445,47.59594500745527,0.7225691089146324,0.48496540238600194,0.6039065903329465,0.029423356255922795,0.03461840638469371,0.0,0.7077710055374927,0.5150033962405479,0.520643185283598,0.6869460070939504,0.28363063665012683,0.4971747993799952,0.4682067942353111,0.520643185283598,0.479356814716402,27.08830324611471,20.50764176134056
1518,2025,8,BAL,CHI,30,16,14,46,1,1,1,-2.5,45.5,0.5734581056840342,2.5,45.5,3.1104295365642116,45.91665753735531,0.6100646482065835,0.5211428522300939,0.5141429336131036,0.033400627631238466,0.0,0.0,0.6043475861138002,0.5080930922073208,0.5348542191763811,0.5841619974301754,0.3824373749385862,0.5080930922073208,0.4919069077926792,0.5348542191763811,0.4651457808236189,24.513543536959762,21.40311400039555
1519,2025,8,CAR,BUF,9,40,-31,49,0,0,1,7.0,47.5,0.30204827147857694,-7.0,47.5,-11.84418053703839,43.534593191999114,0.1447658558308217,0.33177322102574325,0.36788313622543345,0.020413110159908543,0.03170839993294483,0.0,0.16969595404534132,0.5454471765310946,0.5579892305245352,0.166231931841723,0.8133549579983684,0.5281519193153511,0.440139680751704,0.5579892305245352,0.4420107694754648,15.845206327480362,27.689386864518752
1520,2025,8,CIN,NYJ,38,39,-1,77,0,0,1,-5.5,43.5,0.6581456062996048,5.5,43.5,2.7226417596940515,35.51594471850598,0.596642673576726,0.4046836934043046,0.24842280872120415,0.03368667561474342,0.0,0.0,0.5921554683762041,0.5305303865220391,0.5796520487412709,0.5722077191995185,0.3941056051857381,0.5305303865220391,0.4694696134779609,0.5796520487412709,0.42034795125872915,19.119293239100013,16.396651479405964
1521,2025,8,HOU,SF,26,15,11,41,1,1,0,-2.5,41.5,0.5734581056840342,2.5,41.5,-1.5408287413947612,44.04047627488013,0.4449247849647414,0.36279879711300217,0.5855841988249184,0.034332688720482674,0.0,0.0,0.45480373861505907,0.538954142262402,0.5236053794639656,0.4391891034282765,0.5264782078512409,0.538954142262402,0.461045857737598,0.5236053794639656,0.47639462053603443,21.249823766742683,22.790652508137445
1522,2025,8,NE,CLE,32,13,19,45,1,1,1,-7.0,40.5,0.6979517285214231,7.0,40.5,2.4331959936254774,40.74948742068395,0.5865463898866033,0.3408453601158104,0.5084696854910307,0.033876733827855054,0.032021986615181186,0.0,0.5829964047359947,0.5435214036716921,0.5357361486762483,0.5632463907101569,0.402876875461988,0.5261167685582527,0.44186124482656614,0.5357361486762483,0.4642638513237517,21.59134170715471,19.158145713529237
1523,2025,8,PHI,NYG,38,20,18,58,1,1,1,-7.0,43.5,0.6979517285214231,7.0,43.5,5.443643173432584,42.92933359699923,0.6874843044483523,0.44437345904563996,0.480632976797218,0.030979679700420093,0.0343264643797615,0.0,0.6752126357054548,0.5227895127328807,0.5400595112464829,0.6542947645216234,0.3147255557779566,0.5048439971459425,0.4608295384742959,0.5400595112464829,0.4599404887535171,24.186488385215906,18.742845211783322
1524,2025,8,NO,TB,3,23,-20,26,0,0,0,4.5,46.5,0.36944134018176367,-4.5,46.5,-3.555405429716856,44.129563386166026,0.3747000081773797,0.5326956432026078,0.4200640762560444,0.03302921257011038,0.0,0.0,0.3906938094025645,0.5058801313730872,0.5495468077530756,0.377789500521981,0.5891812869079086,0.5058801313730872,0.4941198686269128,0.5495468077530756,0.45045319224692437,20.287078978224585,23.84248440794144
1525,2025,8,DEN,DAL,44,24,20,68,1,1,1,-3.5,51.5,0.6022823943305156,3.5,51.5,0.9127170039228173,59.803766201521675,0.5326938913328485,0.41109379580183136,0.7601140353357118,0.03453273979419813,0.0,0.0,0.5342559683447325,0.5292673873698122,0.49209808162268254,0.5158066460063866,0.44966061419941533,0.5292673873698122,0.47073261263018784,0.49209808162268254,0.5079019183773175,30.358241602722245,29.44552459879943
1526,2025,8,IND,TEN,38,14,24,52,1,1,1,-15.5,47.5,0.8745462947506933,15.5,47.5,21.51846566607667,48.59261810159897,0.9719262067209841,0.6994313968187794,0.5370419795150112,0.006045881298237198,0.0,0.0,0.9617506439899839,0.4718301979616996,0.5312841819748279,0.9559360137579173,0.03801810494384553,0.4718301979616996,0.5281698020383003,0.5312841819748279,0.46871581802517215,35.05554188383782,13.537076217761152
1527,2025,8,PIT,GB,25,35,-10,60,0,0,1,3.0,46.5,0.4120704478709426,-3.0,46.5,-4.21648771872905,50.526909860712074,0.35243944307406333,0.45646402924195134,0.6340876210372564,0.03239560396396168,0.03444863809720111,0.0,0.3701830075958723,0.5204612137570606,0.5156520489350608,0.35819070548760823,0.6094136905484301,0.5025320337607135,0.46301932814208535,0.5156520489350608,0.4843479510649392,23.155211070991513,27.37169878972056
1528,2025,8,KC,WAS,28,7,21,35,1,1,0,-10.5,48.5,0.7816499846386211,10.5,48.5,7.388405659683227,40.04225872909321,0.7462320619433856,0.3934747028255832,0.23583236649559314,0.028197981601449817,0.0,0.0,0.729948845479497,0.5327537010485978,0.5822607464664191,0.7093657613646667,0.26243625703388357,0.5327537010485978,0.46724629895140224,0.5822607464664191,0.4177392535335809,23.71533219438822,16.32692653470499
1529,2025,9,MIA,BAL,6,28,-22,34,0,0,0,7.5,51.5,0.2892573607539719,-7.5,51.5,-10.016511750022778,54.56722991819524,0.1848859642064121,0.41348666348427154,0.6029646421757021,0.023731512147220024,0.0,0.0,0.21030738595932258,0.5287973644656146,0.5207965837411223,0.20531647367477882,0.7709520141780012,0.5287973644656146,0.47120263553438535,0.5207965837411223,0.47920341625887775,22.27535908408623,32.291870834109005
1530,2025,9,CIN,CHI,42,47,-5,89,0,0,1,3.0,51.5,0.4120704478709426,-3.0,51.5,-3.4537615912645907,56.8250814026954,0.3781634117319134,0.483731907066177,0.674789197497206,0.033118044445898276,0.03461448412842366,0.0,0.39387528655198945,0.5152390411926842,0.50862430035993,0.38083090730581975,0.586051048248282,0.49740430757897575,0.46798120829260054,0.50862430035993,0.49137569964007,26.685659905715408,30.139421496979995
1531,2025,9,DET,MIN,24,27,-3,51,0,0,1,-9.5,47.5,0.7591913433207376,9.5,47.5,14.291145961187626,52.51937045342154,0.8989415935522181,0.6613537079722225,0.6653685550405479,0.016039882068027866,0.0,0.0,0.8803262357028567,0.4801804773453851,0.5102873138446965,0.866205906700792,0.11775421123118013,0.4801804773453851,0.519819522654615,0.5102873138446965,0.4897126861553035,33.405258207304584,19.114112246116957
1532,2025,9,GB,CAR,13,16,-3,29,0,0,0,-12.5,43.5,0.8227577615633441,12.5,43.5,19.309447802716964,40.1642530854445,0.9569778320745418,0.7228974969006607,0.3882512997144113,0.008494261975816125,0.0,0.0,0.943986041428501,0.4663930802426821,0.5546499167298719,0.9359675766910937,0.05553816133309022,0.4663930802426821,0.5336069197573179,0.5546499167298719,0.44535008327012815,29.73685044408073,10.427402641363768
1533,2025,9,HOU,DEN,15,18,-3,33,0,0,0,-1.5,40.5,0.5442358810453114,1.5,40.5,1.3926787485810372,38.932696317007654,0.5498097630148826,0.49628113060063456,0.44694598950373426,0.03438898662926343,0.0,0.0,0.5497331818561354,0.5128426272575192,0.5453109543701853,0.5308284148156223,0.43478259855511425,0.5128426272575192,0.48715737274248083,0.5453109543701853,0.4546890456298147,20.162687532794344,18.77000878421331
1534,2025,9,NE,ATL,24,23,1,47,1,0,1,-5.5,45.5,0.6581456062996048,5.5,45.5,-3.536534945372367,50.80072944637634,0.3753422220730467,0.21625131836764888,0.6740427600034626,0.03304588103823769,0.0,0.0,0.39128393198122974,0.5731008750041463,0.5087569653555344,0.37835360971280413,0.5886005092489581,0.5731008750041463,0.4268991249958537,0.5087569653555344,0.4912430346444656,23.632097250501985,27.168632195874352
1535,2025,9,NYG,SF,24,34,-10,58,0,0,1,2.5,47.5,0.4265418943159657,-2.5,47.5,-1.5642169787014064,46.92036728990142,0.4440944259788105,0.5323913196660955,0.4803289270652943,0.03432329032667869,0.0,0.0,0.4540496556819807,0.5059385041910813,0.5401067558108411,0.4384651775272796,0.5272115321460418,0.5059385041910813,0.49406149580891867,0.5401067558108411,0.4598932441891589,22.678075155600006,24.242292134301415
1536,2025,9,PIT,IND,27,20,7,47,1,1,0,3.5,51.5,0.39771760566948444,-3.5,51.5,-4.675097307575086,54.02503897478021,0.33729175559005664,0.45935082340284045,0.5850721231599721,0.031901390891355685,0.0,0.0,0.35615792570354593,0.5199067289489872,0.523687555028616,0.3447959924966227,0.6233026166120217,0.5199067289489872,0.48009327105101285,0.523687555028616,0.47631244497138403,24.67497083360256,29.350068141177648
1537,2025,9,TEN,LAC,20,27,-7,47,0,1,1,10.0,44.5,0.22942532596473364,-10.0,44.5,-10.051483977651188,52.41665930177166,0.18405739069827015,0.4981536938489769,0.7497571571856525,0.02366880484744771,0.03464101749893295,0.0,0.20948126757540841,0.512485137335075,0.49428329011857675,0.2045230963339701,0.7718080988185821,0.49473213072470756,0.47062685177635954,0.49428329011857675,0.5057167098814233,21.182587662060236,31.234071639711424
1538,2025,9,LAR,NO,34,10,24,44,1,1,0,-14.0,44.5,0.8501407016943955,14.0,44.5,10.544340019190608,43.98065660296162,0.8273673368645471,0.3780986325695632,0.48237356433603085,0.022780152198763337,0.033116406797158215,0.0,0.8078602348781467,0.5358383482707227,0.5397890792226961,0.7894570557722939,0.1877627920289428,0.5180933075518721,0.4487902856509696,0.5397890792226961,0.46021092077730386,27.262498311076115,16.71815829188551
1539,2025,9,LV,JAX,29,30,-1,59,0,1,1,2.5,43.5,0.4265418943159657,-2.5,43.5,2.296661103443794,44.31435407356746,0.5817628330263477,0.6615289495970608,0.5276259355310087,0.033959311332954545,0.0,0.0,0.5786600414925707,0.4801431643716115,0.5327546699718851,0.559009144987584,0.40703154367946137,0.4801431643716115,0.5198568356283886,0.5327546699718851,0.46724533002811486,23.305507588505627,21.00884648506183
1540,2025,9,BUF,KC,28,21,7,49,1,1,0,2.5,53.5,0.4265418943159657,-2.5,53.5,-7.062762485615875,54.075985570113744,0.2631751755622339,0.3459333781325258,0.5195473988700456,0.02870271368768218,0.0,0.0,0.2865107164519158,0.5424516844821969,0.5340133462658717,0.27828708138914376,0.693010204923174,0.5424516844821969,0.45754831551780306,0.5340133462658717,0.4659866537341283,23.506611542248933,30.56937402786481
1541,2025,9,WAS,SEA,14,38,-24,52,0,0,1,2.5,47.5,0.4265418943159657,-2.5,47.5,-1.5642169787014064,46.92036728990142,0.4440944259788105,0.5323913196660955,0.4803289270652943,0.03432329032667869,0.0,0.0,0.4540496556819807,0.5059385041910813,0.5401067558108411,0.4384651775272796,0.5272115321460418,0.5059385041910813,0.49406149580891867,0.5401067558108411,0.4598932441891589,22.678075155600006,24.242292134301415
1542,2025,9,DAL,ARI,17,27,-10,44,0,0,0,-3.5,53.5,0.6022823943305156,3.5,53.5,-7.560159467259574,57.57057135844362,0.2488802409116493,0.16835428540371378,0.6354845362362016,0.027926360470506006,0.0,0.0,0.27283550242319043,0.5875078787368017,0.5154170525325814,0.2652161998333688,0.7068574396961252,0.5875078787368017,0.41249212126319834,0.5154170525325814,0.4845829474674186,25.005205945592024,32.5653654128516
1543,2025,10,DEN,LV,10,7,3,17,1,0,0,-9.5,42.5,0.7591913433207376,9.5,42.5,7.837543488416493,47.04332895857529,0.7589036411988344,0.4425917146662249,0.6504914621674966,0.027480293855498716,0.0,0.0,0.7419106189475986,0.5231335501998164,0.5128667562890076,0.7215226971244036,0.25099700902009764,0.5231335501998164,0.47686644980018356,0.5128667562890076,0.4871332437109924,27.44043622349589,19.602892735079397
1544,2025,10,IND,ATL,31,25,6,56,1,0,1,-6.5,48.5,0.6849128309162449,6.5,48.5,4.8137593808291665,46.84260278838388,0.6672366182213241,0.44177621205959566,0.4439159004552647,0.03174354099422427,0.0,0.0,0.6565683369013221,0.5232911031394892,0.5457858373281503,0.6357265329833853,0.3325299260223904,0.5232911031394892,0.47670889686051077,0.5457858373281503,0.45421416267184966,25.828181084606523,21.014421703777355
1545,2025,10,CAR,NO,7,17,-10,24,0,0,0,-5.5,38.5,0.6581456062996048,5.5,38.5,7.092327555524829,45.0539633729094,0.7376863962611361,0.5550023204417036,0.7114949117701195,0.028657464400156984,0.0,0.0,0.7219166936835438,0.5015854795366739,0.5018822011519662,0.7012283917344286,0.2701141438654144,0.5015854795366739,0.4984145204633261,0.5018822011519662,0.49811779884803375,26.073145464217113,18.980817908692288
1546,2025,10,CHI,NYG,24,20,4,44,1,0,0,-4.5,45.5,0.6305586598182363,4.5,45.5,4.108025794005249,45.42974471005744,0.6439414336654791,0.4864198340001909,0.49761478406360093,0.03250606303627662,0.0,0.0,0.6352246223937723,0.5147255801462183,0.5374222080401742,0.6145759707760454,0.35291796618767807,0.5147255801462183,0.4852744198537817,0.5374222080401742,0.46257779195982585,24.768885252031346,20.660859458026096
1547,2025,10,HOU,JAX,36,29,7,65,1,1,1,1.5,37.5,0.4557641189546886,-1.5,37.5,-0.3011300720609968,29.847704812125198,0.48920226659619115,0.5414685845926294,0.25744973503017277,0.03462952319313212,0.0,0.0,0.4949292699045048,0.5041951325808725,0.5778332516106636,0.4777901052733868,0.48758037153348105,0.5041951325808725,0.49580486741912755,0.5778332516106636,0.42216674838933643,14.7732873700321,15.074417442093097
1548,2025,10,MIA,BUF,30,13,17,43,1,1,0,8.5,50.5,0.26446846661124,-8.5,50.5,-9.22148808783223,52.21191342671414,0.20435729620258092,0.4750151667044764,0.5579160479838389,0.025140107358936126,0.0,0.0,0.22958777290724344,0.5169053197212466,0.5280060922293504,0.2238159116480563,0.7510439809930076,0.5169053197212466,0.48309468027875335,0.5280060922293504,0.47199390777064965,21.495212669440956,30.716700757273184
1549,2025,10,MIN,BAL,19,27,-8,46,0,0,0,4.5,48.5,0.36944134018176367,-4.5,48.5,-5.050957138693696,51.95788770909557,0.3250753003276452,0.48091537826717357,0.6157257791318049,0.03146475161598705,0.0,0.0,0.3448018686081852,0.51577722731652,0.5187069576922816,0.3339527634557004,0.6345824849283125,0.51577722731652,0.48422277268348,0.5187069576922816,0.4812930423077184,23.453465285200938,28.504422423894635
1550,2025,10,NYJ,CLE,27,20,7,47,1,1,1,1.5,37.5,0.4557641189546886,-1.5,37.5,-0.3011300720609968,29.847704812125198,0.48920226659619115,0.5414685845926294,0.25744973503017277,0.03462952319313212,0.0,0.0,0.4949292699045048,0.5041951325808725,0.5778332516106636,0.4777901052733868,0.48758037153348105,0.5041951325808725,0.49580486741912755,0.5778332516106636,0.42216674838933643,14.7732873700321,15.074417442093097
1551,2025,10,TB,NE,23,28,-5,51,0,0,1,-2.5,48.5,0.5734581056840342,2.5,48.5,0.6648339535525819,54.05483295460091,0.5238275613552769,0.4366756446943262,0.6817967141738301,0.034583687098897975,0.0,0.0,0.5262403461301663,0.5242778249562391,0.5073709493455674,0.5080410146607849,0.4573752982403171,0.5242778249562391,0.4757221750437609,0.5073709493455674,0.49262905065443263,27.359833454076746,26.694999500524165
1552,2025,10,SEA,ARI,44,22,22,66,1,1,1,-7.0,44.5,0.6979517285214231,7.0,44.5,6.5806614847741445,47.59594500745527,0.7225691089146324,0.48496540238600194,0.6039065903329465,0.029423356255922795,0.03461840638469371,0.0,0.7077710055374927,0.5150033962405479,0.520643185283598,0.6869460070939504,0.28363063665012683,0.4971747993799952,0.4682067942353111,0.520643185283598,0.479356814716402,27.08830324611471,20.50764176134056
1553,2025,10,SF,LAR,26,42,-16,68,0,0,1,5.5,49.5,0.34185439370039516,-5.5,49.5,-8.433644060166396,51.224350363730984,0.22483739122577945,0.3994321216109923,0.5583338035047726,0.02649359658263517,0.0,0.0,0.2496142904190073,0.5315695891527978,0.5279401726004411,0.24300111010738537,0.7305052933099795,0.5315695891527978,0.46843041084720216,0.5279401726004411,0.4720598273995589,21.395353151782295,29.82899721194869
1554,2025,10,WAS,DET,22,44,-22,66,0,0,1,8.5,49.5,0.26446846661124,-8.5,49.5,-9.562926325778156,49.249453446939036,0.19584631454490772,0.46321946798176594,0.49149436415270725,0.024539519167683044,0.0,0.0,0.22119089098445704,0.5191643918800083,0.5383725519307179,0.21576297287542706,0.7596975079568898,0.5191643918800083,0.4808356081199917,0.5383725519307179,0.46162744806928213,19.84326356058044,29.406189886358597
1555,2025,10,LAC,PIT,25,10,15,35,1,1,0,-3.0,45.5,0.5879295521290574,3.0,45.5,5.566275278503627,40.41134437192532,0.6913619835421019,0.5911961651865938,0.3324869730543633,0.03082239004518944,0.033791868303364614,0.0,0.678794428734101,0.49451730844245995,0.5639749673860082,0.6578723620911571,0.3113052478636536,0.477806644681838,0.4884014870147974,0.5639749673860082,0.43602503261399184,22.98880982521447,17.422534546710846
1556,2025,10,GB,PHI,7,10,-3,17,0,0,0,-1.5,45.5,0.5442358810453114,1.5,45.5,3.0279680633784696,49.208348528698664,0.6072212199223832,0.5527925061125146,0.6238427230960445,0.033464426791526725,0.0,0.0,0.6017630184860386,0.5020125690138791,0.51736402664753,0.5816253640080644,0.3849102092004088,0.5020125690138791,0.49798743098612086,0.51736402664753,0.48263597335247,26.118158296038565,23.0901902326601
1557,2025,11,NE,NYJ,27,14,13,41,1,1,0,-12.5,43.5,0.8227577615633441,12.5,43.5,19.309447802716964,40.1642530854445,0.9569778320745418,0.7228974969006607,0.3882512997144113,0.008494261975816125,0.0,0.0,0.943986041428501,0.4663930802426821,0.5546499167298719,0.9359675766910937,0.05553816133309022,0.4663930802426821,0.5336069197573179,0.5546499167298719,0.44535008327012815,29.73685044408073,10.427402641363768
1558,2025,11,MIA,WAS,16,13,3,29,1,1,0,-2.5,47.5,0.5734581056840342,2.5,47.5,-2.6230578512703246,50.31435913103701,0.40682383930974975,0.3281633306427091,0.594644299481753,0.03375435050009257,0.0,0.0,0.4201157562867795,0.5462203855547006,0.5221461532577703,0.4059350217984641,0.5603106277014435,0.5462203855547006,0.45377961444529935,0.5221461532577703,0.47785384674222975,23.845650639883342,26.468708491153667
1559,2025,11,ATL,CAR,27,30,-3,57,0,0,1,-4.5,42.5,0.6305586598182363,4.5,42.5,5.201135750340129,44.5595135851199,0.6797532314223117,0.5242809238399739,0.5695659836806856,0.03128264534388148,0.0,0.0,0.6680825599682398,0.5074925441045316,0.5261622275699441,0.6471831701843209,0.32153418447179755,0.5074925441045316,0.4925074558954684,0.5261622275699441,0.47383777243005587,24.880324667730015,19.679188917389887
1560,2025,11,BUF,TB,44,32,12,76,1,1,1,-6.0,46.5,0.6716393567181147,6.0,46.5,1.654329621807977,51.96614024725571,0.5591024677866983,0.34814683349236497,0.6790990765257973,0.03428578121194442,0.03226079829399253,0.0,0.5581401130634246,0.5419885255386552,0.5078551587075715,0.5390038432613221,0.4267103755267335,0.5245035430385943,0.44323565866741327,0.5078551587075715,0.4921448412924285,26.81023493453184,25.155905312723867
1561,2025,11,JAX,LAC,35,6,29,41,1,1,0,3.0,43.5,0.4120704478709426,-3.0,43.5,-0.7472230997226689,38.7955030870754,0.4732239511511503,0.5802226408533165,0.3444444344489764,0.034568522250094436,0.033984881176784165,0.0,0.48046547186091765,0.49667692528789464,0.5619230906993722,0.4638564905064914,0.5015749872434142,0.479797418998735,0.48621769982448076,0.5619230906993722,0.4380769093006278,19.024139993676368,19.771363093399035
1562,2025,11,MIN,CHI,17,19,-2,36,0,0,0,-3.0,47.5,0.5879295521290574,3.0,47.5,4.528417475792261,46.9571375071806,0.6578914793393574,0.5546344729136327,0.4815758852509263,0.032064162679014796,0.034337619624867366,0.0,0.6479934579212204,0.5016566020833738,0.5399130074901465,0.627216090271497,0.3407197470494881,0.4844309084987315,0.48123147187640114,0.5399130074901465,0.4600869925098535,25.74277749148643,21.21436001569417
1563,2025,11,NYG,GB,20,27,-7,47,0,1,1,7.5,41.5,0.2892573607539719,-7.5,41.5,-3.330246017097313,43.1336622507765,0.38238567010203034,0.6413935407079816,0.5552861392360725,0.03322282933593723,0.0,0.0,0.397750577348953,0.48437368556930904,0.5284207625683573,0.38453617779941823,0.5822409928646445,0.48437368556930904,0.515626314430691,0.5284207625683573,0.47157923743164265,19.901708116839593,23.23195413393691
1564,2025,11,PIT,CIN,34,12,22,46,1,1,0,-5.5,48.5,0.6581456062996048,5.5,48.5,-0.048637223984040204,47.1262559781065,0.4982557827601326,0.3149184587253385,0.453466182953741,0.03464105472152357,0.0,0.0,0.5031191976343751,0.5490938199303839,0.544290861716868,0.48569061797767366,0.4796683273008028,0.5490938199303839,0.45090618006961614,0.544290861716868,0.455709138283132,23.53880937706123,23.58744660104527
1565,2025,11,TEN,HOU,13,16,-3,29,0,1,0,5.5,37.5,0.34185439370039516,-5.5,37.5,-1.6462100866194567,30.89451500468004,0.4411854264353073,0.6310899245515343,0.28700969485957706,0.034289245323745,0.0,0.0,0.45140729508684363,0.48649810052069414,0.572135522144336,0.4359288796046827,0.5297818750715723,0.48649810052069414,0.5135018994793059,0.572135522144336,0.42786447785566395,14.624152459030292,16.27036254564975
1566,2025,11,ARI,SF,22,41,-19,63,0,0,1,3.5,48.5,0.39771760566948444,-3.5,48.5,-8.354249651341789,52.70656165122452,0.22696545583793556,0.3366432908262949,0.6398238477581528,0.026627058833306627,0.0,0.0,0.25168164151876393,0.5444103732084395,0.5146845528660173,0.2449800996427806,0.7283928415239127,0.5444103732084395,0.45558962679156045,0.5146845528660173,0.48531544713398267,22.176155999941365,30.530405651283154
1567,2025,11,LAR,SEA,21,19,2,40,1,0,0,-3.0,49.5,0.5879295521290574,3.0,49.5,9.310793489319824,42.47525719755783,0.79789029996536,0.7144230793293002,0.2749794795296342,0.02498373522131697,0.02981180746942691,0.0,0.7791584966033428,0.46838632374846995,0.5744103552727473,0.7596922070287655,0.21532405774991756,0.4544228808435679,0.5157653116870051,0.5744103552727473,0.4255896447272527,25.89302534343883,16.582231854119
1568,2025,11,CLE,BAL,16,23,-7,39,0,1,1,7.5,37.5,0.2892573607539719,-7.5,37.5,-1.9864985242886133,31.242972804005937,0.42914921042881404,0.6839967153154928,0.29719427540276044,0.03412981758816569,0.0,0.0,0.44046408672546117,0.47527765859514665,0.5702516118296939,0.4254311277913832,0.540439054620451,0.47527765859514665,0.5247223414048534,0.5702516118296939,0.42974838817030614,14.628237139858662,16.614735664147275
1569,2025,11,DEN,KC,22,19,3,41,1,1,0,3.5,44.5,0.39771760566948444,-3.5,44.5,-7.4459238153056715,43.59930402178896,0.2521253703067598,0.36589545251278677,0.46945048129977146,0.02810742244340325,0.0,0.0,0.2759480630796155,0.5383194101624216,0.5417983732126886,0.26819187429819785,0.7037007032583988,0.5383194101624216,0.4616805898375784,0.5417983732126886,0.45820162678731136,18.076690103241646,25.522613918547314
1570,2025,11,PHI,DET,16,9,7,25,1,1,0,-2.5,46.5,0.5734581056840342,2.5,46.5,-2.5122551856437427,48.75765220756731,0.4106897352793278,0.33164836102469375,0.5761803404693455,0.03382683623806104,0.0,0.0,0.42364450275097115,0.5454738528732366,0.5251097305211417,0.4093139495332592,0.5568592142286797,0.5454738528732366,0.4545261471267634,0.5251097305211417,0.47489026947885826,23.122698510961783,25.63495369660553
1571,2025,11,LV,DAL,16,33,-17,49,0,0,1,3.5,48.5,0.39771760566948444,-3.5,48.5,-8.354249651341789,52.70656165122452,0.22696545583793556,0.3366432908262949,0.6398238477581528,0.026627058833306627,0.0,0.0,0.25168164151876393,0.5444103732084395,0.5146845528660173,0.2449800996427806,0.7283928415239127,0.5444103732084395,0.45558962679156045,0.5146845528660173,0.48531544713398267,22.176155999941365,30.530405651283154
1572,2025,12,HOU,BUF,23,19,4,42,1,1,0,5.5,43.5,0.34185439370039516,-5.5,43.5,-6.101512613533959,42.15087810702277,0.29197365449402446,0.4791657115208928,0.45429653420509014,0.030105192808578818,0.0,0.0,0.31380117520438067,0.5161116521915895,0.5441611120224131,0.30435413032129416,0.665540676870127,0.5161116521915895,0.4838883478084105,0.5441611120224131,0.45583888797758687,18.024682746744404,24.126195360278366
1573,2025,12,BAL,NYJ,23,10,13,33,1,0,0,-14.0,44.5,0.8501407016943955,14.0,44.5,10.544340019190608,43.98065660296162,0.8273673368645471,0.3780986325695632,0.48237356433603085,0.022780152198763337,0.033116406797158215,0.0,0.8078602348781467,0.5358383482707227,0.5397890792226961,0.7894570557722939,0.1877627920289428,0.5180933075518721,0.4487902856509696,0.5397890792226961,0.46021092077730386,27.262498311076115,16.71815829188551
1574,2025,12,CHI,PIT,31,28,3,59,1,0,1,-3.0,46.5,0.5879295521290574,3.0,46.5,6.292341434627188,43.07249109336313,0.7138618521188348,0.6163156754873144,0.385262278512405,0.029837955670128924,0.03325428517938489,0.0,0.6996573534337795,0.48950292929296363,0.5551359640071438,0.6787810083377427,0.2913810359921284,0.47322485928611113,0.49352085553450403,0.5551359640071438,0.4448640359928562,24.68241626399516,18.390074829367972
1575,2025,12,CIN,NE,20,26,-6,46,0,1,0,7.5,50.5,0.2892573607539719,-7.5,50.5,-7.8781990842647645,51.2432180138446,0.2399670060437741,0.4868969060351383,0.5252161046231734,0.027414179852449982,0.0,0.0,0.2642606850293948,0.5146344607475534,0.5331303839681502,0.25701619508206736,0.7155696250654827,0.5146344607475534,0.48536553925244663,0.5331303839681502,0.46686961603184984,21.682509464789916,29.56070854905468
1576,2025,12,DET,NYG,34,27,7,61,1,0,1,-14.0,50.5,0.8501407016943955,14.0,50.5,15.052538734055728,47.756757729616496,0.9103136710904924,0.5376879785685132,0.4077035999866596,0.01474418756589263,0.034496984559737265,0.0,0.8923400106936246,0.5049218225791273,0.5515157112008996,0.8791831822034071,0.10607263023070024,0.48750354226174075,0.477999473178522,0.5515157112008996,0.4484842887991004,31.404648231836113,16.352109497780383
1577,2025,12,GB,MIN,23,6,17,29,1,1,0,-6.5,41.5,0.6849128309162449,6.5,41.5,7.4392216702740175,44.145229084578936,0.7476835307146036,0.5325100821848843,0.5890551037217571,0.028117995715131183,0.0,0.0,0.7313158098477623,0.5059157247208242,0.5230475582572178,0.7107526750400552,0.2611293292448135,0.5059157247208242,0.49408427527917576,0.5230475582572178,0.4769524417427822,25.792225377426476,18.35300370715246
1578,2025,12,KC,IND,23,20,3,43,1,0,0,-3.5,50.5,0.6022823943305156,3.5,50.5,5.141893179617093,53.238603665161556,0.6778521481092046,0.5567030195038006,0.5921431417991433,0.03135499335743425,0.0,0.0,0.6663314451308507,0.5012564993772494,0.5225500232023362,0.6454386270949234,0.3232063795476424,0.5012564993772494,0.49874350062275064,0.5225500232023362,0.47744997679766377,29.190248422389324,24.04835524277223
1579,2025,12,TEN,SEA,24,30,-6,54,0,1,1,12.5,41.5,0.17724223843665587,-12.5,41.5,-4.6335552395475625,44.11151825581389,0.33865319844001135,0.7527856372582276,0.5879388677394268,0.03194793245236982,0.0,0.0,0.35742091956610417,0.4590489860896779,0.5232271113571262,0.34600206017074236,0.6220500073768878,0.4590489860896779,0.5409510139103221,0.5232271113571262,0.4767728886428738,19.738981508133165,24.372536747680726
1580,2025,12,ARI,JAX,24,27,-3,51,0,0,1,2.5,47.5,0.4265418943159657,-2.5,47.5,-1.5642169787014064,46.92036728990142,0.4440944259788105,0.5323913196660955,0.4803289270652943,0.03432329032667869,0.0,0.0,0.4540496556819807,0.5059385041910813,0.5401067558108411,0.4384651775272796,0.5272115321460418,0.5059385041910813,0.49406149580891867,0.5401067558108411,0.4598932441891589,22.678075155600006,24.242292134301415
1581,2025,12,LV,CLE,10,24,-14,34,0,0,0,-3.0,35.5,0.5879295521290574,3.0,35.5,3.9981289073871267,39.464187275794,0.6402607499660629,0.5357452774753879,0.6320777506224763,0.03261541684631847,0.034511498484935677,0.0,0.6318613784427694,0.5052949021701,0.5159894839227408,0.611252956195769,0.3561316269579125,0.4878564179194108,0.47763208359565346,0.5159894839227408,0.4840105160772592,21.731158091590565,17.73302918420344
1582,2025,12,DAL,PHI,24,21,3,45,1,1,0,3.0,47.5,0.4120704478709426,-3.0,47.5,-3.6528539115281577,50.38430034624857,0.37138930732446457,0.4766012885053333,0.5969500687779598,0.032941861431602826,0.03458574533354686,0.0,0.3876502802336867,0.5166019592896879,0.5217731046961037,0.3748803584183066,0.5921777801500905,0.4987348954868834,0.46667935917956976,0.5217731046961037,0.4782268953038963,23.36572321736021,27.018577128888364
1583,2025,12,NO,ATL,10,24,-14,34,0,0,0,-1.5,41.5,0.5442358810453114,1.5,41.5,-1.083280402729332,42.23123306720393,0.46121479820994915,0.41122904135249283,0.5248100049886111,0.03448844650221561,0.0,0.0,0.4695837882012842,0.5292408011121514,0.533193676306508,0.45338857284359646,0.5121229806541879,0.5292408011121514,0.47075919888784856,0.533193676306508,0.46680632369349195,20.5739763322373,21.65725673496663
1584,2025,12,LAR,TB,34,7,27,41,1,1,0,-7.0,49.5,0.6979517285214231,7.0,49.5,6.189262664463533,47.01179310378323,0.7107167976418627,0.47095197082766627,0.4161502280407964,0.029983033873208886,0.03455562886089081,0.0,0.696732435487341,0.5176828406280132,0.550168565039561,0.6758422832735607,0.2941746828532304,0.49979398451961987,0.4656503866194893,0.550168565039561,0.449831434960439,26.600527884123384,20.41126521965985
1585,2025,12,SF,CAR,20,9,11,29,1,1,0,-7.5,48.5,0.7107426392460281,7.5,48.5,6.229940011251458,46.5397213011213,0.7119599053980149,0.4560786639878979,0.43375419386705716,0.029925984851370935,0.0,0.0,0.6978881784306498,0.5205352711954575,0.5473827792986825,0.6770031873749833,0.2930708277736458,0.5205352711954575,0.4794647288045425,0.5473827792986825,0.4526172207013175,26.384830656186377,20.15489064493492
1586,2025,13,DET,GB,24,31,-7,55,0,0,1,-2.5,48.5,0.5734581056840342,2.5,48.5,0.6648339535525819,54.05483295460091,0.5238275613552769,0.4366756446943262,0.6817967141738301,0.034583687098897975,0.0,0.0,0.5262403461301663,0.5242778249562391,0.5073709493455674,0.5080410146607849,0.4573752982403171,0.5242778249562391,0.4757221750437609,0.5073709493455674,0.49262905065443263,27.359833454076746,26.694999500524165
1587,2025,13,DAL,KC,31,28,3,59,1,1,1,3.5,53.5,0.39771760566948444,-3.5,53.5,-2.6405867143586472,55.60973752523482,0.4062131051538122,0.5297529720001503,0.5712445072308929,0.033742611413344004,0.0,0.0,0.4195580707239919,0.5064443741925361,0.5258955467537431,0.40540108577822,0.5608563028084361,0.5064443741925361,0.4935556258074639,0.5258955467537431,0.47410445324625694,26.484575405438086,29.125162119796734
1588,2025,13,BAL,CIN,14,32,-18,46,0,0,0,-7.0,52.5,0.6979517285214231,7.0,52.5,6.219465343255431,52.0324092121879,0.7116400453665203,0.4720322398463606,0.4841290617735739,0.02994070065130572,0.03456189049677327,0.0,0.6975907539639861,0.5174760641842502,0.5395163742395652,0.6767043980224317,0.2933549013262626,0.4995911131192129,0.46584699638401383,0.5395163742395652,0.4604836257604348,29.125937277721665,22.906471934466236
1589,2025,13,PHI,CHI,15,24,-9,39,0,0,0,-7.0,43.5,0.6979517285214231,7.0,43.5,5.443643173432584,42.92933359699923,0.6874843044483523,0.44437345904563996,0.480632976797218,0.030979679700420093,0.0343264643797615,0.0,0.6752126357054548,0.5227895127328807,0.5400595112464829,0.6542947645216234,0.3147255557779566,0.5048439971459425,0.4608295384742959,0.5400595112464829,0.4599404887535171,24.186488385215906,18.742845211783322
1590,2025,13,CAR,LAR,31,28,3,59,1,1,1,10.0,44.5,0.22942532596473364,-10.0,44.5,-10.051483977651188,52.41665930177166,0.18405739069827015,0.4981536938489769,0.7497571571856525,0.02366880484744771,0.03464101749893295,0.0,0.20948126757540841,0.512485137335075,0.49428329011857675,0.2045230963339701,0.7718080988185821,0.49473213072470756,0.47062685177635954,0.49428329011857675,0.5057167098814233,21.182587662060236,31.234071639711424
1591,2025,13,CLE,SF,8,26,-18,34,0,0,0,5.5,35.5,0.34185439370039516,-5.5,35.5,-1.796933342924417,27.900750825851397,0.4358466274945617,0.6261409004885923,0.2589087154100972,0.03422222472305392,0.0,0.0,0.4465554140200989,0.4875098056435466,0.5775430487537899,0.4312732942902067,0.5345044809867394,0.4875098056435466,0.5124901943564534,0.5775430487537899,0.4224569512462101,13.051908741463489,14.848842084387908
1592,2025,13,IND,HOU,16,20,-4,36,0,0,0,-3.0,44.5,0.5879295521290574,3.0,44.5,1.4253378768984315,41.45556326481952,0.5509713248727011,0.44372367073001867,0.3977834763803406,0.034377056862339994,0.034319048129095364,0.0,0.5507838357128596,0.5229149505687086,0.5531081005134967,0.5318495084737008,0.43377343466395907,0.5049690072127175,0.46071194465818704,0.5531081005134967,0.4468918994865033,21.440450570858975,20.015112693960543
1593,2025,13,MIA,NO,21,17,4,38,1,0,0,-5.5,41.5,0.6581456062996048,5.5,41.5,-0.803857150172122,38.85484253295548,0.4711980375427897,0.2919987317013596,0.41094726692366296,0.03455707606997416,0.0,0.0,0.4786304919185374,0.554218733634662,0.5509974868847233,0.4620904215998994,0.5033525023301265,0.554218733634662,0.445781266365338,0.5509974868847233,0.4490025131152767,19.02549269139168,19.8293498415638
1594,2025,13,NYJ,ATL,27,24,3,51,1,1,1,3.0,38.5,0.4120704478709426,-3.0,38.5,0.34283581605150404,34.04305773992817,0.5122927328629362,0.6180453700854609,0.35223405473955033,0.03462601710327762,0.033212308436491644,0.0,0.5158122051562712,0.4891534689369257,0.5606035549698387,0.4979516829184509,0.4674222999782715,0.47290755305381266,0.49388013850969564,0.5606035549698387,0.4393964450301613,17.19294677798984,16.850110961938334
1595,2025,13,TB,ARI,20,17,3,37,1,0,0,-4.5,44.5,0.6305586598182363,4.5,44.5,5.700245995307992,41.09468991849788,0.6955732290310849,0.5415160102926979,0.38598475755550127,0.03064749771523767,0.0,0.0,0.6826887135144176,0.5041860108681951,0.5550183632218362,0.6617660127267659,0.3075864895579964,0.5041860108681951,0.49581398913180486,0.5550183632218362,0.4449816367781638,23.397467956902936,17.69722196159494
1596,2025,13,TEN,JAX,3,25,-22,28,0,0,0,6.0,42.5,0.3283606432818853,-6.0,42.5,-6.167610078004423,44.405583883367825,0.2899459652358761,0.49398941990160006,0.5644138241194371,0.030013292748001352,0.03463769496037811,0.0,0.31189010680499835,0.5132801465726561,0.5269791424210252,0.30252925772425454,0.6674574495277441,0.4955013054264542,0.46986099961316763,0.5269791424210252,0.47302085757897483,19.1189869026817,25.286596980686124
1597,2025,13,SEA,MIN,26,0,26,26,1,1,0,-12.5,42.5,0.8227577615633441,12.5,42.5,17.592305093913716,42.75231114643226,0.9413343311978976,0.6708708977412444,0.5085655316630175,0.010786315855573596,0.0,0.0,0.9261562560820759,0.4781403406057258,0.5357212542946892,0.9161664421723591,0.07304724197206733,0.4781403406057258,0.5218596593942741,0.5357212542946892,0.4642787457053108,30.17230812017299,12.580003026259273
1598,2025,13,LAC,LV,31,14,17,45,1,1,1,-10.0,40.5,0.7705746740352664,10.0,40.5,6.184659872197276,41.8197218053572,0.7105759722950976,0.36589088508122214,0.5447117223162032,0.029989472463047062,0.03279150326788327,0.0,0.6966015362142041,0.5383203447692816,0.5300830019125166,0.675710823626192,0.29429970391076105,0.5206680114246116,0.44654048530750506,0.5300830019125166,0.46991699808748344,24.00219083877724,17.81753096657996
1599,2025,13,PIT,BUF,7,26,-19,33,0,0,0,3.0,44.5,0.4120704478709426,-3.0,44.5,-5.778385005389022,42.372460407835426,0.30198275352123244,0.40142030029347076,0.4281608412528615,0.030544040983755405,0.03364775470894554,0.0,0.32321320822110317,0.5311756675173979,0.5482650287449132,0.3133409707427067,0.6561149882735379,0.513302798949412,0.4530494463416424,0.5482650287449132,0.45173497125508677,18.297037701223203,24.075422706612223
1600,2025,13,WAS,DEN,26,27,-1,53,0,1,1,6.5,43.5,0.3150871690837551,-6.5,43.5,-6.0763824611030435,38.70572063320427,0.2927463562541573,0.5146759907999122,0.3416353312520282,0.030139946353421543,0.0,0.0,0.31452904399656645,0.5093296578740601,0.562402167971478,0.305049155483917,0.6648108981626615,0.5093296578740601,0.49067034212593985,0.562402167971478,0.437597832028522,16.314669086050614,22.39105154715366
1601,2025,13,NE,NYG,33,15,18,48,1,1,1,-7.0,46.5,0.6979517285214231,7.0,46.5,10.947405993648502,47.86615809565075,0.8363597738822046,0.6385573727715654,0.5462780124518708,0.022048218056898383,0.03266500980543624,0.0,0.8167270944704416,0.484960987781838,0.5298372675343425,0.7987197173985802,0.1792320645445214,0.4691197323606902,0.4982152578338736,0.5298372675343425,0.47016273246565754,29.406782044649628,18.459376051001126
1602,2025,14,DET,DAL,44,30,14,74,1,1,1,-3.5,55.5,0.6022823943305156,3.5,55.5,-0.0600503858638859,55.000829796319316,0.49784649021760463,0.37857438489663275,0.48305781936507997,0.034640892721198135,0.0,0.0,0.5027490121071998,0.5357422427220155,0.5396827798609491,0.485333337513106,0.48002576976569594,0.5357422427220155,0.46425775727798446,0.5396827798609491,0.46031722013905085,27.470389705227714,27.530440091091602
1603,2025,14,ATL,SEA,9,37,-28,46,0,0,1,7.0,44.5,0.30204827147857694,-7.0,44.5,-8.010125524582723,47.223363350116614,0.23632274192000471,0.4638263064047228,0.5916395069185929,0.02719840035100829,0.0345083640344781,0.0,0.26074357931942943,0.5190480199623301,0.5226312492849031,0.2536517710601447,0.7191498285888469,0.5011365219380949,0.46435511402742696,0.5226312492849031,0.4773687507150969,19.606618912766947,27.616744437349666
1604,2025,14,BAL,PIT,22,27,-5,49,0,0,1,-5.5,43.5,0.6581456062996048,5.5,43.5,2.7226417596940515,35.51594471850598,0.596642673576726,0.4046836934043046,0.24842280872120415,0.03368667561474342,0.0,0.0,0.5921554683762041,0.5305303865220391,0.5796520487412709,0.5722077191995185,0.3941056051857381,0.5305303865220391,0.4694696134779609,0.5796520487412709,0.42034795125872915,19.119293239100013,16.396651479405964
1605,2025,14,CLE,TEN,29,31,-2,60,0,0,1,-4.5,33.5,0.6305586598182363,4.5,33.5,9.232939528994203,37.70636243781759,0.7959317567508586,0.6595020961156544,0.6398175040594327,0.025120085948703685,0.0,0.0,0.7772693535457686,0.4805741687888655,0.514685626547916,0.7577442805794056,0.21713563347189072,0.4805741687888655,0.5194258312111345,0.514685626547916,0.48531437345208395,23.469650983405895,14.236711454411694
1606,2025,14,GB,CHI,28,21,7,49,1,1,1,-6.5,44.5,0.6849128309162449,6.5,44.5,9.499734216339474,49.85292630954909,0.8025953157786425,0.6027832598010392,0.675641842286142,0.024651215454972564,0.0,0.0,0.783705366409616,0.49221761576640544,0.5084725643720696,0.7643860765690343,0.21096270797599315,0.49221761576640544,0.5077823842335946,0.5084725643720696,0.49152743562793044,29.676330262944283,20.176596046604807
1607,2025,14,JAX,IND,36,19,17,55,1,1,1,2.5,44.5,0.4265418943159657,-2.5,44.5,-1.9637472065788029,44.54406090405667,0.42995195409504344,0.5185756507551929,0.5014959037316272,0.03414138344980133,0.0,0.0,0.4411944757975336,0.5085841332521648,0.5368195040948671,0.42613148602339596,0.5397271305268027,0.5085841332521648,0.4914158667478352,0.5368195040948671,0.4631804959051329,21.290156848738935,23.253904055317737
1608,2025,14,MIN,WAS,31,0,31,31,1,1,0,1.5,43.5,0.4557641189546886,-1.5,43.5,-1.2863807906886666,41.70109992524706,0.45397385160793696,0.5074019623551733,0.4391634548620888,0.03442592685956347,0.0,0.0,0.463017066712157,0.5107193275682899,0.5465318157577573,0.44707727503879463,0.518496798101642,0.5107193275682899,0.48928067243171014,0.5465318157577573,0.45346818424224267,20.207359567279195,21.493740357967862
1609,2025,14,NYJ,MIA,10,34,-24,44,0,0,1,2.5,41.5,0.4265418943159657,-2.5,41.5,4.25854075553518,34.77045996805835,0.6489600967192705,0.7214146042018428,0.283424190492079,0.0323521056259532,0.0,0.0,0.6398142336869544,0.466744450224664,0.5728076761443781,0.6191148960177257,0.348532998356321,0.466744450224664,0.533255549775336,0.5728076761443781,0.4271923238556219,19.514500361796763,15.255959606261584
1610,2025,14,TB,NO,20,24,-4,44,0,0,1,-7.5,41.5,0.7107426392460281,7.5,41.5,5.417473844941285,48.27907918535167,0.6866540263334243,0.4282273957845244,0.7180015926305647,0.031012893341254455,0.0,0.0,0.67444620300596,0.5259175599554392,0.5006363265150245,0.6535296748477222,0.3154574318110234,0.5259175599554392,0.4740824400445608,0.5006363265150245,0.49936367348497546,26.848276515146477,21.430802670205193
1611,2025,14,LV,DEN,17,24,-7,41,0,1,1,8.5,40.5,0.26446846661124,-8.5,40.5,-7.546644886290834,47.00999054249225,0.249262960499697,0.532998186221402,0.7102157220255619,0.027947863342555057,0.0,0.0,0.27320284225782643,0.5058220952946316,0.5021251512146196,0.2655674065576071,0.7064847300998379,0.5058220952946316,0.4941779047053684,0.5021251512146196,0.49787484878538035,19.731672828100706,27.27831771439154
1612,2025,14,ARI,LAR,17,45,-28,62,0,0,1,9.5,49.5,0.24080865667926243,-9.5,49.5,-10.14295652231464,50.986039061809514,0.18190138852914456,0.47773168346415895,0.5503181971160296,0.023504546528622217,0.0,0.0,0.20732937456804917,0.5163858087862515,0.5292026626325831,0.20245619163676432,0.7740392618346135,0.5163858087862515,0.4836141912137485,0.5292026626325831,0.4707973373674169,20.421541269747436,30.564497792062078
1613,2025,14,BUF,CIN,39,34,5,73,1,0,1,-6.0,54.5,0.6716393567181147,6.0,54.5,5.48004743963903,55.973948218640814,0.6886376804620568,0.48136052275177066,0.5499109452444845,0.030933269560633747,0.034606074532969266,0.0,0.6762776066669011,0.5156921563702369,0.529266681163804,0.6553581291620536,0.3137086012773127,0.49784607517082086,0.4675478502962099,0.529266681163804,0.47073331883619596,30.726997829139922,25.246950389500892
1614,2025,14,KC,HOU,10,20,-10,30,0,0,0,-4.5,41.5,0.6305586598182363,4.5,41.5,1.2950659292296183,43.11571111945052,0.5463354575796762,0.39035972219925574,0.554682480041151,0.03442301716779761,0.0,0.0,0.5465908851061072,0.53337518329136,0.5285158691540407,0.527775577684338,0.4378014051478644,0.53337518329136,0.46662481670864,0.5285158691540407,0.4714841308459593,22.20538852434007,20.910322595110454
1615,2025,14,LAC,PHI,22,19,3,41,1,1,0,1.5,41.5,0.4557641189546886,-1.5,41.5,-2.2234995886943234,35.608840784233884,0.42080560425507,0.474945600787262,0.3080620315111827,0.034001676212303544,0.0,0.0,0.43286756958661354,0.5169186267235862,0.5682797788580847,0.41814934664272274,0.5478489771449737,0.5169186267235862,0.48308137327641376,0.5682797788580847,0.43172022114191533,16.69267059776978,18.916170186464104
1616,2025,15,TB,ATL,28,29,-1,57,0,0,1,-6.0,43.5,0.6716393567181147,6.0,43.5,5.847972043235493,42.05939838373635,0.7001861148784235,0.49454816470563984,0.4512125284623858,0.030451021025494074,0.034638345356393874,0.0,0.6869598107212387,0.5131734725584803,0.544643190796762,0.6660411830812969,0.30350779589320914,0.4953979925882598,0.46996366205534634,0.544643190796762,0.45535680920323796,23.953685213485922,18.10571317025043
1617,2025,15,CHI,CLE,31,3,28,34,1,1,0,-7.5,38.5,0.7107426392460281,7.5,38.5,7.799226977017927,50.552890617348716,0.7578365569355728,0.5103677219050079,0.8474902039964441,0.027542435790155306,0.0,0.0,0.740900818010628,0.510152857279293,0.47020347830553455,0.7204946048036968,0.25196295940614793,0.510152857279293,0.48984714272070695,0.47020347830553455,0.5297965216944654,29.176058797183323,21.376831820165393
1618,2025,15,CIN,BAL,0,24,-24,24,0,0,0,2.5,51.5,0.4265418943159657,-2.5,51.5,-5.326046951029832,54.126990913491774,0.31625431566117396,0.4030457478893319,0.5884512886867846,0.0311279487460403,0.0,0.0,0.33657511557722275,0.5308540634095552,0.5231447043712969,0.3260982226303424,0.6427738286236173,0.5308540634095552,0.4691459365904448,0.5231447043712969,0.4768552956287031,24.40047198123097,29.726518932260802
1619,2025,15,HOU,ARI,40,20,20,60,1,1,1,-10.5,42.5,0.7816499846386211,10.5,42.5,12.333358148520853,46.00502134604127,0.8648745104595309,0.5632624976782139,0.6172572911122303,0.019522922724890035,0.0,0.0,0.845250718793075,0.4999851562154128,0.5184544331947151,0.82874895432692,0.1517281229481899,0.4999851562154128,0.5000148437845873,0.5184544331947151,0.48154556680528493,29.16918974728106,16.83583159876021
1620,2025,15,JAX,NYJ,48,20,28,68,1,1,1,-13.5,40.5,0.8413447460685429,13.5,40.5,13.71111266130953,41.884710282118526,0.8895868157545204,0.5073151195932744,0.546903575539353,0.017052746742504454,0.0,0.0,0.87056775033833,0.5107359127332395,0.5297390793468885,0.8557221789696187,0.12722507428787694,0.5107359127332395,0.4892640872667605,0.5297390793468885,0.47026092065311154,27.797911471714027,14.086798810404499
1621,2025,15,KC,LAC,13,16,-3,29,0,0,0,-5.5,41.5,0.6581456062996048,5.5,41.5,-0.803857150172122,38.85484253295548,0.4711980375427897,0.2919987317013596,0.41094726692366296,0.03455707606997416,0.0,0.0,0.4786304919185374,0.554218733634662,0.5509974868847233,0.4620904215998994,0.5033525023301265,0.554218733634662,0.445781266365338,0.5509974868847233,0.4490025131152767,19.02549269139168,19.8293498415638
1622,2025,15,NE,BUF,31,35,-4,66,0,0,1,2.5,49.5,0.4265418943159657,-2.5,49.5,-2.632215758882463,42.774375917428415,0.406504733620295,0.4954185266526073,0.2835370423887806,0.0337482266897825,0.0,0.0,0.41982437562338665,0.5130073081538444,0.5727864467562263,0.4056560474249522,0.5605957258852654,0.5130073081538444,0.48699269184615557,0.5727864467562263,0.42721355324377375,20.071080079272974,22.70329583815544
1623,2025,15,NYG,WAS,21,29,-8,50,0,0,1,-2.5,46.5,0.5734581056840342,2.5,46.5,-2.5122551856437427,48.75765220756731,0.4106897352793278,0.33164836102469375,0.5761803404693455,0.03382683623806104,0.0,0.0,0.42364450275097115,0.5454738528732366,0.5251097305211417,0.4093139495332592,0.5568592142286797,0.5454738528732366,0.4545261471267634,0.5251097305211417,0.47489026947885826,23.122698510961783,25.63495369660553
1624,2025,15,PHI,LV,31,0,31,31,1,1,0,-12.5,37.5,0.8227577615633441,12.5,37.5,20.22491978063467,42.24107779288462,0.9638151891758444,0.7488862317376332,0.6567011506834768,0.007410850512724554,0.0,0.0,0.9520058351138136,0.4600378900489963,0.511796699214059,0.9449506621825436,0.04763848730473177,0.4600378900489963,0.5399621099510037,0.511796699214059,0.488203300785941,31.232998786759644,11.008079006124973
1625,2025,15,DEN,GB,34,26,8,60,1,1,1,1.5,42.5,0.4557641189546886,-1.5,42.5,-1.127033141105476,42.260624562682075,0.4596537149184062,0.5129218820195749,0.4918735511401695,0.034475874820661834,0.0,0.0,0.4681684440767378,0.509664872680969,0.5383136733976527,0.4520279274037642,0.5134961977755741,0.509664872680969,0.49033512731903095,0.5383136733976527,0.4616863266023473,20.5667957107883,21.693828851893777
1626,2025,15,LAR,DET,41,34,7,75,1,1,1,-5.5,54.5,0.6581456062996048,5.5,54.5,4.595707101750844,55.87295749454498,0.660104524778049,0.46869640487816117,0.5465072954968183,0.03199003225331426,0.0,0.0,0.6500224987288411,0.5181147336071581,0.529801282286113,0.6292282580291256,0.3387817097175602,0.5181147336071581,0.4818852663928419,0.529801282286113,0.470198717713887,30.234332298147912,25.638625196397065
1627,2025,15,NO,CAR,20,17,3,37,1,1,0,2.5,41.5,0.4265418943159657,-2.5,41.5,4.25854075553518,34.77045996805835,0.6489600967192705,0.7214146042018428,0.283424190492079,0.0323521056259532,0.0,0.0,0.6398142336869544,0.466744450224664,0.5728076761443781,0.6191148960177257,0.348532998356321,0.466744450224664,0.533255549775336,0.5728076761443781,0.4271923238556219,19.514500361796763,15.255959606261584
1628,2025,15,SEA,IND,18,16,2,34,1,0,0,-13.5,41.5,0.8413447460685429,13.5,41.5,15.149951550363916,43.055606078973504,0.911696089192093,0.5569794210273559,0.5526603573075681,0.014581552859335267,0.0,0.0,0.8938126983355216,0.5012030085706501,0.5288342562619021,0.8807795212283971,0.10463892591226766,0.5012030085706501,0.49879699142934986,0.5288342562619021,0.47116574373809794,29.10277881466871,13.952827264304794
1629,2025,15,SF,TEN,37,24,13,61,1,1,1,-12.5,44.5,0.8227577615633441,12.5,44.5,14.631368005675505,43.45595306728633,0.9041485097828237,0.5734369763592981,0.4646002527073448,0.015455752896996744,0.0,0.0,0.885805286979316,0.4980044928467324,0.5425536434067395,0.8721144993489105,0.11242974775409281,0.4980044928467324,0.5019955071532676,0.5425536434067395,0.4574463565932605,29.043660536480918,14.412292530805413
1630,2025,15,DAL,MIN,26,34,-8,60,0,0,1,-5.5,47.5,0.6581456062996048,5.5,47.5,-0.17500428443598495,60.50349254922988,0.4937242821146991,0.3110300755883566,0.8657723550446699,0.03463736414641988,0.0,0.0,0.49902034323911015,0.5499489700019558,0.4644104506072982,0.4817355938938656,0.48362704195971445,0.5499489700019558,0.45005102999804425,0.4644104506072982,0.5355895493927019,30.16424413239695,30.339248416832934
1631,2025,15,PIT,MIA,28,15,13,43,1,1,1,-3.0,42.5,0.5879295521290574,3.0,42.5,1.6003080451196827,43.59114556831795,0.5571864268785691,0.44994076622966583,0.5369922010574292,0.03430851478370073,0.03438644780397959,0.0,0.55640640539271,0.5217161194549084,0.5312919671672286,0.5373169280075484,0.4283745572087508,0.5037761553447774,0.46183739685124303,0.5312919671672286,0.4687080328327714,22.595726806718815,20.995418761599133
1632,2025,16,SEA,LAR,38,37,1,75,1,0,1,-1.5,42.5,0.5442358810453114,1.5,42.5,-2.067804060891204,44.86702494318926,0.4262829688344597,0.37831827291089576,0.5798224241511257,0.034087429854141815,0.0,0.0,0.43785552209753315,0.5357939737215028,0.524528262738769,0.42293015270178486,0.5429824174440734,0.5357939737215028,0.46420602627849716,0.524528262738769,0.47547173726123104,21.399610441149026,23.46741450204023
1633,2025,16,CHI,GB,22,16,6,38,1,1,0,-1.5,45.5,0.5442358810453114,1.5,45.5,3.0279680633784696,49.208348528698664,0.6072212199223832,0.5527925061125146,0.6238427230960445,0.033464426791526725,0.0,0.0,0.6017630184860386,0.5020125690138791,0.51736402664753,0.5816253640080644,0.3849102092004088,0.5020125690138791,0.49798743098612086,0.51736402664753,0.48263597335247,26.118158296038565,23.0901902326601
1634,2025,16,WAS,PHI,18,29,-11,47,0,0,1,7.0,43.5,0.30204827147857694,-7.0,43.5,-6.359951177138598,47.50354240072036,0.28408440223614156,0.522940296497191,0.6333392652760353,0.029741885784997257,0.03458790406648099,0.0,0.3063571469651288,0.507749151382454,0.5157777821482126,0.2972455076906743,0.6730126065243285,0.4901871724446006,0.4752249234889185,0.5157777821482126,0.48422221785178743,20.571795611790883,26.93174678892948
1635,2025,16,BAL,NE,24,28,-4,52,0,0,1,-3.5,48.5,0.6022823943305156,3.5,48.5,2.873182157441061,51.63687528882431,0.6018680574167877,0.4782900753292154,0.6052481871733164,0.03357986224980092,0.0,0.0,0.5968997093456038,0.5162790488460857,0.5204244792413191,0.5768558993288322,0.3895642384213669,0.5162790488460857,0.48372095115391434,0.5204244792413191,0.47957552075868093,27.255028723132682,24.381846565691625
1636,2025,16,CAR,TB,23,20,3,43,1,1,0,3.0,44.5,0.4120704478709426,-3.0,44.5,-5.778385005389022,42.372460407835426,0.30198275352123244,0.40142030029347076,0.4281608412528615,0.030544040983755405,0.03364775470894554,0.0,0.32321320822110317,0.5311756675173979,0.5482650287449132,0.3133409707427067,0.6561149882735379,0.513302798949412,0.4530494463416424,0.5482650287449132,0.45173497125508677,18.297037701223203,24.075422706612223
1637,2025,16,CLE,BUF,20,23,-3,43,0,1,1,10.5,41.5,0.21835001536137888,-10.5,41.5,-6.665312587510804,48.508573915626044,0.2748999321885086,0.6304638725797282,0.7245612130319594,0.029299239357648443,0.0,0.0,0.29766120312716404,0.48662638203607766,0.4993625066900848,0.2889399562892557,0.6817608043530959,0.48662638203607766,0.5133736179639223,0.4993625066900848,0.5006374933099151,20.92163066405762,27.586943251568425
1638,2025,16,DAL,LAC,17,34,-17,51,0,0,1,-1.5,50.5,0.5442358810453114,1.5,50.5,2.7156256043618168,48.67998489149269,0.596398694208492,0.542046022990158,0.4384550298988468,0.03369152167627221,0.0,0.0,0.5919340226308851,0.5040840597922346,0.5466431441030997,0.5719908646764936,0.3943176136472341,0.5040840597922346,0.4959159402077654,0.5466431441030997,0.45335685589690033,25.697805247927253,22.982179643565434
1639,2025,16,NO,NYJ,29,6,23,35,1,1,0,-6.5,39.5,0.6849128309162449,6.5,39.5,13.670824019396882,42.30537212713809,0.8889143459693233,0.7333117588396492,0.5943477825939343,0.01712381642656896,0.0,0.0,0.8698702553947203,0.4638927989972387,0.5221940753326771,0.8549747568264084,0.1279014267470226,0.4638927989972387,0.5361072010027613,0.5221940753326771,0.47780592466732286,27.988098073267487,14.317274053870605
1640,2025,16,NYG,MIN,13,16,-3,29,0,0,0,2.5,41.5,0.4265418943159657,-2.5,41.5,4.25854075553518,34.77045996805835,0.6489600967192705,0.7214146042018428,0.283424190492079,0.0323521056259532,0.0,0.0,0.6398142336869544,0.466744450224664,0.5728076761443781,0.6191148960177257,0.348532998356321,0.466744450224664,0.533255549775336,0.5728076761443781,0.4271923238556219,19.514500361796763,15.255959606261584
1641,2025,16,TEN,KC,26,9,17,35,1,1,0,3.5,37.5,0.39771760566948444,-3.5,37.5,2.523778524633616,36.405854827047435,0.5897127374682138,0.6995919668333727,0.46290639900016034,0.033819436427133975,0.0,0.0,0.5858678152288809,0.4717938323029018,0.5428176001415516,0.5660540958970438,0.40012646767582216,0.4717938323029018,0.5282061676970982,0.5428176001415516,0.45718239985844844,19.464816675840524,16.94103815120691
1642,2025,16,ARI,ATL,19,26,-7,45,0,0,0,2.5,48.5,0.4265418943159657,-2.5,48.5,-5.5066671322088965,51.19880161135938,0.3105201461321297,0.39698453544492873,0.5908275158697114,0.030899181908318973,0.0,0.0,0.3312143617249542,0.5320553840142411,0.5227621391833988,0.3209801089113671,0.648120709180314,0.5320553840142411,0.46794461598575887,0.5227621391833988,0.47723786081660124,22.84606723957524,28.352734371784138
1643,2025,16,DEN,JAX,20,34,-14,54,0,0,1,-3.5,46.5,0.6022823943305156,3.5,46.5,5.866942022876191,46.04431679042304,0.7007761050340984,0.5814457100533021,0.4845330228635916,0.03042551952674516,0.0,0.0,0.6875065029630406,0.4964370283470242,0.5394536270426536,0.6665887604323744,0.30298572004088054,0.4964370283470242,0.5035629716529758,0.5394536270426536,0.46054637295734635,25.955629406649614,20.088687383773426
1644,2025,16,DET,PIT,24,29,-5,53,0,0,1,-7.5,52.5,0.7107426392460281,7.5,52.5,6.963070755002684,55.83847731320088,0.7339087480592699,0.48140093411972923,0.6118377358677054,0.028854417234842555,0.0,0.0,0.7183744857608158,0.5156844336465485,0.519346313572774,0.6976462086178077,0.2734993741473497,0.5156844336465485,0.4843155663534515,0.519346313572774,0.48065368642722595,31.400774034101783,24.4377032790991
1645,2025,16,HOU,LV,23,21,2,44,1,0,1,-14.5,39.5,0.858605258338129,14.5,39.5,19.41807823978862,44.069012298000544,0.9578404799541947,0.6653780157216591,0.6513002901626108,0.008360603241629516,0.0,0.0,0.9449892761962941,0.47932126032408817,0.5127278921377596,0.9370885957904224,0.05455080096794822,0.47932126032408817,0.5206787396759118,0.5127278921377596,0.4872721078622404,31.743545268894582,12.325467029105962
1646,2025,16,MIA,CIN,21,45,-24,66,0,0,1,3.5,48.5,0.39771760566948444,-3.5,48.5,-8.354249651341789,52.70656165122452,0.22696545583793556,0.3366432908262949,0.6398238477581528,0.026627058833306627,0.0,0.0,0.25168164151876393,0.5444103732084395,0.5146845528660173,0.2449800996427806,0.7283928415239127,0.5444103732084395,0.45558962679156045,0.5146845528660173,0.48531544713398267,22.176155999941365,30.530405651283154
1647,2025,16,IND,SF,27,48,-21,75,0,0,1,4.5,46.5,0.36944134018176367,-4.5,46.5,-3.555405429716856,44.129563386166026,0.3747000081773797,0.5326956432026078,0.4200640762560444,0.03302921257011038,0.0,0.0,0.3906938094025645,0.5058801313730872,0.5495468077530756,0.377789500521981,0.5891812869079086,0.5058801313730872,0.4941198686269128,0.5495468077530756,0.45045319224692437,20.287078978224585,23.84248440794144
1648,2025,17,WAS,DAL,23,30,-7,53,0,1,1,8.5,50.5,0.26446846661124,-8.5,50.5,-9.22148808783223,52.21191342671414,0.20435729620258092,0.4750151667044764,0.5579160479838389,0.025140107358936126,0.0,0.0,0.22958777290724344,0.5169053197212466,0.5280060922293504,0.2238159116480563,0.7510439809930076,0.5169053197212466,0.48309468027875335,0.5280060922293504,0.47199390777064965,21.495212669440956,30.716700757273184
1649,2025,17,MIN,DET,23,10,13,33,1,1,0,7.0,45.5,0.30204827147857694,-7.0,45.5,-7.6086170897680665,42.23392536898626,0.2475106115692922,0.47818507352523126,0.39052521835986176,0.027849080812166083,0.034593022189739586,0.0,0.27152034843829925,0.5162991236426664,0.5542809997592033,0.26395875631249355,0.7081921628753403,0.4984387766019525,0.4669682012083079,0.5542809997592033,0.4457190002407967,17.312654139609098,24.921271229377165
1650,2025,17,KC,DEN,13,20,-7,33,0,1,0,13.5,37.5,0.15865525393145707,-13.5,37.5,-5.401471871537853,26.731194135506268,0.3138541510270118,0.7591094378787431,0.17971547935427395,0.031033141348819737,0.0,0.0,0.33433251590482704,0.4574233873952094,0.5952133789504177,0.323957127681246,0.6450097309699342,0.4574233873952094,0.5425766126047906,0.5952133789504177,0.4047866210495823,10.664861131984207,16.06633300352206
1651,2025,17,CAR,SEA,10,27,-17,37,0,0,0,6.5,42.5,0.3150871690837551,-6.5,42.5,-5.864063118734193,43.9141875443113,0.2993133976138378,0.5220254450703954,0.5478972824060429,0.03042939360036756,0.0,0.0,0.3207064994866815,0.5079242227162465,0.5295830547546925,0.3109475951836052,0.6586230112160273,0.5079242227162465,0.4920757772837535,0.5295830547546925,0.4704169452453075,19.02506221278855,24.889125331522745
1652,2025,17,CIN,ARI,37,14,23,51,1,1,0,-7.0,52.5,0.6979517285214231,7.0,52.5,6.219465343255431,52.0324092121879,0.7116400453665203,0.4720322398463606,0.4841290617735739,0.02994070065130572,0.03456189049677327,0.0,0.6975907539639861,0.5174760641842502,0.5395163742395652,0.6767043980224317,0.2933549013262626,0.4995911131192129,0.46584699638401383,0.5395163742395652,0.4604836257604348,29.125937277721665,22.906471934466236
1653,2025,17,CLE,PIT,13,6,7,19,1,1,0,4.5,35.5,0.36944134018176367,-4.5,35.5,0.8602922955016311,25.824529654758784,0.5308199958231236,0.6792478978887948,0.20513897896669492,0.034544842819710764,0.0,0.0,0.5325618193015127,0.4763202601230718,0.5890362853855562,0.5141645549619627,0.45129060221832645,0.4763202601230718,0.5236797398769282,0.5890362853855562,0.4109637146144438,13.342410975130207,12.482118679628577
1654,2025,17,GB,BAL,24,41,-17,65,0,0,1,-2.5,38.5,0.5734581056840342,2.5,38.5,-3.127605349772079,36.73590766163942,0.3893438549115452,0.31248612662120395,0.44033170453436354,0.033387138878014255,0.0,0.0,0.4041294271421307,0.5496281048119394,0.5463483010798803,0.390636701833444,0.5759761592885416,0.5496281048119394,0.45037189518806064,0.5463483010798803,0.4536516989201197,16.804151155933674,19.93175650570575
1655,2025,17,IND,JAX,17,23,-6,40,0,0,0,3.5,48.5,0.39771760566948444,-3.5,48.5,-8.354249651341789,52.70656165122452,0.22696545583793556,0.3366432908262949,0.6398238477581528,0.026627058833306627,0.0,0.0,0.25168164151876393,0.5444103732084395,0.5146845528660173,0.2449800996427806,0.7283928415239127,0.5444103732084395,0.45558962679156045,0.5146845528660173,0.48531544713398267,22.176155999941365,30.530405651283154
1656,2025,17,LAC,HOU,16,20,-4,36,0,0,0,-1.5,40.5,0.5442358810453114,1.5,40.5,1.3926787485810372,38.932696317007654,0.5498097630148826,0.49628113060063456,0.44694598950373426,0.03438898662926343,0.0,0.0,0.5497331818561354,0.5128426272575192,0.5453109543701853,0.5308284148156223,0.43478259855511425,0.5128426272575192,0.48715737274248083,0.5453109543701853,0.4546890456298147,20.162687532794344,18.77000878421331
1657,2025,17,LV,NYG,10,34,-24,44,0,0,1,3.0,40.5,0.4120704478709426,-3.0,40.5,-1.3095026799493317,32.841104010517824,0.45315046180257385,0.560384471527507,0.25726848551342285,0.03441813780408265,0.0342701479601491,0.0,0.4622700490664542,0.5005434707584517,0.5778693747032351,0.44635957481498495,0.5192222873809325,0.48338977195507304,0.4823400800847779,0.5778693747032351,0.4221306252967649,15.765800665284246,17.07530334523358
1658,2025,17,MIA,TB,20,17,3,37,1,1,0,5.5,44.5,0.34185439370039516,-5.5,44.5,-7.067863362537746,42.5811302607575,0.26302642222050465,0.4458374719217435,0.4351410425211521,0.028694915207208016,0.0,0.0,0.28636887785864523,0.5225070169858403,0.5471644035838972,0.2781515471905081,0.6931535376022838,0.5225070169858403,0.47749298301415966,0.5471644035838972,0.4528355964161028,17.756633449109877,24.82449681164762
1659,2025,17,NYJ,NE,10,42,-32,52,0,0,1,12.5,42.5,0.17724223843665587,-12.5,42.5,-6.410086593912137,45.4136389283663,0.2825661590723199,0.7015875023280277,0.5979162832635345,0.02967018546577138,0.0,0.0,0.30492191340868846,0.47134098100379296,0.5216165691748021,0.2958748236852748,0.6744549908489538,0.47134098100379296,0.528659018996207,0.5216165691748021,0.47838343082519785,19.501776167227078,25.91186276113922
1660,2025,17,TEN,NO,26,34,-8,60,0,0,1,1.5,39.5,0.4557641189546886,-1.5,39.5,2.6544939919962447,36.870502869746765,0.5942712797298035,0.6408981991464328,0.41146572500758366,0.03373324500908814,0.0,0.0,0.5900033431551824,0.48447640213201393,0.5509147609999154,0.5701006158243476,0.3961661391665643,0.48447640213201393,0.5155235978679861,0.5509147609999154,0.44908523900008457,19.762498430871506,17.10800443887526
1661,2025,17,BUF,PHI,12,13,-1,25,0,0,0,-3.0,45.5,0.5879295521290574,3.0,45.5,5.566275278503627,40.41134437192532,0.6913619835421019,0.5911961651865938,0.3324869730543633,0.03082239004518944,0.033791868303364614,0.0,0.678794428734101,0.49451730844245995,0.5639749673860082,0.6578723620911571,0.3113052478636536,0.477806644681838,0.4884014870147974,0.5639749673860082,0.43602503261399184,22.98880982521447,17.422534546710846
1662,2025,17,SF,CHI,42,38,4,80,1,1,1,-3.5,51.5,0.6022823943305156,3.5,51.5,0.9127170039228173,59.803766201521675,0.5326938913328485,0.41109379580183136,0.7601140353357118,0.03453273979419813,0.0,0.0,0.5342559683447325,0.5292673873698122,0.49209808162268254,0.5158066460063866,0.44966061419941533,0.5292673873698122,0.47073261263018784,0.49209808162268254,0.5079019183773175,30.358241602722245,29.44552459879943
1663,2025,17,ATL,LAR,27,24,3,51,1,1,1,7.5,48.5,0.2892573607539719,-7.5,48.5,-9.304291150960784,49.27634668325442,0.20227283505576824,0.4377322474154531,0.5263385035870588,0.024995138529071093,0.0,0.0,0.2275354914034969,0.5240732312131577,0.5329554205224449,0.22184821027558624,0.7531566511953427,0.5240732312131577,0.47592676878684226,0.5329554205224449,0.46704457947755507,19.986027766146815,29.2903189171076
1664,2025,18,ATL,NO,19,17,2,36,1,0,0,-4.5,43.5,0.6305586598182363,4.5,43.5,7.164017796100184,37.14973758017969,0.7397693844248362,0.5914969719913182,0.29445308578809837,0.028547257348643773,0.0,0.0,0.7238720405258656,0.49445786968606553,0.5707551007565613,0.7032074790974858,0.26824526355387035,0.49445786968606553,0.5055421303139345,0.5707551007565613,0.42924489924343867,22.156877688139936,14.992859892039753
1665,2025,18,BUF,NYJ,35,8,27,43,1,1,1,-12.5,39.5,0.8227577615633441,12.5,39.5,19.053979667116224,40.28555999467425,0.9548923986575162,0.7154171920447766,0.5266506137055448,0.008813980340623612,0.0,0.0,0.9415702618813622,0.4681543218849516,0.5329067589735932,0.933271280103824,0.05791473955555237,0.4681543218849516,0.5318456781150485,0.5329067589735932,0.4670932410264068,29.669769830895238,10.615790163779014
1666,2025,18,CHI,DET,16,19,-3,35,0,0,0,-3.5,51.5,0.6022823943305156,3.5,51.5,0.9127170039228173,59.803766201521675,0.5326938913328485,0.41109379580183136,0.7601140353357118,0.03453273979419813,0.0,0.0,0.5342559683447325,0.5292673873698122,0.49209808162268254,0.5158066460063866,0.44966061419941533,0.5292673873698122,0.47073261263018784,0.49209808162268254,0.5079019183773175,30.358241602722245,29.44552459879943
1667,2025,18,CIN,CLE,18,20,-2,38,0,0,0,-9.5,47.5,0.7591913433207376,9.5,47.5,14.291145961187626,52.51937045342154,0.8989415935522181,0.6613537079722225,0.6653685550405479,0.016039882068027866,0.0,0.0,0.8803262357028567,0.4801804773453851,0.5102873138446965,0.866205906700792,0.11775421123118013,0.4801804773453851,0.519819522654615,0.5102873138446965,0.4897126861553035,33.405258207304584,19.114112246116957
1668,2025,18,DEN,LAC,19,3,16,22,1,1,0,-14.5,37.5,0.858605258338129,14.5,37.5,20.04900252410595,45.4781424352128,0.9625758040620251,0.6850928116555967,0.7514177971885496,0.00761146080038988,0.0,0.0,0.9505400560711579,0.4750358520627394,0.49393704647562947,0.9433050576951718,0.04908348150443826,0.4750358520627394,0.5249641479372607,0.49393704647562947,0.5060629535243706,32.76357247965937,12.714569955553426
1669,2025,18,HOU,IND,38,30,8,68,1,0,1,-9.5,37.5,0.7591913433207376,9.5,37.5,13.05547823031168,44.09156982004393,0.8782708751134221,0.6212745670206719,0.7125867850834531,0.018219112121471204,0.0,0.0,0.8588972555589947,0.4884994563475794,0.5016743194464157,0.8432489101591414,0.13853197771938738,0.4884994563475794,0.5115005436524206,0.5016743194464157,0.4983256805535843,28.573524025177804,15.518045794866126
1670,2025,18,JAX,TEN,41,7,34,48,1,1,1,-12.5,46.5,0.8227577615633441,12.5,46.5,18.07704111313541,45.76665340314232,0.9461495364403927,0.6859573540788292,0.47511837798836554,0.010105647094686789,0.0,0.0,0.9315769230260376,0.4748448153154773,0.5409166620139207,0.9221627354003823,0.06773161750493098,0.4748448153154773,0.5251551846845227,0.5409166620139207,0.45908333798607925,31.921847258138868,13.844806145003455
1671,2025,18,LAR,ARI,37,20,17,57,1,1,1,-14.5,49.5,0.858605258338129,14.5,49.5,18.33145217181897,41.7339604439787,0.9485473097600116,0.6303578087569853,0.25433576357210136,0.00975884485373072,0.0,0.0,0.9342973125440531,0.4866481063534336,0.5784560825461518,0.9251796500236782,0.06506150512259114,0.4866481063534336,0.5133518936465664,0.5784560825461518,0.4215439174538482,30.032706307898835,11.701254136079866
1672,2025,18,LV,KC,14,12,2,26,1,1,0,3.5,36.5,0.39771760566948444,-3.5,36.5,3.1718831199516373,33.693154850080525,0.6121797512301109,0.7188814630168439,0.4056036128301318,0.0333520490134242,0.0,0.0,0.6062707607302722,0.4673421080188314,0.5518518386824198,0.5860503886029902,0.3805975623835856,0.4673421080188314,0.5326578919811686,0.5518518386824198,0.4481481613175802,18.43251898501608,15.260635865064444
1673,2025,18,MIN,GB,16,3,13,19,1,1,0,-12.5,37.5,0.8227577615633441,12.5,37.5,20.22491978063467,42.24107779288462,0.9638151891758444,0.7488862317376332,0.6567011506834768,0.007410850512724554,0.0,0.0,0.9520058351138136,0.4600378900489963,0.511796699214059,0.9449506621825436,0.04763848730473177,0.4600378900489963,0.5399621099510037,0.511796699214059,0.488203300785941,31.232998786759644,11.008079006124973
1674,2025,18,NE,MIA,38,10,28,48,1,1,1,-14.0,44.5,0.8501407016943955,14.0,44.5,10.544340019190608,43.98065660296162,0.8273673368645471,0.3780986325695632,0.48237356433603085,0.022780152198763337,0.033116406797158215,0.0,0.8078602348781467,0.5358383482707227,0.5397890792226961,0.7894570557722939,0.1877627920289428,0.5180933075518721,0.4487902856509696,0.5397890792226961,0.46021092077730386,27.262498311076115,16.71815829188551
1675,2025,18,NYG,DAL,34,17,17,51,1,1,1,3.0,50.5,0.4120704478709426,-3.0,50.5,-1.293617950151706,51.778486926294086,0.45371610818122454,0.5609473175699943,0.5433202914966867,0.034423503612064144,0.03426317733794859,0.0,0.46278323659674075,0.5004343462611691,0.5303011739593276,0.4468526161801501,0.5187238802077857,0.4832878755092223,0.4824489471528291,0.5303011739593276,0.46969882604067237,25.24243448807119,26.536052438222896
1676,2025,18,PHI,WAS,17,24,-7,41,0,0,1,-3.0,38.5,0.5879295521290574,3.0,38.5,3.2775537045679997,40.56796944218785,0.6158086644732745,0.5099525355622747,0.569848673943954,0.033266467412030765,0.03463130440533191,0.0,0.6095716698242097,0.5102321683829788,0.5261173332489053,0.5892933737347055,0.37744015885326376,0.4925621628423153,0.4728065327523528,0.5261173332489053,0.4738826667510947,21.922761573377926,18.645207868809926
1677,2025,18,PIT,BAL,26,24,2,50,1,1,1,4.5,41.5,0.36944134018176367,-4.5,41.5,-2.9575072704673926,39.11968452751869,0.3952130929381637,0.5532913632886354,0.4197354635242639,0.033517676182600264,0.0,0.0,0.40950302802528343,0.5019161912646058,0.5495989548892924,0.3957774381361377,0.5707048856812621,0.5019161912646058,0.49808380873539415,0.5495989548892924,0.45040104511070755,18.08108862852565,21.038595898993044
1678,2025,18,SF,SEA,3,13,-10,16,0,0,0,2.5,47.5,0.4265418943159657,-2.5,47.5,-1.5642169787014064,46.92036728990142,0.4440944259788105,0.5323913196660955,0.4803289270652943,0.03432329032667869,0.0,0.0,0.4540496556819807,0.5059385041910813,0.5401067558108411,0.4384651775272796,0.5272115321460418,0.5059385041910813,0.49406149580891867,0.5401067558108411,0.4598932441891589,22.678075155600006,24.242292134301415
1679,2025,18,TB,CAR,16,14,2,30,1,0,0,-3.0,43.5,0.5879295521290574,3.0,43.5,2.5080415092965143,40.45382719705351,0.5891630704618168,0.4823633715045398,0.39772648184621806,0.03382953403364486,0.034609770462546874,0.0,0.585369284589479,0.5155005205202252,0.5531172838589216,0.5655665144542089,0.40060395151214623,0.4976591658316968,0.46773106370575634,0.5531172838589216,0.44688271614107844,21.480934353175012,18.9728928438785
1680,2025,23,CHI,GB,31,27,4,58,1,1,1,2.5,45.5,0.4265418943159657,-2.5,45.5,-0.1917658023805087,52.01000163722191,0.4931232667040809,0.579452859364492,0.7102160451116741,0.034636561384361775,0.0,0.0,0.4984766524351914,0.4968278143581184,0.5021250899329759,0.48121113526444875,0.48415230335118953,0.4968278143581184,0.5031721856418816,0.5021250899329759,0.4978749100670241,25.9091179174207,26.10088371980121
1681,2025,23,JAX,BUF,24,27,-3,51,0,0,0,-1.5,51.5,0.5442358810453114,1.5,51.5,1.3952643180996922,53.01272060589539,0.549901738150429,0.4963707226124737,0.5512167146401614,0.034388052098982325,0.0,0.0,0.5498163732783183,0.5128255232229625,0.5290613778776732,0.53090925918915,0.4347026887118677,0.5128255232229625,0.4871744767770375,0.5290613778776732,0.47093862212232684,27.20399246199754,25.80872814389785
1682,2025,23,PHI,SF,19,23,-4,42,0,0,0,-6.0,44.5,0.6716393567181147,6.0,44.5,6.429200226105819,50.240174850746875,0.7180115987745839,0.5153879918068487,0.687402832934673,0.029642748044340084,0.0346173142808302,0.0,0.7035212407433582,0.5091935709463182,0.5063575630072952,0.6826669378601613,0.2876903140954986,0.4915666570710914,0.4738160286480785,0.5063575630072952,0.4936424369927048,28.334687538426348,21.905487312320528
1683,2025,23,NE,LAC,16,3,13,19,1,1,0,-3.5,45.5,0.6022823943305156,3.5,45.5,5.946725125724537,44.33475946492272,0.7032515076545099,0.5841506091942674,0.46050378044343265,0.03031759949160956,0.0,0.0,0.6898012924869655,0.4959057838314785,0.5431921942421135,0.668888173172551,0.3007942273358393,0.4959057838314785,0.5040942161685216,0.5431921942421135,0.4568078057578865,25.140742295323626,19.194017169599093
1684,2025,23,PIT,HOU,6,30,-24,36,0,0,0,3.0,38.5,0.4120704478709426,-3.0,38.5,0.34283581605150404,34.04305773992817,0.5122927328629362,0.6180453700854609,0.35223405473955033,0.03462601710327762,0.033212308436491644,0.0,0.5158122051562712,0.4891534689369257,0.5606035549698387,0.4979516829184509,0.4674222999782715,0.47290755305381266,0.49388013850969564,0.5606035549698387,0.4393964450301613,17.19294677798984,16.850110961938334
1685,2025,23,CAR,LAR,31,34,-3,65,0,1,1,10.0,44.5,0.22942532596473364,-10.0,44.5,-10.051483977651188,52.41665930177166,0.18405739069827015,0.4981536938489769,0.7497571571856525,0.02366880484744771,0.03464101749893295,0.0,0.20948126757540841,0.512485137335075,0.49428329011857675,0.2045230963339701,0.7718080988185821,0.49473213072470756,0.47062685177635954,0.49428329011857675,0.5057167098814233,21.182587662060236,31.234071639711424
1686,2025,23,DEN,BUF,33,30,3,63,1,1,1,-1.5,45.5,0.5442358810453114,1.5,45.5,3.0279680633784696,49.208348528698664,0.6072212199223832,0.5527925061125146,0.6238427230960445,0.033464426791526725,0.0,0.0,0.6017630184860386,0.5020125690138791,0.51736402664753,0.5816253640080644,0.3849102092004088,0.5020125690138791,0.49798743098612086,0.51736402664753,0.48263597335247,26.118158296038565,23.0901902326601
1687,2025,23,SEA,SF,41,6,35,47,1,1,1,-6.5,44.5,0.6849128309162449,6.5,44.5,9.499734216339474,49.85292630954909,0.8025953157786425,0.6027832598010392,0.675641842286142,0.024651215454972564,0.0,0.0,0.783705366409616,0.49221761576640544,0.5084725643720696,0.7643860765690343,0.21096270797599315,0.49221761576640544,0.5077823842335946,0.5084725643720696,0.49152743562793044,29.676330262944283,20.176596046604807
1688,2025,23,CHI,LAR,17,20,-3,37,0,1,0,3.5,49.5,0.39771760566948444,-3.5,49.5,-4.12303583311299,44.48710289650508,0.35555690960054037,0.4784209375479437,0.33483208126878705,0.03249092600538728,0.0,0.0,0.37306228924163776,0.5162540303592121,0.5635699008805065,0.3609411500064873,0.6065679239881254,0.5162540303592121,0.48374596964078787,0.5635699008805065,0.4364300991194935,20.182033531696042,24.305069364809036
1689,2025,23,NE,HOU,28,16,12,44,1,1,1,-3.0,40.5,0.5879295521290574,3.0,40.5,3.1584848105819083,38.993096840228134,0.6117188996306194,0.5056833670191045,0.44897916923219605,0.03336271523726819,0.03463808354068959,0.0,0.6058516812549292,0.5110475246007875,0.5449926116110171,0.5856388241372008,0.380998460625531,0.49334581775040276,0.4720160987089076,0.5449926116110171,0.4550073883889829,21.075790825405022,17.91730601482311
1690,2025,23,DEN,NE,7,10,-3,17,0,1,0,3.5,43.5,0.39771760566948444,-3.5,43.5,-3.6523473308953203,41.437652196052625,0.3714064927349824,0.4947209756677302,0.43033926073005,0.032942321022815135,0.0,0.0,0.3876660847595201,0.5131404802624681,0.5479211271135606,0.3748954641457141,0.5921622148314707,0.5131404802624681,0.48685951973753194,0.5479211271135606,0.45207887288643944,18.892652432578654,22.54499976347397
1691,2025,23,SEA,LAR,31,27,4,58,1,1,1,-2.5,45.5,0.5734581056840342,2.5,45.5,3.1104295365642116,45.91665753735531,0.6100646482065835,0.5211428522300939,0.5141429336131036,0.033400627631238466,0.0,0.0,0.6043475861138002,0.5080930922073208,0.5348542191763811,0.5841619974301754,0.3824373749385862,0.5080930922073208,0.4919069077926792,0.5348542191763811,0.4651457808236189,24.513543536959762,21.40311400039555
1692,2025,23,NE,SEA,13,29,-16,42,0,0,0,4.5,45.5,0.36944134018176367,-4.5,45.5,-0.20911003635715833,44.565284529560216,0.49250137390862675,0.6453171365263465,0.46829900643781425,0.034635653493041874,0.0,0.0,0.4979140603838332,0.4835578811744801,0.5419776099260805,0.4806684815190652,0.48469586498789285,0.4835578811744801,0.5164421188255199,0.5419776099260805,0.45802239007391954,22.178087246601528,22.387197282958688
